Id,Servicio wifi a bordo,Hora de salida/llegada conveniente,Facilidad de reserva en línea,Ubicación de la puerta,Alimentos y bebidas,Embarque en línea,Comodidad del asiento,Entretenimiento a bordo,Servicio a bordo,Servicio de sala de piernas,Manejo de equipaje,Servicio de facturación,Limpieza
19556,5,4,3,4,3,4,3,5,5,5,5,2,5
90035,1,1,3,1,5,4,5,4,4,4,4,3,5
12360,2,0,2,4,2,2,2,2,4,1,3,2,2
77959,0,0,0,2,3,4,4,1,1,1,1,3,4
36875,2,3,4,3,4,1,2,2,2,2,2,4,4
39177,3,3,3,3,5,5,3,5,4,3,1,1,5
79433,5,5,5,5,3,5,5,5,5,5,5,4,3
97286,2,2,2,2,4,4,5,4,4,4,4,5,3
27508,5,2,2,2,5,5,5,5,2,2,5,3,5
62482,2,2,2,2,3,4,4,4,4,4,4,5,4
47583,4,1,1,1,5,1,5,3,3,4,3,1,4
115550,2,5,5,5,1,3,4,2,2,2,2,3,4
119987,5,5,5,5,4,5,5,5,5,5,5,5,3
42141,1,1,4,1,5,5,4,5,5,5,5,3,5
2274,2,2,2,2,5,5,4,4,4,4,4,3,5
22470,3,4,0,3,2,0,2,2,4,2,4,4,2
124915,2,5,5,5,2,2,2,2,4,3,3,4,2
17836,5,4,5,3,4,5,4,4,3,5,5,4,4
76872,3,4,3,1,4,4,5,5,5,3,5,4,3
64287,5,5,5,5,4,5,4,4,4,5,4,5,5
63995,4,4,4,4,2,4,5,5,5,5,5,5,5
75855,3,4,3,4,2,3,2,2,4,2,4,4,2
106181,1,2,4,3,4,4,4,4,1,3,2,4,4
44304,4,4,4,4,4,4,4,4,1,5,3,1,4
82602,4,3,5,3,2,5,2,2,3,2,3,4,2
7823,3,5,3,4,2,3,2,2,3,5,5,4,2
127781,4,1,4,4,2,2,2,2,5,5,5,5,2
34501,4,1,1,1,4,4,4,4,1,4,1,1,4
121658,3,5,3,3,5,4,5,5,5,5,5,5,5
20219,4,3,3,3,4,4,4,4,3,2,3,3,4
67551,1,5,1,1,1,1,4,3,3,1,5,4,5
48994,2,3,3,3,5,2,5,2,2,2,2,2,2
70811,2,3,2,4,5,2,5,5,4,3,3,1,5
75241,4,5,4,4,5,4,5,5,5,4,4,4,5
12312,5,2,2,2,3,4,2,5,5,5,5,2,4
48372,3,4,3,1,1,3,1,1,3,3,5,4,1
51477,3,3,3,3,2,4,5,4,4,4,4,4,5
84204,1,1,1,1,3,5,4,5,5,5,5,3,5
70990,4,4,4,2,2,4,4,2,4,2,4,3,2
101991,1,4,1,3,5,1,5,5,3,2,5,5,5
87447,3,3,3,5,4,3,4,4,3,2,5,5,4
16112,4,4,4,2,2,4,2,2,4,2,3,1,2
16172,3,3,3,3,3,3,3,1,5,4,3,3,3
106558,1,1,1,1,4,4,4,4,5,3,5,5,4
11536,2,3,3,3,2,2,2,2,1,1,3,4,2
47773,5,1,1,1,4,2,1,5,5,5,5,5,2
70521,2,2,3,2,3,5,4,5,5,5,5,5,3
96283,2,5,2,5,3,3,4,5,5,2,4,1,2
117993,4,4,3,4,2,5,4,5,5,5,5,5,3
74703,2,4,2,3,4,4,3,4,4,2,4,2,2
110840,3,5,2,3,3,4,5,1,1,2,1,5,3
88249,4,0,4,2,2,4,2,2,5,3,5,3,2
125877,4,2,2,2,3,3,4,4,4,4,4,3,3
83968,2,3,4,3,2,2,2,2,2,5,3,3,2
122719,3,3,4,3,5,5,5,5,4,5,4,3,5
3949,3,3,3,2,2,3,2,2,2,1,3,3,2
45542,3,3,3,3,5,5,5,5,4,3,1,1,5
43742,3,4,3,1,2,4,5,3,3,3,3,3,5
122093,3,0,3,3,4,3,5,4,2,2,4,5,4
121454,2,0,2,1,1,2,1,1,4,3,4,1,1
738,3,3,3,3,5,4,5,4,4,5,4,4,5
75235,1,4,1,1,2,5,5,5,5,1,5,4,3
88653,3,2,3,4,4,3,4,5,5,3,5,4,3
26594,4,1,1,1,4,4,4,4,3,1,3,2,4
38339,5,5,5,5,3,4,3,3,5,3,3,1,3
46063,1,5,1,2,4,4,5,4,4,1,4,5,4
27957,2,2,2,2,2,2,2,2,4,3,2,2,2
17270,2,3,2,2,4,2,3,5,5,2,5,3,3
87976,5,5,5,5,5,4,4,5,5,5,5,4,3
31640,2,2,2,2,2,3,5,4,4,4,4,5,5
41461,3,4,3,5,3,3,5,1,1,3,1,4,4
15143,3,2,2,2,2,4,3,3,3,3,3,3,2
78136,3,5,3,5,2,4,5,2,2,3,2,4,5
120433,3,3,2,3,2,5,4,4,4,4,4,3,4
41440,1,2,2,2,4,2,3,4,3,2,1,1,4
15963,2,5,2,3,2,5,4,5,5,2,5,3,3
64303,2,3,3,2,5,3,5,5,4,5,5,4,5
3608,2,4,2,4,4,5,5,5,5,2,5,5,4
7744,2,2,2,2,2,2,2,2,4,3,3,1,2
21276,1,1,1,4,1,1,1,1,1,5,3,1,1
58576,2,2,3,2,1,1,5,3,3,4,3,4,4
53888,2,4,2,4,4,4,5,2,2,2,2,3,5
10980,3,3,3,3,5,5,5,5,4,4,4,5,5
54151,3,5,5,5,4,3,2,3,3,3,3,1,4
115641,2,2,1,4,1,1,1,1,4,4,3,4,1
58584,2,1,2,4,5,2,5,5,2,4,3,2,5
50472,1,2,1,3,1,1,1,1,1,4,3,4,1
102623,1,1,5,1,2,4,4,5,5,5,5,4,5
31533,1,4,1,3,3,1,3,3,5,4,5,4,3
42287,1,0,0,3,1,3,3,4,4,1,4,4,1
70467,3,3,3,3,3,4,4,5,5,5,5,3,4
20461,3,5,3,1,5,3,5,5,5,5,3,5,5
113346,3,3,3,3,3,5,4,4,4,4,4,4,3
115566,2,1,4,4,5,3,3,2,2,2,2,4,1
119896,1,1,1,1,2,4,4,4,4,4,4,5,4
88853,3,4,3,1,2,5,4,2,2,3,2,3,4
24895,2,5,2,2,5,2,5,5,5,4,4,5,5
31122,3,3,3,3,1,4,3,4,4,4,4,3,3
91231,2,2,2,3,4,2,4,4,1,3,4,1,4
61426,2,2,2,3,4,2,4,4,3,2,3,3,4
68873,2,2,2,1,4,2,4,4,1,4,2,4,4
125701,2,5,2,2,2,2,2,2,5,2,4,5,2
94999,4,4,4,4,5,4,5,5,2,2,4,4,5
56694,3,5,3,2,5,5,5,5,5,3,5,3,4
62010,5,5,5,5,2,5,4,2,2,2,2,3,5
95868,5,5,3,5,5,4,5,3,3,3,3,4,5
123064,4,4,4,4,4,5,4,4,4,4,4,3,5
103418,3,4,3,4,2,3,2,2,3,3,4,4,2
73456,3,5,3,3,2,3,2,2,4,4,4,5,2
8851,5,5,4,5,4,4,4,4,5,2,5,5,4
64241,4,1,1,1,4,4,4,4,2,5,2,4,4
81723,2,2,2,4,3,2,3,3,1,4,3,1,3
88237,5,5,5,5,4,5,4,4,4,4,4,5,5
50619,3,4,0,1,1,0,1,1,1,5,5,2,1
54444,3,4,3,3,1,3,1,1,3,3,4,4,1
64765,2,1,2,3,1,2,1,1,4,1,3,1,1
15941,3,4,3,4,2,3,2,2,3,4,3,1,2
14965,1,1,1,1,5,5,5,5,4,5,2,2,5
36897,3,4,2,4,3,2,3,3,4,2,3,3,3
127954,4,5,4,4,5,5,5,5,4,4,4,3,5
27872,0,5,0,2,1,0,1,1,3,1,4,5,1
35854,2,2,2,2,1,5,3,5,5,5,5,4,3
14527,5,1,1,1,1,2,3,5,5,5,5,1,3
47021,2,1,2,3,4,3,3,3,3,2,3,2,1
11224,3,5,3,3,2,3,5,2,5,2,1,3,2
3921,3,5,3,4,3,3,1,3,1,5,1,3,3
69463,2,2,2,4,2,2,3,2,3,1,3,2,2
47050,3,1,1,1,3,3,3,3,1,2,4,2,3
21970,2,2,2,2,5,3,1,4,4,4,4,1,5
30046,2,2,2,2,2,5,2,4,4,4,4,1,5
1256,3,4,3,1,5,3,3,5,3,4,5,5,5
73813,2,4,2,3,5,2,5,5,5,4,5,5,5
110928,3,3,3,4,4,4,4,5,5,3,5,1,2
102981,4,4,4,4,2,4,2,2,3,5,5,3,2
61571,4,3,4,4,2,4,5,5,5,5,5,3,3
3796,2,2,2,3,4,2,4,4,3,3,3,1,4
73906,3,3,3,4,2,3,2,2,4,3,5,3,2
74090,5,5,5,5,3,5,5,4,4,4,4,4,5
76645,2,4,2,3,5,2,5,5,5,4,5,5,5
100462,3,3,3,2,2,3,2,2,4,2,5,4,2
54164,2,1,1,1,2,1,2,2,4,3,3,3,2
6147,3,3,3,3,4,4,4,4,4,4,4,3,5
1262,3,3,3,3,5,3,3,4,4,3,4,1,4
20310,5,5,5,3,1,5,1,1,4,3,5,5,1
46896,2,2,2,2,3,3,3,3,2,4,3,5,3
7237,3,1,5,1,1,3,1,2,4,3,4,1,1
44293,4,4,4,4,3,5,5,4,4,4,4,5,5
52496,1,1,1,1,2,5,4,4,4,4,5,4,5
68263,3,5,2,5,3,3,4,5,5,2,5,1,1
5289,4,3,4,4,1,4,1,1,1,5,4,2,1
109359,5,5,3,5,5,4,5,2,2,2,2,4,3
94988,5,5,5,5,3,5,3,3,4,4,5,1,3
53605,4,3,3,3,4,4,3,4,3,1,4,5,4
11005,4,0,4,1,2,4,2,2,1,5,2,2,2
14794,5,3,3,3,1,2,1,5,5,5,5,1,2
49480,1,1,1,1,4,3,4,4,4,4,4,2,1
120440,1,4,1,2,3,1,4,3,1,3,5,4,3
55823,3,4,4,2,2,3,2,2,4,2,5,5,2
107792,2,2,2,2,5,5,4,4,4,4,4,5,5
80531,1,1,2,1,3,4,4,2,2,2,2,4,5
128145,5,5,2,5,4,3,5,5,5,5,5,5,3
63370,4,1,4,3,3,3,3,3,3,4,1,2,2
12452,3,3,3,1,4,3,4,4,5,5,2,4,4
16145,5,3,3,3,5,3,5,5,5,5,5,5,2
44418,1,1,1,3,3,1,3,3,2,1,4,1,3
95746,2,2,2,2,3,5,3,5,5,5,5,3,4
41134,4,4,4,4,5,4,5,5,2,1,3,2,5
3214,3,1,3,1,5,1,2,1,1,3,1,1,4
74101,5,5,5,3,2,5,2,2,5,5,4,3,2
106220,4,5,4,4,3,4,3,3,4,3,4,5,3
88134,2,2,1,2,4,4,4,5,5,4,5,3,3
64475,4,5,4,1,4,4,4,4,3,3,5,3,4
123812,3,5,3,1,2,3,2,2,4,2,5,4,2
88893,3,3,3,3,3,5,5,4,4,4,4,3,3
31244,1,1,1,1,3,1,5,5,5,5,5,5,5
97762,3,4,3,5,1,3,1,1,5,3,5,4,1
59851,3,3,3,3,4,5,4,4,4,4,4,4,5
25137,3,4,3,3,5,3,5,5,5,2,3,4,5
18412,3,5,3,1,3,3,3,3,4,5,5,3,3
87192,2,2,2,2,3,2,3,3,1,5,3,4,3
127062,3,4,4,4,3,4,4,3,3,3,3,4,3
112169,4,5,4,1,1,4,1,1,2,1,3,3,1
127798,3,2,5,2,4,4,4,3,3,3,3,3,1
91778,2,1,1,2,1,1,1,1,1,4,3,2,1
42609,5,5,5,5,2,2,2,2,5,1,2,1,2
67482,3,4,3,2,2,3,2,2,4,5,4,5,2
91108,4,4,4,2,4,4,4,1,1,4,1,4,5
102318,2,2,2,4,2,2,2,2,4,4,4,3,2
51281,0,0,0,5,2,0,2,2,4,1,3,4,2
6528,3,1,3,2,1,1,2,3,3,3,3,2,1
121232,5,5,5,5,2,5,5,5,5,5,5,3,3
72478,5,5,4,5,5,4,5,5,5,5,5,4,3
122788,1,4,4,4,1,1,1,1,2,3,3,3,1
5528,1,1,1,1,5,5,4,4,4,4,4,3,4
107726,1,5,0,5,3,2,3,1,1,0,3,5,3
72606,1,5,1,3,2,1,2,2,3,4,4,5,2
75522,4,0,4,3,4,4,4,4,3,5,4,4,4
125687,2,2,2,2,2,2,1,2,2,2,2,3,4
79908,2,2,2,2,3,4,5,3,3,3,3,3,3
117345,0,0,0,3,2,0,2,2,4,4,4,5,2
73465,1,4,2,3,2,1,5,5,2,4,5,5,5
95851,3,3,3,3,3,5,4,4,4,4,4,3,5
44992,1,3,3,3,1,1,1,1,1,2,3,4,1
70631,0,4,0,1,5,5,5,4,4,0,4,4,4
13761,4,5,5,5,3,3,2,4,4,4,4,3,5
74968,3,5,3,4,4,3,4,4,5,2,4,5,4
12371,2,1,1,1,2,3,3,2,2,2,2,3,1
8378,5,5,5,5,5,5,5,5,1,3,3,1,5
82080,2,2,2,2,4,2,3,2,2,2,2,1,1
107972,4,4,4,3,5,4,5,5,5,3,4,3,5
101228,5,5,5,5,4,4,4,2,2,2,2,4,3
85577,1,1,1,1,2,4,4,4,4,4,4,5,4
2717,5,3,5,3,4,5,4,4,1,1,3,4,4
88529,5,1,5,3,3,5,3,3,4,2,4,4,3
91613,4,2,2,2,5,4,4,4,4,4,4,3,1
88865,4,4,4,4,4,4,4,4,1,2,3,4,4
96960,5,5,5,5,5,4,5,3,3,3,3,3,3
51191,4,2,2,2,5,3,4,4,4,4,4,5,2
9461,4,4,5,3,2,4,5,3,3,5,3,5,4
66384,3,3,3,5,2,3,2,2,5,2,5,3,2
41934,1,0,1,2,1,1,1,1,3,2,5,4,1
25381,2,4,2,3,5,2,3,5,4,4,4,3,5
14757,2,2,4,2,3,4,2,4,4,4,4,1,2
94013,1,1,1,1,2,5,5,4,4,4,4,5,5
80107,2,1,1,3,1,2,1,1,1,5,1,1,1
23590,1,1,1,3,5,1,5,5,1,4,4,1,5
110384,3,4,4,4,3,2,2,3,3,3,3,1,1
15069,4,2,2,2,3,1,3,4,4,4,4,5,2
17128,3,3,3,3,1,3,1,1,2,2,3,3,1
54060,5,2,2,2,5,5,5,5,4,3,5,2,5
129240,3,2,2,2,5,4,4,3,3,3,3,3,3
97165,4,4,4,3,1,4,1,1,5,4,4,4,1
111696,2,2,3,2,4,4,4,4,5,2,5,3,4
1887,3,3,3,3,3,3,3,3,4,4,4,4,3
89086,2,3,3,3,4,2,4,4,4,3,3,3,4
35485,4,4,4,1,3,4,3,3,3,2,5,3,3
35719,1,1,1,3,1,3,5,2,3,3,2,5,5
85669,3,1,3,3,3,3,3,3,4,3,4,3,3
1137,4,4,4,2,2,4,2,2,2,5,1,4,2
8358,1,1,1,1,4,4,5,4,4,4,4,4,3
17217,4,4,4,4,3,4,4,5,5,5,5,5,3
44847,3,5,3,1,5,3,5,5,3,5,5,4,5
96673,1,5,1,2,5,1,5,5,5,5,5,5,5
80152,1,3,3,3,1,1,1,3,5,2,3,1,1
82277,1,1,1,4,2,1,2,2,1,5,3,3,2
123927,2,4,2,3,3,2,3,3,4,1,3,2,3
115766,1,3,3,3,1,1,1,1,3,3,3,3,1
21134,4,5,0,1,2,0,2,2,3,4,4,5,2
112062,3,3,3,3,4,3,5,4,1,4,3,4,4
28643,2,3,2,2,3,5,2,5,5,5,5,4,4
108010,0,0,0,1,1,0,1,1,5,4,4,4,1
92145,3,2,3,3,3,5,4,4,4,4,4,3,5
115846,5,5,5,5,5,5,5,5,1,5,3,1,5
99685,2,2,2,2,5,4,4,4,4,4,4,4,5
112072,3,3,3,3,2,4,4,3,3,2,3,4,3
119226,3,4,3,4,3,3,3,3,5,4,2,2,3
115925,2,2,2,1,1,2,1,1,4,4,2,1,1
106552,1,5,1,3,4,1,4,4,4,1,1,5,4
25126,3,5,3,2,4,4,4,3,3,3,3,4,5
33426,2,2,2,2,5,4,4,2,4,4,2,4,4
125844,2,3,3,3,2,2,4,2,3,5,3,1,2
70328,3,3,3,3,4,4,4,5,5,5,5,4,3
88847,2,5,2,2,4,1,1,2,2,2,4,4,3
108398,1,5,1,3,5,1,5,5,3,2,5,4,5
97316,3,3,3,3,4,4,5,5,5,5,5,4,3
124811,2,2,2,2,2,2,2,2,2,3,2,2,2
23012,5,1,1,1,5,5,5,5,3,4,3,5,5
18088,3,5,3,1,3,4,5,5,5,3,5,5,3
37982,3,4,3,1,4,3,4,5,5,3,5,5,5
31332,1,1,1,2,3,1,3,3,4,1,4,5,3
97455,2,2,2,2,2,5,4,3,3,3,3,4,4
28901,1,1,1,1,2,5,4,4,4,4,4,2,1
107606,4,4,4,3,4,4,4,4,3,2,4,5,4
53258,4,4,4,4,5,5,5,3,3,4,4,5,5
14292,3,3,3,3,3,2,3,5,5,5,5,4,4
68232,5,5,5,5,3,5,5,4,4,4,4,3,3
51224,4,4,4,4,3,4,3,3,4,4,1,1,3
121386,2,5,2,3,2,4,2,5,3,4,5,2,2
31668,2,2,2,2,2,2,2,2,3,5,2,3,2
24628,3,3,3,2,3,1,1,4,2,1,5,1,1
95876,2,2,2,2,5,4,5,5,3,5,4,4,5
62793,2,4,2,3,2,1,1,3,2,4,5,1,1
83516,1,3,1,5,2,1,2,2,1,3,2,2,2
13221,4,3,3,3,4,4,4,4,2,1,4,4,4
100404,3,2,2,5,4,3,4,4,4,3,4,4,4
121453,2,0,2,4,5,2,1,5,1,5,1,4,5
21454,2,3,3,3,2,2,2,2,3,3,3,1,2
15937,4,3,2,3,4,4,4,4,5,5,4,4,4
70105,4,4,4,4,3,5,5,5,5,5,5,4,5
47540,5,4,5,2,5,5,5,5,4,4,4,4,5
57561,2,2,2,2,3,4,4,2,2,2,2,5,4
124103,3,5,4,5,5,4,4,3,3,3,3,2,4
125736,5,5,5,5,5,5,5,5,3,2,1,2,5
93362,3,1,3,3,4,3,4,4,1,1,4,3,4
95429,0,5,0,4,4,5,4,3,3,3,3,5,5
106943,2,2,4,2,4,4,4,5,5,5,5,3,5
100691,2,5,2,3,3,2,3,3,3,3,4,3,3
119948,2,2,2,4,3,2,3,3,3,5,4,5,3
15778,4,5,5,5,4,4,4,4,3,4,4,4,4
68342,3,3,3,3,4,3,4,5,5,5,5,3,5
24665,1,0,1,3,4,1,4,4,3,4,4,3,4
81029,4,4,2,4,4,4,5,5,5,5,5,3,5
70371,3,5,3,1,4,3,4,4,5,2,4,5,4
1386,0,4,0,5,4,0,3,4,4,4,4,3,4
35225,5,1,1,1,5,5,5,5,3,1,2,2,5
86204,4,4,4,4,5,5,5,4,4,4,4,4,4
126370,3,5,4,2,4,4,4,4,5,5,4,3,4
116184,4,3,4,4,5,4,5,5,2,5,4,3,5
89613,5,5,5,5,3,5,4,5,5,5,5,3,3
99020,4,4,4,4,2,5,4,3,3,4,3,4,3
18463,3,3,3,3,4,4,3,4,2,3,2,1,4
96637,2,2,2,3,4,2,4,4,5,4,5,3,4
114678,1,1,1,1,4,5,4,5,5,4,5,4,5
97639,1,1,1,1,5,4,5,4,4,4,4,4,3
75061,4,5,4,4,4,3,5,4,4,4,4,3,4
51744,4,5,4,4,2,4,4,2,2,4,2,3,5
44413,3,4,3,2,4,4,4,4,4,3,4,3,5
2389,5,5,5,5,4,4,4,5,5,5,5,4,5
105062,2,4,3,2,3,3,3,3,5,5,4,4,3
91464,3,5,3,5,1,1,1,3,3,3,3,4,3
55721,1,4,1,3,2,1,5,2,3,5,4,4,2
65726,4,4,4,4,5,4,5,5,5,5,5,3,3
8473,1,1,1,1,3,5,4,3,3,3,3,4,3
13488,5,2,2,2,4,1,2,5,5,5,5,4,3
58611,2,2,2,2,3,5,4,4,4,4,4,3,3
39607,2,5,2,1,2,2,2,2,4,4,4,4,2
41704,3,4,3,1,4,4,5,5,5,3,5,4,4
126579,2,4,2,2,1,2,1,1,3,2,3,4,1
44232,4,1,1,1,2,5,5,3,3,4,3,4,3
44021,4,4,4,1,3,4,4,1,1,4,2,4,3
67502,3,4,3,1,4,3,1,4,2,1,1,2,4
19525,0,5,0,3,4,4,4,2,2,2,2,4,3
110015,2,1,1,1,2,2,2,2,2,3,2,2,3
30960,4,4,4,2,4,4,4,4,3,2,5,5,4
2153,2,4,2,1,5,4,5,3,3,2,3,5,4
115097,4,0,4,4,4,4,5,4,4,3,5,4,4
63204,4,4,4,4,2,5,4,5,5,5,5,4,4
113849,2,2,2,2,2,2,2,3,5,4,4,2,2
95508,1,2,2,2,4,3,3,1,1,1,1,4,2
112350,4,4,4,4,4,5,5,2,2,2,2,5,5
20650,4,4,4,4,4,4,4,4,3,3,2,2,4
65517,4,4,4,4,5,5,5,4,4,5,4,3,5
116988,3,4,5,5,3,3,3,3,1,5,4,4,3
116210,4,4,4,4,5,4,5,3,3,4,5,5,5
15218,2,2,2,2,4,5,2,4,4,4,4,1,3
35387,2,2,2,2,5,5,5,1,1,2,3,5,5
20002,4,5,5,5,4,4,4,4,3,4,5,5,4
102927,3,4,3,3,3,3,3,3,4,1,3,4,3
92462,3,3,3,3,2,3,2,2,3,4,4,4,2
70950,3,4,2,3,1,2,1,1,2,5,3,5,1
76034,3,3,3,3,5,4,5,4,4,4,4,5,5
97177,3,3,2,3,5,2,5,5,2,5,4,4,5
51719,2,4,2,4,2,2,2,2,3,5,5,4,2
129201,2,2,2,2,4,4,4,4,3,3,3,5,4
35558,1,5,0,4,2,5,4,1,1,0,1,4,3
109398,1,1,1,1,3,5,5,5,5,5,5,4,3
65351,2,2,2,2,5,5,5,5,5,3,5,4,5
102482,2,3,2,4,4,4,3,3,3,2,2,3,1
17932,1,4,1,3,1,1,1,1,4,3,5,5,1
122276,3,4,3,4,4,5,4,5,5,3,3,5,5
57484,2,2,2,4,1,2,1,1,3,4,4,4,1
121069,1,1,1,1,5,4,5,3,3,3,3,5,3
41414,2,4,2,2,2,2,2,2,5,3,5,5,2
49839,3,3,3,3,3,3,3,3,3,2,3,3,3
48189,2,1,1,1,2,2,2,2,1,2,3,1,2
82445,4,4,4,3,5,4,5,5,4,3,5,3,5
108108,4,4,4,4,4,4,5,4,4,4,4,3,3
63984,1,1,1,4,1,1,1,1,1,4,4,4,1
105287,5,5,5,5,3,5,4,5,5,5,5,5,3
9385,3,2,5,3,5,5,5,5,3,2,3,4,5
25265,5,4,4,4,5,5,5,5,4,3,1,5,5
119844,3,5,5,5,3,3,3,3,1,1,3,3,3
33840,2,4,1,4,2,2,3,2,2,2,2,2,1
81815,1,1,1,4,1,1,1,1,2,5,4,2,1
83524,4,2,3,2,1,3,1,1,4,1,3,3,1
78999,2,2,2,2,5,4,4,5,5,5,5,5,3
46712,2,4,0,4,2,0,3,2,2,2,4,1,2
41188,2,1,2,3,3,2,3,3,1,4,3,3,3
5326,5,5,3,5,3,5,5,5,5,5,5,5,4
80176,2,2,2,3,2,4,4,2,4,4,1,4,4
46900,3,3,3,3,2,2,2,2,1,1,3,4,2
89219,1,1,1,2,1,1,2,1,2,4,2,2,1
17928,2,4,4,4,2,1,2,2,1,4,4,3,2
55425,3,3,5,3,4,4,4,4,4,4,4,4,4
88130,4,4,4,3,1,4,1,1,5,2,5,4,1
48354,4,5,5,5,3,2,1,4,4,4,4,2,2
105905,3,4,4,4,3,3,3,3,2,2,4,2,3
60943,5,5,3,5,4,4,4,4,4,4,5,3,4
101584,1,1,1,2,3,1,5,3,1,4,2,1,3
71388,5,5,5,5,2,4,4,5,5,5,5,5,5
77866,1,1,3,1,3,5,5,4,4,4,4,5,4
49223,5,1,1,1,4,5,1,5,5,5,5,3,2
106530,3,0,3,5,5,3,5,5,4,3,5,5,5
28676,5,5,5,5,5,5,5,5,4,1,3,3,5
39553,2,2,2,2,5,5,5,5,3,2,3,4,5
109597,4,4,4,4,3,4,3,3,4,3,4,4,3
62291,3,3,3,1,1,3,1,1,5,4,5,4,1
40177,3,3,3,3,5,5,5,5,1,1,4,2,5
33413,4,3,3,3,4,4,4,4,1,2,4,3,4
127599,3,3,3,4,4,3,4,4,3,5,4,3,4
66723,1,3,1,3,4,1,4,4,1,2,3,2,4
73698,3,2,2,2,3,3,3,3,4,5,3,4,3
27641,2,5,3,2,1,3,1,1,1,4,4,4,1
83891,1,0,0,4,2,4,3,4,4,0,4,3,2
51662,3,2,2,4,4,2,3,4,3,3,3,1,4
19833,3,1,3,4,1,3,1,1,1,3,4,3,1
63416,4,5,4,4,5,4,5,5,4,5,4,3,5
7645,2,2,2,3,1,2,1,1,3,2,5,4,1
86002,2,3,1,3,2,2,2,2,1,4,3,2,2
64457,1,4,1,1,5,1,5,5,3,2,4,4,5
109551,1,2,1,3,3,1,3,3,2,4,4,2,3
86553,1,1,1,4,4,1,4,4,3,2,4,3,4
17491,3,5,5,5,3,3,1,3,4,3,4,2,3
114667,3,3,3,3,5,5,5,3,3,4,3,3,5
59149,2,2,2,2,5,4,4,4,4,4,4,4,5
74892,1,1,1,1,5,4,4,5,5,5,5,5,3
15197,3,3,3,4,3,5,4,4,5,4,4,4,4
6867,3,5,3,2,3,3,3,3,4,2,5,5,3
111943,3,5,3,4,2,3,3,2,5,4,5,5,2
46720,3,5,3,2,3,3,2,3,3,5,2,1,3
67966,3,2,2,2,3,3,3,3,4,3,4,4,3
33341,2,2,2,2,3,4,3,5,5,5,5,1,3
50319,5,1,1,1,5,5,5,5,2,2,2,1,5
82927,2,2,2,2,3,5,4,3,3,4,3,3,3
14562,2,2,2,5,1,2,1,1,5,5,5,5,1
108335,1,5,5,5,1,1,1,4,2,2,4,1,1
97959,4,4,4,5,3,4,4,3,3,4,5,4,3
1026,5,5,5,5,5,5,5,5,2,3,5,3,5
26910,2,3,1,1,2,2,2,2,2,2,4,4,2
14054,5,5,5,3,4,5,5,4,5,4,4,3,4
109458,3,3,3,3,5,4,5,5,5,5,5,4,5
51772,3,4,3,4,3,3,3,3,1,5,4,2,3
15019,3,4,3,3,3,3,3,3,5,3,4,4,3
23664,2,4,2,4,5,2,5,5,5,4,5,5,5
6731,3,3,3,3,5,5,5,4,4,4,4,4,3
57753,4,4,4,4,5,5,5,3,4,3,4,5,5
29788,0,4,1,2,4,1,3,5,5,5,5,3,2
28336,1,2,1,1,4,4,4,4,1,5,2,1,4
2878,3,5,3,3,2,4,5,5,5,3,1,3,3
81675,2,3,3,3,4,4,3,2,2,2,2,1,3
50905,1,5,1,1,5,1,5,5,3,1,1,3,5
90850,1,1,1,1,3,4,3,2,2,2,1,3,4
29340,0,0,0,3,3,0,2,3,3,3,4,5,3
68731,1,1,1,2,4,1,5,4,1,4,3,4,4
115978,1,4,4,3,5,4,5,5,4,5,5,3,5
29829,2,2,2,2,5,5,5,5,3,3,5,2,5
82401,3,4,3,4,2,3,2,2,4,3,5,4,2
80083,3,4,4,4,3,3,3,3,5,1,3,4,3
42783,1,1,1,4,2,1,2,2,3,5,4,4,2
39020,1,1,1,1,4,3,4,4,4,4,4,4,4
46111,4,4,3,5,2,3,2,2,4,5,4,3,2
66327,1,1,1,1,2,4,4,5,5,5,5,4,4
43012,0,0,0,4,3,4,1,2,2,2,2,2,2
82776,3,3,3,4,5,3,2,5,3,2,3,4,5
48215,1,2,1,3,5,4,3,2,2,1,2,2,3
57441,2,5,5,5,2,4,3,2,2,2,2,3,4
55928,4,2,4,2,3,4,3,3,1,1,1,4,3
98446,1,0,1,2,5,1,5,5,4,5,5,1,5
121273,4,4,4,4,3,4,4,4,4,4,4,3,4
59385,3,4,3,3,5,3,5,5,3,2,4,5,5
27078,4,4,4,4,5,4,5,5,1,2,5,3,5
104661,4,4,4,4,2,5,4,3,3,3,3,5,5
111483,3,4,4,3,4,4,4,4,3,3,2,3,4
11558,2,2,2,2,5,5,5,5,5,2,4,5,5
83673,3,3,3,3,2,3,2,2,2,3,3,4,2
120382,4,4,4,2,3,4,3,3,5,4,4,4,3
82170,1,5,1,1,2,1,3,2,5,2,4,3,2
117397,4,4,4,4,4,4,4,4,4,4,4,4,5
59357,4,4,4,4,4,3,4,5,5,5,5,4,4
91983,4,4,4,4,3,3,4,5,5,4,5,4,4
119617,2,2,3,2,4,5,5,4,4,4,4,4,4
90639,1,1,1,1,3,4,4,4,4,5,4,5,4
59638,2,1,1,1,5,3,3,2,2,2,2,4,1
119074,3,3,2,3,3,3,3,3,4,3,5,4,3
13395,0,1,0,4,4,0,4,4,1,4,4,4,4
108871,4,1,4,2,5,4,5,5,2,3,2,1,5
104029,0,0,0,3,4,0,3,4,4,2,4,5,4
12025,3,3,3,3,4,2,4,5,5,5,5,4,1
42755,4,4,4,4,2,4,5,3,3,3,3,3,3
32936,3,5,3,1,1,3,1,1,4,2,5,3,1
53978,3,2,3,3,3,3,3,5,5,3,5,2,4
70029,2,2,2,2,3,4,3,3,4,4,4,4,3
96407,3,4,4,2,3,4,3,3,4,3,3,5,3
127129,3,5,3,2,2,3,1,2,3,5,4,5,2
113946,1,3,1,1,5,5,4,4,4,4,4,4,5
40606,3,4,0,3,3,0,3,3,4,5,3,4,3
7742,3,3,3,2,3,3,5,3,4,1,5,2,3
128529,2,1,2,3,1,4,3,4,4,2,4,1,3
80556,2,2,2,2,4,4,4,3,4,5,4,4,4
22155,2,2,2,2,4,4,4,2,3,2,2,4,4
56314,3,1,3,4,2,3,2,2,4,1,3,4,2
82206,1,1,1,1,3,4,5,1,1,2,1,3,4
68344,5,5,5,5,4,4,4,4,3,4,5,5,4
18464,4,3,3,4,1,3,1,1,2,5,5,3,1
129310,3,3,3,3,2,4,5,5,5,5,5,3,3
70613,1,1,1,1,3,5,5,4,4,4,4,3,3
8558,4,5,4,5,1,1,4,1,3,1,4,3,1
86840,5,2,2,2,5,2,2,5,5,5,5,2,5
122170,2,2,2,2,4,4,5,4,4,5,4,3,5
24839,1,1,1,4,4,1,4,4,4,2,4,2,4
87935,5,0,5,1,3,5,4,3,4,5,4,5,3
10735,2,5,5,5,2,2,2,2,4,2,3,2,2
118083,3,1,1,1,5,3,4,3,3,3,3,2,2
15189,2,5,5,5,5,3,3,2,2,2,2,1,1
116832,1,1,1,1,4,4,5,4,4,4,4,3,3
99415,4,4,4,4,4,4,2,5,5,5,5,4,4
111821,2,5,2,5,2,3,5,2,2,2,2,3,4
60089,4,4,4,4,5,5,4,5,5,5,5,5,5
51644,3,1,1,1,3,3,3,3,4,4,3,4,3
129771,3,4,3,3,1,3,5,1,4,2,5,5,1
5412,4,4,4,4,4,5,4,4,4,4,4,3,5
98444,3,0,3,4,3,3,3,3,1,4,5,1,3
39113,3,2,2,2,3,4,3,3,1,2,1,2,3
36518,5,5,3,5,5,5,5,5,2,4,4,1,5
119576,3,2,3,4,2,3,3,3,3,3,3,2,1
57227,2,3,2,5,1,2,1,1,2,5,2,5,1
107365,1,5,1,4,2,1,4,2,4,2,5,4,2
233,3,4,4,4,1,4,1,1,2,3,3,1,1
70295,2,5,2,2,4,2,4,4,4,5,5,4,4
110124,1,1,5,1,4,4,4,4,2,4,4,4,4
46382,3,3,3,4,4,3,4,4,1,3,2,4,4
121254,1,0,1,1,2,1,2,2,3,3,2,4,2
92891,4,4,4,4,5,4,5,3,3,4,5,3,4
57816,5,5,5,5,3,5,5,2,2,2,2,4,3
36109,2,4,3,2,4,4,5,4,4,3,4,4,3
1770,5,0,5,2,3,5,3,3,3,5,5,3,3
70400,4,4,4,4,4,1,2,4,4,4,4,2,2
75299,2,1,2,4,1,2,1,1,3,1,2,4,1
121885,4,4,4,5,5,4,5,5,4,4,4,3,5
93772,4,3,3,3,2,3,2,2,1,3,4,4,2
15078,1,1,1,1,5,5,1,4,4,4,4,4,1
17597,2,1,2,3,2,2,2,2,1,3,4,1,2
4927,4,4,4,4,3,4,4,5,5,5,5,4,5
32994,3,2,3,4,2,3,3,3,3,3,1,1,2
8213,4,3,1,3,2,4,3,3,3,4,3,1,4
53073,4,5,5,5,4,4,4,4,2,2,4,1,4
19789,2,5,3,4,5,3,4,5,4,3,5,3,5
84270,3,4,4,4,1,4,3,3,3,3,3,4,2
74151,4,1,1,1,2,3,4,4,4,3,4,1,2
117893,4,4,4,4,5,4,4,4,4,4,4,3,3
15249,4,4,2,3,2,2,2,2,1,5,3,1,2
114937,4,4,4,4,5,5,4,4,4,4,4,5,5
85861,4,4,4,4,2,4,4,5,5,5,5,5,3
17158,1,1,1,3,1,1,2,1,4,5,3,4,1
128028,2,2,2,4,5,2,5,5,5,5,4,3,5
3109,1,3,2,2,4,2,4,4,5,4,2,4,4
6332,5,5,5,3,2,5,2,2,4,3,5,4,2
129473,4,4,4,4,4,4,4,4,4,5,4,4,4
70511,4,4,4,1,4,4,4,4,4,4,4,3,4
8529,1,5,1,4,4,1,4,4,4,3,4,5,4
44101,3,1,3,3,3,3,3,3,4,2,3,2,3
20031,2,2,2,2,2,5,1,4,4,4,4,5,5
2103,1,2,1,2,2,1,2,2,4,5,1,3,2
33484,4,4,4,4,2,3,5,4,4,4,4,5,3
41094,5,1,1,1,5,2,3,5,5,5,5,4,4
76419,4,4,4,4,4,4,4,3,2,4,5,4,4
107120,1,1,1,1,1,1,5,1,5,5,4,4,1
109543,4,1,3,2,4,3,4,4,3,5,2,4,4
86687,2,4,3,3,1,3,4,5,5,3,2,1,3
106144,2,1,1,1,5,2,3,2,2,2,2,4,3
126649,5,4,5,2,2,5,2,2,4,2,5,5,2
5451,3,4,4,4,3,1,1,3,3,4,3,4,3
99445,5,0,5,2,5,5,5,5,4,5,5,5,5
44102,1,1,1,1,4,1,4,5,5,5,5,5,3
81994,3,3,3,3,2,3,2,2,1,4,4,1,2
54677,4,4,4,4,2,5,1,4,4,4,4,3,5
32338,0,5,0,1,3,4,4,2,2,2,2,4,5
56855,1,4,2,4,2,3,5,3,5,5,5,5,5
5993,5,5,5,5,3,5,5,3,3,3,3,5,5
100442,4,4,4,3,4,4,2,4,1,2,4,3,4
74164,1,4,0,4,5,0,5,5,3,2,5,5,5
59220,1,4,1,1,5,1,5,5,3,3,3,5,5
47033,3,3,3,3,2,2,1,4,4,4,4,2,1
51724,2,5,2,3,5,2,5,5,5,5,5,4,5
107246,4,4,4,4,4,5,4,5,5,5,5,3,3
102045,1,4,4,4,5,2,3,1,1,1,1,2,1
80996,1,4,4,4,5,4,4,1,1,1,1,1,2
55696,2,2,2,2,4,5,4,3,3,4,3,5,4
4705,2,5,2,3,1,4,3,3,3,2,3,4,2
124533,2,3,5,5,1,3,3,2,2,2,2,1,2
89236,3,3,3,3,5,5,5,5,5,5,5,3,4
27404,4,1,1,1,4,4,4,4,4,3,1,5,4
66299,4,4,2,4,4,5,4,4,4,4,4,5,4
90250,3,5,3,3,1,3,1,1,3,4,4,5,1
69604,1,3,1,3,1,5,5,2,5,1,5,5,5
62231,1,1,1,4,4,3,4,4,4,1,4,2,4
127414,3,3,3,4,3,3,3,3,4,5,4,3,3
83287,2,5,2,3,1,2,1,1,3,5,4,5,1
62159,2,5,5,5,5,2,3,2,2,2,2,1,2
89936,3,5,2,3,5,2,5,5,4,4,3,5,5
92960,5,0,4,2,2,4,2,2,5,2,3,4,2
96429,1,5,1,1,3,5,4,3,3,1,3,4,5
20254,3,2,2,2,5,4,4,3,3,3,3,2,1
80034,1,5,1,1,4,1,4,4,1,1,3,3,4
120984,4,5,2,2,3,4,3,4,4,4,4,4,4
58651,2,0,2,2,2,2,2,2,1,3,2,4,2
45129,3,3,3,4,5,3,5,5,1,3,3,2,5
64820,2,2,5,5,2,2,2,2,1,5,3,4,2
22529,4,2,4,4,4,4,4,4,1,3,3,3,4
117917,5,0,4,2,1,4,1,1,5,4,5,5,1
9639,3,4,3,3,5,5,5,2,2,3,2,4,3
91209,3,4,3,3,2,1,3,3,3,3,3,5,1
61396,4,0,4,3,5,4,4,5,3,5,2,4,5
12717,1,1,1,1,5,2,5,4,4,5,4,4,5
82915,3,3,4,4,2,4,2,2,3,1,3,1,2
120263,3,3,3,3,1,3,1,1,3,3,3,2,1
108065,5,5,5,5,5,5,4,4,4,4,4,4,4
122726,4,4,4,4,5,4,4,4,4,4,4,4,3
24852,2,1,1,1,1,2,1,1,2,3,4,4,1
117853,5,5,1,5,2,3,4,4,4,4,4,5,5
81119,5,5,5,5,4,3,4,3,3,3,3,2,4
16367,4,1,4,4,3,4,3,3,3,3,3,3,3
44186,5,5,5,5,5,5,5,5,2,3,3,2,5
113137,3,1,3,3,3,3,3,3,2,3,3,4,3
108721,2,2,2,2,4,4,4,4,4,4,4,4,4
93342,5,5,5,5,4,4,5,4,4,4,4,3,3
75321,2,2,2,2,5,5,5,3,5,3,4,5,5
49436,5,5,5,5,2,4,5,4,4,4,3,1,1
65748,0,3,0,3,1,2,1,3,3,0,3,4,3
102057,3,2,3,2,2,2,3,2,2,3,2,2,4
39468,1,4,1,3,2,1,2,2,3,3,4,2,2
28492,2,4,2,4,2,3,3,4,3,4,5,3,3
64793,4,5,4,5,5,4,5,5,5,5,4,5,5
18513,0,4,0,2,4,4,5,4,3,2,5,5,5
8799,5,0,5,5,4,5,4,4,5,2,5,5,4
92140,4,5,4,5,1,4,1,1,3,3,3,4,1
93211,1,2,1,3,3,3,3,5,5,1,5,2,2
66112,3,2,2,2,5,4,3,3,3,3,3,2,1
108771,4,1,4,4,5,5,4,4,4,5,4,5,4
35164,5,4,4,4,5,5,3,5,3,1,4,1,5
48375,2,4,2,2,5,4,5,3,3,2,3,3,4
46358,2,2,2,2,5,2,5,5,5,1,3,5,5
128508,1,4,1,1,5,1,1,5,4,3,4,5,5
98704,1,1,1,1,4,5,5,2,2,2,2,3,3
18274,5,3,4,3,5,5,5,5,3,2,5,5,5
20972,4,5,4,4,2,4,2,2,3,5,4,3,2
79500,2,2,2,2,4,4,4,4,5,5,4,3,4
93098,3,4,5,5,3,3,4,3,3,3,3,3,3
36733,3,3,3,3,5,4,5,3,3,2,3,4,5
45812,4,3,4,3,5,4,5,5,3,3,4,1,5
65598,4,4,4,1,5,4,5,5,4,2,5,3,5
61803,1,4,1,2,1,1,1,1,4,5,4,5,1
36818,2,4,4,4,2,2,2,2,1,4,3,3,2
32419,1,1,1,1,4,3,4,1,1,1,1,2,2
57621,3,3,3,3,5,4,5,4,4,4,4,3,5
7577,5,5,3,5,5,5,4,4,4,4,4,3,5
40216,2,2,2,3,3,2,3,3,3,3,4,2,3
89656,3,5,5,5,3,3,3,3,2,3,3,2,3
77601,5,5,5,5,3,4,5,4,4,4,4,4,4
13121,2,4,4,4,1,3,3,2,2,2,2,4,1
15903,5,3,5,5,4,4,5,3,3,3,3,3,3
24590,1,0,1,3,2,1,2,2,1,4,2,5,2
39616,1,1,1,3,2,1,2,2,1,3,3,1,2
31853,0,0,0,3,5,0,5,5,1,2,3,2,5
62199,3,1,3,2,1,3,1,1,1,5,3,1,1
70191,0,0,0,5,3,5,5,5,5,5,5,5,5
108648,2,5,2,2,4,2,1,4,2,5,2,5,4
30969,4,2,2,2,3,1,4,4,4,4,4,2,4
77620,3,3,3,3,3,3,3,3,3,4,3,1,3
83491,5,5,5,5,3,4,5,4,4,4,4,3,5
128941,4,4,4,4,4,4,5,5,5,5,5,3,3
22663,5,5,4,5,4,4,4,4,4,5,4,5,3
78836,4,4,4,2,2,4,5,2,3,2,4,4,2
85042,0,0,0,3,1,0,1,1,3,4,5,3,1
36786,3,3,3,3,3,3,3,5,1,4,4,3,3
43842,3,5,3,4,4,3,4,4,1,2,3,2,4
120292,4,4,4,3,5,4,5,5,4,5,5,5,5
70616,1,0,0,3,2,0,4,2,3,5,3,3,2
108944,4,1,1,1,4,4,4,4,4,5,3,4,4
109590,3,3,3,3,3,5,5,5,5,5,5,3,5
29471,4,1,4,3,4,2,3,1,1,4,2,3,4
10953,2,1,3,3,4,3,4,4,1,5,4,3,4
87170,1,1,4,1,4,5,4,4,4,4,4,4,4
40114,0,3,0,1,4,0,4,4,4,1,5,3,4
60959,1,3,3,3,5,4,4,1,1,1,1,4,1
286,3,4,3,3,2,4,5,5,5,4,5,4,4
99504,1,4,1,1,4,1,4,4,4,2,4,5,4
118938,3,1,1,1,3,2,2,3,3,3,3,3,2
28296,4,4,4,4,2,2,1,4,4,4,4,1,3
101005,5,5,5,5,3,4,4,4,4,4,4,5,5
51263,5,3,3,3,5,5,5,5,3,5,1,2,5
1507,5,5,5,5,2,4,4,4,4,4,4,5,3
72911,1,1,1,1,5,5,5,5,5,5,5,4,5
83439,2,1,2,3,4,2,4,4,3,4,3,4,4
39694,4,5,4,3,3,4,5,3,4,4,5,5,3
98976,2,4,2,3,3,2,3,3,5,5,5,3,3
28365,5,3,3,3,5,5,5,5,2,4,2,5,5
54710,3,3,3,3,3,5,4,4,4,4,4,4,1
65308,1,0,0,4,4,3,3,3,3,0,5,1,1
52434,2,5,2,4,3,4,5,4,4,2,4,4,5
36689,2,5,2,4,5,4,4,4,4,2,1,3,3
12776,2,3,2,3,5,2,5,5,2,5,3,4,5
94201,4,0,5,5,1,5,1,1,4,4,4,5,1
81388,2,2,2,3,2,2,2,2,4,5,3,4,2
116463,1,5,1,5,2,1,3,2,5,2,4,5,2
66179,5,4,5,4,4,5,4,4,5,4,4,5,4
88102,4,4,4,4,5,5,5,5,4,4,4,5,5
26949,5,4,5,4,1,5,1,1,1,5,3,1,1
124725,0,2,0,3,3,4,3,1,1,0,1,3,1
115731,3,4,4,4,5,2,2,3,3,3,3,3,1
99559,1,1,1,1,3,5,5,5,5,5,5,4,4
1307,5,5,5,5,3,4,5,5,5,5,5,3,3
79670,2,2,3,1,1,3,1,1,2,4,2,4,1
114149,3,2,2,2,5,3,2,3,3,3,3,2,2
13103,4,4,4,4,1,4,4,4,4,4,4,1,5
59222,5,5,3,5,4,4,5,4,4,4,4,4,3
94357,3,3,3,3,2,4,4,5,5,5,5,4,4
97449,3,3,3,3,3,4,4,4,4,4,4,3,5
125235,3,3,3,3,2,3,3,2,2,1,3,1,2
113769,2,1,0,4,4,0,4,4,4,3,3,3,4
36549,2,2,2,1,2,2,2,2,5,5,2,4,2
108169,4,1,5,2,2,2,3,4,4,5,4,2,1
94873,1,3,1,3,3,1,3,3,2,5,3,3,3
123289,0,4,0,4,2,0,2,2,4,2,4,2,2
20734,1,1,1,3,2,1,2,2,2,2,1,3,2
33889,4,4,4,1,2,4,2,2,4,2,4,2,2
74146,1,2,2,2,1,1,1,1,4,1,4,4,1
55240,1,4,4,4,1,3,4,1,1,1,1,4,4
23104,3,3,3,3,4,4,5,4,1,4,3,2,4
42011,5,5,5,5,5,3,5,5,5,5,5,5,4
115119,2,2,2,2,2,4,4,4,4,5,4,4,5
101659,0,4,0,3,3,0,3,3,4,2,3,5,3
93261,5,5,5,5,5,5,4,4,4,4,4,5,4
106610,1,5,1,5,2,1,2,2,5,5,5,4,2
91460,3,3,3,3,2,4,4,5,5,5,5,3,4
44817,4,3,3,3,4,4,4,4,4,3,3,2,4
115610,3,5,5,5,2,3,3,3,3,3,3,2,1
60041,4,5,4,3,4,4,3,4,4,3,4,4,4
92898,4,4,4,4,3,4,4,4,4,4,5,4,5
31018,1,3,1,4,1,4,3,4,4,1,4,3,1
81392,5,5,5,4,5,5,5,5,5,4,4,3,5
111950,1,1,1,1,5,5,5,5,5,2,5,3,5
80663,1,4,4,4,1,1,1,1,3,1,3,4,1
107035,5,5,5,5,4,4,5,4,4,4,4,5,5
121308,2,2,2,4,4,2,4,4,5,2,5,4,4
123342,3,1,3,2,3,3,3,3,2,1,2,2,3
32903,4,1,4,2,3,4,3,3,1,4,2,4,3
17667,5,0,5,4,1,5,1,1,1,3,2,2,1
6464,3,2,2,2,5,4,3,2,2,3,2,2,2
101707,5,5,5,5,4,4,4,4,3,5,4,3,4
7978,5,5,2,5,2,4,4,4,4,4,4,4,4
110803,3,4,3,4,4,3,5,4,4,2,4,4,4
95617,4,1,1,1,2,3,3,4,4,4,4,3,3
60591,2,4,1,2,1,1,1,1,4,3,5,5,1
54418,1,1,3,1,2,5,4,5,5,5,5,5,2
124866,3,4,4,4,3,3,3,3,4,5,4,1,3
51574,5,4,5,4,4,5,3,4,4,5,2,2,4
114082,2,2,5,2,4,4,3,4,4,4,4,4,4
35331,3,5,5,5,3,3,3,2,1,2,2,3,3
70468,5,5,5,5,3,5,5,4,4,4,4,4,3
119099,3,3,3,3,5,5,4,4,4,4,4,5,3
110397,3,3,3,3,5,3,5,5,4,5,3,1,5
108193,4,4,4,4,4,5,5,5,5,5,5,5,3
29278,3,1,1,1,2,3,3,3,3,3,3,1,4
98147,3,3,3,3,5,5,4,5,5,4,5,3,3
97689,3,3,3,4,1,3,1,1,4,5,3,3,1
20805,2,3,2,4,5,2,5,5,1,5,4,1,5
30441,5,5,3,5,4,5,4,3,3,3,3,4,5
62128,1,1,5,1,5,5,5,5,4,3,3,5,5
50959,3,4,3,3,1,3,1,1,1,4,4,2,1
3920,1,5,1,1,5,1,5,5,4,5,5,3,5
22989,5,1,5,4,4,3,4,2,2,5,2,2,3
111036,3,2,3,3,4,3,4,4,4,3,3,3,4
34805,1,4,1,3,4,1,4,4,1,1,4,2,4
68068,1,1,4,1,5,5,5,5,3,3,4,4,5
117139,3,5,4,2,1,4,1,1,4,2,5,3,1
118651,2,5,5,5,3,4,4,2,2,2,2,3,4
16985,4,4,5,4,4,4,4,4,2,2,4,3,4
85072,3,3,3,3,5,5,5,5,4,5,5,5,5
15670,4,2,2,2,4,4,4,4,5,1,4,3,4
68137,1,1,5,1,1,1,1,1,1,1,3,2,1
123164,1,1,1,1,2,1,1,3,3,5,3,2,5
36845,5,4,5,2,5,5,4,5,3,1,5,3,5
17451,5,4,4,4,5,5,5,5,3,5,5,1,5
45594,2,0,2,3,3,2,3,3,5,4,2,2,3
123709,4,1,0,4,3,4,4,1,1,0,1,2,1
118741,3,4,3,1,3,3,3,3,4,2,5,4,3
46265,1,4,1,4,4,1,3,4,3,1,2,1,4
103439,3,1,1,1,5,4,3,3,3,3,3,1,3
117757,3,2,2,2,3,3,3,3,1,1,3,2,3
23043,5,4,4,4,2,1,2,5,5,5,5,5,5
45009,2,4,2,1,5,2,3,5,1,4,1,4,5
10869,2,5,2,5,2,2,2,2,3,4,2,2,2
113642,2,5,2,3,3,2,3,3,4,2,4,4,3
36913,3,3,3,3,3,3,3,3,5,3,1,4,3
9209,2,3,2,1,2,5,1,2,2,2,4,2,4
110354,3,3,3,3,2,5,4,5,5,5,5,4,5
102344,2,3,4,3,4,3,3,2,2,2,2,1,3
66245,2,4,3,3,4,3,4,4,3,5,4,3,4
2852,4,2,2,2,5,3,3,4,4,4,4,3,1
125304,2,2,2,2,2,2,2,2,1,4,3,2,2
94889,5,3,4,4,5,3,2,5,5,5,5,5,1
119911,5,5,5,5,3,5,4,5,5,5,5,3,3
129586,2,2,2,2,3,2,2,2,2,3,2,4,4
58194,3,3,3,3,3,3,3,3,1,4,4,2,3
78323,2,2,2,2,3,4,4,2,2,2,2,4,5
51948,3,3,3,3,4,3,4,4,4,1,3,1,4
50288,3,4,4,4,3,3,3,3,3,3,3,1,4
9685,1,4,1,4,5,1,5,5,4,1,4,4,5
90835,1,1,1,1,5,1,5,5,4,2,4,3,5
29806,2,5,2,3,5,2,5,5,2,5,3,1,5
127821,1,4,1,1,5,1,5,5,3,3,4,4,5
100724,2,2,2,2,5,5,4,5,5,5,5,5,3
104066,4,4,4,4,4,4,4,4,2,3,4,1,4
45221,3,1,1,1,3,3,3,3,1,1,1,5,3
96106,0,5,0,4,4,0,4,4,5,5,3,4,4
5168,3,3,3,3,2,2,3,3,3,2,3,3,1
85301,1,2,1,3,1,2,3,2,2,1,3,3,4
27576,2,5,2,1,2,2,2,2,5,5,5,4,2
10806,1,4,4,4,1,1,1,1,4,5,4,4,1
82950,2,1,1,1,3,4,4,2,2,2,2,1,4
68820,1,1,1,1,2,2,2,2,4,2,5,4,2
41932,2,4,0,1,3,5,5,2,2,0,2,3,4
94120,3,4,3,2,3,3,3,3,2,5,4,2,3
19301,1,5,3,1,3,3,3,4,4,5,5,3,3
17606,5,2,2,2,5,5,5,5,1,5,3,3,5
17961,5,5,5,2,5,5,4,5,4,3,5,5,5
28871,0,0,0,1,4,0,4,4,2,3,5,1,4
56733,2,5,2,5,5,2,5,5,3,2,5,4,5
59118,4,4,4,4,4,4,4,4,3,1,2,2,4
90580,0,1,1,2,4,1,4,4,3,2,4,5,4
104013,1,5,1,4,2,5,4,3,3,1,3,5,4
58434,1,5,1,3,1,1,1,1,1,5,5,5,1
62768,2,2,2,2,2,2,2,2,3,1,2,2,2
37157,3,3,3,3,5,4,2,4,4,4,4,2,4
43179,4,4,4,4,1,1,2,4,4,4,4,3,4
104829,4,4,4,1,3,4,3,3,5,5,5,3,3
53842,4,5,4,4,4,4,4,4,1,5,3,3,4
16606,3,2,2,3,1,2,1,1,5,3,3,4,1
126600,5,5,1,5,5,5,5,5,5,5,4,5,5
74144,4,4,4,4,2,5,5,4,4,4,4,5,3
8920,3,3,1,3,3,3,3,3,1,3,3,3,3
106271,2,2,3,2,4,4,5,4,4,4,4,3,5
125172,4,5,4,4,2,4,2,2,5,4,5,5,2
62313,3,1,1,1,3,3,4,3,3,3,3,3,4
46105,4,4,4,4,5,5,5,5,4,4,4,4,5
77477,4,4,4,1,2,4,2,2,4,5,5,4,2
59887,2,2,2,2,3,5,4,5,5,5,5,5,5
10298,1,1,1,3,4,1,4,4,3,3,4,3,4
122646,2,1,4,4,3,2,2,2,2,2,2,4,2
119398,5,5,5,5,5,5,4,5,5,5,5,3,4
8223,0,4,0,4,3,4,5,2,2,0,2,4,4
514,5,5,5,5,2,4,4,3,3,4,5,4,4
103577,1,4,1,2,1,1,1,1,4,4,5,3,1
80697,1,1,1,1,3,4,5,4,4,4,4,3,4
129555,1,4,2,1,2,2,2,2,2,5,2,5,2
53107,2,1,1,1,5,4,4,2,2,2,2,2,1
75395,3,3,3,3,5,5,5,5,5,5,5,4,5
19580,3,4,3,3,3,3,3,3,4,2,3,1,3
77032,2,4,2,4,1,2,1,1,2,3,2,5,1
42198,5,1,1,1,2,4,5,4,4,5,4,4,5
6985,3,3,3,3,2,4,4,5,5,5,5,5,4
89822,1,1,1,3,2,1,2,2,4,2,4,3,2
4380,1,1,1,1,3,1,5,5,5,5,3,1,2
108923,4,5,4,3,2,5,4,5,5,4,2,3,5
76291,3,3,3,2,3,1,1,1,3,4,3,1,1
87842,2,2,2,3,5,3,4,4,4,2,3,1,4
98703,1,4,1,4,3,1,3,3,5,3,5,4,3
80641,1,2,1,3,1,1,2,1,1,4,4,4,1
107586,4,4,4,4,4,4,4,4,4,4,4,4,4
92882,2,5,2,2,4,5,4,4,4,4,5,4,4
45533,5,2,2,2,5,5,5,5,2,4,5,3,5
125911,1,2,1,2,4,1,4,4,4,4,2,1,4
86568,2,5,5,5,1,3,3,2,2,2,2,4,4
118847,1,3,0,4,2,0,2,2,4,5,4,1,2
102099,3,3,3,3,4,4,4,5,3,4,5,4,4
88925,2,2,2,2,5,5,5,4,4,4,4,5,3
89716,2,3,2,3,3,2,3,3,1,4,3,1,3
54873,1,1,1,1,2,3,3,4,4,4,4,2,4
4354,3,1,1,1,5,4,4,3,3,3,3,1,4
1609,4,5,5,5,2,3,3,3,3,3,4,2,2
46669,4,2,2,2,4,4,4,4,1,3,3,3,4
2420,5,4,5,2,5,5,5,5,3,3,5,3,5
86676,4,2,4,1,4,4,4,4,4,5,4,3,4
122412,5,0,0,4,4,5,2,4,5,3,4,4,4
112547,4,4,4,2,2,4,2,2,5,3,5,3,2
81539,1,5,1,2,3,1,3,3,5,3,3,3,3
44355,4,4,4,4,4,5,4,4,3,5,3,2,4
55564,0,0,0,1,2,0,2,2,4,2,5,4,2
81036,4,4,4,4,4,5,4,3,3,3,3,4,3
62565,5,5,2,5,4,4,4,4,5,5,5,4,4
74322,2,2,2,2,5,5,5,4,4,4,4,5,5
67090,2,2,2,4,2,2,2,2,3,4,5,5,2
51430,2,3,2,1,4,2,3,1,1,2,1,3,4
99815,0,2,0,4,5,3,3,4,4,0,4,1,2
3643,1,1,1,1,4,5,4,4,4,4,4,3,3
97188,4,4,4,1,4,4,4,3,3,4,2,5,4
38294,1,3,1,1,4,4,4,3,1,4,2,4,4
96883,3,5,3,3,5,3,5,5,5,3,5,5,5
31773,2,1,2,4,5,2,5,5,4,4,4,1,5
53367,2,5,5,5,2,2,2,2,2,4,4,2,2
5512,4,2,2,2,1,3,4,4,4,4,4,2,1
22172,2,2,2,3,4,2,4,4,1,3,3,3,4
92685,2,4,2,4,4,2,4,4,2,1,3,3,4
81531,1,5,5,5,1,2,3,1,1,2,1,1,4
64202,1,1,3,1,1,1,1,1,4,4,3,1,1
64306,4,4,5,4,3,5,5,4,4,4,4,3,5
17380,2,1,3,3,5,4,3,2,2,2,2,2,2
33631,2,3,2,3,1,2,1,1,5,3,5,1,1
109499,3,3,3,3,5,5,4,4,4,4,4,4,5
94745,2,2,2,2,5,5,4,5,5,5,5,5,4
126484,4,4,5,4,1,3,4,4,4,4,4,3,4
90246,2,5,5,5,4,3,4,2,2,2,2,2,3
109782,2,2,2,4,2,2,2,2,4,5,4,4,2
112610,3,3,3,3,3,4,2,4,4,4,4,3,4
72338,1,1,1,4,5,1,5,5,3,3,5,4,5
93939,3,3,3,3,3,4,3,3,4,4,4,2,3
126750,3,2,3,4,4,3,4,4,1,5,4,3,4
36975,5,5,5,5,5,5,5,5,4,5,2,5,5
3017,1,4,4,4,5,2,2,1,1,1,1,2,4
93973,3,2,3,2,4,3,4,4,3,1,3,2,4
69643,2,2,2,2,1,4,4,2,2,3,2,3,2
123218,3,2,3,3,5,3,1,5,4,3,4,1,5
122185,4,4,4,4,5,4,5,3,3,4,3,5,5
16656,3,4,4,4,3,3,3,3,1,2,4,3,3
57284,4,5,4,5,5,4,5,5,5,3,4,3,5
114246,1,1,1,1,4,4,4,4,5,3,5,3,4
84364,1,1,1,1,4,4,5,5,5,5,5,5,5
53261,3,3,3,2,4,3,1,4,5,5,5,4,4
69411,2,3,3,3,1,4,3,2,2,2,2,3,4
38637,3,3,2,3,4,4,4,4,5,3,4,3,4
125026,3,3,3,3,5,3,5,5,1,4,5,4,5
41620,0,0,0,3,2,0,2,2,5,5,4,4,2
38761,4,4,2,4,4,4,3,4,3,1,1,1,4
3189,2,3,3,3,4,3,4,3,3,3,2,2,2
26509,3,5,3,4,3,3,3,3,4,4,4,4,3
38521,2,2,2,2,2,2,2,2,4,4,5,3,2
11753,2,1,1,1,2,2,2,2,3,5,2,3,2
45683,3,3,3,3,1,4,5,4,4,4,4,1,5
23806,1,5,1,1,1,1,5,4,4,4,4,2,5
73308,5,4,4,1,4,4,5,4,3,3,4,5,4
17747,0,5,0,1,1,0,1,1,4,4,5,5,1
46329,3,3,5,3,1,5,1,1,2,5,3,3,1
27803,3,3,3,3,2,4,4,3,3,2,3,3,2
41993,5,4,4,4,5,1,3,5,5,5,5,2,1
20855,4,4,4,4,1,4,1,1,5,2,4,5,1
42032,3,3,3,3,2,4,1,5,5,5,5,5,5
42506,4,3,4,3,4,4,3,5,5,4,5,4,2
36484,4,4,4,4,5,4,5,5,3,5,3,2,5
33321,5,1,1,1,5,5,5,5,3,5,5,2,5
49440,5,5,5,5,1,5,5,5,5,5,5,3,5
117775,3,3,3,3,2,3,4,4,4,4,4,4,5
98812,4,4,4,4,2,2,2,2,5,5,4,5,2
113150,2,2,2,2,2,5,4,4,4,4,4,3,4
101662,3,5,5,5,3,3,3,3,3,3,3,1,2
76362,2,4,2,4,3,5,5,5,5,2,5,3,4
103160,2,2,5,2,2,4,5,5,5,5,5,3,3
6054,3,4,3,3,5,3,5,5,3,3,5,3,5
52694,2,3,5,3,4,3,3,3,3,2,3,2,4
81256,0,0,0,3,4,0,4,4,4,3,5,5,4
115026,1,1,3,1,5,5,5,5,5,4,4,3,5
31424,4,3,3,3,5,4,3,2,2,2,4,1,4
36154,2,3,3,3,2,2,2,2,1,1,3,3,2
73038,3,3,3,1,3,3,3,3,5,2,2,1,3
70922,3,3,3,3,3,4,5,3,3,4,3,5,3
6442,3,5,3,2,5,3,5,5,3,4,5,3,5
23792,2,1,2,1,4,2,4,4,3,3,1,3,4
62854,2,2,2,2,2,5,5,4,4,4,4,4,3
125922,1,4,1,1,2,4,4,3,3,1,3,3,4
101735,3,3,3,3,5,5,4,4,4,4,4,3,4
13793,0,5,0,4,4,0,4,4,1,2,3,1,4
45544,5,5,5,5,2,4,1,5,5,5,4,5,2
128499,4,4,4,4,5,4,5,5,4,4,3,2,5
75319,3,3,3,3,5,5,5,3,3,4,4,5,5
63062,3,3,3,3,1,4,4,3,3,3,3,1,3
69088,1,4,1,4,1,1,1,1,3,2,4,4,1
56055,3,5,3,2,3,3,3,3,3,2,5,5,3
23256,1,1,1,3,4,1,1,4,1,5,3,2,4
2766,2,2,2,2,2,4,4,5,5,5,5,5,3
88472,3,3,3,3,4,3,4,4,2,5,3,1,4
92733,2,2,2,2,4,4,5,5,5,5,5,5,4
8997,4,1,1,1,2,3,3,4,4,3,4,1,1
72815,3,5,5,5,3,3,2,3,2,5,4,4,3
37792,5,2,5,2,5,5,5,5,1,1,5,5,5
115023,5,5,4,5,3,5,5,4,4,4,4,4,4
127160,2,2,2,3,1,2,1,1,1,5,4,2,1
115148,2,1,2,4,2,2,2,4,2,4,3,2,2
43633,2,2,0,3,0,3,3,2,2,3,3,3,3
26473,3,5,3,3,2,3,2,2,5,1,1,4,2
42952,2,5,3,4,2,3,2,2,1,1,5,4,2
40592,3,1,3,4,5,3,5,5,4,2,3,2,5
120510,5,3,5,3,2,4,4,2,2,5,2,3,1
125418,2,2,2,3,4,2,4,4,5,5,5,4,4
18427,3,3,3,3,3,4,4,3,3,4,5,3,3
45697,2,1,1,1,2,2,2,2,2,5,4,3,2
55250,3,5,3,3,4,3,4,4,3,3,5,4,4
49711,2,5,2,4,1,2,1,1,3,5,1,2,1
41865,3,1,3,4,5,3,5,5,4,5,4,5,5
67501,3,5,3,1,5,3,5,5,3,2,5,5,5
92116,2,1,3,3,2,3,2,2,2,5,4,1,2
43629,2,5,2,5,1,2,1,1,4,4,4,4,1
19680,4,2,5,2,1,2,4,4,4,4,4,3,3
48176,3,4,4,4,3,3,3,3,3,5,3,3,3
107843,4,4,4,4,2,4,4,5,5,5,5,4,3
1878,5,5,5,3,4,5,4,4,4,4,5,5,4
76953,2,2,2,2,5,2,5,5,3,2,3,4,5
66370,3,3,3,3,2,4,5,3,3,3,3,4,5
790,2,2,2,2,5,4,5,4,4,4,4,5,4
41623,3,3,3,1,2,3,2,2,4,5,1,4,2
40956,1,4,1,3,4,1,4,4,3,1,3,4,4
79213,2,4,2,4,1,2,1,1,3,3,3,2,1
30364,1,1,1,1,5,5,5,5,3,4,5,4,5
64612,2,2,3,2,3,4,4,4,4,4,4,3,5
17057,5,5,5,5,1,2,3,5,5,5,5,1,1
96444,2,2,2,2,4,4,4,5,5,5,5,4,4
71624,2,5,5,5,2,3,4,2,2,2,2,2,3
54240,5,5,5,5,2,3,5,4,4,4,4,3,3
31294,1,5,1,4,4,1,4,4,5,3,4,5,4
118896,1,2,1,1,1,1,1,1,1,3,3,4,1
53750,1,4,1,3,2,1,2,2,2,3,3,3,2
32975,3,4,3,1,4,4,5,4,4,3,5,5,3
13179,3,3,1,3,5,5,5,5,5,3,4,4,5
120172,5,5,5,5,5,5,5,5,3,5,4,2,5
76099,1,5,1,1,5,1,5,5,4,5,5,3,5
50399,2,4,4,4,2,3,2,2,3,1,3,4,2
56284,5,5,5,5,4,4,5,4,4,4,4,5,3
80295,2,4,4,4,2,2,2,2,4,5,3,3,2
111883,4,4,4,4,5,3,4,4,4,3,4,1,4
22828,3,5,5,5,3,3,3,3,3,2,3,2,3
81352,2,3,2,4,5,2,5,5,1,1,2,4,5
3488,2,5,5,5,3,1,2,2,2,2,2,2,3
15894,4,3,3,3,4,4,4,4,5,2,2,4,4
51938,1,1,1,1,2,4,3,3,3,4,3,5,1
44254,1,3,1,4,3,1,3,3,2,5,4,1,3
26778,3,2,2,2,3,3,3,3,4,1,3,1,3
49352,2,0,2,5,2,2,2,2,5,3,4,4,2
94980,2,3,1,4,2,1,2,2,1,5,1,2,2
23486,1,4,1,1,4,1,4,4,4,5,4,4,4
30993,1,5,2,3,4,2,4,4,5,2,1,1,4
57676,5,5,3,5,4,5,4,4,4,4,4,4,4
104952,3,3,3,3,5,3,1,5,3,3,5,5,5
65054,4,5,4,1,5,4,5,5,2,1,4,3,5
61313,2,2,4,2,5,5,4,5,5,5,5,5,3
97778,4,1,1,1,4,2,3,4,4,3,4,3,1
10236,2,1,1,1,3,3,4,2,2,2,2,2,3
119678,2,2,2,3,5,2,5,5,3,2,4,3,5
5341,1,1,1,1,4,5,5,4,3,5,4,5,5
43504,3,5,3,4,2,3,2,2,5,3,3,4,2
68573,2,2,2,3,5,2,5,5,4,2,3,3,5
60207,2,2,2,1,2,2,2,2,3,4,5,4,2
67099,1,3,3,3,1,1,1,1,2,4,3,4,1
33312,4,4,4,4,5,4,5,5,3,2,4,5,5
22560,2,4,3,3,5,5,4,1,1,3,1,4,3
29634,4,1,1,1,5,4,3,4,4,4,4,4,1
119122,2,1,1,2,5,1,5,5,1,3,2,1,5
115503,1,2,2,2,1,1,1,1,3,5,3,1,1
82380,3,3,3,3,5,5,4,4,4,4,4,4,3
48131,0,3,0,4,1,1,2,4,4,5,5,3,3
124582,5,5,5,5,3,5,4,5,5,5,5,3,4
72750,4,4,4,5,2,4,2,2,4,2,5,5,2
123767,2,2,2,2,4,5,4,4,5,4,5,5,4
126632,4,4,4,4,5,5,4,2,2,2,2,5,3
13247,2,1,1,1,2,2,2,2,2,2,5,4,2
62234,3,4,2,3,5,2,5,5,4,3,4,1,5
64146,1,1,1,1,5,4,4,4,4,4,4,3,5
109855,4,4,4,3,1,4,1,1,4,4,3,3,1
103861,3,2,3,3,3,3,3,3,1,2,4,1,3
60754,2,2,2,2,2,5,4,5,5,4,5,3,4
98299,3,2,4,3,1,4,1,1,2,3,3,2,1
38584,2,5,5,5,2,2,4,2,1,3,3,2,2
84490,4,4,4,4,4,3,2,2,4,4,3,2,2
14875,2,2,2,2,5,1,3,4,4,4,4,5,4
48090,4,4,4,4,3,5,2,5,5,5,3,5,2
64324,5,5,5,5,2,4,4,5,5,5,5,4,3
68561,4,0,4,2,2,4,2,2,5,4,3,3,2
69472,1,5,1,4,5,4,2,5,5,1,5,4,3
117618,3,1,4,1,3,2,2,3,3,3,3,1,3
14928,4,5,4,2,2,4,2,2,3,4,4,4,2
8949,3,4,3,3,5,3,5,5,4,3,4,3,5
119765,3,5,3,4,2,3,4,2,3,5,4,5,2
54211,5,2,2,2,5,5,5,5,4,2,2,5,5
16797,3,4,4,5,5,4,5,5,2,5,2,3,5
39714,0,0,0,2,5,5,5,5,1,4,4,2,5
61650,2,2,2,2,4,4,4,5,2,5,4,4,4
66594,1,1,1,1,4,4,5,4,4,4,4,5,4
78968,1,1,1,1,5,5,4,4,4,5,4,4,4
118926,4,4,4,4,4,4,5,2,2,2,2,5,5
112399,1,1,1,1,2,4,5,4,4,4,4,4,3
81713,1,1,1,1,1,1,1,1,1,4,4,2,1
42402,2,0,2,1,5,2,4,5,2,5,1,2,5
14788,4,0,4,3,5,4,5,5,4,2,3,1,5
16996,3,2,2,2,3,3,3,3,2,3,4,1,3
59008,1,1,1,1,5,4,5,5,5,5,5,4,5
13602,4,3,3,3,4,4,4,4,2,2,1,3,4
98144,3,3,3,3,3,3,3,3,3,1,4,2,3
27994,4,4,4,3,1,4,4,1,3,4,4,4,1
116125,1,5,1,2,2,1,2,2,3,4,5,5,2
110235,2,2,2,2,4,4,4,4,5,5,4,3,4
104696,2,2,4,2,3,5,4,5,5,4,4,4,5
18662,3,4,3,4,1,3,1,1,1,1,2,2,1
50454,1,0,0,3,3,0,2,3,3,3,5,1,3
35298,2,2,2,2,5,4,4,3,3,2,3,1,3
17541,1,4,0,3,1,0,1,1,4,5,4,3,1
99655,3,3,3,3,3,2,3,3,3,1,3,4,3
63601,5,5,5,5,4,4,4,4,5,2,5,5,4
69836,2,4,4,4,3,4,3,2,2,2,2,1,4
57583,3,3,3,3,3,3,3,3,3,3,4,3,3
4987,3,3,3,3,5,4,5,4,4,4,4,5,4
94548,2,1,1,1,2,3,4,2,2,2,2,1,1
48059,4,2,5,3,3,5,3,3,1,1,4,4,3
14437,1,1,1,3,5,1,5,5,2,4,1,5,5
79398,3,3,3,3,3,4,4,3,3,3,3,2,4
48238,3,4,3,1,2,3,2,2,5,2,5,3,2
49494,4,4,4,4,4,1,5,5,5,4,4,4,2
21101,3,5,5,5,3,3,3,3,3,3,3,1,3
93160,1,5,1,3,5,1,5,5,4,5,3,3,5
40831,3,2,3,3,5,5,5,5,3,3,4,1,5
16414,2,2,2,2,3,3,3,2,2,1,2,3,2
67575,2,2,2,2,5,4,5,2,2,2,2,3,5
5675,2,2,2,1,2,2,2,2,3,4,5,5,2
83603,2,2,2,2,3,4,5,4,4,4,4,4,3
126503,2,2,2,3,2,2,2,2,3,4,4,1,2
97633,2,2,2,3,3,2,3,3,4,3,4,1,3
105253,1,1,1,1,3,5,5,4,4,4,4,5,4
128930,3,3,3,3,4,4,5,4,4,4,4,3,5
63692,3,3,3,3,4,4,5,5,5,5,5,4,3
10592,5,5,5,5,2,5,4,4,4,4,5,5,5
65236,4,4,4,1,1,4,1,1,4,3,4,5,1
75594,0,0,0,3,5,0,5,5,2,4,2,2,5
37492,1,5,5,5,1,3,4,1,1,1,1,4,3
89014,3,1,1,1,4,3,3,3,3,2,3,4,2
50921,2,4,2,2,5,2,5,5,2,2,5,4,5
108325,5,5,5,5,4,4,4,5,5,5,5,4,5
67894,4,1,4,3,4,3,3,1,1,4,1,4,2
70093,3,4,4,2,2,4,2,2,5,2,4,4,2
65907,2,2,2,2,5,5,5,5,5,2,5,4,5
44188,4,4,4,4,4,4,4,5,5,5,5,1,4
81300,2,0,2,3,5,2,1,5,4,3,3,3,5
98286,5,4,5,3,1,5,1,1,4,2,3,3,1
126924,4,2,4,3,3,3,3,2,2,4,2,4,3
649,3,2,2,5,4,2,4,4,3,3,4,3,4
70975,4,4,4,4,4,5,5,5,5,5,5,4,4
25240,2,4,2,2,5,2,5,5,4,4,3,2,5
122472,4,4,4,4,2,4,5,4,4,4,4,4,4
118617,2,5,5,5,2,2,2,2,4,1,1,4,2
95726,2,5,5,5,2,3,1,2,2,3,2,4,2
2072,3,3,3,3,4,2,2,3,3,3,3,2,4
74312,3,3,3,3,2,4,5,4,4,4,4,4,3
100888,3,3,3,5,4,3,2,4,4,3,4,5,4
117017,2,2,2,2,1,3,4,2,2,2,2,3,4
27978,2,3,5,3,1,2,2,3,1,4,3,2,2
70390,4,4,4,4,4,4,5,4,4,4,4,5,3
43795,3,4,3,4,2,3,2,2,1,5,3,2,2
41892,2,2,2,2,2,5,2,4,4,4,4,1,1
110075,5,2,2,2,1,4,3,5,5,4,5,2,1
20727,1,5,1,2,5,1,2,5,4,3,5,3,5
49704,4,4,4,4,3,2,4,5,5,5,5,1,5
81384,2,3,3,3,5,3,3,2,2,2,2,1,1
70802,2,3,4,1,4,4,4,4,4,5,3,3,4
117350,4,4,4,4,5,5,5,5,4,2,4,4,5
94917,3,4,2,4,3,4,4,3,3,3,3,4,2
72231,4,2,4,5,1,4,1,1,5,2,4,3,1
28781,4,4,4,4,5,5,5,5,5,2,5,5,5
122659,1,1,1,3,1,1,1,1,5,3,4,3,1
19566,2,4,4,4,2,2,3,2,2,1,4,1,2
14415,4,4,4,4,1,4,3,4,4,4,4,3,2
37387,1,1,2,1,4,4,1,5,5,5,5,2,2
2501,4,5,4,2,4,4,4,4,3,4,5,5,4
61751,4,5,4,4,2,4,2,2,3,4,4,5,2
60840,1,1,1,1,5,3,5,5,5,4,5,3,3
103475,5,5,5,5,5,5,4,3,3,4,3,3,3
93139,3,3,3,3,5,5,5,5,5,4,5,5,5
74739,2,4,2,2,2,2,2,2,5,4,3,3,2
37097,3,3,2,3,2,3,4,4,4,4,4,4,4
122896,1,1,1,1,2,5,5,5,5,5,5,4,3
118916,2,4,2,1,4,4,5,4,4,2,4,4,3
11694,4,4,4,4,4,4,5,4,4,4,4,4,3
127390,1,1,1,1,4,5,4,4,4,4,4,5,3
1613,2,2,2,3,5,2,5,5,1,3,3,3,5
96510,3,5,3,5,5,3,5,5,4,3,5,3,5
72817,1,4,1,1,1,1,1,1,5,4,4,3,1
87228,1,1,1,1,3,5,4,4,4,4,4,5,4
66857,1,2,1,3,5,1,5,5,2,5,3,3,5
16687,1,5,1,5,5,1,5,5,4,3,4,3,5
69974,3,3,3,3,2,4,4,4,4,4,4,5,5
123377,2,4,2,2,5,2,5,5,3,5,5,5,5
9749,4,4,4,3,5,4,2,5,5,4,4,1,5
36878,0,0,0,5,1,0,1,1,1,3,3,1,1
56188,2,4,2,4,4,2,4,4,1,4,2,3,4
117387,3,4,3,4,3,3,2,3,1,4,3,3,3
57805,3,3,3,4,1,3,1,1,3,2,4,3,1
109462,3,3,2,3,3,4,4,5,5,5,5,3,5
52980,3,3,3,3,2,4,5,4,4,4,4,5,5
48052,2,5,2,4,5,2,4,5,3,5,5,4,5
48042,1,2,2,2,1,1,1,1,2,4,3,1,1
81618,1,3,2,3,5,4,3,1,1,2,4,1,2
80276,2,1,1,3,5,1,5,5,4,2,5,3,5
101631,2,5,1,2,5,1,4,5,4,4,4,4,5
4280,4,4,3,4,4,4,4,4,1,3,3,1,4
35632,4,2,2,2,4,4,4,4,4,2,4,1,4
54547,3,5,3,3,2,3,5,2,5,1,2,2,2
81291,1,5,1,5,1,1,5,2,2,1,2,3,3
40654,0,0,0,1,5,0,5,5,3,3,5,3,5
113570,5,5,5,5,3,4,4,3,4,3,5,3,3
116585,2,2,2,2,3,5,5,4,4,4,4,3,3
22904,4,4,4,4,3,4,3,3,5,5,5,4,3
44712,5,0,5,1,5,5,5,5,3,3,5,4,5
70897,4,4,4,4,3,5,4,4,4,4,4,3,5
98484,4,4,4,2,2,4,2,2,4,3,5,3,2
13787,2,3,2,2,5,2,1,5,1,1,1,2,5
2395,3,0,3,3,1,3,1,1,5,5,5,5,1
72992,3,3,3,4,1,3,4,1,4,1,1,2,1
46484,4,1,4,4,4,4,4,4,4,4,5,1,4
100300,2,2,2,3,3,2,3,3,4,5,2,3,3
128704,3,3,3,3,4,4,4,4,5,3,4,4,4
5183,1,1,1,1,4,5,4,4,4,4,4,3,4
48103,2,5,2,4,4,2,4,4,2,1,3,5,4
42586,4,4,4,4,4,4,4,4,5,2,3,1,4
126730,2,2,2,4,2,2,2,2,3,2,3,1,2
108384,1,5,1,4,1,1,1,1,3,3,3,4,1
6411,3,4,3,3,5,3,1,5,1,5,4,3,5
85645,5,5,5,5,4,4,4,5,5,5,4,3,4
79909,3,3,3,2,1,3,1,1,1,3,2,4,1
34868,5,2,2,2,5,5,5,5,2,3,4,3,5
45586,4,5,3,5,4,4,4,4,4,4,1,2,4
31080,2,2,2,2,2,2,2,2,4,1,4,4,2
49890,0,4,0,3,1,3,5,3,3,3,3,2,1
87948,3,3,3,4,2,3,2,2,1,3,4,2,2
46125,4,4,4,4,4,4,4,4,3,2,4,3,4
116340,2,4,2,4,3,2,3,3,5,2,5,3,3
53751,5,5,5,5,3,4,5,4,4,4,4,3,4
106747,1,2,2,2,3,4,4,1,1,1,1,2,1
113965,2,2,2,3,2,2,5,2,2,1,3,3,2
112312,5,0,5,1,2,5,2,2,4,4,4,5,2
30090,4,5,4,4,4,4,4,4,4,3,1,1,4
102102,2,2,2,2,2,3,3,2,2,2,2,2,4
58114,1,5,2,1,1,2,1,1,3,5,4,3,1
38196,3,3,3,3,1,3,1,1,3,2,3,1,1
45505,3,1,1,1,3,3,3,3,2,3,4,2,3
15676,4,2,2,2,4,4,4,4,3,2,4,2,4
53222,2,2,2,2,5,5,5,5,4,1,3,1,5
11709,1,1,1,1,4,5,5,5,5,5,5,5,3
126578,1,5,1,1,5,1,5,5,5,2,4,4,5
108717,3,4,3,5,3,3,3,3,4,4,1,5,3
3603,2,5,2,2,2,2,2,2,3,3,5,5,2
14432,3,5,3,2,5,3,5,5,4,3,4,5,5
62166,2,2,2,2,2,2,5,2,1,3,2,4,2
62599,5,5,5,5,5,5,5,5,1,3,2,3,5
90908,1,1,1,3,2,1,2,2,2,2,3,4,2
124571,4,4,4,4,3,4,5,4,4,4,4,4,3
77718,3,1,1,1,3,3,3,3,1,4,2,4,3
120043,0,4,0,4,2,4,5,3,3,3,3,5,4
17861,4,4,4,4,4,4,1,5,5,5,5,4,4
19353,4,0,4,1,5,4,5,5,5,5,5,1,5
10040,5,5,5,5,2,5,5,5,5,5,5,3,5
22768,3,3,3,3,1,3,3,4,4,4,4,3,1
94685,2,2,2,2,5,5,5,5,4,5,5,4,5
67791,4,3,3,3,4,3,4,4,1,2,4,1,4
22732,4,4,4,4,4,2,3,5,5,5,5,5,3
82252,5,2,5,5,4,4,5,4,4,4,4,4,5
106307,1,1,1,1,5,5,5,5,5,4,5,5,5
84197,3,0,3,4,4,3,4,4,4,2,4,3,4
32730,4,3,3,3,4,4,4,4,4,4,1,5,4
68234,3,3,3,3,5,5,4,5,5,5,5,5,5
117375,3,3,3,3,3,5,5,5,5,5,5,5,5
107259,5,4,5,5,3,5,4,3,3,4,3,3,5
31221,2,2,2,3,4,2,4,4,4,3,3,4,4
87975,1,1,1,1,5,5,4,2,2,2,2,4,4
99142,2,2,5,2,2,4,5,5,5,5,5,4,4
88011,4,4,4,4,5,5,5,4,4,4,4,3,4
88606,2,3,2,4,5,2,5,5,1,1,4,2,5
78053,1,4,1,1,3,1,1,3,5,4,4,4,3
69423,2,2,2,3,3,2,3,3,3,2,1,3,3
107108,3,3,3,3,4,4,4,4,3,5,5,4,4
128133,2,5,2,4,1,2,1,1,3,4,4,3,1
42904,1,0,1,1,5,1,5,5,4,5,3,1,5
107409,3,2,2,2,3,3,3,3,2,4,3,4,3
12680,4,3,4,4,4,4,4,4,4,3,3,4,4
16259,5,5,5,5,3,3,3,3,2,2,3,5,3
5928,2,5,2,3,4,2,4,4,5,5,5,4,4
58975,1,1,3,1,4,5,4,5,5,5,5,5,4
53769,3,4,3,3,2,3,2,2,4,5,5,3,2
761,0,0,0,3,2,4,5,5,5,5,2,4,3
103941,3,4,4,4,3,3,3,3,3,3,3,1,3
70818,4,4,4,1,2,4,2,2,4,4,5,5,2
106043,2,3,3,3,3,4,3,2,2,2,2,3,4
23641,4,3,3,3,4,4,3,4,1,1,2,2,4
28450,3,3,3,4,3,3,3,3,1,3,3,3,3
41632,5,3,5,4,3,3,4,1,1,5,1,2,4
37388,3,3,3,3,5,5,5,3,2,5,1,5,5
78571,3,3,3,3,5,5,5,5,4,3,5,4,5
101927,4,4,4,4,2,5,5,4,4,4,4,5,3
40688,5,5,5,5,4,5,1,5,5,5,5,1,2
2165,3,3,3,3,4,5,4,4,4,4,4,4,3
5901,1,1,1,1,5,1,1,3,3,3,1,1,1
47292,2,2,2,2,4,4,4,4,2,1,1,1,4
57557,3,3,3,4,4,3,4,4,4,4,3,3,4
102271,1,1,1,1,2,4,5,5,5,5,5,3,4
99450,5,5,3,5,5,5,5,5,3,4,5,4,5
69575,3,4,4,4,3,3,3,2,2,3,4,3,3
56224,1,1,1,1,4,4,4,4,3,4,5,5,4
8510,4,4,3,4,4,4,4,4,4,4,4,4,3
75812,2,5,5,5,2,2,2,2,2,3,3,1,2
6125,1,1,3,1,3,4,4,4,4,4,4,4,4
5475,3,3,0,3,4,3,3,5,5,0,5,4,4
114113,2,2,2,2,2,5,4,3,3,2,3,5,3
56159,5,4,5,1,3,5,3,3,3,5,4,5,3
119742,3,1,3,4,3,3,3,3,4,3,3,4,3
114045,2,2,2,2,2,5,5,3,3,3,3,3,3
56168,2,2,2,3,3,2,3,3,1,1,3,2,3
57258,2,2,2,2,1,2,1,1,3,4,5,3,1
62152,4,3,2,3,5,1,2,4,4,3,4,2,2
31055,3,5,5,5,5,3,2,3,3,3,3,2,1
8777,4,4,4,4,2,5,5,3,3,3,3,4,4
69746,2,2,2,4,2,2,5,2,4,4,5,4,2
118637,1,3,1,4,3,1,3,3,3,5,3,4,3
21097,0,0,0,2,2,0,2,2,1,5,1,1,2
64301,3,3,3,3,5,5,5,5,5,4,5,3,5
28009,3,3,3,3,2,1,3,4,4,4,4,5,1
28711,5,5,5,5,5,5,5,3,2,4,1,5,5
126953,4,4,4,4,5,5,4,2,2,2,2,5,4
44049,4,4,4,1,3,4,3,3,5,3,5,4,3
67758,3,5,5,5,3,3,3,3,1,4,4,2,3
49081,2,0,3,2,2,3,2,2,3,3,1,3,2
77706,2,5,5,5,2,1,2,2,4,1,3,1,2
28237,4,4,2,4,5,1,4,4,4,4,4,3,2
59645,3,5,5,5,3,3,3,3,2,4,4,2,3
87248,1,1,1,1,2,4,4,5,5,5,5,4,5
20088,5,5,5,5,2,5,5,4,4,4,4,5,5
69217,3,3,3,3,4,5,4,4,4,4,4,5,3
88471,5,5,5,5,3,2,3,4,4,4,4,1,2
104153,5,5,5,5,3,5,5,4,4,4,4,4,5
24702,2,1,1,1,2,2,2,2,1,4,4,2,2
19174,3,3,3,3,2,4,2,4,4,4,4,4,4
118513,2,2,2,2,2,2,3,2,2,2,2,4,4
88757,2,2,2,2,3,4,5,4,4,4,4,4,5
1919,1,1,1,1,5,4,4,5,5,5,5,4,3
28099,2,2,2,2,5,3,3,5,5,5,5,1,4
82508,4,4,4,4,4,4,4,4,3,5,3,4,4
22647,5,5,2,5,5,4,1,3,3,5,3,5,1
121227,1,1,3,1,4,3,4,4,4,3,4,4,3
83513,1,4,1,4,4,1,4,4,3,3,3,4,4
120954,1,1,1,4,2,1,4,2,3,5,3,4,2
53450,4,4,4,4,2,2,2,4,5,4,2,2,2
20591,2,2,2,2,2,2,2,2,3,3,4,3,2
76388,3,5,3,2,4,3,4,4,2,5,3,1,4
111033,2,2,2,2,5,5,4,4,4,4,4,4,4
3226,3,3,3,3,4,5,5,4,4,4,4,5,4
15268,5,1,2,1,3,1,4,3,3,5,3,1,1
89816,3,3,3,3,2,5,4,4,4,4,4,5,5
34907,3,4,3,2,3,3,3,3,1,3,4,2,3
81556,3,3,3,3,4,3,1,4,2,3,3,2,4
49334,5,4,4,4,5,5,5,5,5,2,1,5,5
85780,1,1,1,1,5,4,5,5,5,5,5,3,4
11890,4,4,4,1,2,4,5,2,4,4,4,5,2
113957,4,4,4,4,4,3,5,5,5,5,5,5,4
56295,2,5,2,4,1,2,1,1,4,5,5,4,1
99126,2,5,2,2,5,2,5,5,3,2,1,1,5
67172,3,4,3,3,1,3,1,1,3,2,4,4,1
75117,4,4,5,4,5,4,4,4,4,4,4,4,5
32544,5,4,4,4,5,5,5,5,2,2,5,4,5
104741,4,4,4,4,5,5,5,5,5,5,5,5,5
76294,1,1,1,1,5,3,5,5,5,5,5,5,3
3478,5,4,5,4,4,5,4,4,5,2,5,4,4
119521,5,5,5,5,4,1,5,5,5,5,5,4,5
90907,3,4,4,4,3,3,3,3,3,2,3,2,3
128925,2,1,2,3,3,2,3,3,1,2,4,4,3
110943,4,2,3,4,3,3,3,3,2,3,4,2,3
129730,4,4,2,4,5,3,2,4,4,4,4,3,2
31263,3,3,3,3,5,3,5,5,4,1,2,3,5
59917,3,5,5,5,3,3,3,3,4,1,4,2,3
6398,1,5,1,4,3,1,3,3,5,5,4,5,3
87138,2,4,4,4,2,2,2,2,4,1,4,4,2
37914,4,4,4,3,2,5,3,3,3,4,3,1,2
95718,2,2,2,2,3,4,5,5,5,5,5,3,5
1799,5,5,5,5,3,4,4,4,4,5,4,4,4
73656,3,5,5,5,3,3,4,4,4,4,3,2,1
24943,2,2,2,2,2,2,2,2,4,1,5,3,2
11549,2,2,2,2,4,4,4,3,2,4,5,4,4
82667,3,4,3,1,2,3,1,2,1,3,1,1,2
1097,2,5,2,3,3,2,3,3,3,4,5,3,3
99288,1,4,1,1,5,1,5,5,5,2,4,5,5
82724,4,4,4,4,5,4,4,5,5,5,5,4,5
26258,1,4,1,3,2,4,5,3,3,1,1,5,3
75160,3,3,3,3,2,5,4,3,3,3,3,3,3
66685,2,1,1,1,4,3,4,2,2,2,2,1,1
28777,1,1,1,1,2,4,4,5,5,5,5,5,5
102597,5,5,5,1,4,5,4,4,4,5,4,4,3
82172,2,5,2,1,3,2,3,3,5,4,4,5,3
73259,1,2,1,4,1,1,1,1,2,3,4,4,1
47873,2,2,2,2,2,2,2,2,4,3,3,3,2
65196,3,2,3,3,5,3,5,5,4,5,4,4,5
25415,3,4,3,3,5,3,5,5,3,3,4,4,5
37302,1,1,1,1,1,2,1,1,2,2,1,3,1
96254,5,4,5,3,1,5,1,1,5,4,4,5,1
3029,1,5,1,2,4,1,1,4,5,1,2,2,4
78149,3,5,3,4,4,3,4,4,5,2,4,4,4
120152,4,4,1,4,5,5,5,4,4,4,5,5,5
128690,3,1,5,1,3,3,3,2,3,2,4,3,3
32172,5,3,3,3,1,1,5,5,5,5,5,1,5
55884,3,3,3,3,5,5,5,5,4,4,4,5,5
40279,4,4,4,4,5,4,5,5,5,2,5,4,5
113444,1,3,3,3,1,1,1,1,3,3,4,1,1
4711,2,2,2,4,3,2,3,3,2,1,4,2,3
38762,5,5,5,5,1,5,2,5,5,5,5,3,1
8886,4,4,4,3,5,4,5,5,4,5,4,3,5
4592,1,4,1,3,4,1,4,4,1,3,2,1,4
1769,4,4,4,4,3,4,5,3,3,4,3,3,5
84160,4,4,4,4,3,5,4,5,5,5,5,5,5
113068,1,0,0,2,3,2,3,4,4,1,4,4,1
30358,5,1,1,1,5,5,5,5,2,1,3,2,5
79354,3,5,3,4,4,3,4,4,2,4,4,2,4
61539,1,4,1,5,3,1,3,3,4,4,3,3,3
3755,1,3,1,3,1,1,1,3,1,3,2,1,1
99310,2,3,5,3,2,2,2,2,2,2,2,1,2
90659,5,5,5,5,4,4,4,5,5,5,5,4,4
127382,2,2,2,2,4,4,5,3,3,3,3,4,4
46847,1,1,1,4,2,1,2,2,2,2,5,2,2
124634,2,1,2,4,2,2,2,2,2,2,3,1,2
46253,2,4,2,4,5,2,5,5,5,5,4,4,5
16122,3,1,1,1,3,4,3,3,3,3,3,3,4
126727,5,5,5,5,4,3,5,4,4,5,4,3,5
1754,5,4,5,5,4,5,5,5,5,5,5,3,4
3384,2,5,5,5,2,2,2,1,2,3,2,2,2
22289,1,5,1,3,5,1,5,5,1,1,4,2,5
98857,3,5,5,5,3,3,3,3,4,3,2,1,3
87655,5,5,5,5,3,4,5,3,3,3,3,3,4
124021,3,5,3,3,2,3,2,2,5,5,5,5,2
56195,1,5,1,1,5,5,4,3,3,1,3,4,4
49827,1,2,2,2,1,1,1,1,2,2,4,4,1
123651,1,1,1,4,4,1,5,4,3,4,3,1,4
101143,3,3,3,1,2,3,2,2,4,2,5,5,2
38685,4,3,3,3,4,4,4,4,5,3,4,2,4
747,3,3,3,3,4,4,4,5,5,5,5,4,4
73934,2,2,5,2,5,4,4,2,2,2,2,2,2
83816,1,1,1,1,4,4,5,4,4,4,4,3,5
111415,2,2,2,3,4,2,4,4,2,5,3,1,4
21222,2,5,2,3,4,4,4,2,2,2,3,5,3
34485,4,2,2,2,4,3,5,4,4,4,4,3,1
68436,5,5,5,5,4,4,5,4,4,4,4,4,3
24992,5,5,5,5,3,3,3,4,4,4,4,2,1
111889,1,1,1,1,5,3,4,1,1,2,1,4,2
32063,3,0,3,1,5,3,5,5,5,2,5,4,5
85526,4,4,4,4,2,4,5,5,5,5,5,4,4
99328,1,5,3,4,4,3,4,4,3,3,4,4,4
110853,4,4,4,4,2,4,4,4,4,4,4,5,4
75309,2,2,2,2,3,5,5,4,4,4,4,4,3
33223,2,2,2,1,5,2,4,5,5,4,5,3,5
84682,3,3,3,1,2,3,2,2,3,5,1,1,2
117534,1,1,1,1,3,4,4,2,2,2,2,4,3
86837,2,0,3,5,4,3,4,4,1,1,3,3,4
88319,1,1,1,1,4,4,4,4,4,4,4,5,5
45993,4,4,4,4,3,4,3,3,4,2,4,4,3
44867,4,4,4,4,5,4,4,4,4,4,4,1,2
123906,2,4,2,5,3,2,3,3,5,4,5,4,3
95175,4,4,4,2,5,4,5,5,5,5,5,4,5
50039,4,3,3,3,4,4,4,4,3,2,3,1,4
2537,0,4,0,4,2,4,4,4,4,4,4,5,3
62051,2,3,2,2,1,2,1,1,4,3,4,1,1
66913,4,4,4,4,5,5,5,5,5,4,5,5,5
67653,3,3,3,3,3,4,4,5,5,5,5,4,3
5437,5,4,5,5,3,5,4,5,5,5,5,5,3
114848,5,5,5,5,4,4,5,5,5,5,5,3,4
32866,4,4,4,5,3,4,3,3,4,5,4,4,3
27601,2,1,2,4,1,4,3,2,2,2,1,1,3
850,3,5,5,5,2,3,4,3,3,3,3,2,2
73034,3,5,3,4,2,3,2,2,3,2,1,3,2
119359,1,1,1,4,5,1,5,5,4,5,2,3,5
107819,4,3,3,3,1,5,5,5,5,4,5,3,4
98879,3,3,3,3,1,3,1,1,4,2,4,4,1
115334,1,2,1,2,3,1,3,3,4,2,2,3,3
1415,1,1,1,3,1,1,1,1,1,2,3,4,1
39685,1,2,2,2,4,3,4,1,1,1,1,1,2
35737,1,1,4,1,5,5,5,5,4,3,5,5,5
107533,2,1,2,2,5,4,4,4,4,4,4,5,4
14244,4,2,4,4,5,5,4,4,4,4,4,5,4
120273,4,4,4,4,4,5,5,5,3,4,4,5,5
73725,5,3,5,3,5,5,5,5,5,3,2,5,5
53440,4,2,2,2,4,5,4,4,2,1,3,2,4
12607,2,4,2,4,2,2,2,2,1,5,4,3,2
91384,3,3,3,3,4,3,4,4,5,3,4,3,4
10149,3,5,3,4,3,3,3,3,3,3,3,5,3
103826,2,2,2,3,1,2,1,1,1,5,4,2,1
69047,2,2,2,2,5,5,5,5,4,5,5,4,5
127135,4,2,4,3,1,4,1,1,1,5,3,4,1
54848,4,4,4,2,5,4,5,5,5,2,4,3,5
6384,4,1,4,2,1,4,1,1,1,1,3,1,1
40509,3,1,3,4,3,4,3,4,4,3,4,4,1
88347,1,1,1,1,4,4,4,5,5,5,5,4,4
56364,4,5,4,2,1,4,1,1,5,2,4,4,1
107766,3,5,3,1,3,3,3,3,3,3,4,4,3
12727,2,2,2,4,3,2,3,3,1,3,3,4,3
47868,3,2,3,3,2,3,2,2,4,4,3,1,2
12501,3,3,3,4,3,1,1,4,5,3,4,1,1
108950,5,0,5,3,2,0,2,2,5,5,4,5,2
92388,1,1,1,1,4,5,5,4,4,5,4,3,5
41423,3,4,3,3,1,3,1,1,4,3,4,5,1
125872,5,5,3,5,5,5,5,5,5,4,2,1,5
94382,2,2,2,2,5,4,5,5,5,5,4,4,3
63749,3,5,3,4,2,3,1,2,3,4,4,5,2
111437,5,5,5,5,3,5,5,4,4,4,4,4,3
72933,1,1,1,1,2,5,4,4,4,4,4,4,4
122376,4,1,1,1,2,3,4,4,4,4,4,3,2
3527,1,2,4,2,1,1,2,1,4,4,4,3,1
120914,2,2,2,2,3,4,5,4,4,5,4,5,5
16543,1,1,1,1,4,4,4,4,5,5,1,4,4
7242,4,2,2,2,4,4,4,4,2,1,2,5,4
62653,3,5,2,5,2,5,5,3,3,2,3,5,3
113818,3,3,4,1,5,4,5,5,1,1,1,3,5
23516,1,3,2,3,2,2,3,1,3,3,3,3,3
80175,2,2,2,4,2,5,5,3,1,3,3,5,5
127894,1,1,1,1,2,3,4,2,2,2,2,3,4
101891,1,1,1,1,4,4,4,4,4,4,4,4,5
53949,3,3,3,3,3,3,3,3,3,5,2,1,3
21167,5,5,5,5,3,5,4,4,4,4,5,5,4
60052,1,5,2,2,2,4,5,5,5,2,1,5,4
71429,2,2,2,2,4,5,5,4,4,4,4,4,3
66283,4,3,3,3,4,4,4,4,2,4,1,4,4
96607,2,2,2,2,2,5,5,5,5,5,5,4,5
36951,1,1,1,3,5,1,5,5,3,4,4,2,5
43327,4,3,3,3,4,4,4,4,1,5,2,5,4
77910,2,3,2,1,2,2,2,2,4,1,4,2,2
4173,2,3,2,4,2,2,2,2,1,2,4,2,2
29753,3,5,3,5,5,3,5,5,5,4,4,4,5
111942,3,3,2,3,3,4,4,2,2,2,2,3,4
34323,2,3,3,4,5,2,5,5,3,4,4,1,5
104279,2,2,2,3,3,2,3,3,1,5,2,2,3
59353,5,5,5,5,4,4,4,5,5,5,5,4,4
86577,4,5,5,3,5,5,4,5,2,2,4,3,5
29642,0,4,0,3,3,0,3,3,3,3,1,3,3
127522,1,5,1,1,5,5,5,5,4,5,4,4,5
29336,5,4,5,3,1,5,1,1,3,5,5,5,1
128071,1,1,1,1,5,5,5,3,3,4,4,5,5
65901,3,1,1,1,3,4,3,3,1,1,3,2,3
9044,2,2,2,2,5,4,4,4,4,4,5,5,5
116231,3,5,3,4,4,3,2,4,4,1,3,1,4
48489,5,5,2,5,5,5,5,5,3,4,1,5,5
87487,4,4,4,4,4,5,4,4,4,4,4,5,5
86240,4,5,4,4,2,4,4,3,3,4,3,5,5
42095,0,0,0,4,5,0,5,5,4,2,1,1,5
105372,3,3,3,3,5,5,4,5,5,5,5,3,5
110095,3,3,3,2,1,3,1,1,5,2,5,3,1
126644,2,3,3,3,4,3,4,2,2,2,2,2,3
86887,0,0,0,2,2,5,5,4,4,4,4,3,3
26308,4,2,2,2,4,4,4,4,3,1,3,1,4
15130,5,5,5,5,3,4,4,5,5,5,5,1,1
87216,3,2,3,3,4,3,4,4,3,2,3,1,4
104588,2,2,2,2,1,4,3,5,5,5,5,2,2
117916,2,2,2,2,4,5,5,4,4,4,4,5,5
8179,3,3,3,3,4,3,2,3,3,3,3,4,4
76276,2,1,1,1,2,2,2,2,1,2,3,3,2
128544,0,0,0,3,4,5,4,2,2,2,2,5,3
42873,2,1,1,1,2,2,2,2,4,4,3,3,2
63826,3,3,3,3,5,5,4,4,4,4,4,5,3
20148,1,0,1,4,2,1,5,2,2,1,5,4,2
63456,5,5,2,5,3,5,5,4,4,4,4,5,4
1193,4,4,4,1,5,4,5,5,3,5,4,1,5
3562,2,3,3,3,1,1,1,2,2,2,2,1,4
36547,3,4,4,1,3,4,3,3,3,1,3,4,3
77972,3,3,2,3,3,4,4,4,4,4,4,3,3
39634,3,4,2,4,3,2,3,3,3,3,4,4,3
127396,4,1,1,1,4,4,4,4,4,1,2,3,4
106999,3,5,3,3,4,3,4,4,4,5,5,3,4
51460,1,3,1,2,3,1,3,3,3,1,2,1,3
41763,3,3,3,1,4,2,3,5,5,3,5,4,4
123276,2,5,2,2,5,2,5,5,2,3,4,3,5
89112,4,2,2,2,1,3,3,4,4,4,4,2,1
25845,2,2,2,2,4,4,5,4,4,4,4,3,4
61393,5,1,3,1,2,3,2,5,5,4,5,3,4
17104,2,4,2,4,4,2,1,4,4,4,2,4,4
85863,4,4,4,3,4,4,4,4,5,4,3,5,4
52230,0,5,0,5,2,0,2,2,4,3,4,4,2
63636,3,3,3,3,3,3,3,3,3,3,4,1,3
8124,2,5,2,2,3,2,3,3,5,5,4,3,3
29363,2,2,2,2,4,4,4,1,4,5,5,4,4
984,3,3,2,3,1,1,5,4,4,5,4,4,1
18308,1,5,1,3,1,1,1,5,4,5,4,1,1
117293,3,3,3,3,4,4,4,4,4,4,4,3,3
125027,3,3,3,3,1,3,5,1,4,4,3,1,1
127739,0,0,0,2,5,4,4,3,3,3,3,5,5
29104,3,4,3,1,5,3,5,5,5,4,4,4,5
6408,3,4,4,1,2,4,2,2,1,5,5,4,2
30558,2,2,2,4,5,2,5,5,5,2,4,4,5
87346,4,4,4,5,4,4,4,4,3,2,4,5,4
119990,2,3,2,4,3,4,1,5,5,2,5,4,5
65797,4,4,4,1,5,4,5,5,3,3,5,3,5
112003,3,3,3,3,5,3,5,5,1,5,4,4,5
102378,1,0,1,1,5,1,5,5,3,4,5,1,5
19449,1,5,5,5,4,3,4,2,2,1,2,2,4
12070,5,5,5,5,3,5,3,3,5,3,5,5,3
15231,2,5,5,5,2,2,2,2,1,4,2,3,2
88544,3,2,5,2,1,5,1,1,3,2,3,4,1
83549,2,4,2,1,5,2,5,5,4,3,4,3,5
87267,5,5,5,5,5,4,5,5,5,5,5,3,3
29010,3,3,3,1,4,3,4,4,3,2,2,2,4
107641,2,2,5,2,3,4,5,5,5,5,5,4,5
93678,1,1,1,3,4,1,1,4,2,5,4,4,4
26212,1,1,1,1,5,1,1,4,4,4,5,4,4
9092,1,1,1,1,3,5,5,4,4,4,4,4,3
41924,5,3,3,3,3,5,5,5,5,5,5,3,5
94129,3,3,3,3,4,4,4,5,5,5,5,5,3
106650,2,2,2,4,3,2,4,3,1,3,4,4,3
111617,3,3,3,3,3,2,1,3,3,3,3,4,4
19025,1,4,1,3,2,1,2,2,2,5,3,1,2
32299,1,1,5,1,5,2,1,4,4,5,5,3,4
1178,4,2,4,4,5,4,5,5,1,3,3,4,5
55267,3,3,3,4,4,3,4,4,5,3,2,5,4
88983,1,5,1,1,5,4,4,2,2,1,2,3,3
89605,1,2,1,1,3,4,5,4,4,4,4,3,5
95439,5,5,5,5,2,5,5,5,5,4,5,3,4
12448,4,4,4,4,4,1,1,4,3,4,4,1,1
26858,3,3,3,3,2,3,2,2,3,4,2,4,2
86312,2,2,2,4,5,2,5,5,4,2,3,3,5
126217,3,2,3,3,2,3,2,2,1,5,3,3,2
124793,2,5,5,5,3,2,3,3,2,4,3,1,3
79,5,4,0,3,4,4,4,3,3,0,3,5,5
120831,1,1,1,3,4,1,1,4,5,3,5,5,4
57679,3,3,1,3,2,5,4,3,3,4,3,5,3
89648,3,3,3,3,3,4,4,2,1,3,4,4,4
114588,3,2,2,2,2,4,4,3,3,3,3,4,1
123966,3,3,3,3,2,4,5,4,4,4,4,3,5
121670,3,1,1,1,3,3,3,3,1,3,3,2,3
46690,2,2,2,4,3,2,3,3,4,3,4,2,3
1480,4,2,3,2,2,4,4,4,4,3,4,1,2
77238,2,1,5,5,2,2,2,2,3,3,3,4,2
64787,1,2,0,4,5,0,5,5,2,4,3,1,5
117807,5,5,4,5,2,5,5,5,5,5,5,3,5
40745,3,3,3,3,3,3,4,4,4,4,4,1,2
66529,3,3,2,3,1,4,4,4,4,2,4,4,1
113901,2,5,5,5,4,2,2,2,2,2,2,1,2
84032,3,3,4,1,4,5,1,3,3,4,3,3,2
106587,4,5,4,2,1,4,1,1,5,2,5,4,1
7191,4,1,1,1,4,4,4,4,1,1,1,2,4
114205,2,2,2,1,2,2,2,2,4,4,5,4,2
89049,4,4,4,4,2,5,5,4,4,4,4,3,4
69747,2,5,5,5,2,3,4,2,2,2,2,3,4
102108,3,3,3,1,4,3,4,4,3,3,5,4,4
126152,1,3,1,4,1,1,1,1,3,3,3,4,1
47774,5,5,5,5,5,5,5,5,2,1,5,3,5
121603,3,5,3,3,5,3,5,5,3,3,5,4,5
9293,4,5,4,4,4,4,2,4,2,1,4,4,4
41133,4,4,4,3,2,4,2,2,1,3,4,1,2
73420,1,4,4,4,1,4,4,1,1,1,1,4,1
80170,1,2,3,2,1,1,1,1,4,4,3,4,1
52243,1,1,1,3,1,1,1,1,1,2,3,1,1
9689,1,1,1,1,2,5,1,5,5,5,5,2,3
29988,4,5,5,5,4,4,4,4,1,3,3,3,4
59150,1,1,3,1,5,4,4,4,4,4,4,4,4
106249,1,4,1,1,5,4,5,4,4,1,4,3,4
14402,1,4,1,4,1,1,1,1,4,2,5,4,1
57616,4,4,4,4,2,5,4,4,4,4,5,3,4
102247,2,3,3,3,3,2,3,3,3,5,3,4,3
108683,4,4,4,4,4,4,4,4,3,3,4,3,4
30154,1,3,0,2,4,0,3,4,2,2,2,2,4
18742,2,2,2,2,1,5,2,5,5,5,5,4,5
23525,4,1,1,1,4,4,4,4,5,5,5,4,4
54569,3,3,3,3,1,3,1,1,3,2,4,1,1
124716,2,3,2,2,3,4,3,4,4,2,4,1,3
75828,5,5,5,5,5,5,4,4,4,4,4,5,5
100561,4,4,4,4,3,5,5,5,5,5,5,4,4
108934,2,5,1,3,4,1,4,4,4,4,3,4,4
118859,1,1,1,3,1,3,3,1,1,3,4,3,3
37796,2,2,2,3,4,2,4,4,2,2,3,2,4
107537,5,5,5,5,4,4,4,4,5,5,4,4,4
107665,4,4,5,4,4,5,5,4,4,4,4,4,3
63689,1,4,4,4,1,1,1,2,1,3,3,1,1
121840,1,2,2,2,1,1,1,1,4,3,3,3,1
6399,2,5,5,4,4,5,4,4,5,5,4,5,4
26465,2,3,2,3,5,2,5,5,3,3,3,1,5
69855,1,4,1,4,2,1,1,2,5,3,4,5,2
117113,0,0,0,3,3,0,3,3,4,1,5,2,3
60127,2,5,5,5,2,3,2,2,4,4,4,4,2
87232,2,0,2,1,4,2,4,4,5,5,4,4,4
15965,1,3,1,3,4,1,4,4,5,5,4,5,4
16941,4,0,4,5,4,4,4,4,2,4,3,2,4
43733,3,2,3,3,4,3,3,4,4,3,4,2,2
23499,4,2,2,2,2,1,1,3,3,4,3,2,1
123327,1,5,5,5,1,4,3,1,1,1,1,4,2
81544,2,1,2,3,3,2,3,3,2,4,3,2,3
39344,2,5,2,1,4,2,4,4,4,5,5,3,4
105561,1,1,5,1,3,5,5,5,5,5,5,3,4
110434,5,5,5,5,5,5,5,5,1,3,5,5,5
117449,1,3,3,3,2,3,3,1,1,1,1,4,4
69563,3,2,2,2,3,3,3,4,2,3,4,3,3
120496,3,3,3,4,4,3,4,4,3,5,3,3,4
2229,5,4,5,3,3,5,3,3,4,4,4,5,3
81268,4,5,4,1,4,4,4,4,3,4,5,3,4
124508,2,4,2,3,3,2,3,3,1,1,3,4,3
67335,2,2,2,2,5,5,5,5,4,2,4,3,5
128390,2,3,3,3,3,4,3,2,2,2,2,3,1
10870,2,5,5,5,2,2,2,2,4,5,4,1,2
3714,3,2,3,3,3,3,3,3,1,2,4,1,3
71341,1,3,1,4,5,1,5,5,4,2,4,3,5
12702,4,4,4,4,3,5,1,4,4,4,4,2,1
40014,5,5,5,5,4,2,1,2,2,2,2,5,4
39132,4,4,4,4,2,2,1,5,5,5,5,4,5
67705,3,2,2,2,4,4,3,3,3,3,3,4,1
56358,2,4,0,4,4,0,4,4,1,2,5,1,4
127955,3,5,5,5,3,3,3,3,3,1,4,3,3
96548,2,2,2,2,5,4,5,5,5,5,5,4,5
25485,4,3,4,2,4,4,4,4,5,5,2,4,4
59656,4,4,5,3,5,5,5,5,4,3,4,4,5
53783,1,3,3,3,2,2,2,4,4,4,1,1,3
87694,2,5,2,2,4,2,4,4,3,4,4,3,4
6071,3,5,3,4,3,3,3,3,4,3,5,4,3
109152,2,2,2,2,5,4,4,4,4,4,4,5,5
17732,5,3,3,3,5,5,5,5,2,5,4,3,5
58820,1,3,1,4,2,3,4,3,3,1,3,3,2
20883,5,5,5,5,4,5,4,4,1,1,4,1,4
92487,3,1,2,1,1,3,3,3,3,3,3,3,2
49979,1,5,5,5,3,2,2,1,1,1,1,4,4
79922,3,3,3,3,4,3,4,4,2,2,3,3,4
129096,3,3,3,4,3,2,1,2,4,4,4,1,1
28065,3,3,3,5,3,3,3,1,3,3,3,3,3
106832,1,1,1,4,2,1,2,2,2,4,4,2,2
14774,4,4,4,4,4,4,4,4,1,4,2,2,4
11062,4,2,4,4,3,4,4,3,2,3,4,1,3
56334,2,2,2,2,4,4,5,5,5,5,4,4,5
108541,2,2,2,2,2,4,4,5,5,5,5,4,4
55971,4,4,4,1,1,4,1,1,5,5,5,5,1
73607,5,0,5,1,4,5,4,4,5,4,5,4,4
37255,3,3,3,2,4,3,4,4,1,5,3,1,4
121300,4,4,4,4,4,4,5,4,4,4,4,3,4
128586,4,2,2,2,4,4,4,4,2,4,2,4,4
119627,2,4,1,4,1,5,5,4,3,4,5,5,5
84558,5,3,5,4,3,5,3,3,3,2,4,2,3
38708,3,3,3,3,5,3,5,5,2,4,3,2,5
89670,3,3,3,3,2,3,2,2,3,2,4,4,2
48483,3,3,3,4,3,3,3,3,3,3,3,2,3
50705,1,4,0,3,2,0,1,2,3,5,4,5,2
60000,2,3,2,4,1,2,1,1,4,1,1,2,1
37109,2,2,2,2,2,4,5,5,5,5,5,1,5
51776,4,5,2,1,5,2,5,5,3,4,4,5,5
100843,3,4,3,2,3,3,3,3,3,4,4,5,3
84133,3,3,3,3,4,3,4,4,1,5,3,2,4
82240,2,3,2,4,5,2,1,2,2,2,2,5,4
37252,4,5,4,3,3,5,5,5,5,4,3,4,4
48440,4,3,3,3,4,4,4,4,4,5,3,5,4
81630,1,1,1,1,4,4,4,2,2,2,2,3,4
31437,4,4,4,4,4,4,1,4,4,2,3,1,4
113762,1,4,1,3,4,1,4,4,5,2,4,3,4
90247,1,4,1,4,5,1,5,5,5,4,5,3,5
17500,2,2,2,2,5,5,5,5,3,3,2,5,5
97127,1,1,1,4,1,1,1,1,1,2,3,4,1
60284,2,4,2,4,2,1,1,3,1,5,4,1,1
103404,3,3,3,3,5,3,3,3,3,3,3,3,4
60548,1,1,1,1,4,4,5,4,4,4,4,3,3
20442,4,3,3,3,1,4,3,4,4,4,4,4,2
83427,1,5,1,2,2,1,2,2,5,3,5,3,2
83897,2,5,5,5,1,2,3,2,2,2,2,2,1
89676,1,3,3,3,1,1,1,1,2,4,3,1,1
129365,3,3,3,3,2,3,4,5,5,5,5,3,5
75274,0,1,0,4,1,0,1,1,4,4,4,2,1
30418,1,5,1,5,4,1,1,4,2,1,2,2,4
17695,1,1,1,1,3,3,3,3,5,1,4,5,3
93317,3,4,3,3,4,4,5,5,5,5,5,3,3
78883,1,2,4,2,1,1,1,1,2,1,4,1,1
61502,5,5,5,1,5,5,5,5,2,2,2,1,5
71202,3,3,3,3,2,4,5,4,4,4,4,3,3
53579,2,5,2,3,4,4,5,2,2,2,2,5,4
27173,2,2,3,3,3,1,1,1,3,3,3,1,1
117933,1,1,4,1,4,5,5,4,4,4,4,5,5
27549,2,3,2,4,1,2,1,1,3,5,4,2,1
93552,3,3,3,3,4,5,5,4,4,4,4,3,4
5859,1,0,1,4,5,1,4,5,3,5,4,2,5
83497,4,2,2,2,4,4,4,5,2,2,2,4,4
91934,2,2,2,2,5,3,3,2,2,2,2,3,2
31894,1,0,1,1,2,1,2,2,2,5,4,2,2
4745,3,2,3,3,1,3,1,1,3,1,4,1,1
96344,1,4,4,4,1,3,3,1,1,1,1,2,3
118568,2,3,3,3,4,2,2,2,2,2,2,2,4
1047,2,0,2,2,5,2,5,5,5,1,5,4,5
88528,2,5,2,2,4,2,4,4,1,2,2,5,4
64317,3,3,3,1,4,3,4,4,4,2,5,5,4
104260,1,1,1,1,3,5,5,4,4,4,4,5,3
69379,3,3,3,3,5,3,5,5,3,5,5,5,5
6980,3,3,3,3,3,5,5,5,5,5,5,5,5
43299,5,3,2,3,4,5,4,4,2,3,5,5,4
13418,1,2,1,1,5,5,5,5,1,4,1,2,5
94829,5,5,5,5,2,5,5,4,4,4,4,4,5
36241,4,4,4,4,2,4,4,4,4,4,4,4,5
42745,2,4,2,5,4,2,1,4,4,5,5,3,4
14655,3,1,3,2,4,3,4,4,2,4,3,2,4
123726,5,5,5,5,5,5,5,5,5,5,5,3,5
76572,2,2,2,2,2,5,5,5,5,5,5,5,4
86122,4,0,4,5,3,4,3,3,3,5,5,4,3
36387,4,2,4,1,4,4,4,4,2,2,1,4,4
95167,3,4,3,3,2,3,1,2,3,5,4,3,2
103339,1,5,2,2,3,4,5,3,3,2,3,4,5
26265,3,2,2,2,3,3,2,3,3,4,3,1,4
43059,4,1,1,1,4,3,3,4,4,4,4,1,1
71977,3,4,4,4,3,2,3,3,3,3,3,1,3
12911,2,3,3,3,2,2,2,2,2,2,3,1,2
62564,1,1,1,1,2,5,4,4,4,4,4,4,3
83367,4,1,1,1,4,4,4,4,4,4,4,1,4
2220,1,1,1,1,2,5,4,4,4,5,4,4,5
129419,5,5,5,5,3,4,5,3,3,3,3,4,4
8440,0,0,0,2,2,0,4,2,5,3,5,5,2
26449,3,3,3,3,5,5,5,5,3,2,1,2,5
89854,1,1,1,1,3,5,5,4,4,4,4,4,3
73575,3,3,3,3,4,5,5,3,3,4,4,5,5
69225,4,4,4,4,4,4,5,3,3,3,3,5,3
128839,2,4,2,3,2,5,3,5,4,4,5,3,3
72341,4,4,3,4,5,5,5,4,4,4,4,3,3
70846,3,0,3,5,3,3,1,3,5,2,4,4,3
115323,2,2,3,2,2,5,5,4,4,4,4,4,4
32108,2,0,2,5,1,2,1,1,5,5,1,3,1
111386,4,4,4,4,5,4,5,4,4,4,4,4,3
52629,2,0,2,1,4,2,4,4,4,4,4,4,4
13652,3,5,5,5,3,3,3,3,3,3,2,4,3
110975,4,0,4,4,3,4,1,3,5,3,4,4,3
103109,5,5,5,1,4,5,4,4,3,3,4,4,4
29900,2,1,1,1,2,2,2,2,2,5,3,4,2
101817,2,2,2,2,2,4,4,2,2,2,2,4,4
120100,4,4,4,4,5,4,5,5,4,3,4,5,5
52598,3,2,2,2,3,3,3,3,5,4,3,2,3
44025,2,2,2,4,3,2,3,3,2,4,4,4,3
99078,5,5,2,5,3,5,5,4,4,4,4,3,5
55734,5,5,5,5,4,5,4,5,5,5,5,5,3
48778,4,4,4,2,4,4,4,4,4,2,4,4,4
103406,2,5,5,5,2,2,2,2,2,1,4,1,2
135,3,3,3,1,2,3,3,2,4,3,4,5,2
17432,5,3,5,2,2,5,2,2,1,1,3,5,2
72234,4,4,4,4,4,4,4,4,3,5,1,2,4
22527,5,0,5,4,2,5,4,2,4,5,3,1,2
61377,3,3,3,3,4,3,4,4,5,2,5,5,4
17730,3,2,4,4,3,3,3,3,1,2,3,1,3
2883,2,1,2,3,1,2,1,1,4,4,3,1,1
8286,2,2,2,3,5,2,5,5,1,4,3,3,5
59093,4,5,4,3,4,4,4,4,4,5,5,5,4
69701,3,3,3,3,4,5,5,5,5,5,5,4,5
32642,1,5,5,5,2,4,4,2,2,2,1,4,3
31232,3,5,2,1,2,5,3,5,5,2,5,3,4
22147,3,4,3,4,1,3,5,1,3,2,5,4,1
13716,5,5,5,5,1,3,2,5,5,5,5,1,2
61879,5,5,3,5,5,5,5,5,3,4,5,4,5
26818,5,5,3,5,5,5,5,5,3,3,3,1,5
94412,2,2,2,5,1,2,1,1,4,3,4,4,1
10037,4,5,4,4,3,4,3,3,4,2,4,5,3
71261,0,1,0,4,5,0,5,5,3,1,4,2,5
50604,3,4,3,4,5,3,5,5,1,4,3,4,5
28201,3,5,3,2,5,3,5,5,4,2,4,5,5
91949,3,4,3,5,3,5,5,3,4,4,4,5,5
66144,3,5,3,2,1,3,1,1,5,3,5,3,1
59544,3,3,3,3,5,5,5,5,3,4,5,4,5
47994,5,5,5,5,5,5,5,5,2,2,1,3,5
58675,2,2,2,4,1,2,1,1,2,4,3,2,1
53208,4,3,4,2,5,4,5,5,4,2,5,4,5
99837,2,2,2,2,3,4,5,4,4,4,4,4,4
4248,4,3,4,5,3,4,3,3,5,3,4,4,3
102340,2,5,5,5,1,3,3,2,2,2,2,1,2
12072,2,4,2,5,5,2,5,5,4,4,5,3,5
21234,3,2,3,4,1,3,1,1,1,5,3,2,1
90079,5,5,5,2,5,5,5,5,5,3,4,5,5
16105,4,5,4,5,2,5,4,2,2,4,2,3,5
128269,1,0,0,4,3,3,3,3,3,0,5,2,4
113377,2,1,1,2,3,1,3,3,4,3,4,4,3
81225,4,4,4,4,2,5,4,5,5,5,5,3,5
4800,3,3,3,3,3,3,3,1,5,2,3,3,3
10021,3,2,3,3,3,3,3,3,4,5,4,1,3
107017,5,5,5,5,5,4,5,5,5,5,5,4,4
120329,2,2,2,4,2,2,5,2,2,5,2,4,2
70058,2,1,2,2,4,3,3,1,1,2,1,3,1
124034,2,3,2,4,3,2,2,3,2,5,3,3,3
77096,5,5,5,5,5,5,5,4,4,5,4,4,3
87897,2,2,2,3,4,2,4,4,4,4,4,4,4
32248,2,2,2,2,4,5,5,5,5,5,5,1,5
51042,4,2,4,4,1,4,1,1,2,3,3,3,1
16595,1,1,1,1,5,5,4,4,4,4,4,5,3
113927,4,4,4,4,5,5,5,5,5,4,4,3,5
21931,2,1,2,3,4,2,5,4,4,3,4,2,4
94158,4,4,4,4,2,5,4,4,4,4,4,3,4
106282,4,2,2,2,1,2,3,4,4,4,4,4,3
17356,2,0,2,1,3,2,3,3,1,2,4,1,3
22146,4,4,4,2,2,4,2,2,5,3,5,4,2
81404,3,1,3,3,3,3,1,3,4,4,4,2,3
88626,3,0,3,3,1,3,1,1,5,2,4,3,1
75850,4,4,4,2,2,4,2,2,4,3,3,3,2
64677,4,5,4,1,1,4,1,1,3,4,4,4,1
43608,1,0,1,3,2,1,2,2,5,5,4,5,2
5652,4,4,4,5,2,4,2,2,5,5,4,3,2
89866,3,3,3,3,2,5,4,4,4,4,4,3,3
96730,3,0,2,1,3,2,4,3,5,2,3,5,3
51619,2,3,3,3,2,2,2,2,3,2,3,4,2
24124,3,5,3,4,1,3,2,1,3,4,4,5,1
60497,2,2,2,2,2,5,1,5,5,5,5,1,3
92961,2,2,2,3,3,2,3,3,4,4,3,3,3
100835,4,4,2,4,2,4,5,3,3,3,3,4,5
59056,2,2,2,2,5,3,3,2,2,2,2,4,3
55953,3,3,3,3,3,5,5,4,4,4,4,3,4
37189,4,3,1,3,4,4,4,4,3,4,1,1,4
9958,4,2,4,4,4,4,4,4,1,4,3,4,4
91372,2,2,5,1,5,2,1,4,4,5,1,1,1
98079,3,2,3,2,4,3,4,4,2,3,3,4,4
125534,4,4,4,4,2,5,4,5,5,4,5,4,4
77572,3,4,4,4,3,4,3,3,5,5,5,5,3
100517,0,2,0,2,1,0,1,1,3,3,2,3,1
14011,1,4,3,3,1,4,3,2,2,2,1,4,2
50259,2,2,2,2,2,3,3,3,3,3,2,2,1
15825,2,2,2,1,4,2,4,4,4,5,5,4,4
41178,2,4,3,1,4,3,4,4,5,5,4,4,4
15146,1,1,1,3,3,1,3,3,3,5,3,4,3
125633,4,4,4,4,4,4,5,5,5,5,5,3,5
34173,2,1,1,1,1,4,4,2,2,2,2,3,4
37357,5,5,5,5,5,2,3,5,5,5,5,1,3
4620,1,5,1,1,1,1,1,1,3,5,4,4,1
100252,5,5,5,5,5,4,4,4,4,4,4,4,5
3076,4,4,4,4,4,4,5,3,3,2,3,4,5
43752,3,3,4,3,5,5,5,4,4,4,4,1,5
69683,3,3,3,3,4,4,4,4,4,4,4,4,4
85830,4,3,3,2,5,3,4,5,2,5,4,5,5
4602,5,1,5,3,3,5,4,3,2,1,4,4,3
26717,1,5,1,2,4,4,4,2,2,1,4,3,3
20540,2,4,4,4,5,2,3,2,2,2,2,2,4
55404,2,2,2,2,5,5,5,5,5,5,4,4,5
56042,3,4,4,4,3,3,3,3,4,2,4,3,3
109100,2,5,2,3,2,2,2,2,3,5,5,3,2
77276,1,1,1,1,5,4,5,4,4,4,4,3,5
32876,1,5,1,4,4,1,1,4,4,4,4,4,4
27398,2,2,2,2,4,4,4,4,5,5,4,5,4
25616,4,0,4,2,4,1,1,3,5,3,3,1,1
45119,2,5,2,3,2,2,2,2,3,3,5,5,2
87881,2,3,2,3,1,2,1,1,3,4,4,5,1
30790,3,1,3,3,3,2,3,2,2,3,2,4,3
88634,2,4,2,1,2,2,2,2,2,4,3,3,2
89521,2,1,2,3,1,2,1,1,4,4,4,1,1
56375,4,3,4,3,4,4,5,4,1,2,4,1,4
104954,4,4,4,1,2,5,4,5,5,4,5,3,3
89518,2,2,2,3,4,4,4,4,4,2,4,3,3
28943,5,2,2,2,5,4,4,5,1,5,1,1,5
30202,0,0,0,3,5,0,1,5,4,4,1,3,5
111474,2,5,2,1,4,2,4,4,5,4,2,5,4
29335,4,5,4,2,1,4,1,1,4,2,4,3,1
105512,2,2,2,2,5,5,4,3,3,3,3,4,4
37649,3,4,3,1,1,3,1,1,2,1,2,3,1
91334,3,5,3,5,2,3,3,2,5,2,4,4,2
59034,4,4,4,4,5,5,4,5,5,4,5,3,5
98748,2,4,2,2,2,2,2,2,5,2,3,5,2
111172,2,5,2,3,1,2,2,1,4,2,3,5,1
82372,1,0,0,4,4,0,4,4,2,1,3,4,4
2670,1,4,1,2,1,1,1,1,4,5,4,3,1
110451,3,2,4,4,5,4,5,5,1,5,3,4,5
71345,1,2,0,3,5,0,5,5,4,1,3,2,5
125679,3,4,4,4,3,3,3,3,3,1,2,3,3
69275,3,4,3,3,4,4,4,4,4,3,4,2,3
114632,5,5,5,2,3,5,1,3,5,4,5,5,3
64946,3,1,1,1,2,4,3,3,3,3,3,3,2
97599,2,2,2,2,3,4,4,2,2,2,2,2,3
41387,2,4,2,3,1,2,1,1,1,5,3,4,1
31711,3,5,3,3,2,3,2,2,5,5,4,3,2
101242,1,0,0,3,3,1,3,3,4,5,4,1,3
27789,1,3,3,3,4,3,3,1,1,1,1,1,1
45411,4,4,4,4,4,5,2,3,3,2,3,3,4
97486,2,4,4,4,3,2,2,2,2,2,2,3,4
28816,0,3,0,3,1,3,1,1,5,4,2,2,1
108900,1,1,1,1,2,4,4,4,4,4,4,4,4
83805,5,5,5,5,4,5,4,4,4,4,4,3,3
21831,1,5,1,2,3,1,3,3,3,5,5,3,3
58004,5,5,5,5,5,4,5,5,5,5,5,3,3
126550,4,4,4,4,4,5,5,4,4,4,4,5,4
128502,3,0,3,3,1,3,1,1,3,1,4,1,1
64049,2,2,2,2,4,4,5,4,4,5,4,4,3
71342,2,5,3,2,3,1,4,5,5,3,4,4,4
43846,1,1,1,1,2,3,4,4,4,4,5,4,5
64144,3,2,2,2,3,3,3,3,1,3,3,4,3
67178,4,4,4,3,4,4,4,4,1,5,3,3,4
41284,1,5,5,5,1,4,3,1,1,1,1,2,3
113497,2,2,2,2,5,5,5,5,5,4,5,5,5
71967,2,2,2,2,4,4,4,2,2,2,2,4,1
61896,2,4,2,1,1,2,1,1,5,4,4,3,1
68313,5,5,5,5,3,3,5,4,4,4,4,3,4
3326,4,4,4,4,5,5,4,5,5,4,5,4,5
59068,5,5,5,5,3,4,5,5,5,5,5,3,4
61979,2,4,2,3,2,4,4,4,4,2,4,4,4
22190,5,3,3,3,5,5,5,5,2,2,3,1,5
76493,4,4,4,4,3,5,5,4,4,4,4,3,3
56067,1,4,1,5,1,5,5,3,2,4,4,5,5
78592,4,5,4,4,3,4,5,4,4,4,4,4,5
106430,3,3,3,3,3,4,4,5,5,5,5,3,3
85058,2,5,2,2,4,2,4,4,5,3,4,5,4
34077,5,1,1,1,5,4,5,5,4,3,5,4,5
61612,3,2,2,2,3,2,3,3,3,3,4,3,3
49734,2,4,4,4,5,4,3,1,1,2,1,1,3
12775,1,5,0,1,3,5,5,1,1,0,1,5,4
14565,3,3,3,3,4,3,1,4,3,3,4,3,4
74353,3,3,3,3,4,4,4,5,2,4,5,4,4
39575,2,2,2,2,3,4,2,5,5,5,5,5,2
88633,2,5,2,5,4,4,4,1,1,2,1,4,3
28323,2,5,5,5,2,4,3,2,2,2,2,2,3
37106,4,1,5,1,2,5,5,4,4,4,4,4,1
917,3,3,3,3,4,4,4,5,5,5,4,5,4
11170,1,3,1,4,4,1,4,4,2,3,1,4,4
113249,2,5,2,4,5,4,4,3,3,2,3,5,4
3983,2,5,2,3,1,2,1,1,4,2,4,5,1
56864,1,1,2,1,4,5,5,5,3,5,5,5,5
120620,1,3,1,5,3,4,3,4,4,1,4,5,3
128134,2,2,2,2,4,4,4,4,5,5,4,3,4
64890,1,2,3,3,4,3,1,4,2,3,4,1,4
24485,3,3,3,3,1,3,1,1,4,4,4,2,1
103632,1,1,1,2,5,1,3,5,4,4,5,3,5
23911,4,5,5,5,3,3,4,4,4,3,4,4,3
5847,4,4,4,4,3,4,3,3,5,3,5,5,3
95341,1,5,1,4,5,1,5,5,2,4,2,2,5
92042,4,5,5,2,3,4,3,3,3,4,4,3,3
49268,2,5,2,3,5,2,5,5,2,4,2,1,5
28477,1,5,1,2,5,1,5,5,5,3,3,4,5
117057,3,3,3,3,5,4,4,3,3,3,3,3,3
106829,3,4,3,3,1,3,1,1,3,3,5,4,1
98054,4,2,4,4,2,4,2,2,3,2,2,1,2
104796,2,4,5,4,1,3,3,2,2,2,2,4,4
80462,4,4,4,4,2,4,4,5,5,5,5,4,3
57504,2,4,2,1,2,2,2,2,4,2,4,3,2
54505,3,3,3,3,4,3,4,4,3,4,1,4,4
8921,2,3,2,3,2,3,3,3,1,4,3,3,3
111738,1,1,1,1,3,4,4,4,4,5,4,4,4
110902,1,1,0,3,2,0,5,2,2,5,4,4,2
51592,1,3,1,4,1,1,1,1,2,5,3,3,1
103095,3,4,3,2,3,3,3,3,3,4,4,5,3
42335,2,3,2,5,1,5,4,4,4,2,4,5,4
18526,3,3,3,1,3,3,3,3,2,3,5,4,3
51379,4,3,4,4,3,4,3,3,1,2,2,1,3
106850,2,3,2,5,1,2,1,1,5,2,4,3,1
39478,3,3,3,3,3,3,3,3,4,3,4,4,3
94305,5,5,5,5,4,5,4,5,5,5,5,5,4
59706,2,5,3,3,2,3,2,2,3,3,4,3,2
12883,5,1,1,1,2,1,2,5,5,5,5,5,2
40410,4,4,3,4,5,2,2,5,5,5,4,1,5
81230,3,3,3,3,5,5,5,4,4,4,5,5,5
17844,4,3,3,3,4,4,4,4,4,5,3,5,4
61987,3,3,3,3,2,4,4,5,5,5,5,4,3
48586,2,4,3,1,3,3,3,3,4,2,4,5,3
69935,3,3,3,3,3,3,5,4,4,5,4,5,5
114974,4,4,4,4,4,5,5,4,4,4,4,3,3
123886,1,3,1,3,4,1,4,4,3,2,1,1,4
102875,4,0,4,5,3,4,3,3,3,4,3,2,3
55049,2,2,3,2,5,5,4,4,4,5,4,3,3
69832,5,5,5,3,5,5,5,5,4,3,4,3,5
114318,3,5,3,2,5,4,5,2,2,3,2,5,3
16546,1,1,1,5,2,1,2,2,1,4,2,3,2
55251,4,2,4,2,2,4,5,2,2,3,3,2,2
56875,5,5,5,2,5,4,4,5,4,4,4,4,4
105676,1,1,1,1,3,5,5,5,5,5,5,5,4
14702,3,4,3,4,3,3,3,3,2,2,3,4,3
40847,4,5,4,3,2,4,2,2,5,2,5,5,2
39059,0,0,0,2,1,0,1,1,5,5,4,4,1
8658,4,4,4,4,3,4,4,5,5,5,5,4,5
43862,0,4,0,2,4,4,4,5,5,5,5,2,3
109435,4,4,4,4,4,5,5,2,2,2,2,3,3
25873,2,2,2,1,4,2,4,4,3,2,4,4,4
7979,4,5,4,4,4,5,5,4,4,4,4,3,4
108078,5,5,5,5,5,5,4,4,4,4,4,5,3
123659,4,0,4,5,5,4,5,5,4,2,4,5,5
90036,1,0,0,5,3,0,3,3,5,5,4,4,3
44351,3,3,3,3,5,4,4,5,2,5,5,4,4
7661,3,2,2,3,3,2,3,3,1,2,3,2,3
27798,1,1,1,2,4,1,4,4,3,2,2,1,4
116652,3,4,3,1,3,3,3,3,4,2,4,4,3
92078,3,4,4,4,3,3,3,3,3,4,3,3,3
92099,5,5,5,5,4,4,4,4,5,4,1,2,4
11082,3,4,3,1,3,3,1,3,5,3,4,5,3
112959,1,4,1,1,4,4,5,4,4,1,4,5,5
102298,1,1,1,1,3,5,5,4,4,4,5,5,4
64496,1,1,1,1,3,2,3,4,4,4,1,3,3
68780,2,2,2,3,4,2,4,4,4,3,4,2,4
121694,2,2,2,4,2,3,3,5,5,2,5,2,1
12841,2,3,2,3,3,2,3,3,4,4,3,3,3
19282,5,2,2,2,5,5,5,5,4,5,3,5,5
4534,3,4,3,1,3,3,3,3,2,1,1,1,3
128695,5,0,5,4,5,5,4,5,4,2,5,5,5
119633,2,1,1,4,5,2,3,5,5,5,4,5,5
58442,1,5,1,1,1,1,1,1,5,5,5,1,1
19037,4,2,1,2,4,4,4,4,5,3,5,3,4
58669,4,4,4,4,4,4,3,4,4,5,5,3,4
129152,3,5,3,4,1,3,1,1,3,4,5,4,1
89332,3,3,3,2,5,3,5,5,3,5,5,4,5
35046,5,5,5,5,4,4,5,4,4,4,4,3,5
102314,3,0,3,3,2,3,2,2,3,3,4,2,2
30321,4,4,4,4,4,3,1,5,5,5,5,1,2
108708,1,1,1,1,1,2,2,1,1,1,1,2,1
54119,5,4,4,4,5,5,5,5,4,2,2,1,5
74349,1,1,1,1,4,4,4,5,5,5,5,4,4
13770,4,3,3,3,4,4,4,4,4,5,4,4,4
129765,4,3,4,2,3,4,3,3,3,2,4,1,3
6210,4,4,4,4,3,5,4,5,5,5,5,5,3
89387,2,4,2,4,4,2,4,4,1,1,3,3,4
3223,3,2,2,2,3,2,3,3,3,3,3,4,3
92002,5,5,5,5,4,5,5,4,4,5,4,5,4
47806,5,2,5,3,2,5,2,2,1,1,4,3,2
67708,2,2,2,2,3,5,4,2,2,2,2,5,3
113954,2,2,2,5,4,2,4,4,4,5,3,3,4
22053,4,4,4,4,5,5,5,5,2,2,3,3,5
83444,3,3,3,3,5,4,4,2,2,2,2,3,5
1908,4,4,4,4,3,4,2,3,5,4,4,5,3
117675,1,1,1,2,1,1,1,1,3,2,4,3,1
459,1,1,1,1,2,4,4,4,4,4,5,3,5
24804,4,4,4,2,3,4,1,3,3,2,4,5,3
87641,2,3,3,3,2,2,2,2,2,3,4,3,2
61087,3,5,3,2,2,3,2,2,5,5,5,3,2
89068,5,5,5,3,4,5,4,4,3,2,4,5,4
88680,2,4,2,3,1,2,1,1,4,1,2,3,1
27794,3,3,3,3,4,2,2,3,3,3,3,5,3
35815,5,5,5,5,4,2,4,2,2,2,2,1,2
20977,3,3,3,4,1,3,1,1,2,4,3,3,1
68418,3,5,3,3,4,5,5,3,3,3,3,3,3
3668,4,5,5,5,4,4,4,4,4,2,2,4,4
88597,3,4,1,1,4,1,4,4,3,4,5,1,4
121184,3,3,3,5,3,5,5,2,2,3,1,5,5
112036,4,4,4,4,2,5,4,4,4,5,4,3,5
123423,3,5,3,3,4,3,4,4,5,5,4,4,4
44212,1,1,1,5,5,1,3,5,4,4,4,4,5
65610,2,0,2,2,4,2,2,4,5,1,2,4,4
73530,3,3,3,4,5,3,5,5,4,2,5,5,5
63779,2,2,2,2,4,2,4,4,5,2,5,5,4
52260,5,5,5,5,5,5,5,5,2,1,1,4,5
13210,3,4,3,4,3,2,3,3,3,2,3,1,1
31077,0,0,0,3,4,0,4,4,4,3,1,4,4
34755,2,4,4,4,2,2,2,2,1,4,2,2,2
60891,2,2,2,2,2,2,2,2,3,4,5,4,2
73502,5,0,5,2,5,3,3,4,5,4,5,3,3
10327,1,1,1,1,2,4,5,5,5,5,5,4,5
90094,2,2,2,3,2,2,3,2,3,3,3,1,2
79416,2,2,2,4,3,2,3,3,2,1,4,2,3
98342,5,5,5,5,5,4,5,5,5,3,4,4,5
10554,3,3,3,3,2,5,5,3,3,3,3,3,5
74817,1,5,1,1,2,1,2,2,4,5,3,5,2
120053,3,3,3,3,4,3,2,4,3,2,5,3,4
69288,1,1,1,1,2,5,5,5,5,5,5,5,5
97200,1,1,0,3,5,0,5,5,3,4,4,3,5
45203,3,5,2,5,5,1,1,3,3,3,3,4,1
129132,2,2,2,2,2,4,5,4,4,4,4,5,3
39727,4,2,2,2,4,4,4,4,1,4,4,2,4
37564,3,3,3,3,3,5,2,4,4,4,4,2,4
118326,1,0,1,4,5,1,5,5,4,5,4,3,5
100389,3,4,4,4,2,4,2,2,3,4,5,3,2
65506,4,5,4,1,2,4,2,2,4,2,4,2,2
74094,2,2,2,5,2,2,2,2,5,5,5,4,2
59007,5,5,5,5,3,4,5,4,4,4,4,3,3
105632,2,2,2,2,2,4,5,4,4,4,4,3,4
59032,3,1,1,1,3,2,3,3,1,2,3,1,3
5418,3,3,3,2,2,3,2,2,3,4,5,5,2
110905,3,3,3,3,3,3,4,3,2,5,3,1,3
98945,2,2,2,2,2,5,5,4,4,4,4,4,5
37810,2,2,2,3,4,2,4,4,2,1,3,2,4
16940,3,2,2,2,3,4,4,3,3,3,3,1,1
112638,4,1,4,4,1,4,1,1,2,2,3,3,1
112380,3,3,3,3,4,4,4,5,5,5,5,5,4
102377,3,4,3,3,5,3,2,5,3,2,5,5,5
125132,4,4,4,5,3,4,3,3,5,4,4,5,3
3099,0,2,0,4,2,2,2,2,4,3,3,2,2
102558,1,4,1,4,3,1,3,3,5,5,5,5,3
126687,4,4,4,4,4,3,4,5,5,5,5,3,3
42322,1,2,1,2,4,1,4,4,2,2,2,4,4
2990,3,3,3,3,5,4,5,5,5,5,5,4,3
102781,5,5,5,5,5,4,5,4,4,4,4,3,4
47909,1,1,1,1,5,3,3,4,4,3,1,3,1
26745,1,4,1,3,4,5,4,3,3,1,2,3,3
8699,2,1,2,4,1,2,1,1,1,3,4,4,1
136,2,2,2,2,2,5,4,4,4,4,4,4,4
95403,4,5,4,3,3,4,3,3,3,4,4,5,3
14586,2,2,2,4,2,2,2,2,2,4,3,1,2
118660,3,4,3,4,4,3,2,4,3,4,4,2,4
26291,4,4,4,4,4,4,4,4,5,1,2,1,4
19874,5,5,5,5,5,5,5,5,5,4,5,3,5
47113,4,4,4,4,2,1,3,2,2,2,2,2,2
26413,5,4,4,4,5,5,5,5,2,1,4,2,5
23807,2,4,2,4,4,2,4,4,3,5,4,5,4
53657,2,2,4,2,3,3,3,3,5,2,4,5,3
54780,2,5,1,3,4,1,4,4,3,3,4,4,4
36903,3,4,4,4,3,3,3,3,2,1,4,2,3
30055,3,5,3,2,1,3,1,1,4,1,4,5,1
93237,3,4,2,4,2,2,5,2,3,1,4,1,2
34021,2,2,2,4,5,4,4,4,4,2,4,1,4
3052,3,3,3,3,5,4,5,3,3,4,3,4,4
68626,5,5,5,5,3,4,4,5,5,5,5,3,3
77784,2,5,2,3,5,2,5,5,4,3,4,4,5
18571,2,2,2,2,1,2,5,5,5,5,5,5,4
89098,5,5,5,5,5,4,4,5,5,5,5,5,4
126711,3,3,3,3,5,3,5,5,4,3,4,3,5
72895,1,3,1,3,5,1,1,5,2,1,4,1,5
8306,1,1,1,1,5,5,5,5,5,5,5,3,5
79018,2,3,3,2,4,3,4,4,5,2,5,3,4
52591,3,5,5,5,3,3,3,3,3,2,4,2,3
824,0,0,0,1,4,5,4,4,4,4,4,3,3
42625,2,2,2,2,3,2,5,3,3,4,3,4,2
104537,4,4,4,4,4,4,4,4,2,3,3,2,4
45319,3,2,4,4,5,4,5,5,3,4,4,2,5
116198,3,5,3,3,2,3,5,2,5,5,2,4,2
120322,1,3,0,3,2,0,2,2,3,2,4,2,2
89016,1,3,3,3,5,3,2,1,1,1,1,3,1
97468,2,1,2,1,2,3,2,2,1,4,3,1,2
117414,1,1,4,1,5,4,4,5,5,5,5,3,3
26999,3,3,3,3,5,5,5,5,1,2,5,3,5
60793,4,4,4,4,4,4,4,4,4,4,4,3,5
81993,1,3,3,3,1,1,1,1,2,2,3,3,1
90687,3,1,1,1,4,4,3,3,3,3,3,2,3
80909,4,2,4,3,5,4,5,5,3,3,4,1,5
121064,5,5,5,5,4,5,4,4,4,4,4,5,4
64280,3,3,2,3,3,5,4,4,4,4,4,3,4
54795,3,3,3,4,5,3,3,5,3,5,5,2,5
3126,5,2,5,2,2,5,2,2,1,4,2,4,2
51715,4,4,4,3,3,4,3,3,5,4,4,3,3
76658,1,4,1,4,3,5,5,3,3,1,3,4,5
13735,3,1,3,3,5,3,5,5,2,5,4,3,5
24230,2,4,2,3,3,2,3,3,3,1,3,2,3
99923,2,3,3,1,4,3,4,4,5,5,5,3,4
112342,3,3,3,2,1,3,1,1,3,2,5,3,1
47836,2,2,2,2,4,5,2,2,2,2,2,1,4
15820,4,4,5,4,4,4,3,4,3,3,2,4,4
37566,5,5,5,1,3,5,3,3,3,4,3,1,3
5717,3,4,5,4,2,5,4,5,5,5,2,5,4
4305,2,2,2,2,3,2,3,3,4,4,5,5,3
94899,4,4,4,5,1,3,2,3,3,4,3,3,1
56512,5,5,5,5,3,5,4,4,4,5,4,3,3
48281,3,2,3,3,3,3,5,3,1,2,4,2,3
83967,2,2,2,2,5,5,5,4,4,4,4,4,4
50157,5,2,2,2,5,4,5,5,3,1,2,4,5
25842,5,5,4,5,4,4,4,4,1,1,5,1,4
99832,3,3,3,4,3,3,3,3,3,5,4,4,3
115911,4,4,4,4,1,4,1,1,2,5,3,4,1
63420,4,5,4,2,5,5,5,2,2,4,3,3,3
101451,1,1,1,1,3,5,5,5,5,4,5,5,4
52512,1,1,1,1,1,5,2,4,4,4,5,4,3
31017,2,5,2,3,4,2,4,4,3,3,5,1,4
70901,2,2,2,2,2,2,2,2,2,5,2,4,2
23034,3,3,3,1,5,3,5,5,4,3,1,2,5
24778,1,0,1,4,3,1,1,3,1,5,4,1,3
95654,3,4,4,4,2,2,3,3,3,3,3,1,3
101779,2,5,2,4,3,2,3,3,3,3,5,3,3
76095,5,4,4,3,5,4,5,5,5,4,5,4,5
7951,3,3,3,3,4,5,4,5,5,5,5,4,3
40486,3,5,3,2,3,3,1,5,5,3,5,3,5
43640,5,5,5,5,1,2,1,1,4,5,3,2,1
85829,2,4,2,5,2,2,2,2,3,3,4,4,2
11058,2,2,2,3,2,2,2,2,2,2,3,4,2
88275,5,5,5,5,2,4,5,5,5,5,5,4,4
58266,3,3,3,3,5,5,5,3,4,4,4,5,5
123583,3,2,3,4,5,4,3,3,3,3,3,1,3
114625,2,2,2,2,4,4,4,4,4,4,4,5,5
8652,1,2,2,3,5,2,5,5,3,4,4,5,5
121742,2,5,2,3,3,2,1,3,4,4,4,4,3
123689,3,3,3,4,3,3,3,3,2,1,5,1,3
105423,4,4,4,4,3,4,4,3,3,4,4,4,3
101723,4,4,4,4,5,5,4,4,4,4,4,3,5
25536,1,5,1,4,5,5,5,4,4,1,4,4,5
100392,4,4,4,3,1,4,1,1,4,2,3,2,1
68388,3,3,3,3,4,5,5,5,5,4,5,4,5
95098,3,4,3,3,4,3,4,4,3,3,4,3,4
122962,3,0,3,2,1,3,1,1,5,4,4,4,1
58961,2,2,2,2,4,4,4,4,5,4,4,4,4
116956,2,2,2,2,2,4,5,5,5,5,5,4,3
109484,1,1,1,4,5,1,5,5,3,3,4,1,5
76135,2,2,2,2,4,5,5,5,5,5,5,3,3
82101,3,1,3,2,4,3,4,4,1,4,3,4,4
14052,2,3,3,3,2,3,2,2,4,1,4,2,2
104856,3,1,1,1,3,4,4,3,3,3,3,2,4
56116,3,3,3,3,5,5,5,5,5,4,4,5,5
41304,3,3,4,3,4,5,4,4,4,1,3,5,4
18506,3,0,3,1,4,3,1,4,3,1,1,5,4
73821,2,5,2,2,4,5,4,2,2,2,2,3,4
51188,2,2,2,1,5,2,5,5,2,2,2,4,5
53044,3,2,2,3,5,2,5,5,2,3,1,4,5
15952,2,5,2,1,5,2,5,5,3,5,5,3,5
20885,4,5,3,3,4,4,4,4,3,4,1,2,4
26533,4,1,1,1,4,4,4,4,2,5,2,1,4
18713,5,2,5,4,1,5,1,1,3,4,3,1,1
7295,3,0,3,4,1,3,1,1,3,4,5,5,1
3969,0,4,0,4,3,0,1,3,3,4,4,4,3
115625,1,1,1,1,4,4,4,4,4,3,4,5,4
111662,4,4,4,4,5,5,5,5,4,4,4,4,5
5811,4,3,4,3,3,4,5,3,1,4,4,2,3
44014,3,5,3,2,5,3,5,5,4,2,4,3,5
111289,5,5,5,5,4,4,4,4,3,2,5,4,4
2283,1,1,1,1,2,4,5,5,5,5,5,5,3
101317,5,5,4,5,4,5,5,5,5,5,5,5,3
3670,3,3,3,2,3,3,3,3,3,5,4,3,3
88884,3,3,3,2,2,3,2,2,3,4,4,5,2
105408,2,2,2,2,5,5,5,4,4,4,4,4,5
58571,5,5,5,5,5,4,4,5,5,5,5,3,4
57965,2,4,2,1,5,2,5,5,5,2,4,3,5
96792,1,1,1,1,4,4,4,5,5,5,5,4,4
104112,2,5,5,1,2,5,2,2,5,2,4,5,2
120919,2,2,2,2,3,4,4,4,4,4,4,3,4
87383,5,5,5,5,5,4,5,4,4,4,4,5,3
62607,4,1,4,3,2,4,2,2,4,5,2,3,2
126691,5,5,5,5,2,5,5,3,3,3,3,4,3
10785,4,5,5,5,4,4,4,4,3,3,4,3,4
92166,3,3,3,3,5,3,4,4,4,4,4,5,4
52077,4,2,2,2,4,4,4,4,3,3,2,5,4
13074,1,2,1,3,4,1,4,4,3,1,3,4,4
55278,2,3,4,3,3,3,4,2,2,2,2,3,3
62799,0,4,0,3,4,0,3,4,2,3,3,2,4
3688,2,2,2,2,5,5,4,4,4,4,4,4,4
229,5,5,5,5,4,5,5,5,5,5,4,5,3
45704,5,1,1,1,4,4,1,5,5,5,5,3,2
116869,2,2,2,2,2,4,4,4,4,4,4,3,5
90372,1,1,1,1,4,5,4,4,4,4,4,5,3
103871,4,4,4,5,1,4,1,1,1,1,1,2,1
44522,4,4,4,4,3,3,4,3,2,4,3,3,3
79700,2,4,2,3,3,2,3,3,3,2,4,3,3
66204,5,5,5,5,5,4,5,5,5,5,5,3,4
39557,2,2,2,2,4,4,4,4,5,3,3,4,4
12182,5,1,1,1,5,5,5,5,1,2,5,3,5
25587,2,5,5,5,1,2,2,2,2,2,2,2,4
76080,2,4,4,4,2,2,1,2,4,1,3,3,2
6204,1,1,1,4,1,1,1,2,4,3,4,1,1
38737,5,2,2,2,5,5,5,5,3,5,4,1,5
104277,5,4,5,2,1,5,1,1,4,3,4,3,1
72642,2,4,2,5,4,5,5,1,1,2,1,3,5
123817,2,3,2,2,5,4,5,4,4,4,4,3,5
112981,4,5,4,2,4,4,4,4,5,3,3,5,4
71736,3,5,5,5,4,3,3,3,3,3,3,4,2
77154,1,2,1,2,4,1,4,4,4,1,2,4,4
70398,4,4,4,4,4,4,4,4,2,5,3,2,4
13598,3,4,3,3,4,4,5,3,3,3,3,4,3
44007,2,5,2,5,2,4,4,2,2,2,2,1,1
121671,3,3,2,4,3,2,3,3,1,2,3,2,3
115185,3,3,3,3,3,3,3,3,3,2,4,1,3
52114,3,5,2,4,3,2,2,3,3,3,4,5,3
101958,4,3,3,3,4,4,4,4,2,1,3,3,4
107144,4,4,4,3,4,4,4,4,3,3,5,4,4
89485,1,1,1,1,5,4,5,5,5,5,5,3,4
15695,3,2,2,2,2,2,3,2,3,1,3,2,2
62744,2,2,2,2,4,4,4,3,5,5,5,4,4
82370,3,3,3,3,3,4,5,4,4,4,4,5,3
51376,3,5,0,1,1,0,1,1,2,2,3,1,1
16238,2,3,2,3,3,4,3,3,3,2,2,2,4
66950,1,1,1,1,5,4,5,5,5,5,5,5,3
122039,0,4,0,3,3,4,4,5,5,5,5,3,4
104984,3,3,3,3,3,3,3,3,3,5,5,3,3
21144,4,4,0,1,3,0,5,3,5,4,4,3,3
54121,4,4,4,4,2,5,3,4,4,4,4,4,2
24314,4,4,4,4,4,4,5,4,4,4,4,3,2
97154,1,1,1,3,2,1,2,2,2,3,1,4,2
86955,5,4,5,5,3,5,3,3,5,2,5,5,3
70158,1,4,1,5,4,5,4,5,5,1,5,3,4
40122,1,5,0,2,4,0,3,4,3,5,5,4,4
93363,3,5,4,2,4,4,4,4,4,4,4,5,4
71524,2,2,2,2,4,4,4,4,4,2,5,5,4
70889,2,5,2,5,2,2,5,2,3,5,4,5,2
107964,1,1,1,3,3,1,3,3,5,5,5,3,3
8867,2,2,2,2,2,4,4,4,4,4,4,4,3
32480,4,3,3,3,5,4,5,5,5,2,4,4,5
117186,2,1,1,1,5,1,5,5,1,2,1,1,5
76611,2,2,2,2,2,4,5,4,4,4,4,5,3
87885,0,2,0,4,3,0,3,3,2,1,3,2,3
53056,2,3,2,4,5,2,5,5,3,2,4,1,5
81810,2,3,3,3,2,3,2,2,3,4,4,2,2
24528,3,4,4,4,1,3,3,3,3,3,3,2,4
40245,2,0,2,2,2,2,1,2,3,1,3,2,2
60300,1,1,1,1,4,4,4,4,3,5,4,3,4
33125,4,2,4,4,4,4,4,4,4,2,4,2,4
20919,2,2,2,2,3,2,3,3,1,1,1,2,3
66162,3,1,3,3,2,5,4,4,4,4,4,4,4
85989,2,2,2,2,5,5,4,5,5,5,5,4,3
7690,3,4,3,2,4,3,5,4,4,5,5,5,4
26813,3,3,5,3,5,5,4,4,4,4,4,3,5
6762,4,4,4,1,1,4,1,1,4,4,4,3,1
59351,1,1,1,1,2,3,5,5,5,5,5,4,3
54265,2,1,2,4,5,2,5,5,3,1,3,2,5
113877,3,5,3,5,3,3,2,3,3,5,5,4,3
102549,4,4,2,2,5,2,5,5,4,4,4,5,5
96806,4,4,4,4,3,4,4,4,4,4,4,5,4
1416,3,4,3,1,4,3,3,4,3,5,5,4,4
66140,3,4,3,4,3,3,3,3,4,4,5,3,3
3382,0,0,0,4,3,5,4,2,2,5,5,5,4
24258,1,2,1,4,2,1,2,2,1,5,3,1,2
20911,1,5,1,1,4,4,4,4,2,2,3,4,4
69881,5,5,5,5,5,5,5,5,4,2,4,4,5
95132,1,4,1,2,3,1,3,2,2,1,2,5,2
14251,5,2,2,2,5,5,5,5,5,1,1,2,5
4892,1,5,1,5,5,5,4,5,5,1,1,4,4
37574,3,2,2,2,3,3,3,3,2,5,4,4,3
53339,5,3,3,3,5,5,5,5,4,3,4,3,5
38239,3,3,3,1,1,3,1,1,5,3,4,1,1
63042,1,1,2,2,1,2,1,1,3,4,3,4,1
48625,4,5,4,3,3,4,4,3,3,4,5,4,3
122496,2,5,2,4,5,2,5,5,5,4,5,5,5
110650,3,3,3,1,5,3,5,5,3,5,5,3,5
10677,1,3,3,3,1,1,1,1,4,4,3,2,1
101513,5,0,5,4,4,5,4,4,1,4,1,3,4
68515,3,3,3,3,4,3,4,4,3,5,3,3,4
100299,3,5,5,5,3,3,3,3,1,3,3,4,3
110522,5,5,5,5,5,4,4,2,2,2,2,4,5
78496,4,4,4,4,2,4,4,4,4,4,4,3,3
51881,2,2,2,2,5,4,4,2,2,2,2,3,3
84226,5,2,5,3,5,3,3,1,1,5,1,4,3
25821,2,0,2,1,1,2,1,1,4,2,5,3,1
70184,3,3,2,3,5,4,5,4,4,4,4,4,3
20092,3,3,3,3,2,3,3,5,5,5,5,4,5
126689,1,1,1,3,5,1,5,5,4,4,5,5,5
44681,1,2,1,3,1,1,1,1,4,3,3,3,1
14352,3,5,3,3,1,3,1,1,2,5,2,5,1
80974,3,3,3,5,3,3,2,3,4,4,5,4,3
68025,3,4,3,1,1,3,1,1,4,3,4,4,1
101973,3,4,3,3,1,3,1,1,4,5,5,4,1
90382,4,4,4,4,5,5,5,4,5,4,5,5,5
75659,2,4,2,4,1,2,1,1,5,3,5,4,1
121166,3,3,3,5,4,3,4,4,1,2,5,1,4
8219,3,5,3,1,4,3,4,4,4,5,5,3,4
94440,3,4,3,3,5,5,4,4,4,4,4,3,5
21270,0,4,0,4,3,4,5,2,2,0,2,4,5
97175,2,0,2,5,5,2,5,5,1,2,2,5,5
67829,2,2,2,3,3,2,3,3,2,1,3,3,3
121752,3,3,3,3,2,4,4,5,5,5,5,3,4
106287,3,5,3,3,5,3,5,5,4,2,5,4,5
68941,4,4,4,3,1,4,1,1,4,1,3,4,1
31911,4,4,5,4,5,5,5,4,4,4,5,4,3
12846,1,3,1,3,2,1,2,2,2,2,5,3,2
7099,4,4,4,4,1,3,4,2,2,4,2,2,1
110298,3,3,3,3,4,4,4,4,4,4,5,3,4
28563,5,2,5,2,5,5,5,5,3,3,5,1,5
25891,3,4,4,3,2,4,2,2,1,2,3,4,2
12521,5,5,5,5,5,5,5,5,5,5,3,2,5
63567,4,4,4,5,5,4,5,5,5,5,3,3,5
78357,2,2,1,2,4,4,5,5,5,5,5,4,3
109638,3,3,3,3,2,5,4,5,5,5,5,4,3
12508,1,5,1,3,4,1,4,4,5,5,5,1,4
3695,5,5,5,5,3,4,4,5,5,5,5,4,3
71985,5,5,5,1,4,5,4,4,5,3,5,3,4
40108,2,2,3,3,2,2,2,2,4,2,4,3,2
78461,1,2,2,2,5,4,3,1,1,1,1,3,3
96965,3,3,3,3,3,3,3,3,5,2,5,5,3
54564,4,1,1,1,4,4,4,4,5,3,3,3,4
25293,2,4,5,3,3,5,3,3,3,2,3,1,3
80011,2,2,3,3,1,3,1,1,3,4,3,4,1
88836,3,3,5,2,4,1,3,2,2,5,2,2,2
64651,2,2,2,2,5,2,5,5,3,4,4,3,5
39085,5,5,5,5,3,1,4,5,5,5,5,5,2
23324,2,2,3,3,2,3,2,2,4,5,2,2,2
53418,4,4,4,1,4,2,2,4,1,4,3,2,2
123261,3,2,3,3,5,3,5,5,3,2,3,3,5
49901,1,3,3,3,5,4,4,1,1,1,1,1,2
73262,4,4,4,1,4,4,4,4,3,3,4,4,4
125541,4,4,4,2,4,4,4,4,5,2,5,5,4
47355,2,2,2,2,3,3,4,2,2,2,2,4,1
96129,3,3,3,3,5,5,5,5,4,3,4,3,5
99150,1,2,1,1,5,4,4,5,5,5,5,4,5
2002,3,3,4,3,2,4,5,4,4,4,4,5,4
66100,4,4,4,2,5,5,4,5,5,4,5,5,4
111166,2,3,3,3,2,2,2,2,2,5,3,1,2
38740,2,2,2,2,5,3,3,4,4,4,4,5,4
62859,3,3,3,3,3,4,5,2,2,2,2,5,5
422,4,4,4,4,4,5,5,5,5,5,5,4,4
40103,4,3,4,4,5,4,5,5,5,5,2,1,5
50481,2,1,1,1,2,2,2,2,3,5,4,4,2
553,5,5,5,5,5,5,5,4,4,4,4,3,4
97166,2,5,1,3,4,1,2,4,3,3,4,5,4
64198,4,4,4,4,5,2,3,4,4,4,4,2,3
24365,4,4,4,4,4,4,4,4,5,5,1,3,4
52499,4,4,3,4,2,5,5,4,4,4,5,5,5
37996,4,2,2,2,4,4,4,4,2,2,3,2,4
36579,2,2,2,3,2,2,3,2,5,3,3,2,2
89143,4,3,3,3,4,4,3,4,5,2,2,3,4
46424,3,2,3,2,4,3,4,4,2,4,3,1,4
92135,2,2,2,3,4,2,3,4,3,3,2,2,4
112395,2,2,2,2,5,4,4,5,5,5,5,5,5
109686,1,5,2,2,3,2,4,3,4,3,4,5,3
66171,4,4,4,4,4,5,4,5,5,4,5,5,4
30350,1,1,1,1,5,4,4,3,3,4,3,5,5
123544,2,2,2,2,4,4,4,4,5,2,4,5,4
32581,3,4,3,3,3,3,3,3,2,4,4,2,3
129602,4,4,4,4,5,4,4,5,5,5,5,4,3
77613,2,4,2,2,5,4,4,3,3,3,3,3,4
60822,3,4,3,3,5,3,5,5,4,3,5,4,5
56133,1,1,3,1,3,5,4,5,5,5,5,5,4
88535,2,4,0,3,5,5,5,1,1,0,1,3,4
96070,3,5,3,4,2,3,2,2,4,4,4,3,2
71033,3,3,3,3,4,4,4,4,3,2,5,5,4
95539,3,3,3,2,2,3,2,2,4,3,2,5,2
70751,5,5,5,5,2,4,5,5,5,5,5,4,5
125833,3,3,3,4,3,3,3,3,3,3,3,1,3
89582,3,2,2,2,3,3,3,3,1,5,3,3,3
118769,4,5,4,1,3,4,1,3,3,2,4,3,3
12092,3,2,2,2,3,4,4,3,3,3,3,2,2
129199,4,4,4,4,2,5,4,5,5,5,5,4,5
49009,4,2,2,2,4,4,4,4,5,1,1,2,4
59502,1,1,1,1,2,5,4,4,4,4,4,3,3
69113,3,3,3,3,2,3,2,2,3,2,4,3,2
118856,3,4,2,3,5,2,5,5,3,1,4,1,5
48528,3,5,1,5,3,5,3,3,1,1,1,1,3
67189,2,5,2,3,2,2,2,2,3,5,5,3,2
29356,3,3,5,3,1,3,5,1,1,2,1,1,3
72519,4,5,2,5,2,4,3,4,4,4,4,1,2
70376,1,1,1,1,1,1,2,1,4,2,3,2,1
74926,4,2,2,2,2,3,3,4,4,4,4,2,4
37544,1,0,0,3,3,3,3,2,2,1,2,3,4
36778,1,4,4,4,2,1,1,3,5,4,4,1,1
42217,4,5,5,5,4,4,4,4,2,2,1,5,4
13751,1,4,1,3,5,1,5,5,5,4,4,4,5
78788,4,4,4,4,3,5,5,4,4,4,4,4,3
127410,1,4,1,1,3,1,2,3,3,5,1,3,3
106494,3,3,3,3,2,5,4,4,4,4,4,4,5
59954,2,4,4,4,2,2,2,2,4,4,4,1,2
102599,2,1,2,3,1,2,2,1,1,4,4,2,1
25744,5,1,1,1,3,4,1,5,5,5,5,4,3
29161,4,2,2,2,4,4,4,4,4,4,5,5,4
75367,1,1,1,4,5,1,5,5,4,1,4,1,5
78779,1,1,1,1,4,3,3,1,1,2,1,4,2
30523,4,2,1,2,4,4,4,4,3,5,2,3,4
87970,5,1,5,1,1,5,1,1,3,2,5,5,1
109984,4,4,4,4,5,4,5,5,5,4,5,4,5
37952,3,3,3,4,3,3,3,3,2,4,3,1,3
91255,2,5,2,1,5,2,5,5,3,5,4,3,5
22140,2,1,2,2,3,2,3,3,2,4,2,4,3
31360,2,2,2,2,4,4,4,4,1,2,2,3,4
102591,4,2,2,2,2,1,4,3,3,4,3,4,5
49456,1,1,1,1,5,1,4,5,5,5,5,4,2
29425,3,1,1,1,3,3,3,2,1,1,2,3,3
80293,3,3,3,3,4,4,4,5,5,5,5,4,4
105097,4,0,4,1,5,4,5,5,4,3,5,4,5
26230,4,2,0,4,2,0,2,2,2,5,3,4,2
26287,2,3,3,3,2,2,2,2,4,1,3,2,2
12580,5,5,5,5,4,4,4,4,2,3,3,5,4
23847,2,4,4,4,2,2,2,2,1,1,2,5,2
69545,2,2,2,4,2,2,2,4,4,3,4,2,2
117493,2,1,2,3,1,2,1,1,2,1,4,4,1
84460,4,5,4,2,3,4,3,3,5,2,4,5,3
85694,4,4,4,4,3,4,3,3,5,4,5,3,3
110536,4,4,4,4,5,4,5,5,5,2,5,3,5
113918,4,4,4,4,2,4,2,2,4,5,5,3,2
110073,3,3,3,3,4,3,3,3,3,4,3,2,1
44848,2,5,5,5,4,3,4,2,2,2,2,2,4
91902,5,5,5,5,2,4,5,5,5,5,5,3,5
80129,5,5,5,5,4,4,4,4,4,4,5,4,4
90303,2,4,3,1,2,3,2,2,5,5,5,5,2
69629,4,2,2,2,3,3,3,4,4,4,4,3,4
1804,5,5,5,5,3,4,4,5,5,5,5,3,3
8654,3,3,3,3,3,5,4,4,4,4,4,3,5
64749,4,0,4,4,5,4,5,5,5,2,5,3,5
16700,3,5,3,3,3,5,5,1,1,3,1,3,5
88725,3,5,4,2,1,4,1,1,4,2,4,4,1
67778,2,1,1,5,5,2,5,5,4,5,5,3,5
42503,3,3,3,3,2,2,4,5,5,5,5,1,4
93558,4,4,4,4,4,4,4,4,5,5,5,4,4
100992,2,2,2,2,5,4,4,4,4,4,4,5,4
65624,3,4,3,3,4,3,4,4,2,1,3,2,4
94078,1,2,2,2,2,2,1,2,2,2,1,1,1
753,0,0,0,3,3,4,5,3,3,4,4,4,3
102746,2,2,2,2,4,4,4,4,4,5,5,4,4
83170,3,5,3,3,2,3,2,2,3,3,5,4,2
55729,5,4,5,5,5,4,4,2,2,2,2,5,5
13307,4,4,4,4,2,3,3,4,4,4,4,2,1
29608,3,4,4,4,3,3,3,3,2,5,3,2,3
21670,4,4,4,4,3,3,3,3,4,2,1,4,3
105133,2,2,5,2,3,4,5,4,4,5,4,5,3
41784,3,4,3,1,5,3,5,5,4,2,4,4,5
34080,4,3,3,3,4,4,4,4,4,4,4,4,2
31893,4,4,4,3,4,4,4,4,2,4,3,3,4
32057,1,1,1,1,4,4,4,4,5,2,1,3,4
64168,3,4,3,3,1,3,1,1,5,4,4,4,1
106370,1,1,1,1,4,4,4,4,4,4,4,5,4
37410,2,2,3,3,2,2,2,2,4,2,3,4,2
36097,2,4,2,4,5,2,1,5,5,2,5,4,5
28627,4,2,3,2,3,3,3,4,4,4,4,3,1
40524,3,3,3,2,5,3,1,5,2,4,1,4,5
110697,2,2,2,4,4,4,4,2,2,2,2,3,1
94182,2,5,1,1,5,1,2,5,3,4,4,4,5
43866,4,4,4,4,3,4,5,4,4,4,3,5,5
26746,2,2,2,2,3,2,4,5,5,5,5,3,2
118104,1,3,2,2,2,1,2,2,4,2,4,4,2
96266,2,3,2,2,5,2,5,5,2,2,2,2,5
74919,1,1,1,1,4,4,4,5,5,5,5,4,3
120703,3,4,3,4,5,3,4,5,3,4,3,3,5
32409,1,4,1,3,4,1,4,4,4,3,5,1,4
22458,4,4,4,4,4,4,4,4,4,4,3,2,4
99172,2,5,2,3,4,2,4,4,4,2,5,3,4
98815,5,5,5,5,5,4,4,4,4,4,4,5,5
126067,3,3,3,3,4,4,4,4,5,2,5,3,4
54476,3,5,4,5,3,3,3,3,4,1,4,2,3
98835,1,5,1,3,1,4,4,4,3,5,5,4,4
98495,2,2,2,2,5,5,5,5,5,5,5,3,5
20134,3,3,3,4,3,3,3,3,1,1,3,1,3
4240,2,2,2,2,5,5,4,4,4,4,4,3,3
69987,4,4,4,4,4,5,4,5,5,5,5,4,3
104572,2,1,2,2,5,5,5,2,2,2,2,4,4
792,1,1,3,1,4,4,5,4,4,4,4,3,4
125206,0,0,0,3,2,2,2,2,1,1,5,3,2
120869,1,1,1,1,4,4,4,4,4,4,4,4,4
43870,3,3,3,3,4,3,5,4,3,2,4,4,4
123464,4,4,4,4,5,5,5,4,3,5,4,5,5
127741,2,4,4,4,5,4,4,2,2,2,2,4,2
117908,0,4,0,3,1,0,1,1,5,2,4,3,1
27644,2,5,2,2,2,2,2,2,5,5,4,4,2
35279,2,5,3,3,2,2,2,3,4,2,2,2,2
31041,2,2,2,2,5,5,5,5,2,3,1,2,5
79970,4,1,1,1,4,3,4,4,4,4,4,1,4
81735,2,2,2,2,5,5,5,3,3,4,3,3,5
49333,2,0,2,4,4,2,4,4,3,2,4,5,4
66496,3,4,4,4,2,4,2,2,1,1,4,4,2
45361,1,4,1,1,1,1,1,1,4,3,4,5,1
516,5,5,5,5,4,5,5,3,3,4,3,3,4
61978,4,1,4,3,4,3,2,2,2,4,2,1,3
5431,2,2,5,2,5,4,5,4,4,4,4,4,4
76260,5,4,5,3,4,5,4,4,1,3,3,1,4
124153,0,0,0,3,4,0,3,4,3,3,5,4,4
16233,5,5,5,5,2,4,4,4,4,4,4,3,5
32817,2,1,3,3,2,2,2,2,4,2,3,1,2
49759,3,3,3,4,2,3,2,2,4,3,3,1,2
84234,1,4,1,4,3,1,5,3,2,1,4,2,3
46783,3,3,3,3,2,5,5,4,4,4,4,3,3
63355,3,5,3,5,4,2,4,1,1,3,1,3,5
84100,4,2,4,4,3,4,3,3,1,4,3,4,3
46727,2,4,2,3,4,2,4,4,2,2,3,3,4
30133,2,5,0,4,4,0,4,4,3,5,5,3,4
47539,4,4,4,3,2,4,3,2,4,3,5,4,2
30127,4,2,4,4,4,4,3,4,4,4,3,1,3
63484,2,5,2,3,1,2,1,1,5,4,5,5,1
63054,4,2,4,4,3,3,3,3,3,4,3,4,1
124973,3,2,2,3,4,2,4,4,3,3,3,1,4
77103,3,2,1,2,3,3,3,3,1,1,3,1,3
48181,1,1,1,1,1,2,2,2,2,2,1,3,4
82258,4,4,4,4,2,5,5,4,4,5,4,4,4
28358,1,4,2,4,1,2,1,1,2,1,3,3,1
55828,5,5,5,5,3,4,4,5,5,5,5,5,4
128637,4,4,4,5,5,4,5,5,4,5,5,4,5
58693,3,4,3,5,4,3,4,4,3,2,5,3,4
81156,3,3,3,2,5,3,5,5,4,4,5,4,5
75804,1,4,4,4,1,1,1,1,1,3,4,2,1
37713,3,4,3,1,2,3,2,2,3,4,4,4,2
120942,5,5,5,5,3,4,4,5,5,5,5,3,3
114121,2,3,2,1,4,1,3,1,1,2,1,3,4
56047,5,5,5,5,5,5,5,1,3,4,2,5,5
118405,2,5,3,4,5,3,5,5,4,1,2,3,5
103901,3,5,5,5,3,3,2,3,2,4,3,4,3
99430,3,1,2,2,5,2,5,5,4,5,2,1,5
20539,4,4,4,4,2,4,4,2,2,2,3,3,2
92959,1,1,1,1,4,5,4,3,3,4,3,3,3
47133,3,4,3,3,2,3,2,2,3,5,5,4,2
45394,5,1,1,1,5,5,5,5,3,1,2,1,5
6915,4,3,4,3,5,4,5,5,1,4,1,2,5
119734,2,4,2,2,1,2,1,1,3,4,4,3,1
71526,3,2,5,2,1,4,3,3,3,3,3,3,2
94972,0,0,0,3,2,5,1,4,4,4,1,1,2
78435,5,5,5,1,5,3,3,5,4,5,4,3,3
79589,4,4,4,4,1,4,1,1,4,2,5,5,1
22867,2,4,2,3,3,2,1,3,4,3,5,3,3
116452,2,4,2,5,5,5,5,4,4,2,5,3,5
24280,2,3,2,1,3,4,2,3,3,2,3,1,1
99133,2,5,2,3,3,2,3,3,3,4,5,3,3
108471,4,4,4,4,3,4,5,3,2,2,2,1,3
127265,3,4,3,4,3,3,3,3,1,3,3,3,3
74998,1,2,1,4,3,1,2,3,2,1,3,1,3
48024,4,3,3,3,4,4,4,4,3,3,2,3,4
8807,3,4,4,4,4,4,4,3,3,3,3,2,3
101969,1,0,0,1,2,0,2,2,4,2,3,1,2
82369,3,3,3,3,2,4,5,4,4,4,4,5,4
109196,2,1,1,1,5,4,4,2,2,2,2,4,1
4187,4,4,4,4,4,4,4,5,5,5,5,5,3
111757,3,3,3,3,4,4,4,4,4,4,5,3,4
119421,2,5,3,1,3,3,3,3,5,4,5,4,3
19536,5,5,5,5,2,1,2,4,4,4,3,3,4
28499,3,4,3,4,3,4,5,4,4,3,4,4,5
74168,4,3,4,3,1,4,1,1,2,5,4,4,1
49709,5,5,5,5,5,5,5,5,2,2,1,1,5
45980,3,2,2,2,3,3,3,3,5,4,4,2,3
6888,3,3,3,4,1,3,1,1,5,4,5,5,1
126488,3,0,3,1,1,3,1,1,2,2,4,5,1
64013,3,3,3,3,1,2,3,3,3,3,3,3,3
123727,2,2,2,2,5,4,4,5,5,5,5,3,3
32135,5,4,4,4,5,5,5,5,3,2,5,3,5
61233,2,2,2,2,4,5,5,4,4,4,4,3,5
17473,5,2,2,2,5,5,5,5,2,1,3,2,5
86001,3,3,3,3,2,4,5,4,4,4,4,5,5
47737,3,0,3,3,3,3,5,2,2,3,2,4,3
20058,2,4,2,1,4,2,4,4,4,3,4,5,4
117903,2,4,4,4,3,3,3,2,2,2,2,4,3
60246,2,4,2,1,2,2,2,2,5,4,3,4,2
110721,5,4,5,5,5,5,5,4,4,4,4,5,3
9315,2,5,5,5,4,3,3,2,2,2,2,1,2
93758,5,5,5,5,1,5,5,2,2,2,2,1,2
31202,4,5,2,5,4,4,4,4,2,1,3,1,4
54171,3,3,3,2,4,3,4,4,5,4,3,4,4
9090,2,5,2,3,5,4,4,2,2,2,2,3,3
10884,2,2,4,2,2,3,4,2,2,2,2,2,2
55992,4,4,4,3,4,5,5,2,2,3,3,5,5
13487,0,0,0,3,1,1,1,1,1,2,3,1,1
103823,3,1,1,1,3,3,3,3,3,1,3,1,3
114349,3,5,3,4,4,3,4,4,4,2,5,4,4
99896,0,0,0,4,1,5,5,2,2,1,1,5,3
98831,2,5,2,5,5,2,5,5,5,3,5,3,5
79478,3,2,2,2,2,2,2,2,5,2,5,3,2
548,3,3,3,5,3,3,4,3,4,5,4,5,3
112555,3,3,3,3,4,5,5,4,4,5,4,4,3
37339,3,4,4,4,3,3,4,3,3,3,3,2,1
123692,5,3,5,3,4,5,4,4,1,4,4,4,4
2412,3,2,2,2,3,3,3,3,2,5,1,4,3
15982,2,2,2,4,5,2,5,5,4,4,3,1,5
12595,0,3,0,3,5,3,5,5,5,5,5,3,4
42761,1,3,1,4,4,1,4,4,3,5,4,5,4
75759,1,5,1,5,2,1,2,2,1,1,4,1,2
24322,3,3,3,3,2,3,4,4,4,4,4,4,3
57475,0,0,0,2,2,0,2,2,3,5,5,4,2
74328,4,4,4,4,3,5,5,5,5,5,5,4,3
90933,2,3,3,3,2,3,3,2,2,2,2,3,2
13642,3,4,3,3,3,3,3,3,3,3,4,5,3
10439,1,1,1,1,2,4,4,5,5,5,5,3,5
110869,4,0,4,3,1,4,1,1,3,4,5,5,1
12113,4,4,4,2,2,4,4,2,2,2,3,4,2
31201,3,1,3,3,3,3,3,2,3,2,3,3,3
78622,2,5,5,5,2,2,2,2,3,3,2,2,2
56380,5,5,5,5,3,4,5,5,5,5,5,5,3
117782,2,4,2,4,4,2,4,4,3,5,4,4,4
13141,3,5,3,2,2,3,2,2,4,5,5,3,2
76252,1,5,1,2,1,1,1,1,3,4,3,4,1
86895,4,0,4,2,2,4,2,2,3,5,5,3,2
58803,4,5,4,3,4,4,4,4,5,3,4,3,4
49412,4,2,2,2,4,4,4,4,1,2,3,5,4
26665,3,3,3,5,3,3,5,3,2,5,1,1,3
1268,3,3,2,4,1,3,3,5,5,2,5,2,1
109889,2,5,5,5,2,2,2,2,4,1,3,4,2
69078,5,1,1,1,5,5,3,5,1,5,1,1,5
61072,4,3,3,3,4,3,2,4,4,4,4,4,2
24119,4,5,4,2,3,5,5,3,3,4,3,4,5
56374,3,5,3,1,3,3,2,3,2,4,3,1,3
102254,3,3,3,3,2,4,5,5,5,5,4,4,5
54879,2,4,3,3,5,3,5,5,4,5,4,3,5
85648,4,5,4,4,3,4,3,3,4,3,4,4,3
62970,4,5,5,5,4,4,4,4,1,2,4,2,4
121098,3,5,3,5,4,3,4,4,4,3,5,4,4
39533,4,4,4,4,4,5,5,4,4,4,4,3,5
127897,3,4,4,1,3,4,1,3,3,2,5,5,3
118508,2,4,2,3,3,2,3,3,3,5,5,5,3
35554,1,1,1,4,5,3,4,4,4,1,4,3,4
96950,3,4,3,3,4,3,4,4,5,5,4,4,4
128766,5,4,4,4,5,5,5,2,4,2,2,5,5
16439,4,4,4,4,4,4,4,4,2,4,5,4,4
76964,4,5,4,4,1,4,4,1,2,1,1,2,1
23770,3,1,3,3,5,3,2,3,3,3,3,3,4
79405,3,3,3,3,4,3,3,3,3,3,3,2,2
71490,5,2,2,2,5,4,5,5,4,4,4,3,5
24342,4,3,4,2,3,4,1,3,4,4,2,4,3
103382,5,5,5,5,3,4,4,4,4,4,4,5,3
44834,5,5,5,3,1,4,2,5,5,5,5,4,2
52244,3,3,4,2,4,4,4,4,3,4,4,4,4
90539,3,3,3,3,2,5,4,4,4,4,4,5,3
7420,1,4,3,3,2,4,4,1,1,1,1,2,4
34646,1,0,1,5,3,5,4,4,4,1,1,4,4
44514,1,3,1,1,4,1,4,4,5,3,4,2,4
100681,3,3,3,3,3,3,3,3,1,4,4,3,3
43734,4,0,4,1,5,4,5,5,4,4,1,2,5
89289,5,5,5,5,5,5,5,5,3,3,5,5,5
30286,2,2,2,2,2,4,1,5,5,5,5,2,3
117572,3,3,3,3,3,3,3,3,1,1,2,1,3
89766,4,1,4,4,2,4,2,2,2,1,2,1,2
74019,1,1,1,1,4,4,4,4,4,4,4,4,4
47198,2,5,1,5,2,2,2,2,2,2,4,1,2
48932,3,4,3,3,5,5,5,5,3,1,3,5,5
122000,4,4,4,2,5,4,5,5,3,3,5,3,5
120929,4,4,3,4,4,5,5,5,5,5,5,5,4
52990,1,1,1,1,3,2,2,5,5,4,5,4,4
112265,2,2,2,4,3,2,4,3,1,3,3,4,3
129876,4,4,4,2,4,4,1,4,5,4,4,4,4
119034,3,3,3,4,2,3,2,2,3,5,5,3,2
114004,4,2,4,4,5,4,5,5,1,4,4,1,5
26897,4,4,4,4,3,3,3,3,4,5,5,3,3
75972,4,3,4,4,5,5,5,4,4,4,4,4,3
120058,3,4,0,3,4,0,4,4,5,2,4,4,4
95476,4,4,4,4,4,4,4,4,4,4,4,4,4
110020,3,4,3,3,4,3,4,4,1,5,2,1,4
92494,4,4,4,4,2,2,1,4,4,4,4,4,2
3083,3,1,1,1,3,4,3,3,3,3,3,3,3
7862,4,4,4,3,3,4,3,3,5,2,4,3,3
66799,1,1,1,1,3,5,4,1,1,2,1,5,5
69067,3,3,3,4,5,3,5,5,4,2,4,2,5
78753,3,1,3,3,2,3,5,2,4,4,3,2,2
56157,1,1,1,1,5,1,5,5,4,4,1,1,5
80486,2,4,2,4,2,2,2,2,4,4,5,3,2
4891,4,5,4,3,4,4,5,4,4,4,4,5,3
126181,2,5,5,5,2,2,2,2,2,2,2,2,2
68564,3,3,3,3,3,4,4,3,3,3,3,4,3
75427,0,5,0,4,4,0,4,4,3,5,5,4,4
16528,3,4,4,4,4,3,4,4,3,1,3,3,4
89283,2,2,2,2,2,3,3,2,2,2,2,3,3
30706,4,4,4,4,5,5,5,4,4,4,4,5,5
106995,3,5,2,3,4,2,4,4,4,1,1,5,4
43104,3,4,3,1,1,4,1,1,1,3,1,4,3
127747,1,0,1,2,3,1,3,3,2,5,1,1,3
8071,5,5,5,5,4,5,5,4,4,4,4,4,5
22673,4,4,4,4,4,3,3,2,2,3,2,4,5
100414,2,5,2,3,2,2,2,2,3,5,5,5,2
56078,3,1,3,4,3,1,5,1,5,4,4,5,5
101772,2,4,4,4,2,3,4,2,2,2,2,4,2
126216,2,2,2,2,4,5,4,4,4,3,4,5,3
69390,4,4,4,4,5,4,5,5,3,3,5,3,5
115585,2,2,2,2,5,2,4,5,3,2,2,4,5
99060,2,2,2,2,5,5,4,4,4,4,4,4,4
45747,2,4,2,2,2,3,5,4,4,2,2,3,4
71433,1,1,1,1,2,2,2,2,5,3,4,4,2
112966,2,5,2,2,2,2,2,2,3,4,4,3,2
100357,2,4,2,3,1,2,1,1,5,5,4,3,1
92444,1,1,1,1,5,5,4,4,4,5,4,4,3
102974,2,1,2,2,4,2,3,3,3,2,3,4,2
36767,5,3,5,5,2,2,2,3,4,4,1,2,2
43454,0,4,0,5,1,0,1,1,3,1,2,1,1
62215,3,4,3,4,4,3,4,4,3,2,4,3,4
9137,2,2,2,4,5,2,5,5,2,3,3,2,5
57691,4,4,4,5,5,4,5,5,3,5,4,4,5
100942,2,2,2,2,2,4,4,4,4,4,4,5,3
22950,3,4,4,4,3,2,2,3,3,3,3,3,3
21259,1,2,1,1,3,1,3,3,1,2,2,2,3
100598,1,1,1,3,5,1,5,5,4,5,4,4,5
31662,5,4,4,4,5,5,5,5,5,2,4,5,5
73481,2,4,2,1,1,2,1,1,3,4,4,3,1
111835,4,4,4,4,5,5,5,4,3,5,4,5,5
9105,2,2,2,3,2,2,2,4,3,4,4,2,2
34062,3,3,3,4,1,3,1,1,3,4,3,4,1
86834,4,4,4,3,4,2,2,4,3,3,4,2,2
80699,2,0,2,3,4,2,4,4,3,4,5,5,4
103508,2,2,2,2,2,3,2,2,2,2,2,1,2
113759,2,0,2,3,1,2,1,1,4,4,4,3,1
75226,2,1,2,3,4,2,4,4,2,5,3,4,4
95817,2,2,2,4,3,2,3,3,4,3,5,4,3
28225,4,5,4,4,1,4,1,1,5,2,5,5,1
22058,3,3,5,3,4,4,4,4,3,4,1,4,4
117556,3,3,3,3,5,5,5,5,3,4,4,5,5
92566,5,5,5,5,4,4,4,4,3,5,3,4,4
10297,1,1,5,1,4,4,5,5,5,5,5,4,3
118349,3,2,3,3,3,3,3,3,2,1,3,1,3
7414,3,2,5,2,3,3,3,3,3,2,3,4,3
26001,2,2,5,2,3,5,5,5,5,5,5,4,3
127287,1,4,1,3,3,4,4,4,4,1,4,3,3
15366,2,3,3,3,2,3,2,2,1,4,5,3,2
125323,2,0,2,2,4,2,4,4,3,2,5,5,4
58663,3,5,3,3,2,3,2,2,2,5,2,2,2
102184,2,5,5,5,2,2,2,2,4,1,3,2,2
38632,2,2,2,2,3,4,1,4,4,4,4,5,4
27751,4,4,3,4,5,5,5,5,1,4,1,5,5
33629,4,3,4,3,3,4,3,3,3,3,4,5,3
75071,1,1,4,1,3,2,4,5,5,5,5,1,3
76075,2,1,1,3,1,1,1,1,1,1,4,4,1
26315,1,4,1,1,3,1,3,3,3,3,3,5,3
36756,1,1,1,2,1,4,4,4,4,4,1,4,4
75650,1,1,1,1,2,4,4,4,4,4,4,3,3
34190,4,2,4,3,4,4,4,4,1,1,3,3,4
53793,2,2,2,2,5,4,4,4,4,5,4,5,1
18482,5,5,5,5,5,2,4,4,4,4,4,4,3
60155,3,5,3,3,5,3,5,5,1,2,1,4,5
115233,2,2,2,2,1,2,1,1,3,5,5,5,1
114767,3,1,4,4,3,4,2,3,1,2,3,4,3
14248,2,5,2,4,1,2,1,1,2,2,3,2,1
94291,2,2,2,2,3,4,4,4,4,4,4,5,4
81030,1,1,1,1,4,4,4,4,5,4,4,4,4
101271,0,0,0,1,4,0,4,4,5,4,4,5,4
42423,2,5,2,4,4,2,4,4,3,4,3,2,4
84399,4,5,5,5,3,4,3,4,4,4,4,2,5
23242,2,5,3,2,4,4,4,5,5,3,5,3,3
7557,3,4,3,3,1,3,1,1,3,4,4,5,1
71485,5,5,5,5,4,4,4,5,3,4,4,4,4
37703,2,4,2,5,3,2,3,3,5,5,4,5,3
35711,1,4,1,1,1,4,4,4,3,4,4,4,4
22500,3,4,3,1,4,3,4,4,3,4,2,2,4
64705,3,3,3,3,5,4,4,5,5,5,5,5,3
109608,4,5,3,5,2,3,4,4,4,3,4,1,2
26525,3,1,3,3,3,3,3,3,4,1,3,1,3
88688,1,5,4,2,3,4,3,3,2,3,5,2,3
14488,2,5,2,1,1,2,1,1,5,5,5,5,1
9036,4,4,4,4,5,4,4,5,5,5,4,4,4
35123,3,3,3,3,5,5,5,5,5,5,5,2,5
61814,4,2,5,3,4,5,5,4,4,1,4,4,4
82896,1,4,1,4,5,1,4,5,2,3,4,2,5
51699,3,4,3,4,3,4,1,3,5,4,4,1,1
40797,1,2,2,4,3,2,3,3,3,1,4,2,3
98106,4,4,3,4,3,4,4,2,2,2,2,5,4
100339,2,0,2,2,2,2,2,2,1,2,5,5,2
69799,3,4,4,1,1,4,4,1,3,5,5,3,1
99803,3,3,3,3,4,4,4,4,4,3,3,2,4
25203,4,3,3,3,4,1,3,4,4,4,4,1,2
22842,3,4,3,3,4,3,4,4,3,3,5,4,4
1796,4,0,4,1,1,4,1,1,5,2,4,5,1
115698,1,5,5,5,1,4,4,1,1,2,1,4,4
124092,5,5,5,5,5,5,5,4,4,4,4,4,5
7200,1,0,2,4,1,2,1,1,1,1,3,1,1
99573,3,3,5,5,5,4,3,3,3,3,3,2,2
6257,4,5,4,1,2,4,2,2,3,1,3,5,2
66317,3,3,3,3,4,3,4,4,4,1,3,1,4
34129,5,5,5,5,5,1,3,4,4,4,4,4,1
64785,2,2,2,2,5,5,4,5,5,5,5,4,4
128615,2,2,2,2,2,5,4,4,4,4,4,3,5
21752,2,4,2,3,2,2,2,2,4,3,5,5,2
125642,4,4,4,3,3,4,2,3,3,3,4,4,3
31974,3,4,4,4,4,3,2,2,2,2,3,1,4
107694,1,1,1,1,4,5,5,5,5,5,5,5,4
23864,3,0,3,5,3,3,1,3,5,3,4,4,3
120547,4,4,4,4,4,5,5,5,5,5,5,4,5
103779,3,3,3,3,5,5,5,3,3,4,4,5,5
79320,2,2,2,2,3,4,5,4,4,4,4,4,5
39894,4,0,4,3,4,4,4,4,4,5,5,4,4
106103,2,1,1,1,4,3,3,2,2,2,2,1,4
111695,2,2,2,2,2,5,5,5,5,5,5,5,4
62275,2,5,3,2,3,3,3,3,4,5,5,5,3
27471,2,3,3,3,1,3,3,2,2,2,2,2,4
128757,4,4,4,4,4,4,4,4,5,2,5,5,4
33745,1,1,1,1,1,1,1,3,1,1,1,1,1
44248,2,2,2,2,4,4,4,4,3,5,4,3,4
34958,4,2,2,2,4,4,4,4,3,2,3,3,4
104593,3,1,3,2,3,3,3,3,2,3,3,1,3
19978,4,4,4,4,3,4,3,3,4,5,4,4,3
10347,5,5,5,5,4,5,4,5,5,5,5,3,3
65914,4,4,4,4,5,5,5,5,3,4,4,4,5
95566,3,5,3,2,2,3,2,2,5,4,5,5,2
48505,4,5,5,5,5,3,4,4,4,4,4,4,1
43300,5,4,2,2,5,5,5,5,5,3,5,5,5
17795,3,1,1,1,3,3,3,3,1,4,3,4,3
55958,2,2,2,2,4,3,5,5,5,5,5,4,4
76871,1,4,1,3,5,1,5,5,3,2,5,4,5
26998,3,3,3,3,5,4,4,3,3,3,3,3,3
87713,1,4,1,3,5,1,1,5,4,2,4,3,5
44549,1,1,1,4,3,1,3,3,2,2,3,1,3
56742,4,4,5,1,5,5,5,5,2,5,4,3,5
34358,2,3,3,3,2,2,2,2,4,3,4,1,2
126719,2,2,1,2,4,5,4,4,4,4,4,4,3
124907,1,1,2,1,2,4,5,5,5,5,5,4,4
17135,2,4,2,4,2,2,2,2,4,5,2,5,2
37819,2,2,2,2,4,4,4,4,3,4,4,4,4
101506,3,3,3,4,2,3,2,2,2,4,3,2,2
80605,5,5,5,5,5,4,5,5,5,5,5,5,3
49011,4,3,3,3,2,1,4,4,4,4,4,3,3
109474,3,3,3,3,3,3,3,2,1,3,4,3,3
55963,1,1,1,1,5,3,4,5,5,5,5,3,5
119882,3,5,3,4,2,4,5,1,1,3,1,4,3
42946,2,5,2,4,1,2,1,1,2,3,3,5,1
29391,3,1,3,3,4,4,4,4,3,4,5,1,4
37517,3,3,3,3,3,3,3,3,4,3,3,3,3
46132,4,4,4,4,5,4,5,5,5,5,4,3,5
25185,5,5,1,5,5,5,1,4,4,5,4,5,3
67238,3,4,3,2,2,3,2,2,3,2,4,5,2
1243,4,5,4,3,1,4,1,1,4,5,5,3,1
124370,1,1,1,1,5,4,4,4,4,4,4,3,4
99527,5,5,5,5,4,5,4,5,5,5,5,5,4
29743,4,4,4,4,5,5,4,4,4,4,4,5,3
73719,3,0,3,2,1,3,1,1,1,4,5,1,1
120399,1,4,1,4,3,1,3,3,4,4,3,1,3
99013,4,1,2,3,5,3,4,2,2,2,2,2,2
42797,2,2,5,2,5,4,4,4,4,4,4,3,5
21729,5,4,2,4,5,2,4,4,4,5,4,4,1
103725,1,5,0,4,5,0,5,5,5,2,2,3,5
44034,2,5,5,5,2,2,2,2,5,3,4,2,2
88168,1,4,4,4,3,4,3,1,1,1,1,2,4
12307,2,2,5,2,3,4,5,4,4,4,3,1,4
76683,1,4,1,4,1,1,1,1,1,1,4,4,1
111774,5,5,3,5,3,4,5,4,4,5,4,5,5
40179,1,3,1,3,3,1,5,3,5,4,3,3,3
59787,2,5,2,3,2,2,2,2,5,4,3,2,2
97211,2,2,2,2,4,4,4,4,5,5,4,4,4
32332,0,5,0,1,4,1,5,2,2,2,2,2,2
51887,4,5,5,5,4,4,4,4,3,4,3,2,4
97819,3,3,5,3,2,4,5,5,5,5,5,4,4
30722,1,5,1,1,3,1,3,3,3,2,3,5,3
40372,2,2,2,2,5,2,5,5,5,1,4,2,5
2427,3,4,3,5,3,5,4,3,3,3,3,2,3
114130,5,3,5,4,3,5,3,3,4,3,5,4,3
115859,2,0,2,1,3,2,3,3,2,4,5,3,3
124560,3,5,3,2,4,3,4,4,3,3,5,3,4
26735,5,3,3,3,5,5,5,5,2,5,5,3,5
25719,2,0,2,3,3,2,3,3,1,3,5,2,3
79407,3,3,3,3,3,3,3,3,3,2,3,3,3
114542,1,5,1,3,4,5,4,1,1,1,4,3,4
24878,4,2,2,2,4,4,4,4,1,2,4,3,4
119600,4,1,1,1,4,4,4,4,1,5,2,2,4
32160,4,3,4,3,4,4,4,4,3,1,5,5,4
96877,1,5,0,4,2,4,4,1,1,0,1,4,3
42062,2,1,2,3,3,2,3,3,3,3,3,4,3
40395,5,5,5,5,5,4,4,5,5,5,5,5,5
68956,3,5,3,5,3,3,3,3,1,5,1,1,3
14370,3,3,4,3,5,5,5,5,4,1,3,2,5
118759,1,4,1,4,1,1,1,4,4,1,4,3,2
54262,4,2,4,3,4,4,4,4,4,2,4,2,4
117535,3,3,3,3,2,5,4,2,2,2,2,3,3
22680,2,2,2,2,5,5,5,5,5,2,1,4,5
6944,3,1,1,1,3,3,3,3,2,5,4,1,3
60446,2,2,2,1,2,2,2,2,3,4,4,5,2
125433,3,2,2,1,1,1,2,1,1,2,1,4,4
103770,3,3,3,3,3,3,3,3,3,4,3,3,3
104552,3,4,4,4,1,4,3,3,3,3,3,4,2
70523,4,4,4,4,4,4,5,3,3,3,3,3,3
76584,4,4,4,4,3,4,5,3,5,2,5,5,3
84807,3,3,3,3,3,4,4,5,5,5,5,3,3
37837,3,3,3,3,3,3,3,3,5,5,4,5,3
120502,2,2,2,2,5,5,4,5,5,5,5,3,5
908,2,2,2,4,5,2,5,5,3,1,4,3,5
69961,1,4,1,5,2,4,5,5,5,1,5,3,4
63872,2,3,3,3,2,3,3,3,3,2,3,2,2
59591,2,2,2,5,4,2,1,4,3,2,4,5,4
109244,4,5,4,3,5,4,5,5,4,2,5,5,5
92675,3,4,3,3,3,5,5,4,4,4,4,5,5
74015,2,2,2,2,2,2,2,2,4,3,3,2,2
122011,3,4,4,4,2,3,3,3,3,3,3,4,1
109772,2,2,2,3,3,2,3,3,3,1,3,4,3
124470,3,4,3,5,1,3,1,1,3,4,4,4,1
97027,3,3,3,1,3,3,3,3,5,2,5,5,3
102915,4,4,4,3,3,4,1,3,4,2,4,3,3
88926,1,5,2,1,4,2,4,4,5,5,3,1,4
652,1,4,0,1,2,0,5,2,4,4,4,3,2
89324,2,2,2,2,2,5,5,4,4,5,4,3,4
122486,2,3,2,5,2,2,2,2,2,4,3,4,2
11060,4,2,4,4,5,4,5,5,2,2,3,2,5
59572,5,5,5,5,2,5,5,5,5,5,5,4,5
29766,3,5,5,5,2,3,3,3,3,3,3,1,1
21749,3,5,4,4,1,4,2,2,2,4,2,3,2
102324,4,4,4,4,4,2,2,4,4,4,4,3,2
114178,4,4,4,4,3,5,4,5,5,5,5,3,5
10306,2,2,2,2,4,4,5,5,5,5,5,5,4
47756,4,4,4,4,2,1,5,4,4,4,4,2,2
79350,3,4,3,3,1,3,1,1,3,4,1,2,1
568,2,2,4,2,5,4,5,5,5,5,5,3,4
8136,4,4,4,4,4,5,4,4,4,4,4,3,4
37355,1,5,1,1,5,4,5,5,3,4,4,3,5
120608,3,1,2,2,3,3,3,3,1,1,3,1,3
24130,1,5,1,3,1,1,1,1,4,3,5,4,1
69185,5,3,5,4,3,5,3,3,2,1,3,4,3
9590,3,5,3,2,1,3,1,1,4,4,5,5,1
39210,2,2,2,3,1,2,1,1,4,5,5,4,1
10028,3,3,3,3,2,4,4,4,4,4,4,4,5
89559,5,5,2,5,5,5,5,5,5,2,4,4,5
54013,2,2,2,3,4,2,4,4,5,5,3,2,4
18782,4,2,4,2,3,4,1,3,5,2,1,1,3
90853,3,4,3,4,1,3,1,1,3,3,3,3,1
30405,2,4,2,4,4,2,4,4,3,5,4,4,4
14550,2,2,2,3,4,2,5,4,3,1,3,3,4
126567,3,2,1,2,3,3,3,3,1,5,3,1,3
82004,5,1,1,1,4,3,1,5,5,5,5,4,5
105124,3,3,3,3,5,5,4,3,3,4,3,3,4
47035,4,4,4,4,1,4,3,4,4,4,4,2,2
15601,2,0,2,4,2,1,1,1,5,4,4,1,1
54834,5,5,5,5,4,5,5,4,4,4,4,4,5
68227,1,1,2,1,1,2,1,1,2,2,4,4,1
10807,2,2,2,2,2,2,2,2,2,5,4,4,2
124292,3,2,2,2,4,4,4,2,2,3,2,2,3
84191,1,1,1,1,4,4,4,5,5,5,5,4,4
20379,3,4,3,3,5,4,4,2,2,3,2,1,4
32720,3,2,2,2,3,4,4,3,3,3,3,1,4
44016,5,4,5,3,4,4,3,2,2,5,2,4,1
23759,3,3,3,1,2,3,2,2,1,4,3,1,2
123746,5,1,0,4,1,0,1,1,2,2,4,1,1
107715,1,2,2,2,1,1,1,1,4,3,4,1,1
109944,1,4,1,3,3,1,3,3,2,4,3,2,3
126813,2,5,5,5,2,2,2,2,4,4,4,2,2
3613,5,5,5,5,3,4,5,2,2,2,2,3,5
36496,5,1,1,1,5,5,5,5,1,3,1,1,5
24115,1,3,3,3,3,3,3,1,1,1,1,3,1
10475,3,3,3,3,3,4,5,4,4,4,4,3,3
22600,4,2,2,2,2,2,4,2,3,2,3,4,2
63611,2,2,2,2,2,2,2,4,3,1,1,2,2
86788,4,3,3,2,4,3,3,4,5,4,5,3,4
77464,1,1,1,5,3,1,3,3,4,5,5,5,3
13795,2,3,2,2,3,2,3,3,4,3,1,3,3
73555,2,2,2,2,3,4,4,4,4,4,5,3,4
74137,3,4,3,3,1,3,1,1,2,3,3,4,1
100448,1,4,1,3,1,1,1,1,4,4,5,3,1
75147,1,1,1,1,4,3,4,5,5,5,5,3,4
114254,4,4,4,4,4,4,4,4,5,1,2,4,4
1968,4,5,4,3,1,4,4,1,5,2,4,3,1
50220,1,1,1,1,4,3,2,1,1,1,1,1,1
5604,1,1,1,1,4,5,5,4,4,4,4,4,5
71125,4,4,4,4,4,4,4,4,3,4,4,4,4
37678,4,4,4,3,2,4,1,2,4,4,4,4,2
66575,2,4,2,1,5,2,5,5,4,2,5,3,5
88055,4,4,4,4,4,4,4,5,5,5,5,3,5
88451,1,5,5,5,1,1,1,1,3,1,3,4,1
14131,3,4,3,3,2,4,4,2,2,2,2,4,1
117696,3,5,3,2,4,3,4,4,3,4,5,5,4
25453,2,4,2,4,1,2,1,1,4,3,4,5,1
85949,3,3,4,3,2,4,5,4,4,4,4,5,3
50339,4,4,4,4,1,3,2,5,5,5,5,5,5
113222,2,1,1,1,3,4,4,2,2,2,2,2,1
9778,3,4,3,2,4,5,5,2,2,3,2,5,5
119097,1,4,4,4,1,2,1,1,4,4,4,1,1
116879,2,2,2,2,2,4,5,4,4,4,4,3,3
69249,2,2,2,2,3,4,5,4,4,4,4,3,4
96337,0,0,0,2,2,0,2,2,5,5,5,5,2
126,2,5,2,4,5,2,5,5,3,5,2,5,5
125258,1,3,3,3,3,2,2,1,1,1,1,2,2
124054,1,1,1,1,4,4,5,5,5,5,5,3,5
34962,1,4,1,4,4,1,4,4,3,4,4,4,4
119272,0,4,0,3,2,4,4,4,4,4,4,5,4
86170,3,3,3,3,4,5,4,4,4,4,4,3,3
111026,3,5,5,5,3,3,3,3,1,4,4,1,3
100673,3,3,3,3,3,3,4,3,3,3,3,4,3
116754,1,4,1,3,3,1,3,3,3,5,4,3,3
74702,2,4,2,5,2,3,4,2,2,2,2,5,5
57898,2,1,3,4,4,3,4,4,4,2,4,1,4
101046,5,0,5,4,4,5,4,4,3,2,4,3,4
23232,2,3,3,3,3,2,3,3,3,4,3,1,3
29327,2,5,2,1,3,2,3,3,4,4,4,3,3
22139,2,4,2,2,3,2,5,3,3,5,4,4,3
85626,3,2,0,2,1,0,1,1,3,1,1,3,1
7124,2,4,2,3,3,3,3,4,4,2,4,2,2
98508,3,4,4,4,3,4,3,3,3,3,3,3,2
98880,1,0,0,2,2,0,2,2,3,5,1,2,2
119974,4,4,4,1,1,4,1,1,4,1,5,3,1
1281,2,5,2,5,5,2,4,5,4,3,5,5,5
74749,1,5,1,4,4,1,4,4,4,4,4,4,4
24220,4,4,4,4,4,1,2,4,4,4,4,3,4
25784,3,3,3,3,5,5,5,5,4,5,4,2,5
76384,2,2,2,3,3,2,4,3,4,5,3,2,3
122851,0,0,0,3,4,5,5,4,4,4,4,4,5
129788,3,5,2,1,4,2,4,4,4,4,5,5,4
66012,4,4,4,4,4,5,4,5,5,4,5,4,3
28030,1,5,1,4,1,1,4,1,1,1,5,1,1
82550,2,2,2,2,3,3,3,3,5,5,4,3,3
69958,3,4,3,4,5,3,5,5,5,3,4,4,5
107340,5,5,5,5,4,4,5,4,4,4,4,5,4
21566,3,3,3,4,4,3,3,4,2,5,4,2,4
81568,4,4,4,2,2,4,2,2,4,4,4,3,2
55383,3,2,3,3,4,4,4,4,4,3,4,2,2
128623,1,2,2,3,5,2,5,5,4,3,5,4,5
107723,5,5,5,5,5,5,2,4,4,4,4,3,1
41349,4,4,1,4,5,3,1,3,3,3,3,3,3
13568,2,2,2,4,2,2,2,2,4,3,4,4,2
57329,4,0,4,1,3,4,3,3,5,4,4,5,3
32086,1,1,1,1,1,5,3,5,5,5,4,5,2
10938,3,2,2,2,3,3,3,3,1,5,2,2,3
84347,3,3,3,3,2,5,5,4,4,5,4,4,5
101224,1,1,1,1,4,5,4,5,5,5,5,5,5
8493,3,5,3,3,4,5,5,1,1,3,1,5,5
71963,2,5,5,5,2,2,2,2,3,2,3,4,2
82180,1,4,1,2,2,5,5,4,4,1,4,4,5
17615,4,4,3,3,4,4,4,1,1,3,3,3,4
94487,4,0,4,1,3,4,3,3,3,4,4,4,3
90434,4,4,4,4,5,4,5,5,5,5,5,5,3
72808,2,5,2,4,3,5,4,4,4,2,4,4,4
94112,2,4,2,1,2,5,5,4,4,2,4,5,1
65364,3,1,1,1,3,3,2,3,1,2,4,1,3
66158,1,1,3,1,3,3,3,3,4,2,4,5,3
62412,2,4,2,3,5,2,5,5,4,2,3,1,5
34164,3,1,3,3,3,3,3,3,4,2,2,1,3
122821,3,4,3,3,2,3,2,2,2,4,3,1,2
25859,1,2,1,4,5,1,5,5,4,2,4,2,5
94011,3,3,3,3,5,4,5,4,4,4,4,5,4
125116,2,2,2,3,1,2,1,1,2,1,3,4,1
68999,3,1,3,2,3,4,4,4,1,1,2,4,4
97408,4,4,4,4,4,4,5,5,5,5,5,5,5
54412,0,0,0,5,5,1,3,3,3,5,5,2,1
26103,3,5,3,5,1,3,1,1,4,5,4,4,1
35724,0,1,0,4,1,2,4,2,2,0,2,3,2
81576,5,5,5,5,3,3,3,3,5,3,4,5,3
4844,5,5,1,5,4,4,5,3,3,3,3,3,3
125518,0,0,0,3,3,5,5,3,3,3,3,5,3
54772,3,4,4,4,5,4,4,3,3,3,3,2,4
24759,4,2,4,3,2,4,2,2,4,4,3,3,2
71766,1,0,1,1,2,1,5,2,3,5,5,3,2
109500,3,3,3,4,1,3,1,1,3,2,5,5,1
38650,2,1,1,1,5,4,4,2,2,2,2,2,1
18877,3,1,1,1,3,3,3,4,3,3,3,3,3
2047,5,5,5,5,3,4,5,4,4,4,4,4,4
106565,5,5,5,5,4,5,4,4,5,3,4,3,4
55778,4,5,4,1,3,4,3,3,5,2,4,1,3
117429,2,2,2,2,2,4,4,5,5,5,5,5,4
27007,3,3,3,3,3,3,3,2,2,2,2,4,3
58439,2,1,2,3,3,4,4,3,3,2,2,1,4
110352,3,3,3,3,5,5,4,4,4,4,4,5,3
123500,2,5,3,5,4,4,4,2,2,2,2,4,3
46283,3,2,2,2,3,3,3,3,4,3,2,3,3
51062,2,4,2,1,3,2,3,3,3,2,3,3,5
14543,4,5,5,5,4,4,4,4,2,1,2,4,4
40462,2,1,2,2,3,2,5,3,2,2,2,2,3
31935,5,5,3,5,4,5,5,3,3,4,5,3,4
24886,2,0,2,5,1,2,1,1,4,2,1,1,1
31480,4,4,4,4,5,5,5,5,2,4,1,4,5
8362,5,5,5,5,3,4,5,4,4,5,4,3,5
93054,2,2,2,1,2,2,2,2,5,4,5,3,2
38941,3,4,3,2,1,3,1,1,1,1,1,3,1
32367,1,1,1,1,3,5,5,3,3,4,4,5,4
91857,2,5,2,3,5,2,1,5,1,3,4,1,5
78786,4,4,4,4,4,5,4,2,2,2,2,4,3
84323,3,3,3,3,4,4,4,4,2,5,5,4,4
31452,2,5,2,4,1,2,1,1,3,4,4,4,1
13506,2,3,3,3,2,2,2,2,4,4,3,1,2
87240,1,1,1,1,5,4,5,5,5,5,5,3,4
107405,2,0,2,1,4,2,4,4,4,3,4,3,4
17171,1,5,0,1,1,0,4,1,1,1,4,2,1
110960,2,5,5,5,3,3,3,2,2,2,2,4,3
61891,5,5,5,5,3,3,4,5,5,5,5,3,3
42577,5,3,2,2,5,5,5,5,3,5,5,3,5
105154,5,5,5,5,4,4,4,4,5,2,2,3,4
32743,3,3,3,3,3,4,3,4,4,5,3,2,1
93461,1,2,1,4,4,1,4,4,4,4,3,1,4
94054,0,0,0,3,3,5,5,4,4,4,4,4,3
119402,4,5,5,5,5,3,3,4,4,4,4,1,3
91812,3,5,3,3,1,3,1,1,4,4,4,5,1
122010,3,3,3,3,3,5,4,5,5,5,4,3,3
3491,4,3,3,3,3,3,3,4,4,4,4,4,4
10077,4,4,4,4,3,4,4,5,5,5,5,5,3
76831,1,2,2,2,1,1,1,1,2,4,3,3,1
96496,2,3,2,3,4,2,4,4,1,3,3,2,4
52879,1,1,1,1,1,5,2,4,4,4,4,2,1
14597,3,5,3,3,1,3,1,1,3,2,5,5,1
89490,3,4,3,4,3,4,4,3,3,3,3,3,5
51310,4,2,4,3,4,4,4,4,1,5,3,2,4
70402,1,3,5,3,4,4,4,1,1,1,1,4,2
97547,4,5,4,3,4,3,3,5,4,5,5,3,3
49086,3,2,3,3,3,1,3,5,5,5,5,4,5
28707,4,3,4,5,4,3,3,1,3,3,1,3,3
100327,1,0,0,4,3,3,4,1,1,0,1,2,2
11519,3,3,3,4,1,3,1,1,2,4,4,1,1
34167,4,2,2,2,2,3,4,4,4,4,4,3,3
38247,1,1,1,1,3,4,1,4,4,5,4,5,2
29869,2,2,2,2,5,5,3,4,4,4,4,2,2
38142,2,4,2,4,1,2,1,1,5,2,5,3,1
111956,5,5,5,5,3,5,4,4,4,4,4,3,3
90135,5,5,5,5,5,5,5,5,4,3,4,3,5
21555,4,1,1,1,4,2,2,4,4,4,4,5,3
105793,1,5,1,2,2,1,3,2,3,5,5,4,2
6167,1,4,1,2,4,1,4,4,1,2,4,5,4
66434,5,5,5,5,5,4,5,5,3,3,5,3,5
101065,3,2,3,3,4,3,4,4,2,3,3,3,4
6431,2,5,2,2,4,4,4,3,3,2,5,3,3
6589,1,4,1,2,2,1,2,2,4,4,5,3,2
78151,0,0,0,4,5,4,4,3,3,4,4,5,3
108781,2,1,1,1,1,2,2,2,2,2,2,1,4
107511,3,3,3,3,1,3,1,1,3,5,5,4,1
3286,3,1,3,3,2,3,1,2,4,4,3,3,2
29102,1,5,1,5,3,1,3,3,3,4,5,5,3
105658,2,2,2,2,5,5,5,4,4,3,4,4,3
19723,3,4,3,1,4,3,4,4,5,2,3,5,4
95641,2,2,2,4,2,5,5,2,2,3,3,5,5
75002,2,2,2,2,4,4,4,4,4,4,4,5,5
113651,2,5,2,3,5,4,5,2,2,2,2,4,3
3874,4,4,4,4,3,4,3,3,3,3,5,5,3
58721,2,2,2,2,3,4,3,2,2,2,2,2,4
117657,2,2,2,2,3,4,5,4,4,4,4,5,4
58237,1,2,1,3,5,1,1,5,2,4,4,3,5
95688,1,1,1,1,4,5,4,4,4,4,4,3,5
39547,2,2,2,2,4,4,4,4,4,3,3,3,4
121296,2,2,2,2,4,5,4,3,3,3,3,5,3
74943,2,2,2,3,5,2,5,5,4,4,2,4,5
86707,1,1,1,1,4,4,5,4,4,4,4,3,5
11219,3,5,0,1,2,4,5,1,1,0,1,3,5
93412,1,1,1,3,2,1,2,2,2,2,4,1,2
36763,3,2,2,4,3,2,2,4,2,3,3,2,2
111744,1,1,1,1,3,3,3,3,4,4,5,5,3
34010,2,2,2,1,4,2,4,4,4,4,5,5,4
34427,2,5,5,5,2,2,1,2,3,3,3,3,2
79072,2,5,5,5,4,4,3,2,2,2,2,4,1
123954,1,5,1,1,4,1,4,4,4,4,5,3,4
61330,2,5,2,4,4,2,4,4,5,2,4,4,4
45844,1,5,1,5,1,1,1,1,3,1,1,4,1
85936,1,4,1,4,4,1,3,4,1,2,4,2,4
9326,2,1,4,4,5,4,5,5,4,4,4,4,5
57518,4,4,4,2,4,4,4,4,3,3,4,3,4
62820,2,4,2,3,3,1,2,5,5,2,5,5,4
70411,1,4,2,5,3,2,3,3,5,2,4,5,3
106904,3,3,3,3,4,4,4,5,5,5,5,5,3
83806,4,0,3,3,5,3,5,5,5,5,4,4,5
29505,3,5,3,2,3,5,5,1,1,3,3,3,5
43032,4,4,4,4,5,5,2,4,4,4,4,5,1
53186,2,2,2,2,5,1,4,4,4,4,4,2,2
2257,2,4,2,2,5,5,4,5,5,5,5,4,5
106434,4,4,4,4,3,4,4,4,4,4,4,3,4
23466,4,1,1,1,4,4,4,4,5,1,5,3,4
87393,3,4,4,3,1,4,1,1,2,3,5,2,1
42042,2,2,2,4,1,2,1,1,2,2,3,2,1
55075,2,2,2,4,4,2,4,4,2,3,4,2,4
88193,4,1,4,4,3,4,3,3,1,2,4,2,3
89950,1,5,2,3,1,2,1,1,4,3,5,5,1
97890,3,3,3,3,2,5,5,4,4,4,4,5,5
5738,3,4,3,1,5,3,3,5,3,3,4,5,5
84972,5,4,5,1,1,5,2,1,3,4,5,5,1
3743,2,5,2,4,1,2,1,1,5,1,2,4,1
76258,3,5,2,2,3,3,3,3,1,5,3,2,3
10027,5,5,5,5,5,4,4,5,5,5,5,3,3
59421,1,2,1,1,5,5,5,4,4,4,4,3,3
18032,4,4,4,4,1,3,4,4,4,4,4,1,5
82461,3,5,5,1,4,5,3,4,4,2,4,3,4
62643,2,4,3,4,1,3,1,1,3,3,2,3,1
589,1,1,4,1,3,5,5,5,5,5,5,4,5
95589,2,2,2,2,5,5,5,5,5,5,5,5,5
51343,4,3,3,3,4,3,5,4,4,4,4,2,5
77281,3,3,3,3,3,5,4,2,2,2,2,4,3
50634,2,5,2,4,2,2,2,2,3,5,4,5,2
76262,3,4,3,3,4,3,4,4,4,2,4,5,4
108997,3,3,3,3,3,3,3,3,3,5,4,4,3
104633,1,5,0,3,3,0,3,3,3,4,4,5,3
127702,3,5,2,2,5,2,3,5,3,3,4,3,5
60239,3,1,3,2,5,3,5,5,1,2,1,1,5
68154,4,4,4,4,2,5,5,5,5,5,5,3,3
87689,2,5,2,4,4,2,4,4,4,1,2,4,4
125807,4,4,4,3,5,4,5,5,3,4,3,3,5
124713,3,2,3,4,2,3,4,2,3,5,3,1,2
9408,4,4,4,5,3,4,3,3,5,5,5,3,3
22095,3,2,2,2,3,3,3,3,1,1,3,1,3
40574,2,0,1,5,3,1,3,3,2,2,4,1,3
76426,2,5,5,5,5,3,3,2,2,2,2,2,2
30476,3,2,3,4,5,3,5,5,3,2,3,2,5
121865,3,3,4,3,5,4,5,5,4,3,4,1,5
56879,5,5,5,5,5,4,4,4,4,4,4,5,5
127934,2,5,2,4,2,2,2,2,3,5,5,3,2
56800,2,2,2,2,1,2,1,1,4,4,5,3,1
53776,3,4,5,5,1,4,4,3,3,3,3,1,1
89269,2,2,2,1,2,2,2,2,5,2,4,4,2
21696,2,3,2,4,1,2,1,1,4,5,4,1,1
104232,1,1,1,3,4,1,4,4,2,2,2,4,4
56513,2,4,2,4,1,2,1,1,3,4,4,5,1
38117,1,5,5,5,1,4,4,1,1,1,1,2,4
48214,5,3,5,3,5,3,3,1,1,5,1,2,1
108560,4,1,4,3,1,4,1,1,2,1,3,1,1
91216,0,2,0,3,5,0,2,5,3,2,4,3,5
10331,4,4,4,1,4,4,3,4,3,2,4,3,4
28613,5,5,5,5,4,4,4,4,1,4,3,4,4
20206,2,1,1,1,2,4,4,2,2,2,2,3,3
119773,2,2,1,1,3,3,3,2,2,2,2,1,3
3062,2,2,2,3,4,2,3,4,3,1,4,1,4
30122,2,5,2,4,5,2,1,1,1,2,1,2,4
80495,1,1,1,1,5,3,5,4,4,4,4,4,3
26671,3,3,3,4,3,3,3,3,4,5,3,4,3
731,1,2,1,3,4,1,4,4,1,1,3,2,4
118443,3,3,3,3,4,4,4,5,5,5,5,4,3
74840,4,5,4,3,5,4,4,5,5,3,5,5,5
38635,4,4,4,4,5,5,5,4,4,4,4,3,1
100330,4,4,4,4,4,3,4,4,4,3,3,4,4
23823,2,4,2,3,5,4,4,1,1,2,1,4,3
18982,3,1,4,1,3,3,3,3,4,2,3,2,3
56654,4,4,4,5,2,4,1,2,1,3,3,4,2
84185,2,4,4,4,3,4,4,2,2,2,2,2,2
89420,4,2,4,3,1,4,1,1,1,1,3,4,1
95246,2,1,2,2,2,2,2,2,4,2,2,1,2
22249,3,4,3,3,5,2,1,5,5,5,5,3,5
99571,5,5,4,5,5,4,4,4,4,4,4,3,4
121789,4,4,2,4,2,4,4,4,4,4,4,5,5
99695,3,3,3,4,5,3,5,5,2,1,4,2,5
47115,5,5,3,5,4,4,1,4,4,4,4,1,4
21283,3,3,3,3,5,5,5,5,1,1,3,4,5
98944,2,5,5,5,2,2,2,2,1,4,4,4,2
15187,4,2,3,2,5,4,5,5,5,1,4,2,5
21680,3,5,5,5,3,3,3,3,3,3,3,2,1
114299,2,3,2,3,5,2,5,5,1,2,4,3,5
79842,3,3,3,5,5,3,5,5,3,5,5,5,5
108494,2,2,2,2,2,5,4,4,4,4,4,4,5
105972,2,2,2,2,2,5,4,5,5,5,5,3,4
92162,1,1,1,1,5,3,4,5,5,5,5,3,5
117192,2,2,2,4,3,2,3,3,2,1,4,3,3
11328,3,4,3,3,3,3,3,3,3,3,4,5,3
15241,4,3,4,2,5,4,5,5,2,3,3,4,5
42106,1,1,1,1,4,5,4,4,1,5,3,4,4
31179,4,4,4,4,4,4,4,4,3,1,2,2,4
21355,2,4,2,4,2,4,3,5,2,4,5,3,3
43298,3,3,3,3,4,3,2,4,3,1,3,2,4
94979,1,4,4,4,1,1,1,1,4,4,4,2,1
54104,2,3,2,2,2,2,2,2,2,2,2,2,2
109962,4,5,4,4,4,4,2,4,4,4,4,3,4
5914,4,4,4,3,3,4,3,3,3,5,5,4,3
64555,5,5,5,5,3,5,5,5,5,5,5,4,5
47398,3,1,1,1,3,3,4,3,3,1,3,2,3
17838,4,4,4,4,4,3,4,4,4,4,4,3,3
8505,5,5,5,5,3,4,5,5,5,5,5,3,5
30669,3,4,3,3,4,3,4,4,4,2,4,1,4
15111,5,5,4,4,5,5,5,5,4,5,4,3,5
58928,4,4,4,4,2,4,4,2,5,5,4,5,2
64926,3,4,3,3,2,3,2,2,3,3,4,4,2
21043,0,0,0,2,4,3,5,5,5,5,5,1,4
128495,1,4,1,5,4,1,4,4,4,2,4,4,4
302,5,5,4,5,5,5,5,5,5,5,5,3,4
80508,4,4,4,4,2,2,3,4,4,4,4,1,2
2707,1,5,1,1,1,1,1,1,3,2,4,4,1
37738,2,4,2,4,5,2,5,5,4,3,4,3,5
68711,2,1,2,2,1,3,2,2,2,2,3,3,2
98547,1,5,1,4,2,4,4,3,3,1,3,3,3
45194,3,3,3,3,4,3,4,4,5,1,2,2,4
91576,2,5,5,5,2,2,2,2,1,4,4,3,2
128066,3,1,3,3,3,1,4,2,1,4,3,4,4
84962,2,4,2,2,4,5,4,1,1,2,1,5,5
106139,4,0,4,3,4,4,4,4,3,4,3,2,4
79238,3,3,3,3,4,3,4,2,2,2,2,5,4
62779,2,2,2,2,2,2,2,2,3,4,4,3,2
92689,4,5,4,1,1,4,3,1,5,4,4,5,1
308,3,3,1,3,4,5,5,4,4,4,4,4,3
126312,4,5,4,1,2,4,2,2,1,2,3,4,2
14968,4,2,2,2,4,4,4,4,5,2,4,5,4
42594,3,5,3,3,4,3,4,4,4,5,2,2,4
103733,1,5,1,5,5,1,3,5,4,3,5,3,5
16773,2,2,2,2,3,2,2,5,5,5,5,4,3
9465,1,4,1,4,5,1,5,5,2,2,3,3,5
121617,2,1,2,4,4,2,4,4,3,4,4,2,4
3844,2,2,2,4,4,2,5,4,3,2,3,4,4
81019,1,5,5,5,1,1,1,1,3,4,4,1,1
74542,1,1,4,1,4,4,4,4,3,3,5,3,4
105662,1,5,1,1,3,5,4,4,4,4,4,5,4
69025,4,4,4,4,3,4,4,4,4,4,4,5,4
62878,4,2,5,3,3,3,2,3,3,5,3,4,3
89753,4,4,4,3,3,4,3,3,4,2,3,2,3
20530,4,5,3,5,4,5,3,3,3,4,3,1,2
85758,2,1,2,2,5,4,4,5,5,5,5,3,5
126306,4,4,4,3,3,4,3,3,4,5,4,1,3
106989,3,3,3,3,1,3,2,1,1,3,4,1,1
96402,3,1,1,1,2,4,4,3,3,3,3,3,2
63640,4,1,4,3,2,4,4,5,5,4,5,3,1
42057,4,3,4,3,4,4,4,4,2,4,3,2,4
60272,4,4,4,4,4,4,4,5,5,4,5,4,4
27434,3,3,5,3,3,3,3,3,1,1,4,4,3
87475,5,5,5,5,3,5,5,5,5,5,5,4,4
58648,2,5,5,5,2,2,2,2,1,1,4,2,2
42517,2,5,2,4,4,4,1,1,1,2,1,1,2
3401,2,2,2,2,4,4,4,4,4,5,2,3,4
60114,4,0,4,1,5,4,4,5,4,3,5,5,5
77916,1,1,1,1,5,4,5,5,5,5,4,4,3
15608,3,4,4,4,3,2,3,3,4,1,4,4,3
61023,3,3,3,4,3,5,5,3,4,4,4,5,5
41512,3,5,3,3,3,4,4,3,1,4,1,5,3
4610,3,5,5,5,2,3,3,4,4,3,4,4,3
28383,1,4,4,4,3,4,3,1,1,1,1,1,1
70632,4,5,4,4,4,5,4,5,5,4,5,5,5
93472,1,4,4,4,5,3,3,1,1,1,1,3,3
53907,3,5,3,1,4,4,4,1,1,3,1,4,5
95786,2,4,2,4,2,4,5,1,1,2,1,5,5
100961,3,4,3,5,3,3,3,3,4,3,3,5,3
51828,2,3,3,3,3,2,3,3,1,5,1,4,3
37710,1,5,1,3,5,4,4,2,2,1,2,5,4
105240,3,5,3,4,3,3,3,3,5,4,4,4,3
85790,1,1,4,1,3,5,5,2,2,3,2,5,3
64356,2,2,2,2,4,2,4,4,4,3,1,5,4
40206,5,2,3,2,5,5,5,5,2,1,5,3,5
38514,4,2,2,2,4,4,4,4,4,4,5,3,4
66816,3,3,3,4,4,3,4,4,5,3,5,5,4
26211,5,2,5,1,5,5,2,5,2,1,5,3,5
120075,1,1,1,4,4,1,4,4,5,3,5,3,4
69456,4,2,4,3,4,4,4,4,2,5,2,1,4
65869,3,4,3,4,3,3,3,3,3,1,3,1,3
10162,5,5,5,4,2,5,2,2,5,2,5,5,2
125470,3,1,3,4,5,3,5,5,5,5,4,4,5
102308,4,3,3,3,4,3,3,4,4,4,4,1,3
114319,3,5,2,1,5,2,1,5,3,3,5,4,5
56523,2,2,2,3,3,2,4,3,3,2,4,4,3
108416,5,5,5,5,4,4,4,4,4,5,4,3,4
76709,3,1,3,3,4,3,5,4,4,5,2,3,4
16674,4,4,5,2,4,4,4,2,2,5,2,5,3
12112,3,4,5,4,1,3,2,3,3,3,3,1,2
40159,3,5,3,4,5,5,4,4,4,3,4,5,3
61867,3,3,3,3,4,5,5,5,5,5,5,3,4
71379,5,2,2,2,5,4,5,5,4,1,3,2,5
11681,4,0,4,4,2,4,2,2,5,5,5,3,2
110900,3,3,3,3,5,3,5,5,1,3,3,3,5
27800,1,1,1,3,5,1,5,5,3,3,3,1,5
90883,4,4,4,4,4,3,3,4,4,4,4,1,1
61626,5,5,5,5,3,3,5,5,5,5,5,4,5
4957,4,5,4,4,4,5,5,4,4,3,4,4,3
13157,3,5,4,4,2,4,2,2,1,4,2,3,2
95716,2,5,1,5,2,2,2,2,2,1,1,1,2
62083,2,2,2,2,4,5,4,5,5,5,5,3,4
3699,2,2,2,2,4,5,5,2,5,1,5,5,5
128190,5,4,5,4,2,4,2,2,1,3,5,5,2
16360,5,4,4,4,5,5,5,5,2,4,3,1,5
126716,4,4,4,4,3,5,5,4,4,4,4,5,5
125203,5,2,5,5,1,3,1,5,5,5,5,2,1
99313,3,4,4,4,3,3,3,3,4,3,3,4,3
39857,0,0,0,3,3,0,3,3,1,4,4,2,3
67161,2,4,4,4,2,3,2,2,1,2,4,1,2
73527,4,1,4,4,5,4,5,5,1,3,3,3,5
29456,1,2,1,3,4,1,3,4,2,5,3,3,4
76146,4,4,4,4,5,5,5,5,5,5,4,4,5
51289,2,2,4,2,2,2,2,2,1,2,3,1,2
72337,4,3,3,3,3,3,3,3,4,2,4,3,3
23434,4,0,4,1,3,4,3,3,4,1,2,1,3
1992,2,4,3,1,5,3,4,5,4,2,5,3,5
101904,1,1,1,3,4,1,4,4,4,4,3,3,4
113527,2,5,2,2,3,4,3,2,2,2,2,3,1
119409,4,4,4,4,2,4,4,3,3,3,3,4,5
71710,3,4,3,2,5,3,2,5,5,2,5,3,5
80574,1,5,5,5,4,1,3,1,1,1,1,1,4
96996,1,2,1,2,3,1,1,3,2,5,3,4,3
40614,3,5,3,3,2,3,4,2,4,4,4,5,2
113319,5,5,5,5,3,4,4,4,4,4,5,3,5
870,3,2,2,2,1,3,2,4,4,3,3,2,1
41049,2,4,2,3,1,1,1,4,4,2,4,4,1
95376,3,5,3,4,5,3,2,5,3,2,4,5,5
11011,5,5,5,5,4,2,1,5,5,5,5,1,1
53188,2,2,2,2,3,5,3,4,4,4,4,4,3
101389,1,5,1,4,1,1,1,1,4,4,4,5,1
123063,3,2,3,3,3,5,4,4,4,4,4,5,3
4995,2,1,1,1,2,2,2,2,3,2,3,2,2
111954,4,4,4,4,3,4,5,4,4,4,4,3,3
85129,4,4,4,4,5,5,5,4,4,4,4,4,5
68131,2,2,2,3,5,4,3,3,3,2,3,1,3
7303,2,2,2,2,4,5,5,4,4,4,5,4,5
94257,0,4,0,1,5,4,5,5,5,5,5,3,4
121251,2,1,1,1,5,3,3,2,2,2,2,4,4
124821,0,3,0,3,2,0,2,2,2,1,5,1,2
49978,2,4,4,4,3,4,4,2,2,2,2,4,2
86419,2,2,2,2,5,5,5,5,5,5,5,5,4
68089,2,4,4,4,2,2,2,1,2,3,3,2,2
114437,0,0,0,4,5,5,4,3,3,3,3,5,5
114041,4,4,4,4,2,5,5,5,5,5,5,3,3
46750,4,3,0,3,3,0,3,3,3,5,4,4,3
96582,2,2,2,4,2,2,2,2,4,5,4,5,2
64816,5,0,5,1,3,5,3,3,4,2,5,4,3
109933,4,5,3,1,4,3,4,4,4,5,5,3,4
89995,5,5,5,5,4,5,4,5,5,5,5,4,4
94083,3,1,2,3,5,2,5,5,1,3,3,2,5
81907,1,5,1,5,4,5,4,2,2,1,2,5,3
111623,2,5,1,4,4,1,4,4,2,1,4,3,4
49238,2,0,2,3,1,2,1,1,4,2,3,2,1
7738,4,4,4,4,2,4,2,2,5,2,4,5,2
72122,5,5,5,5,2,4,5,4,4,4,4,4,5
7928,5,5,5,5,4,4,4,4,5,5,4,3,4
20779,2,4,2,2,1,2,1,1,3,4,3,4,1
77080,2,3,2,5,5,2,2,5,4,2,4,2,5
63250,2,2,2,2,3,5,4,5,5,5,5,3,3
63900,1,1,1,1,5,5,5,4,4,4,4,5,4
102292,3,2,2,2,3,3,3,3,3,5,4,4,3
12890,5,5,5,5,1,1,5,5,5,5,5,2,4
1405,2,2,2,3,3,2,3,3,4,4,3,1,3
46830,4,3,3,3,4,4,4,5,4,2,3,4,4
79225,2,2,2,2,2,2,1,2,1,4,4,3,2
65354,2,2,2,2,2,2,2,2,1,3,4,1,2
64022,1,1,1,1,4,3,4,4,3,3,5,5,4
126097,3,4,4,4,5,4,4,3,3,3,3,2,2
18530,2,1,1,1,2,2,2,2,1,5,2,1,2
68496,4,4,4,1,3,4,3,3,4,4,5,3,3
102695,4,2,4,4,3,4,4,3,2,4,4,3,3
56481,4,2,2,2,4,4,4,3,3,4,3,4,4
5118,2,4,2,2,1,2,1,1,4,2,5,5,1
103329,4,4,4,3,4,5,4,4,4,4,4,3,4
134,1,1,1,1,5,4,5,5,5,5,5,4,5
86960,1,1,1,1,2,5,5,2,2,3,2,4,4
65451,5,2,5,3,3,5,3,3,4,3,5,3,3
104312,1,5,1,2,4,1,4,4,4,3,4,3,4
44818,2,5,5,5,2,2,2,2,4,5,3,1,2
110396,4,4,4,4,5,5,5,5,5,3,5,3,5
52048,3,4,3,4,3,4,3,3,3,3,3,2,1
114488,2,3,3,3,4,4,3,2,2,2,2,2,4
49212,1,1,1,1,4,3,3,5,5,5,5,5,5
25477,1,1,1,1,3,4,4,1,1,1,1,2,1
91871,1,5,1,1,1,1,1,1,4,5,5,5,1
109917,3,4,3,2,1,3,1,1,5,2,4,4,1
89130,1,3,3,3,1,1,1,1,2,4,3,4,1
47469,1,5,1,2,5,1,4,5,5,5,5,5,5
68929,3,4,3,3,2,3,1,2,1,5,3,1,2
62089,4,1,4,4,4,4,2,4,2,4,3,2,4
10320,3,4,3,5,2,3,2,2,4,2,5,5,2
39196,2,1,3,3,5,3,5,5,1,5,4,2,5
78431,3,3,3,3,2,2,3,5,5,3,5,4,3
37672,2,2,2,3,5,2,5,5,4,5,3,1,5
21065,4,1,5,1,4,4,4,2,3,3,3,4,4
95766,2,3,2,3,3,2,3,3,3,4,2,3,3
108675,5,0,5,1,4,5,4,4,4,2,5,5,4
27974,1,1,1,1,4,5,5,5,2,4,2,5,5
5196,4,4,4,4,2,4,4,4,4,4,4,4,4
83114,1,4,1,1,4,5,5,1,1,1,1,5,4
21592,4,2,2,2,4,4,4,4,4,2,1,4,4
85575,2,3,3,3,2,2,2,2,4,5,1,4,2
100229,2,2,2,2,3,3,3,2,2,2,2,4,3
89078,3,3,3,3,3,5,5,4,4,4,4,4,3
99392,1,1,1,1,2,4,4,5,5,5,5,5,3
100664,5,5,5,5,3,5,4,5,5,4,5,4,5
115892,5,5,5,5,2,4,4,4,4,4,4,3,5
93533,3,5,3,3,3,5,5,2,2,3,4,4,5
59937,2,2,2,2,2,4,4,4,4,5,4,4,4
37961,4,4,4,4,2,4,4,4,4,4,4,4,3
31045,2,3,3,3,2,2,2,2,4,2,3,3,2
34766,3,0,3,1,5,3,3,5,2,5,2,3,5
9725,5,5,5,5,5,4,5,5,5,5,4,4,4
97033,4,4,4,4,5,5,4,4,4,4,4,4,3
95715,4,4,4,4,3,4,5,4,4,4,4,3,4
82360,3,3,3,4,1,3,1,1,1,2,3,4,1
57529,4,0,3,5,2,3,2,2,4,5,4,5,2
17715,4,4,4,4,5,3,3,1,1,4,3,2,2
15827,2,3,4,3,4,3,3,4,4,4,2,1,3
104560,2,2,2,2,2,4,5,4,4,5,4,5,4
128248,4,4,4,4,2,5,5,5,5,5,5,4,4
6247,1,4,1,3,4,1,4,4,2,2,3,5,4
19116,5,5,5,5,1,5,1,5,5,5,5,4,2
57731,4,4,4,4,4,4,5,4,4,4,4,3,3
49989,2,2,2,2,3,2,3,3,3,2,3,4,3
26101,3,5,2,3,2,5,5,5,5,2,5,4,5
6977,1,3,3,3,1,1,1,1,1,5,3,1,1
104362,4,0,4,3,2,4,1,2,3,3,5,4,2
14538,4,5,4,4,4,4,4,4,4,4,4,2,2
102194,1,4,4,4,1,1,1,1,2,5,4,3,1
52222,4,5,5,5,2,4,1,5,5,4,5,3,5
15281,2,3,2,5,2,2,2,2,3,2,4,4,2
9717,3,5,3,3,2,3,2,2,4,1,5,2,2
62583,4,4,4,4,4,3,5,3,3,3,3,5,4
89454,3,5,3,4,3,3,4,3,3,3,4,3,3
9626,0,5,0,3,5,0,5,5,5,1,1,5,5
29416,5,5,5,5,5,5,5,4,4,4,2,5,5
47326,4,1,1,1,4,4,4,4,3,2,2,5,4
96627,1,1,1,1,2,4,4,1,1,1,1,4,3
2844,1,1,1,1,4,4,4,5,5,5,5,5,4
90991,3,3,3,3,5,4,4,3,3,3,3,4,4
35130,4,5,2,2,4,5,4,4,5,3,4,1,4
60304,4,2,4,3,4,4,4,4,1,5,3,4,4
85676,3,5,3,3,3,3,3,3,5,4,4,5,3
6381,3,2,3,2,2,3,2,2,3,2,3,1,2
50104,4,4,4,4,3,5,4,4,4,5,3,1,4
12304,2,0,2,4,3,2,3,3,1,3,1,3,3
40269,3,1,3,2,3,3,3,3,2,2,2,2,3
80436,3,5,3,1,2,3,2,2,4,3,5,3,2
10624,2,1,3,1,4,4,3,2,2,2,2,4,2
17447,4,2,2,2,4,4,4,4,3,4,2,5,4
17212,3,3,3,3,5,5,5,5,3,5,1,2,5
53606,5,5,5,5,5,5,5,5,4,3,5,2,5
32838,0,0,0,3,2,5,5,5,5,0,5,5,3
4861,3,4,5,1,4,5,4,4,5,4,4,5,4
21079,4,5,5,5,4,4,4,4,3,2,4,3,4
123045,3,3,3,3,2,5,5,5,5,5,5,5,3
39443,5,5,5,5,1,5,1,1,5,4,4,5,1
11207,2,4,2,4,3,2,3,3,4,5,4,4,3
89117,1,1,1,3,4,1,4,4,3,1,4,4,4
94030,4,4,4,4,5,4,4,5,5,5,4,4,3
28370,3,3,3,3,3,5,2,5,5,5,5,2,1
56215,5,5,5,5,3,5,5,2,2,2,2,4,5
3153,1,3,1,3,5,1,5,5,3,5,3,2,5
82086,1,1,5,1,4,5,5,4,4,4,4,4,4
21381,4,4,4,4,5,4,5,5,4,4,5,5,5
40424,5,3,3,3,2,2,3,5,5,5,5,5,4
23301,3,3,3,3,3,5,2,5,5,5,5,2,3
59368,2,2,2,1,1,2,1,1,5,3,3,3,1
74387,3,3,3,3,5,5,5,5,4,2,4,4,5
24057,2,5,2,1,4,2,4,4,1,1,2,2,4
81207,4,2,4,4,4,4,5,5,5,5,5,5,3
109443,2,2,4,2,2,4,4,4,4,4,4,3,4
90796,5,5,5,3,2,5,2,2,5,3,4,3,2
103176,3,3,3,4,3,3,3,3,3,5,4,2,3
85881,1,4,3,4,5,1,1,1,1,2,1,1,4
6799,4,4,4,4,4,4,4,4,3,3,4,3,4
75892,2,2,2,2,4,5,5,4,4,4,4,4,3
87094,2,4,2,4,2,2,2,2,2,3,4,1,2
68040,1,1,1,1,2,5,4,4,4,4,4,5,3
114578,4,4,4,4,4,4,4,4,4,4,4,5,5
75618,3,4,3,1,2,4,4,2,2,3,2,2,5
70147,3,5,3,2,5,3,5,5,2,1,4,1,5
56214,2,2,2,2,3,4,5,4,4,4,4,3,5
51500,2,5,2,1,2,2,2,2,3,3,5,4,2
104174,1,5,5,5,1,1,1,1,2,5,4,2,1
57652,2,2,2,3,4,2,4,4,4,4,3,3,4
66097,4,3,3,3,1,1,3,4,4,4,4,4,4
73301,4,4,4,4,3,4,5,4,4,4,4,5,5
50765,2,4,2,3,4,2,4,4,4,1,3,4,4
103000,2,2,2,2,4,5,4,3,3,3,3,3,3
96192,4,4,4,4,3,4,4,5,5,5,5,4,4
16005,1,3,3,3,1,1,1,1,1,2,4,2,1
89232,1,1,1,1,4,3,5,4,4,5,4,5,4
57603,1,1,1,3,2,1,2,2,3,4,4,5,2
47606,5,4,3,4,3,1,3,5,5,5,5,2,4
129167,3,4,3,3,4,3,1,4,4,5,5,3,4
50373,1,0,1,4,4,1,4,4,3,3,2,4,4
75051,2,2,2,3,3,2,3,3,2,5,3,1,3
121659,3,3,3,3,3,5,5,5,5,5,5,4,3
114020,0,5,0,4,2,0,2,2,3,5,4,4,2
5388,3,3,3,3,5,3,5,5,3,2,3,4,5
116891,3,3,3,3,2,4,4,3,3,3,3,5,3
22206,3,4,3,4,3,1,1,5,2,4,4,1,1
119126,3,3,3,4,1,3,1,1,2,2,3,3,1
75058,1,1,1,1,2,3,5,5,5,5,5,4,5
122265,3,3,3,3,1,5,5,1,1,3,1,3,3
80450,4,4,4,4,5,4,2,5,3,1,4,2,5
2417,2,3,2,3,1,2,1,1,3,4,2,4,1
93938,2,2,4,2,2,5,4,4,4,4,4,4,3
80616,5,4,5,4,2,5,2,2,5,3,4,4,2
27547,3,4,3,4,3,3,3,3,5,4,5,4,3
118585,4,3,4,4,4,5,5,5,5,4,5,5,4
70918,2,5,2,1,5,2,5,5,3,5,5,4,5
54926,2,5,5,5,2,2,2,2,5,4,3,2,2
10397,5,0,5,2,5,5,4,5,3,2,4,4,5
30665,5,5,5,5,5,5,5,5,2,1,1,2,5
66808,5,2,5,5,3,5,4,5,5,5,5,5,4
59263,5,5,5,5,4,4,4,3,3,4,4,4,4
76046,1,1,1,1,2,4,4,4,4,4,4,5,3
106211,1,1,1,1,4,5,5,3,3,3,3,4,3
69626,2,5,2,2,2,3,3,3,4,3,5,3,3
9480,3,3,3,3,5,4,4,5,5,5,5,4,5
14026,2,2,2,3,5,2,5,5,1,1,3,4,5
93197,4,4,4,4,4,4,4,4,1,1,1,2,4
40836,2,4,2,2,3,3,3,3,1,1,3,1,3
56024,3,1,1,1,3,3,3,3,3,3,3,1,3
13669,4,4,4,4,2,4,3,4,4,4,4,3,4
52375,2,0,2,2,3,4,4,2,2,2,4,4,3
20419,3,4,3,4,3,3,2,3,1,2,3,4,3
81650,2,2,2,2,2,5,5,5,5,5,5,4,5
56290,2,5,5,5,2,2,2,2,1,5,1,4,2
55101,2,2,2,3,4,2,4,4,4,3,4,4,4
32990,2,1,0,4,3,0,1,3,2,5,4,2,3
55478,1,5,5,5,1,1,1,1,1,5,3,4,1
13218,3,2,5,5,3,3,3,2,1,4,4,3,3
33758,4,4,4,4,2,4,4,4,4,3,4,1,2
121073,3,3,3,3,5,3,5,5,1,3,3,3,5
44667,0,4,0,4,4,3,3,3,3,3,3,5,2
108520,2,4,4,1,3,4,3,3,3,5,4,3,3
111355,3,5,3,4,2,3,1,2,3,3,5,5,2
75431,5,5,5,5,5,4,4,4,4,4,4,3,4
25581,2,2,2,2,2,2,3,2,4,2,4,2,2
102366,1,1,1,1,1,2,2,1,1,1,1,2,3
126888,3,1,3,2,3,3,3,3,1,5,2,3,3
54829,2,1,2,2,5,5,5,5,4,4,5,5,5
9944,4,1,1,1,2,3,3,4,4,4,4,2,2
29243,0,4,0,4,2,0,2,2,5,4,2,3,2
12594,3,1,3,3,1,3,1,1,3,4,3,2,1
121711,4,5,5,1,5,5,4,2,2,5,2,5,4
74598,2,2,2,2,5,3,3,2,2,2,2,4,3
128606,5,5,5,5,4,5,5,4,4,4,4,3,3
52130,5,5,3,5,4,5,5,4,4,4,4,5,3
33630,5,5,5,3,4,5,4,4,4,5,5,4,4
55612,2,3,2,5,2,2,2,2,5,2,5,1,2
25583,3,5,5,5,5,4,4,3,3,3,3,3,2
3370,2,5,5,5,2,2,2,2,2,3,1,4,2
124428,2,2,2,4,5,2,4,5,4,3,2,3,5
63849,2,5,5,5,1,4,4,2,2,2,2,2,4
25907,3,1,3,2,5,3,2,5,5,3,3,2,4
61711,3,3,3,3,4,5,4,4,4,4,4,3,4
39742,2,4,2,4,4,2,5,4,3,3,4,5,4
9581,2,2,2,2,1,2,2,2,2,2,2,2,1
111818,2,1,1,1,4,4,3,2,2,2,2,3,2
97311,4,4,4,1,4,4,5,4,4,4,5,5,4
47713,1,5,1,2,4,5,5,2,2,1,4,5,4
77540,2,2,2,2,4,4,5,5,5,5,5,3,5
101086,2,2,2,2,3,4,4,3,3,4,3,5,4
4553,1,1,1,1,4,5,5,4,4,4,4,3,5
31953,1,0,1,2,4,1,4,4,4,4,5,3,4
128854,2,4,2,1,2,2,2,4,2,5,5,2,2
99908,4,4,4,4,3,4,5,4,4,4,4,5,5
129341,0,1,0,2,4,0,4,4,4,4,1,3,4
28745,5,3,3,3,5,5,5,5,4,5,5,4,5
38334,2,2,2,2,5,5,5,5,5,2,1,3,5
23128,5,5,5,5,5,5,5,4,4,4,3,4,2
121663,3,3,5,3,2,3,3,3,3,3,3,4,3
55432,2,3,3,4,1,2,2,1,4,5,3,3,1
122668,1,1,1,1,2,4,4,5,5,5,5,4,4
18215,2,1,1,1,2,2,2,2,3,5,3,2,2
120606,4,0,4,4,4,4,4,4,5,4,4,4,4
69,3,1,3,1,4,3,3,1,1,1,3,4,4
73690,2,5,5,5,2,3,4,2,2,2,2,1,4
46136,2,2,2,4,4,2,4,4,4,5,4,3,4
28026,3,5,3,3,1,3,1,1,4,3,5,5,1
64813,2,3,3,3,2,2,2,2,4,5,2,3,2
15406,0,5,0,5,4,5,3,5,5,5,5,1,1
2867,2,5,5,5,3,2,2,2,2,2,2,3,1
95840,0,4,0,1,4,4,4,4,3,4,4,4,4
63234,5,5,5,5,3,4,5,2,2,2,2,3,3
106563,2,2,1,2,2,5,4,4,4,4,4,4,3
118303,2,4,4,4,2,3,1,2,2,2,2,2,2
122863,2,3,3,3,1,3,3,2,2,2,2,3,2
84013,4,5,4,5,4,4,3,4,4,2,5,1,4
98536,2,4,1,5,5,4,4,3,3,1,3,3,3
49498,2,2,2,2,2,2,2,2,4,1,4,2,2
22949,3,5,2,5,3,4,5,3,2,3,1,4,3
58782,1,4,4,4,1,1,4,1,2,1,3,4,1
44902,0,4,0,4,5,0,5,5,4,3,4,3,5
104573,3,3,3,3,4,4,5,5,5,5,5,3,5
52994,2,2,2,2,5,1,2,2,2,2,2,5,5
122160,4,4,4,4,4,4,4,4,4,4,4,3,4
85753,5,5,5,3,5,5,5,5,3,5,4,4,5
49629,2,4,3,4,2,2,2,2,4,2,3,4,2
119292,1,1,1,2,5,1,5,5,3,4,5,3,5
100701,4,2,4,4,5,4,5,5,1,3,4,4,5
94455,1,1,1,1,3,5,4,5,5,5,5,4,5
34588,4,4,4,5,5,4,5,5,2,4,1,3,5
36079,2,5,2,3,4,2,4,4,3,5,4,1,4
69202,3,2,2,2,4,3,3,3,3,3,3,2,4
121760,3,5,3,4,2,5,5,3,3,3,3,4,5
112783,3,5,4,2,3,4,3,3,4,5,5,4,3
97115,5,5,4,5,4,5,4,5,5,4,5,3,4
34023,2,4,2,5,5,4,4,2,2,2,2,4,4
44338,4,5,4,3,2,4,2,2,4,4,5,3,2
79798,4,4,4,4,2,5,4,4,4,4,4,4,3
13573,2,4,0,1,5,0,2,5,5,3,4,4,5
101576,4,4,4,4,5,4,5,5,5,5,5,4,3
78790,5,0,5,1,2,5,2,2,1,3,5,1,2
72974,3,5,2,5,4,4,4,3,3,3,3,4,1
12034,4,5,5,5,5,4,3,4,4,4,4,4,3
15413,1,3,3,3,5,4,4,1,1,1,1,1,1
107760,3,5,3,3,1,3,1,1,3,5,4,4,1
6725,2,4,2,3,4,5,4,2,2,2,2,4,5
36000,2,2,2,2,3,5,4,5,5,5,5,3,3
71457,4,4,4,4,4,4,4,4,4,5,4,3,3
119459,3,1,2,3,5,3,4,2,2,2,4,2,2
17200,5,5,1,5,5,5,5,5,2,5,1,1,5
35490,1,2,2,3,4,2,4,4,4,4,2,1,4
5383,3,4,4,4,1,5,4,4,4,4,4,1,1
4969,1,3,3,3,2,3,2,1,1,1,1,3,2
121487,3,4,3,3,3,3,3,3,1,3,1,3,3
116758,3,4,3,3,4,3,4,4,3,5,4,4,4
13703,2,1,2,4,5,2,5,5,3,5,4,1,5
32498,1,1,1,1,4,3,2,4,4,4,1,1,2
57796,5,4,5,4,2,4,2,2,4,5,4,4,2
129194,5,5,5,5,4,5,5,4,4,4,4,5,5
4616,2,3,2,4,5,3,1,2,2,2,2,2,5
28192,2,5,2,4,1,2,1,1,4,2,5,4,1
109801,5,5,5,5,4,5,5,5,5,5,5,5,5
72590,5,4,5,1,5,4,4,5,2,5,5,4,4
122579,3,3,3,3,2,4,5,5,5,5,5,5,5
67022,3,5,5,5,1,4,4,3,3,2,3,1,3
11089,1,4,1,4,1,1,1,1,4,4,4,1,1
81123,3,2,3,3,2,3,2,2,1,3,4,2,2
3022,5,5,5,2,4,5,3,4,3,2,5,3,4
88894,2,2,2,2,4,4,4,4,4,4,4,3,5
66406,3,4,5,4,4,4,3,3,3,3,3,4,3
6097,3,5,3,5,4,3,4,4,4,2,5,5,4
10438,5,5,5,5,2,4,5,4,4,4,4,3,5
83550,2,4,4,4,5,2,2,2,2,2,2,2,4
58999,1,1,2,1,3,4,5,4,4,4,4,4,4
56199,1,4,1,4,5,1,5,5,5,3,3,5,5
53794,4,0,4,3,4,4,4,4,1,5,4,1,4
128363,4,4,4,4,1,4,1,1,3,5,4,5,1
105801,1,4,1,1,4,1,4,4,3,3,5,5,4
94642,1,1,1,1,1,1,1,1,4,3,3,3,1
47926,3,5,3,3,2,3,2,2,2,1,4,4,2
64807,5,4,5,3,3,5,3,3,3,5,4,5,3
128863,1,1,1,1,4,4,4,4,5,4,4,4,4
18929,4,4,4,2,3,4,3,3,2,5,4,4,3
103918,5,5,2,5,4,5,4,5,5,5,5,5,4
2971,5,0,5,3,5,5,5,5,3,2,4,4,5
59289,4,4,4,4,5,5,5,4,4,4,4,4,5
86041,3,4,3,3,2,3,2,2,3,2,5,5,2
79502,2,2,2,2,4,4,5,4,4,4,4,5,5
21168,2,1,1,1,2,3,3,2,2,2,2,4,1
11102,3,5,3,1,4,3,3,4,1,2,5,4,4
72042,1,5,1,1,1,3,3,1,2,3,3,3,3
127228,3,3,3,3,3,4,4,5,5,5,5,4,4
113128,3,2,2,2,4,3,3,3,3,3,3,4,3
107967,1,1,1,1,3,4,4,3,3,4,3,3,3
101021,3,4,2,3,3,4,5,2,2,2,2,5,4
20443,4,4,4,3,1,4,1,1,1,4,4,2,1
96534,1,5,1,5,4,1,4,4,5,4,4,4,4
74469,2,2,2,2,4,4,5,3,3,3,3,3,5
26573,4,5,5,5,4,4,4,4,1,3,2,5,4
8911,2,4,2,3,2,2,3,2,3,5,4,4,2
77487,5,0,5,1,4,5,4,4,3,4,4,3,4
97935,3,5,5,5,5,4,4,3,3,3,3,4,3
37419,1,1,1,1,1,4,4,5,5,5,5,2,1
27388,2,2,2,2,5,5,5,5,1,3,2,2,5
69710,4,4,4,4,4,4,4,4,3,5,3,4,4
63366,1,0,1,3,5,1,2,5,3,3,5,4,5
100053,2,4,2,2,2,2,2,2,3,4,4,5,2
44100,3,4,4,4,3,3,3,3,1,5,3,2,3
5322,2,5,2,3,5,4,3,4,4,2,4,4,2
58911,3,3,3,2,5,2,2,4,4,3,2,2,2
48616,4,1,2,1,4,4,5,4,3,3,1,4,4
76407,2,5,2,3,1,2,3,1,2,4,3,1,1
53398,4,4,4,4,2,4,4,3,3,4,3,4,3
101601,3,1,3,3,4,4,5,5,5,5,5,3,4
110635,4,3,1,3,1,4,3,4,4,4,4,3,1
122425,2,2,2,3,2,2,2,2,1,2,3,2,2
58088,4,4,4,3,3,4,3,3,4,5,4,3,3
36562,3,3,3,2,5,3,5,5,4,3,2,5,5
49101,4,3,5,3,4,2,5,4,4,4,4,2,4
83667,3,2,2,2,3,3,3,3,3,2,3,2,3
89547,2,2,2,4,1,2,1,1,4,3,4,4,1
12692,5,2,2,2,5,5,5,5,5,3,2,5,5
88415,2,2,2,2,2,2,2,2,4,3,3,1,2
101050,3,3,4,3,4,4,5,4,4,4,4,3,5
75389,1,1,3,1,5,5,5,2,2,2,2,3,4
95745,2,3,2,4,5,2,5,5,3,5,4,1,5
115220,1,1,3,1,4,5,4,5,5,5,5,5,5
109036,3,1,1,1,1,3,3,3,3,3,3,2,1
128475,2,2,2,3,2,2,2,2,4,5,3,2,2
71709,2,4,2,5,3,5,4,3,3,2,3,3,3
34593,2,5,5,5,2,3,4,2,2,2,2,2,1
105613,2,2,2,5,2,2,2,2,3,3,5,3,2
2839,1,1,1,1,2,2,3,1,1,1,1,2,4
111080,3,4,3,3,5,5,5,5,5,3,5,4,4
19516,3,3,3,3,3,3,2,3,4,3,4,3,3
37766,5,1,1,1,2,1,2,5,5,5,5,5,4
245,3,2,2,2,3,3,3,3,3,5,3,4,3
125467,2,1,1,1,2,2,2,2,3,3,2,5,2
84967,3,3,3,4,2,3,5,2,4,3,4,1,2
44234,1,1,5,1,2,1,5,5,5,5,3,4,4
8756,3,4,4,4,3,3,3,3,2,1,4,4,3
124363,3,3,3,3,4,5,4,5,5,5,5,5,4
14670,2,0,2,3,5,2,5,5,4,3,5,3,5
110229,5,5,5,5,5,4,4,5,5,5,5,3,4
43037,2,1,1,1,1,2,3,2,2,2,2,2,4
13681,3,3,3,3,5,4,2,4,4,4,4,5,3
23227,0,3,0,4,1,3,4,2,2,2,2,3,5
118055,3,5,5,5,3,3,3,3,2,4,4,1,3
54405,1,3,3,3,3,4,3,1,1,1,1,4,2
62038,3,3,3,4,3,3,5,3,4,1,4,2,3
2696,4,4,4,4,5,4,5,5,5,5,5,5,5
60951,1,2,2,4,1,2,2,1,1,2,3,3,1
2267,5,5,5,5,5,5,4,3,3,4,3,4,5
56883,4,4,2,4,5,4,5,5,5,5,5,3,3
40447,2,2,3,2,5,4,5,4,4,4,5,5,1
91718,4,4,4,4,4,5,4,3,3,4,3,5,4
86124,5,5,5,4,2,5,3,2,4,3,5,4,2
23356,1,5,1,2,3,1,3,3,5,5,4,4,3
128855,4,4,3,5,3,5,5,3,3,5,5,5,5
115595,2,2,2,2,4,5,5,4,4,4,4,5,4
69730,1,4,1,4,3,2,3,2,2,1,2,2,2
128678,3,3,3,3,5,5,5,5,3,4,5,5,5
86658,2,4,2,4,4,3,4,3,3,2,3,2,4
121360,5,5,5,5,3,4,4,2,2,2,2,4,3
54056,2,2,2,2,1,1,1,4,4,4,4,2,4
19032,1,5,0,3,4,0,4,4,2,4,3,2,4
32546,2,2,4,2,3,1,2,5,5,5,4,2,2
18779,4,1,1,1,1,3,2,5,5,4,5,1,3
123450,1,1,1,1,2,5,5,4,4,4,4,5,5
83912,2,5,5,5,1,3,4,2,2,1,2,2,3
97688,2,2,2,4,2,2,5,2,5,3,4,4,2
34066,3,1,3,4,3,3,3,3,1,4,4,1,3
67813,1,1,1,1,5,2,1,5,5,5,5,2,2
66888,2,5,5,5,4,4,4,2,2,2,2,3,4
32823,1,0,0,2,3,0,3,3,4,4,5,3,3
7957,2,2,2,2,3,4,3,3,3,2,4,3,3
10533,3,3,3,3,3,4,4,4,4,4,4,4,3
114087,0,4,0,5,1,0,1,1,5,3,5,4,1
113116,3,4,3,3,5,3,3,2,2,3,2,3,1
103980,5,5,5,5,3,4,4,5,5,5,5,5,4
126195,4,2,4,3,5,4,5,5,1,4,4,1,5
90521,4,4,4,4,3,4,5,5,5,5,5,4,4
33406,1,1,1,5,1,4,4,4,2,4,5,4,4
46872,3,3,3,4,4,3,1,4,1,2,3,2,4
12398,4,5,5,5,1,1,4,1,2,2,3,4,1
28193,3,3,3,1,1,3,1,1,4,3,2,1,1
128049,3,3,3,3,3,4,4,5,5,5,5,4,5
104568,2,4,2,2,3,2,3,3,4,5,5,3,3
44953,3,3,3,1,2,1,4,1,1,3,1,1,4
49666,3,3,3,2,3,3,4,3,4,2,5,1,3
42037,1,2,2,2,2,2,1,2,2,4,3,1,2
99360,4,4,4,4,5,5,5,4,4,4,4,5,3
49476,4,3,4,4,4,4,4,4,2,1,4,2,4
109021,4,4,4,4,4,5,5,2,2,2,2,3,4
52439,4,0,4,4,3,4,3,3,4,2,5,5,3
107785,5,5,5,5,2,5,4,4,4,4,4,5,4
82392,4,4,5,4,2,5,4,4,4,4,4,5,3
84404,2,5,5,5,2,2,2,2,4,1,3,4,2
84622,3,4,3,3,5,3,5,5,3,2,4,3,5
71664,1,4,1,5,2,1,2,2,3,2,5,4,2
49558,5,5,5,5,2,1,3,5,5,5,5,2,1
48345,4,0,4,4,3,4,3,3,4,3,5,4,3
99781,1,1,1,1,3,5,4,5,5,5,5,5,4
58303,4,4,4,4,5,3,4,4,4,4,4,4,5
88778,4,4,2,4,5,5,5,5,5,2,4,4,5
26486,3,5,3,2,2,3,2,2,4,1,2,3,2
29816,4,2,2,2,4,4,4,4,4,4,3,5,4
48742,4,4,4,3,2,4,2,2,3,2,3,3,2
74809,5,4,3,4,5,5,5,5,3,3,2,4,5
95096,3,5,3,2,4,3,4,4,4,3,5,5,4
75719,5,5,5,1,2,5,4,2,3,5,4,3,2
77142,5,5,5,5,5,3,4,4,4,4,4,3,3
3146,1,1,1,1,3,4,5,5,5,5,5,5,5
114585,2,2,2,1,4,2,4,4,3,2,5,5,4
54334,2,5,2,4,1,2,1,1,3,3,4,5,1
89808,2,4,2,2,2,4,5,4,4,4,4,4,5
48235,5,3,5,5,2,5,1,2,5,4,5,3,2
84004,2,3,2,3,5,2,5,5,3,3,5,3,5
59561,2,2,2,2,1,2,1,1,4,2,5,3,1
128126,2,5,2,5,2,5,5,4,4,2,4,3,3
114332,4,4,4,2,2,4,4,4,4,4,4,5,5
70149,4,4,4,3,1,4,1,1,2,5,2,1,1
88151,1,1,4,1,3,5,5,5,5,5,5,5,4
114784,2,5,2,2,4,4,5,5,5,5,5,5,5
25823,4,5,5,5,4,4,5,4,5,3,1,4,4
10585,2,4,2,5,2,2,2,2,3,4,4,5,2
6797,1,3,1,1,2,4,5,5,5,5,5,5,5
74743,3,4,4,4,4,4,4,4,3,5,3,4,4
38213,4,5,5,5,4,4,5,4,3,2,1,5,4
40194,4,0,4,3,5,4,2,5,5,2,5,1,5
66085,2,4,2,3,5,2,5,5,5,2,5,4,5
12489,5,3,3,3,4,5,1,5,5,5,5,5,4
1205,2,4,4,3,5,5,5,5,5,4,5,3,4
15442,4,4,4,4,2,2,3,5,5,4,5,1,4
45670,3,4,2,3,3,2,1,3,4,2,5,5,3
2069,3,3,3,3,4,4,4,4,4,4,4,5,4
30998,5,5,5,5,3,3,3,4,4,4,4,4,4
107705,2,3,2,3,4,2,4,4,4,2,3,4,4
5059,2,2,2,2,3,4,5,5,5,5,5,4,4
41307,3,5,2,5,3,4,3,3,2,1,4,2,3
101057,2,3,3,3,1,3,4,2,2,2,2,2,2
101241,3,3,3,3,3,3,3,3,2,1,3,3,3
88689,3,4,3,3,3,3,3,3,4,3,4,1,3
110657,2,2,2,2,5,5,4,4,4,4,4,4,3
34777,3,3,3,3,3,3,4,5,5,3,5,3,2
104813,1,5,1,2,3,1,3,3,3,2,5,5,3
69775,4,4,4,4,4,4,4,2,5,3,4,4,4
29989,2,2,2,2,5,5,3,5,3,2,4,4,5
59265,5,5,5,5,5,4,4,3,2,3,4,4,4
105677,2,4,2,3,2,2,2,2,2,5,3,1,2
91275,2,1,1,4,3,2,3,3,3,2,4,4,3
119125,5,5,5,2,4,5,4,4,3,5,5,5,4
114950,3,3,3,3,2,4,5,4,4,5,4,5,3
1099,2,3,2,3,2,2,4,2,4,5,3,2,2
125778,1,1,1,1,5,5,5,5,4,4,4,5,5
100511,2,4,2,3,2,2,2,2,2,2,3,4,2
116023,3,3,3,3,4,3,4,4,5,5,1,3,4
90269,4,4,3,4,4,4,4,4,4,4,5,4,4
51216,4,2,2,2,3,5,5,4,4,4,4,4,5
44776,4,4,4,3,2,4,2,2,1,2,3,2,2
129376,3,3,3,3,2,3,2,2,4,5,3,3,2
81747,3,3,3,3,4,4,5,5,5,5,5,5,5
91624,4,5,5,5,2,2,2,4,4,4,4,3,1
52409,2,4,2,2,3,2,3,3,2,5,4,4,3
43944,3,3,3,3,3,3,3,3,2,5,4,1,3
62821,2,3,2,3,2,2,2,4,1,3,3,2,2
19099,5,4,4,4,5,5,5,5,2,5,1,4,5
53707,4,1,1,1,3,4,3,3,1,4,1,5,3
73593,5,5,5,5,3,5,5,4,4,4,5,3,5
88234,4,2,4,4,2,4,2,2,3,3,4,1,2
16826,1,5,1,3,3,1,3,3,4,5,4,3,3
69193,4,4,4,4,5,4,4,4,4,4,5,5,5
36890,0,0,0,2,3,0,3,3,3,5,2,5,3
28843,3,4,4,4,3,3,3,3,4,2,2,4,3
108279,2,5,2,3,4,5,5,4,4,2,4,4,4
118893,5,5,5,1,5,5,5,5,5,5,4,5,5
96409,5,3,5,3,1,5,1,1,5,5,3,5,1
15094,4,1,4,4,3,4,3,3,4,4,4,2,3
107297,3,2,3,4,1,3,1,1,3,1,4,4,1
25654,3,2,5,3,1,5,1,1,4,4,3,2,1
87194,3,5,5,5,3,3,3,3,2,3,3,4,3
85187,4,4,4,4,3,4,3,3,2,2,4,1,3
21306,4,5,4,3,4,4,4,4,4,2,5,5,4
32502,5,3,3,3,5,4,5,5,5,5,5,2,5
125253,4,1,4,1,1,4,1,1,4,4,1,4,1
78129,4,2,4,4,2,4,2,2,3,4,3,4,2
102160,5,5,5,5,4,4,4,4,3,4,4,5,4
116912,4,0,4,3,2,4,2,2,4,5,4,3,2
121468,3,4,3,3,5,3,5,5,3,4,4,5,5
52121,2,1,5,1,2,2,3,2,3,2,4,4,2
26445,3,3,3,3,1,4,3,4,4,4,4,1,1
125814,4,4,4,1,3,4,3,3,5,4,5,4,3
126560,3,3,3,3,4,4,5,5,5,5,5,3,4
105530,5,0,5,3,1,0,1,1,3,4,5,4,1
127728,4,4,4,4,2,5,5,5,5,5,5,3,5
67124,1,5,5,5,1,1,1,1,4,4,1,3,1
100012,1,2,2,2,3,3,2,1,1,2,1,2,3
100562,3,4,4,4,3,3,3,4,5,4,4,3,3
110778,2,4,4,4,3,3,4,2,2,2,2,3,2
92656,4,4,4,3,3,4,3,3,1,1,4,3,3
80415,3,4,3,3,2,4,5,4,4,4,4,4,3
47924,3,5,3,4,2,3,4,2,4,5,4,3,2
10844,1,5,5,5,3,4,3,1,1,1,1,3,1
38648,2,2,2,4,4,2,4,4,5,3,5,2,4
45289,5,5,5,5,4,4,1,4,4,4,4,3,3
42532,5,1,3,1,4,5,4,4,5,1,5,3,4
39697,4,4,4,4,4,5,4,4,4,4,4,4,4
113474,5,1,5,5,3,5,4,4,4,4,4,3,5
79543,4,4,4,4,2,4,5,4,4,4,4,4,3
4656,4,0,4,3,2,4,2,2,5,2,4,5,2
107536,2,2,4,2,4,5,4,4,4,4,4,3,4
27075,2,3,2,4,1,2,1,1,4,3,1,5,1
80080,4,4,2,4,4,5,4,5,5,5,5,5,3
127190,2,2,2,4,4,2,5,4,3,5,5,4,4
57573,1,2,2,2,1,1,2,1,4,2,2,3,1
47362,3,2,2,2,3,3,3,3,1,4,3,4,3
40489,2,4,2,2,2,2,3,2,1,1,3,1,2
35057,2,2,5,2,2,5,5,5,5,5,5,5,4
40406,5,4,4,4,5,3,4,5,5,5,5,1,2
70257,1,5,1,5,4,1,4,4,3,5,3,5,4
119481,4,4,4,4,4,4,5,4,4,4,4,4,5
126965,4,3,4,4,5,5,4,2,2,2,2,4,3
51879,3,3,3,3,5,4,5,4,4,4,4,5,5
114756,2,2,2,5,1,2,1,1,3,3,4,4,1
73331,2,2,2,2,4,4,4,4,4,4,5,4,4
115327,4,4,4,1,4,4,4,4,5,4,4,5,4
46681,3,2,3,2,4,3,4,4,2,2,3,2,4
57419,2,4,2,3,5,2,5,5,4,5,4,3,5
81348,1,1,1,4,4,1,4,4,2,3,1,1,4
99231,2,5,5,5,5,3,3,2,2,3,2,1,3
60554,3,5,5,5,3,3,3,3,2,4,3,3,3
99770,2,5,5,5,2,2,2,2,2,2,3,1,2
87783,1,1,5,1,4,4,4,4,4,4,5,5,4
28359,4,3,3,3,4,4,4,4,4,1,3,2,4
2749,4,2,2,2,2,4,3,4,4,4,4,2,1
75866,5,5,5,2,4,5,4,4,5,4,4,5,4
111759,2,2,2,3,4,2,1,4,3,2,3,2,4
33469,2,2,2,4,1,2,1,1,2,2,3,4,1
68943,4,2,4,1,5,4,5,5,1,1,1,1,5
19043,5,5,5,5,4,4,4,4,2,4,1,5,4
71193,2,2,2,2,3,4,5,4,4,4,4,5,4
39321,2,1,2,1,5,2,1,5,3,5,2,1,5
23096,0,0,0,1,1,1,1,1,3,5,5,3,1
72072,1,1,1,1,1,1,5,1,3,3,5,5,1
8078,4,0,4,3,5,4,5,5,3,2,5,5,5
10774,0,5,0,2,5,5,4,1,1,1,1,4,4
117658,4,4,4,4,4,4,4,4,4,4,4,4,4
79303,2,2,2,2,2,2,2,2,5,2,3,5,2
8771,4,5,4,3,2,4,4,2,2,4,2,3,3
110115,5,5,5,5,5,4,4,4,4,4,4,3,4
107006,3,3,3,3,4,4,5,4,4,4,4,3,5
103565,5,5,5,5,2,5,5,4,4,4,4,3,4
1290,3,4,0,4,4,0,4,4,5,4,1,2,4
118062,4,4,3,3,2,3,2,2,5,3,2,2,2
127213,1,4,1,2,4,1,4,4,4,2,4,5,4
106335,2,5,2,4,1,2,1,1,4,4,5,5,1
64840,4,4,4,3,2,4,2,2,3,2,4,4,2
46468,1,2,1,3,2,1,5,2,4,5,3,1,2
54117,1,1,1,1,4,3,2,4,4,4,4,2,4
56110,1,4,1,1,1,5,5,1,1,5,2,5,5
22302,0,0,0,3,1,2,4,3,3,4,4,2,3
36824,2,2,2,2,3,1,2,2,2,2,2,2,3
105745,2,1,1,1,2,2,2,2,4,1,3,3,2
13896,1,1,1,1,5,4,5,5,5,5,5,5,5
102615,2,2,5,2,5,5,5,3,3,3,3,3,4
83547,1,1,1,1,3,4,4,5,5,5,5,5,5
104845,3,5,3,1,3,2,1,3,5,5,4,1,1
50545,3,3,3,2,4,3,4,4,1,4,4,1,4
3698,1,3,1,4,4,1,4,4,1,4,3,1,4
74296,4,2,4,3,5,4,5,5,4,2,2,4,5
36473,1,1,1,5,2,1,2,2,5,5,5,3,2
77257,4,4,4,1,5,5,4,2,2,4,2,5,5
69146,3,5,3,3,3,2,5,3,4,4,5,5,5
59516,2,2,3,2,2,4,4,4,4,4,4,3,4
4922,3,4,3,3,1,3,1,1,1,4,4,1,1
97843,4,4,4,2,4,4,4,4,5,2,4,3,4
30439,1,3,3,3,5,3,4,2,2,1,2,3,4
112751,4,0,5,3,1,5,1,1,4,2,4,4,1
129712,3,4,3,1,4,3,4,4,3,3,5,4,4
8719,2,5,5,2,2,5,1,2,4,5,2,4,2
48179,2,2,2,2,1,1,5,4,4,4,4,1,1
65115,1,5,1,3,3,1,3,3,3,3,5,4,3
33527,1,1,1,1,5,4,5,5,2,2,5,5,5
6615,4,4,2,4,5,5,4,2,2,2,2,5,5
97839,3,0,3,4,3,5,5,3,5,4,5,5,5
72789,4,4,4,4,4,4,4,4,2,4,3,3,4
45339,2,0,2,5,4,2,4,4,1,3,3,5,4
99703,3,3,3,3,5,5,5,4,4,4,4,3,4
81494,2,2,2,3,3,2,3,3,4,4,4,4,3
42674,3,4,4,4,3,3,3,3,1,4,3,3,3
110694,2,4,2,2,2,5,4,3,3,2,5,5,3
8992,0,0,0,3,2,4,5,4,4,4,4,5,5
45124,2,4,2,1,3,2,3,3,3,3,5,5,3
693,1,1,2,1,3,4,4,5,5,5,5,3,3
114255,4,4,4,4,2,1,1,4,4,4,4,5,4
116291,2,2,3,3,5,3,5,5,4,2,3,2,5
40174,4,4,4,4,5,2,5,4,4,4,4,4,5
97846,2,4,2,3,4,2,4,4,1,4,2,5,4
38198,5,2,2,2,5,5,5,5,3,4,5,4,5
23273,2,3,2,3,4,2,4,4,3,1,3,1,4
119395,2,1,2,3,2,2,4,2,1,1,3,3,2
94866,3,4,3,4,3,3,3,3,2,2,3,1,3
78708,0,5,0,2,3,5,5,5,5,5,5,5,3
4322,2,5,5,5,2,1,2,2,2,2,2,2,4
76311,4,0,4,1,4,4,4,4,5,5,5,4,4
76933,2,3,2,2,5,3,4,2,2,2,2,2,3
112123,2,2,2,4,2,2,2,2,1,5,4,2,2
99079,2,2,2,2,5,4,5,5,5,5,5,3,4
113863,4,3,3,3,4,4,4,4,5,2,2,3,4
69029,3,3,5,3,2,4,4,5,5,5,5,4,3
9993,3,5,3,3,2,3,2,2,5,2,4,4,2
91808,2,5,2,2,2,4,4,3,3,2,3,4,4
108664,2,2,2,4,2,2,2,2,5,5,5,4,2
93812,4,4,4,4,4,5,5,4,4,4,4,4,3
51415,3,2,0,3,3,0,3,3,1,1,2,3,3
39299,1,5,1,2,2,1,2,2,4,4,4,3,2
57467,2,4,2,3,4,2,4,4,4,2,4,3,4
50266,4,3,3,3,4,3,4,4,4,4,4,4,3
83172,2,4,5,4,2,2,2,2,1,4,2,4,2
41986,3,2,2,2,5,2,2,3,3,3,3,3,1
87037,4,3,4,1,3,4,3,3,4,5,4,3,3
100787,1,5,1,1,4,1,4,4,5,3,4,3,4
13645,0,5,0,5,5,1,2,5,5,5,5,1,1
106014,5,5,5,5,2,5,4,5,5,5,5,5,5
121625,3,4,3,1,3,5,5,2,2,3,1,5,3
53675,3,3,3,3,2,2,2,2,4,5,4,1,2
46798,4,4,4,2,4,4,4,4,5,5,4,5,4
70369,2,2,2,3,3,2,3,3,3,2,3,2,3
53524,1,5,1,2,1,2,2,3,4,1,2,2,2
109228,4,4,4,3,5,4,5,4,4,4,4,4,3
26059,3,5,3,3,5,5,5,1,1,3,1,4,4
31333,0,5,0,3,2,0,2,2,2,2,3,2,2
82983,5,5,3,5,3,5,4,3,3,3,3,5,5
48445,3,2,2,2,4,1,1,4,4,3,4,4,4
101829,3,5,3,3,5,3,5,5,4,4,4,3,5
86096,5,3,5,5,5,5,4,4,4,4,4,3,5
102147,3,3,3,3,5,4,5,4,4,4,4,5,4
14045,2,4,4,4,5,4,3,2,2,2,2,3,1
8745,2,5,2,2,5,2,2,5,1,1,4,4,5
24687,4,4,4,4,4,3,4,4,4,4,4,3,4
101364,2,2,2,3,3,2,2,3,2,2,3,4,3
30894,1,5,1,3,4,1,4,4,4,5,5,3,4
7513,2,2,2,2,3,5,4,2,2,2,2,3,4
126366,2,5,2,4,3,2,2,3,4,2,5,5,3
58044,1,1,1,4,1,1,1,1,3,3,5,3,1
69651,2,1,2,2,4,4,4,4,5,5,5,3,4
92784,3,4,3,4,1,3,3,1,3,1,4,1,1
119083,3,3,2,3,2,4,5,5,5,5,5,3,5
17001,3,3,3,3,3,3,3,3,5,1,1,3,3
110304,2,2,2,2,2,5,5,4,4,4,4,3,5
27093,1,1,1,1,5,5,5,5,3,2,4,2,5
197,4,2,4,4,5,4,5,5,5,5,5,5,3
112921,3,3,3,5,2,3,2,2,4,1,5,1,2
31791,4,2,2,2,4,4,4,3,2,3,5,4,4
65357,3,2,3,3,2,5,4,3,3,4,3,4,3
55683,3,3,3,3,4,5,4,5,5,5,5,5,5
38359,1,1,1,1,4,4,4,4,3,4,1,2,4
111347,4,2,4,4,4,5,4,5,5,5,5,4,4
45783,3,3,3,3,4,4,4,4,4,2,4,5,4
9895,2,2,2,5,4,2,4,4,4,5,5,4,4
13640,2,2,2,2,2,2,2,3,1,3,3,2,2
18512,2,3,3,3,4,4,3,2,2,2,2,1,4
28462,2,4,3,5,3,3,5,3,4,2,4,3,3
30172,4,1,4,3,3,3,3,2,2,4,2,4,2
104641,4,4,4,4,2,5,4,3,3,4,3,5,5
115358,1,3,3,3,1,1,1,1,2,1,4,4,1
67557,1,1,1,1,2,5,5,4,4,4,4,5,3
122665,2,3,3,3,2,3,3,2,2,2,2,1,2
66228,2,3,3,3,2,2,2,2,1,3,3,3,2
14685,5,5,5,5,4,2,1,5,5,5,5,1,1
3963,2,4,2,4,1,2,1,1,4,4,5,4,1
127957,4,3,3,3,1,4,1,1,2,3,3,4,1
11537,5,5,5,5,4,4,5,5,5,5,5,3,4
36359,4,2,5,5,4,5,4,4,1,1,5,1,4
109818,5,2,5,5,5,4,5,4,4,4,4,3,5
62651,2,5,2,3,1,2,3,1,1,1,4,3,1
42111,4,3,3,4,3,3,3,3,1,3,4,1,3
82579,2,5,5,5,2,2,2,2,3,2,3,1,2
84952,5,5,5,5,3,4,4,2,2,2,2,5,5
111486,4,3,4,4,4,4,4,4,3,1,3,3,4
85611,1,5,1,2,5,1,5,5,5,3,5,3,5
60189,1,1,5,1,3,5,5,5,5,5,5,3,4
8082,1,0,0,4,1,3,3,4,4,0,4,3,1
25684,1,1,1,1,2,4,5,2,2,2,2,5,4
105327,5,5,5,2,5,5,5,5,5,2,4,5,5
58588,2,3,3,4,1,3,1,1,4,2,4,4,1
37927,3,4,3,1,1,1,3,3,3,3,3,4,2
25938,2,1,2,3,2,2,2,2,3,3,4,1,2
61865,2,2,2,2,2,2,2,2,4,2,5,3,2
81562,1,4,4,4,2,4,4,1,1,2,1,1,2
79979,3,2,3,2,1,1,2,5,5,3,5,1,1
109539,2,4,2,3,4,3,4,4,4,2,4,5,5
18706,2,4,2,1,4,2,5,4,3,1,2,4,4
77152,3,3,3,2,5,5,5,1,1,3,1,2,3
112780,3,4,3,2,3,5,5,5,5,3,5,3,5
98049,4,4,4,4,5,5,5,5,3,3,4,4,5
6575,5,2,5,3,2,5,2,2,3,5,4,5,2
112228,1,4,1,4,4,3,3,1,1,1,1,2,4
93132,4,4,4,4,3,5,5,5,5,5,5,4,5
4762,2,2,2,2,3,4,4,5,5,5,5,3,3
51380,3,4,3,5,4,3,4,4,5,2,5,5,4
88484,3,0,3,2,3,3,2,3,2,1,2,1,3
15000,2,2,2,2,2,4,3,5,5,5,5,4,4
100466,5,5,5,5,3,5,5,4,4,4,4,5,3
98297,4,4,4,1,2,5,4,5,5,4,5,4,3
129767,5,4,4,4,5,4,5,5,2,4,3,1,5
92955,3,3,3,3,4,2,3,3,3,3,3,3,2
14156,5,5,3,5,4,5,4,4,4,4,4,4,5
70978,4,4,4,4,4,4,4,4,4,4,4,4,4
28550,2,2,2,3,3,2,3,3,3,3,4,3,3
11954,2,5,2,4,3,4,5,4,4,2,4,4,4
36676,4,5,4,1,2,4,2,2,5,3,4,4,2
82203,4,5,5,1,2,5,2,2,5,2,4,4,2
1249,2,1,2,3,4,2,4,4,4,1,4,4,4
89947,2,2,3,3,4,3,4,4,3,3,4,4,4
93387,5,5,5,5,5,4,5,5,5,3,4,4,5
66544,3,1,1,1,5,2,3,3,3,3,3,2,2
129652,5,5,3,5,2,5,4,5,5,5,5,5,4
104772,1,2,3,2,1,1,1,1,2,5,4,4,1
81665,2,2,2,4,1,2,1,1,4,3,3,3,1
25274,2,1,1,1,2,3,4,2,2,2,2,3,4
68672,4,5,5,5,4,3,4,4,4,4,4,4,2
73880,4,5,5,3,5,5,5,5,4,5,5,3,5
123409,1,1,1,1,4,5,5,5,5,5,5,5,5
29357,5,4,4,4,5,5,4,5,5,5,5,4,5
80788,4,4,4,4,4,4,4,4,3,5,5,4,4
50506,3,5,3,3,5,4,4,2,2,3,2,4,3
66733,1,3,1,3,1,1,1,1,3,2,3,1,1
16108,5,5,5,5,3,5,4,4,4,4,4,4,5
42107,4,5,3,3,4,4,4,4,2,5,4,4,4
41169,5,4,4,4,5,5,5,5,4,2,1,5,5
76765,5,5,5,5,2,4,4,4,4,4,4,3,5
34808,1,5,3,3,5,3,5,5,3,4,4,4,5
87027,3,4,3,3,5,4,5,1,1,3,1,4,3
122917,4,5,2,2,4,2,4,4,3,5,5,5,4
110468,2,2,2,2,2,2,4,2,1,4,1,4,2
79252,2,2,2,2,3,4,5,5,5,5,5,5,5
16408,1,5,1,1,3,1,3,3,5,4,5,3,3
63608,2,5,5,5,2,3,3,2,2,2,2,4,1
45118,1,5,1,2,3,5,5,3,3,1,3,5,4
59096,4,1,4,3,2,4,2,2,3,4,4,2,2
73580,0,5,0,2,4,4,5,5,5,5,5,4,4
57341,5,0,5,5,1,5,1,1,4,5,4,5,1
54920,3,4,3,3,1,3,1,1,4,4,4,4,1
116941,4,4,4,4,3,4,5,3,3,3,3,5,3
109498,2,2,1,2,4,4,4,4,3,5,5,4,4
3036,2,2,2,5,2,2,2,2,5,5,5,4,2
102776,4,3,3,3,4,4,2,4,4,4,3,4,4
118194,2,1,1,3,2,1,5,2,4,5,3,4,2
119994,3,5,5,5,2,4,4,3,3,3,3,3,1
88731,4,4,4,2,4,4,1,4,3,4,4,4,4
66473,3,3,3,2,1,3,1,1,1,5,2,3,1
96231,1,5,5,5,1,1,1,1,2,3,3,4,1
47437,5,2,2,2,5,5,5,5,3,5,5,5,5
54087,2,4,2,5,2,2,2,5,5,5,5,2,2
9158,1,5,5,5,2,4,4,1,1,1,1,1,3
103246,3,3,3,3,4,5,5,4,4,4,4,4,4
100375,2,4,2,3,3,2,3,3,5,3,5,5,3
15603,4,4,4,4,4,2,5,5,5,5,5,1,3
65526,2,4,1,3,1,1,5,1,3,5,3,4,1
106039,4,4,4,4,3,4,3,3,3,3,4,5,3
84437,1,1,1,1,5,5,5,5,3,3,5,3,5
76261,2,5,2,3,3,5,5,1,1,2,1,5,5
68504,4,5,5,1,1,5,1,1,3,4,5,3,1
85759,5,5,5,5,5,4,5,3,3,2,3,3,5
102388,1,1,1,1,5,5,3,3,3,3,3,5,1
121331,1,1,1,4,1,1,1,1,2,2,3,2,1
51783,4,5,0,4,4,0,4,4,3,3,4,4,4
128343,4,4,4,4,4,4,5,2,2,2,2,4,3
85433,1,0,0,4,1,0,1,1,4,4,4,5,1
21123,5,5,5,3,1,5,1,1,5,2,5,4,1
112585,3,3,3,3,5,5,5,5,5,4,5,4,5
113932,3,3,3,5,4,3,5,4,3,3,3,3,4
117116,1,1,1,1,4,2,5,5,5,5,5,5,5
60388,4,4,4,4,4,4,3,4,4,4,4,3,2
84819,1,1,1,3,2,1,2,2,4,3,5,4,2
108712,3,3,3,3,4,4,4,5,5,5,5,3,4
82275,2,2,2,2,2,2,2,2,2,3,4,2,2
15618,4,3,4,3,2,4,2,2,3,4,4,3,2
46832,2,3,3,3,1,3,1,1,5,4,3,3,1
89524,5,5,5,2,3,4,5,1,1,5,1,4,1
115029,1,5,1,1,5,1,5,5,5,4,4,3,5
77536,1,1,1,1,3,3,3,3,3,5,5,5,3
28016,2,2,2,2,2,2,2,2,3,3,4,3,2
21118,0,5,0,2,4,0,4,4,3,4,4,5,4
76858,4,2,4,3,4,4,4,4,2,3,2,3,4
38842,5,1,1,1,5,5,3,5,2,4,5,2,5
40771,4,4,4,4,5,5,5,5,4,2,3,4,5
115002,2,2,2,2,5,5,5,5,3,3,4,4,5
111314,3,0,3,1,1,3,1,1,5,3,5,5,1
87846,1,3,1,4,4,1,4,4,5,4,3,3,4
66038,4,4,4,4,5,4,5,5,5,5,5,3,3
111907,4,4,5,4,2,5,5,4,4,4,4,3,3
4508,3,4,3,3,2,3,2,2,1,5,4,1,2
104707,3,4,4,4,3,3,3,3,3,5,4,4,3
30104,3,1,3,2,2,3,2,2,1,1,2,2,2
86775,1,0,0,4,1,4,3,2,2,0,2,2,2
28861,1,1,1,1,5,4,2,3,3,2,3,1,2
52653,1,5,1,3,4,1,4,4,4,2,5,5,4
5957,4,4,4,4,1,4,3,4,4,4,4,2,2
39195,3,3,3,3,3,3,4,3,3,3,3,4,3
60468,3,3,3,3,2,2,2,2,3,4,4,3,2
123433,3,4,3,3,5,3,5,5,1,1,3,3,5
39676,1,1,1,4,1,1,2,1,2,1,4,2,1
5482,1,1,1,1,5,5,5,5,5,5,5,4,4
90208,2,3,2,3,2,2,2,2,4,5,4,4,2
43910,5,5,5,4,5,5,1,5,3,4,4,4,5
90029,0,0,0,5,2,0,2,2,5,4,5,4,2
120049,4,0,3,5,5,3,5,5,5,4,5,4,5
39092,5,1,1,1,5,5,5,5,4,3,4,1,5
38568,2,4,2,5,1,2,1,1,3,3,5,5,1
99422,1,4,5,2,4,5,5,4,4,5,4,5,3
115858,2,0,2,4,4,2,4,4,1,3,1,1,4
119908,3,5,3,1,3,3,3,3,3,2,1,1,3
55481,1,1,1,1,5,5,4,3,3,3,3,3,3
82231,3,1,1,1,3,3,3,4,2,1,1,3,3
56503,0,0,0,4,3,0,3,3,4,3,4,4,3
129119,3,3,3,4,5,3,5,5,3,5,4,5,5
95676,5,5,5,5,3,5,5,5,5,5,5,3,5
80473,4,4,4,5,1,4,1,1,5,2,3,4,1
80205,1,5,5,5,1,1,1,2,2,4,3,1,1
128845,4,2,4,3,4,5,5,1,5,2,3,5,5
62278,5,5,5,5,4,5,4,5,5,5,5,3,3
4712,5,5,5,5,5,5,5,5,4,2,1,1,5
116809,2,5,5,5,2,2,2,2,3,4,3,4,2
69497,3,3,3,3,5,3,5,5,3,2,3,2,5
29272,3,4,3,4,1,3,1,1,5,1,1,2,1
54054,4,4,4,3,1,4,1,1,2,3,1,2,1
62104,3,4,3,5,5,3,5,5,4,4,4,5,5
67484,2,3,2,3,5,2,4,5,3,1,3,4,5
2988,3,3,3,2,5,3,5,5,4,4,5,5,5
122225,4,0,4,2,4,4,2,4,5,4,5,5,4
51470,3,2,2,2,3,3,3,3,2,3,4,2,3
117502,1,5,1,4,1,1,1,1,5,4,4,3,1
116518,5,1,5,3,5,5,5,5,4,4,1,3,5
89380,4,4,4,4,3,5,5,5,5,5,4,4,3
95262,1,4,1,3,2,4,4,3,3,1,3,2,1
86602,2,2,2,4,4,2,4,4,5,5,5,5,4
63462,4,3,3,2,3,4,3,3,2,3,3,4,3
69839,5,5,5,5,3,2,3,4,4,4,4,4,1
28130,3,2,2,2,3,3,3,3,4,5,3,4,3
95110,2,4,2,2,3,4,4,5,5,2,5,4,3
103811,2,2,2,2,2,4,4,4,4,4,4,4,5
7871,4,4,4,4,5,5,4,4,4,4,4,3,3
43544,2,3,3,3,2,1,2,2,1,1,4,4,2
96191,2,2,2,2,5,5,5,5,5,5,5,4,5
15851,4,4,5,4,5,5,5,5,4,1,2,2,5
110783,2,5,5,5,2,2,2,2,4,3,3,4,2
4832,5,5,5,5,2,4,5,4,4,4,4,3,4
9282,1,2,2,2,1,1,1,1,4,2,3,1,1
8620,2,2,2,2,2,4,4,4,4,4,4,4,3
7087,1,1,4,4,2,3,3,1,1,1,1,4,4
23640,1,4,1,1,5,1,3,5,5,2,5,5,5
124559,2,2,2,2,4,5,5,4,4,4,4,3,4
12195,1,2,1,2,4,1,4,4,3,1,2,3,4
32006,3,2,0,2,5,0,5,5,3,4,2,1,5
74445,3,3,3,3,3,5,4,5,5,5,5,5,4
12126,5,2,2,2,5,5,5,5,4,2,2,3,5
8713,4,4,2,2,1,2,1,1,4,3,4,5,1
103539,2,2,2,2,3,5,4,5,5,5,5,3,5
103897,2,5,4,5,2,2,2,2,1,2,3,2,2
77043,1,1,1,1,5,4,5,3,3,3,3,5,3
103532,1,4,1,1,5,4,4,5,5,5,5,5,3
81611,1,5,1,1,1,2,2,4,4,5,5,2,2
38525,4,4,4,4,4,4,4,4,5,2,5,2,4
107026,4,4,5,4,3,4,5,5,5,5,5,3,5
70413,3,5,3,2,2,3,5,2,4,5,5,3,2
95079,2,2,2,4,5,2,5,5,1,5,4,2,5
60158,1,4,1,4,1,1,1,1,4,1,4,3,1
44130,4,4,4,4,5,5,5,5,3,5,5,4,5
4876,4,5,2,1,3,2,3,3,3,1,2,4,3
19796,3,2,4,2,5,4,5,5,4,4,3,4,5
26061,3,2,3,2,3,3,3,3,1,4,4,1,3
127250,5,5,5,5,2,5,5,4,4,4,4,3,3
101247,3,3,3,3,5,3,5,5,5,5,5,3,5
56139,4,4,4,4,3,4,4,5,5,5,5,5,3
79990,2,1,2,4,1,2,4,1,2,4,2,3,1
29246,3,3,3,3,4,3,4,4,3,5,1,4,4
19188,1,0,2,3,4,2,4,4,5,4,2,2,4
98715,2,3,3,3,2,2,2,2,3,1,2,1,2
38333,4,4,4,4,2,1,3,5,5,5,5,3,5
122679,1,4,4,4,1,1,1,1,4,1,2,3,1
57822,3,3,3,3,3,3,3,3,2,3,3,1,3
116078,3,5,3,1,3,3,3,3,5,5,4,3,3
16341,5,5,5,5,5,5,5,5,4,5,5,2,5
16585,3,1,3,1,1,3,2,1,4,4,1,2,1
9866,5,5,5,5,3,4,5,4,4,5,4,4,3
72388,3,3,3,3,4,4,4,3,3,3,3,5,4
95352,3,4,3,3,1,4,3,2,2,3,2,2,4
64418,3,4,3,1,1,3,1,1,4,2,5,5,1
94233,3,3,3,4,2,3,2,2,4,4,4,5,2
10974,2,0,1,2,2,1,2,2,1,5,5,4,2
122670,5,5,5,5,4,4,5,4,4,4,4,4,4
5762,1,4,1,4,3,1,4,3,1,3,3,3,3
116017,2,2,2,1,3,1,2,5,5,2,5,4,3
128882,3,2,2,2,3,3,3,1,3,4,3,3,3
38308,2,1,2,3,2,5,2,3,3,2,4,2,2
84789,4,5,5,1,4,5,4,4,5,5,5,3,4
65899,5,5,5,3,5,5,5,5,3,2,5,4,5
5448,3,3,3,3,3,3,3,3,1,3,4,2,3
94369,1,1,1,1,2,4,5,5,5,5,5,4,4
118344,1,5,1,3,3,1,3,3,4,3,4,4,3
58164,2,2,2,2,4,4,4,4,4,4,4,5,4
25554,2,4,2,4,1,2,1,1,1,4,4,1,1
93296,1,3,3,3,1,1,1,1,1,1,3,1,1
105224,3,4,3,3,3,3,3,3,3,4,4,3,3
114110,1,1,1,1,2,4,4,4,4,4,4,4,4
26521,5,5,5,5,5,1,1,4,4,5,4,5,4
64448,2,4,4,4,2,2,2,2,3,1,3,1,2
111171,2,3,3,3,2,4,4,2,2,2,2,3,2
14592,2,5,2,5,4,2,4,4,2,2,1,1,4
46664,5,3,5,5,4,1,2,5,5,4,5,5,1
34573,2,5,2,5,1,2,1,1,5,1,4,4,1
65764,3,3,3,3,1,3,3,1,2,3,3,3,1
62156,1,1,3,1,4,4,5,5,5,5,5,4,4
128543,3,3,3,3,4,4,4,4,3,2,4,5,4
72672,3,1,3,2,5,2,2,1,1,3,1,3,2
73330,2,4,4,4,2,3,3,1,1,2,1,2,2
47272,3,4,3,1,4,3,4,4,5,3,1,2,4
112255,2,2,2,2,3,5,4,4,4,4,4,5,4
66301,1,1,1,1,5,4,5,4,4,4,4,5,4
115948,3,0,3,3,4,3,4,4,5,2,4,3,4
73537,5,0,5,2,5,5,5,5,5,3,5,4,5
121852,1,3,3,3,1,1,1,1,1,1,3,4,1
115414,5,0,0,1,1,5,1,1,5,4,4,4,1
9363,3,5,4,4,4,4,3,3,3,3,3,3,4
15684,3,1,1,1,3,3,4,3,1,3,4,3,3
35845,1,1,1,2,2,1,2,2,1,4,4,3,2
119016,3,3,3,3,4,4,5,5,5,5,5,3,3
127548,2,5,2,2,4,4,4,3,3,2,3,4,4
49178,3,3,3,3,3,3,3,3,3,2,4,4,3
41564,2,2,2,2,4,2,4,4,4,4,1,3,4
82657,2,1,2,4,2,5,3,3,2,4,3,3,3
86546,4,4,3,4,5,4,5,5,5,5,5,4,5
61472,5,5,5,5,4,4,5,5,5,5,5,5,3
5560,3,5,3,3,2,4,4,5,5,5,5,3,3
36730,4,2,4,3,1,2,4,3,3,4,3,4,1
58933,3,4,3,4,3,3,3,3,5,3,5,5,3
90149,4,4,4,4,2,5,5,4,4,4,4,4,4
92294,4,4,4,4,5,4,5,5,5,5,5,5,4
114568,1,4,1,2,3,5,4,5,5,1,5,4,4
46275,1,5,1,2,1,1,1,1,2,4,1,1,1
62616,3,2,3,4,1,2,4,2,2,3,2,4,2
38097,1,4,2,4,1,1,1,1,1,3,4,4,1
67677,1,1,1,1,4,5,4,3,3,3,3,4,5
81186,3,0,3,1,3,3,3,3,4,5,5,3,3
98026,3,2,2,2,3,2,3,3,4,4,3,3,3
23244,3,2,2,2,4,1,1,3,3,3,3,3,3
80712,3,3,5,3,2,5,4,1,1,2,1,3,3
70783,3,3,3,3,4,4,5,5,5,5,5,5,5
87361,4,4,4,4,4,4,4,5,5,5,5,5,4
57182,3,4,3,5,3,3,3,3,4,2,5,4,3
22535,1,5,1,2,1,1,1,1,5,3,3,2,1
75538,0,0,0,1,2,5,4,2,2,2,2,5,5
2180,1,3,3,3,1,1,1,1,2,1,3,2,1
37778,5,2,2,2,5,5,5,2,2,3,4,5,5
99279,3,2,2,2,3,2,3,3,1,3,4,4,3
655,0,5,0,3,4,4,5,1,1,1,1,4,4
15838,1,1,1,3,1,1,2,4,2,4,4,2,2
65684,1,2,1,3,2,1,1,2,4,4,3,2,2
75070,1,1,1,1,3,5,4,4,4,4,4,4,5
8061,3,2,2,2,3,3,3,3,4,4,3,4,3
79545,4,2,4,4,5,5,5,5,5,4,5,3,3
80037,3,4,3,5,3,4,4,4,5,4,5,4,4
107874,2,4,2,3,3,4,3,4,4,2,4,5,4
4619,1,4,1,1,3,1,3,3,5,2,5,3,3
123637,3,2,3,3,4,4,5,4,5,2,5,5,4
6414,2,5,2,1,2,4,4,5,5,2,5,5,3
40054,4,5,3,1,5,3,1,5,4,3,5,4,5
122042,0,5,0,2,5,5,5,4,4,4,4,4,5
61729,4,4,1,1,4,4,4,4,3,3,5,2,4
122574,1,4,1,4,3,1,3,3,4,4,3,1,3
85628,1,5,1,2,3,4,5,2,2,1,2,5,3
29419,3,1,2,1,3,3,3,1,2,1,3,3,3
9082,4,5,4,3,5,4,5,5,4,2,5,3,5
121522,2,2,2,2,2,5,5,4,4,4,4,4,5
74274,5,5,5,5,5,5,5,4,4,5,4,5,3
24374,5,5,5,2,4,5,4,4,2,3,5,5,4
29053,1,2,1,3,5,1,5,5,4,4,4,1,5
35526,4,5,4,3,4,4,4,4,4,1,3,4,4
85382,1,2,2,2,3,2,1,4,4,4,1,1,2
102304,3,3,4,3,3,5,4,4,4,4,4,5,5
67725,2,3,3,3,2,2,2,2,4,1,4,4,2
95290,3,4,3,1,3,3,3,3,5,3,5,3,3
44996,1,4,2,4,1,1,1,1,1,2,2,2,1
68864,1,1,1,1,3,5,5,4,4,4,4,5,5
125776,1,1,1,1,2,5,5,3,3,3,3,3,3
79788,1,1,1,1,5,4,5,5,5,5,5,5,4
125227,2,2,2,2,4,5,4,4,4,4,4,5,3
90324,3,3,5,3,5,5,5,4,4,4,4,4,3
107403,3,3,3,3,4,4,4,4,4,3,5,4,4
52240,3,2,2,2,3,2,3,3,3,3,3,4,3
68897,2,4,4,4,2,2,2,2,3,5,3,2,2
27738,1,1,1,1,4,4,4,4,3,5,5,1,4
72978,1,1,1,4,5,1,5,5,3,1,4,1,5
34414,3,4,3,3,2,3,2,2,3,2,5,3,2
22426,2,4,2,2,5,2,5,5,3,5,5,5,5
78330,4,4,4,4,5,5,4,4,4,4,4,4,4
84446,3,1,3,3,4,4,4,4,4,4,4,5,4
112591,5,2,5,3,3,5,3,3,3,2,4,5,3
21348,1,2,2,2,5,4,3,1,1,1,1,1,1
101670,3,2,3,4,3,3,3,3,1,3,3,1,3
97346,1,2,2,2,4,3,3,1,1,1,1,3,3
118600,3,3,3,3,2,5,4,5,5,5,5,3,5
41075,4,3,4,4,5,2,1,5,5,5,5,2,2
22098,3,5,3,1,2,3,2,2,4,5,5,4,2
113719,4,4,4,2,4,4,4,4,4,2,4,5,4
59295,3,5,3,4,4,3,4,4,4,3,2,3,5
29712,3,3,3,3,2,5,2,5,5,5,5,4,2
100637,3,2,2,2,3,3,3,3,2,1,1,3,3
18784,5,5,5,5,5,2,2,4,4,4,4,5,4
15719,4,4,4,4,4,3,4,4,4,4,4,3,3
66181,4,4,5,4,4,4,4,5,5,5,5,5,3
25920,5,5,5,5,4,4,4,4,2,5,5,3,4
128914,2,5,1,3,2,4,5,1,1,1,1,5,4
101331,3,3,3,3,3,3,3,3,4,4,5,4,3
110774,4,4,4,4,2,4,4,4,4,4,4,3,5
66221,3,2,2,2,3,3,3,3,3,4,4,2,3
3142,4,3,3,3,4,4,4,4,1,1,3,3,4
93107,2,2,1,2,3,5,4,2,2,2,2,3,3
84776,5,5,5,5,5,5,5,5,3,5,4,5,5
83143,1,2,2,3,3,2,3,3,4,3,4,2,3
23519,1,4,5,3,2,5,2,2,4,3,5,3,2
24063,4,5,5,5,4,4,4,4,2,3,5,1,4
125623,4,4,2,4,4,5,4,5,5,5,5,4,3
49920,4,0,4,1,5,4,5,5,5,4,5,2,5
48070,1,1,1,1,1,4,4,1,1,1,1,3,2
113430,0,5,0,1,4,4,5,4,4,5,5,5,5
87178,3,4,4,4,3,4,3,3,2,4,4,4,3
67170,1,4,1,5,4,1,4,4,3,2,5,3,4
126943,4,4,4,4,4,4,4,4,5,2,5,3,4
33379,3,2,3,4,4,3,4,4,2,1,3,2,4
79672,5,4,5,3,2,5,2,2,4,2,4,5,2
65033,2,4,2,2,5,2,4,5,4,2,5,5,5
82737,3,3,3,3,5,5,4,5,5,4,5,4,4
6161,4,1,1,1,4,4,4,4,1,2,3,3,4
23682,5,2,5,2,5,5,5,5,3,3,3,1,5
11590,1,5,5,5,1,1,1,1,1,1,4,3,1
83480,4,1,3,3,4,4,4,4,1,1,4,2,4
125249,2,5,5,5,2,2,3,2,3,2,3,2,2
87384,2,5,5,5,2,2,2,2,2,2,2,3,2
10588,4,4,4,1,5,4,5,5,5,2,5,5,5
110977,3,2,2,1,1,3,1,1,4,5,5,3,1
10337,1,1,1,1,4,4,4,4,3,5,5,4,4
107152,1,1,1,1,4,1,4,4,3,5,4,5,4
45931,2,4,2,3,4,2,4,4,4,1,4,1,4
13357,1,4,5,4,1,1,1,1,3,4,3,2,1
71550,1,1,1,1,3,5,4,3,3,4,3,3,3
55209,1,1,1,1,3,4,5,5,5,5,5,3,5
87863,2,3,2,5,3,5,1,3,3,2,3,3,3
45617,2,0,2,4,3,2,3,3,4,3,3,3,3
73336,5,5,5,1,5,5,5,5,3,2,4,4,5
127859,3,3,3,3,4,4,4,5,5,5,5,5,5
40902,1,3,1,4,4,1,1,4,4,5,3,1,4
16681,5,5,5,5,5,5,4,5,3,3,3,1,5
94606,1,4,1,4,3,3,3,1,1,1,1,2,3
104961,0,1,0,5,4,0,2,4,3,3,4,5,4
1522,5,5,5,5,3,4,4,2,2,2,2,3,4
772,3,3,3,3,2,4,4,2,2,2,3,4,3
81361,4,4,4,4,5,4,5,5,3,3,4,5,5
16147,0,5,0,3,3,3,3,3,1,2,2,4,3
47755,4,4,4,4,5,5,5,2,4,5,1,5,5
37300,4,2,5,2,2,4,2,4,4,4,4,4,2
70384,4,4,4,4,4,4,4,4,4,5,4,3,3
102747,3,1,3,3,5,5,5,5,5,5,5,4,4
96009,2,2,2,2,5,5,5,5,5,3,4,5,5
71432,2,2,2,4,3,2,2,3,5,4,5,3,3
95046,2,4,2,4,4,2,4,4,5,4,5,5,4
61982,2,5,2,4,5,5,5,4,4,2,4,3,1
118503,4,4,4,2,2,4,2,2,5,4,4,4,2
8989,3,2,2,3,2,3,4,3,3,2,3,3,4
106487,2,4,2,3,2,4,5,4,4,2,4,5,5
5751,4,4,4,4,2,2,2,2,5,4,4,5,2
6626,1,1,1,1,1,1,1,1,3,3,3,2,1
11855,2,3,2,2,5,5,5,5,4,3,5,5,5
120101,4,4,4,4,2,4,5,5,5,5,5,3,5
2741,3,3,3,3,3,3,3,3,1,2,3,4,3
40352,2,2,2,2,5,5,4,5,5,5,5,1,3
65228,3,3,3,3,2,5,5,4,4,4,4,5,5
88934,5,5,3,5,4,4,4,4,5,5,5,3,4
38593,2,1,3,1,2,2,2,2,3,2,3,4,2
4565,4,4,4,4,3,4,3,3,4,5,5,5,3
41675,5,5,5,1,4,5,4,4,5,3,5,5,4
70048,3,5,3,1,2,3,5,2,4,5,5,5,2
7079,0,5,0,1,4,5,4,5,5,5,5,5,4
71503,5,5,5,5,2,4,5,5,5,5,5,4,5
14546,1,4,1,1,3,1,3,3,4,4,4,4,3
7032,1,4,1,1,3,1,4,3,4,4,4,5,3
99709,3,3,3,3,2,5,4,5,5,5,5,4,5
45664,4,1,4,4,5,4,3,4,4,4,4,3,3
62167,3,3,3,3,1,3,3,3,3,3,3,1,4
66567,1,4,1,3,1,1,5,2,2,1,2,1,3
5422,3,4,3,1,4,3,4,4,3,4,5,4,4
96708,2,2,2,2,4,4,4,4,4,4,5,3,4
85314,1,3,1,3,5,1,5,5,2,2,3,1,5
22770,4,0,4,3,2,4,2,2,1,5,3,3,2
90510,3,3,3,3,3,4,4,2,2,2,2,4,4
92954,3,3,3,3,2,5,5,5,5,5,4,5,5
118204,1,1,1,3,3,1,1,3,1,3,3,1,3
19548,0,5,0,2,2,3,1,5,5,5,5,4,3
82057,2,5,2,3,3,2,3,3,4,3,3,5,3
63402,2,3,2,3,4,2,4,4,1,2,4,3,4
99211,3,2,2,4,5,2,5,5,5,2,4,4,5
108826,5,5,5,5,3,4,4,4,4,4,4,3,5
80785,4,4,2,4,2,5,4,4,4,4,4,4,4
85029,2,4,2,2,5,2,5,5,5,5,5,3,5
28741,2,2,2,2,4,4,5,4,4,4,4,4,1
69937,1,1,1,1,5,1,5,5,4,5,3,5,5
14201,0,0,0,1,2,5,1,2,2,2,2,1,2
89412,4,3,3,3,2,3,4,3,3,3,4,2,3
122226,5,0,5,1,2,5,2,2,4,2,4,4,2
95895,3,4,3,4,3,3,3,3,1,4,4,2,3
5124,4,4,4,4,3,5,4,5,5,5,4,3,5
15890,2,4,2,4,5,2,5,5,3,4,5,3,5
6387,4,5,5,5,5,4,3,4,4,4,4,3,3
31856,4,4,4,4,3,4,3,3,1,4,5,5,3
123415,4,4,4,4,5,2,4,5,5,4,5,4,3
105067,2,3,3,4,3,3,3,3,1,4,4,1,3
560,4,4,4,4,5,5,4,5,3,2,4,5,5
114990,4,0,4,3,2,4,2,2,4,2,4,3,2
94076,3,4,4,4,3,3,3,3,3,2,3,1,3
95585,2,3,3,4,5,3,5,5,2,2,4,1,5
123025,1,1,1,5,4,1,4,4,4,5,4,4,4
38034,4,4,4,4,5,5,2,4,4,5,4,2,1
108200,3,5,3,4,5,3,5,5,3,4,4,5,5
68493,2,1,2,3,3,2,3,3,4,3,2,2,3
34002,4,1,1,1,4,4,4,4,1,4,3,4,4
115926,4,2,2,2,2,3,4,4,4,4,4,1,2
97405,2,2,2,2,3,5,4,2,2,2,2,4,3
34329,5,5,5,5,5,5,5,5,4,1,4,2,5
123957,1,3,5,3,2,5,2,2,3,4,3,4,2
43267,4,4,4,4,1,5,1,4,4,4,4,4,3
11984,2,1,2,3,4,2,4,4,1,5,4,4,4
92003,1,1,1,1,3,5,4,4,4,4,4,5,5
95206,1,3,1,3,3,1,2,3,3,1,5,3,3
78535,5,1,5,3,2,5,2,2,1,2,3,4,2
4673,2,4,2,4,4,2,3,4,3,3,4,4,4
15480,0,4,0,2,4,0,4,4,4,2,5,4,4
120495,3,3,3,3,3,4,4,3,3,3,3,5,4
32948,3,5,3,2,5,3,5,5,3,2,5,4,5
69585,1,0,2,3,2,2,2,4,1,3,5,2,2
115051,2,2,2,1,1,2,2,1,3,5,4,5,1
107309,3,5,3,4,5,5,5,1,1,3,1,4,3
70106,5,0,5,3,3,5,3,3,3,3,4,3,3
94799,2,4,4,4,2,2,2,2,4,5,3,4,2
78648,5,5,5,5,1,5,5,3,3,3,3,2,3
85276,2,4,2,5,1,2,1,1,5,3,4,3,1
105004,2,3,2,2,1,4,4,3,3,2,3,4,3
37356,5,2,2,2,5,5,5,5,5,2,4,2,5
100901,4,0,3,3,5,3,5,5,5,5,4,5,5
126163,4,4,3,4,3,5,4,5,5,4,5,4,3
85576,3,1,1,1,4,4,3,3,3,3,3,2,3
78681,1,1,1,1,4,5,4,5,5,5,5,4,4
5815,2,5,2,2,1,2,1,1,5,5,5,5,1
5084,1,1,1,4,5,1,5,5,4,2,4,2,5
1859,4,4,4,4,5,4,5,4,4,4,4,3,5
24079,2,4,2,3,2,2,2,2,4,5,5,3,2
30702,1,5,1,2,1,1,2,1,3,3,4,5,1
97706,4,5,4,2,4,4,4,3,3,4,3,5,3
16633,5,3,3,3,5,5,4,5,2,3,1,4,5
6114,3,3,3,3,5,4,5,3,3,4,3,5,3
45896,4,5,5,4,1,5,1,1,1,3,3,3,1
30005,3,4,4,4,1,3,3,0,0,1,3,3,2
52839,5,5,5,5,5,5,5,5,1,3,5,3,5
51634,3,4,3,3,4,3,4,4,3,4,2,5,4
36470,2,2,2,2,5,4,5,5,5,5,5,2,3
79815,3,3,3,3,2,5,5,4,4,4,4,5,3
10352,0,0,0,5,2,4,4,3,3,3,3,4,5
34009,3,3,3,3,4,3,4,4,4,1,2,4,4
56920,3,5,5,5,3,3,3,4,2,3,3,3,3
12630,0,0,0,1,1,0,1,1,3,4,2,5,1
55352,5,5,5,5,4,4,4,4,5,2,5,5,4
93712,3,5,3,2,1,3,1,1,4,4,4,3,1
116946,1,1,1,1,4,5,5,4,4,4,4,5,5
106724,1,1,1,1,5,4,5,4,4,4,4,4,4
30165,4,1,4,4,4,4,4,4,1,4,3,4,4
80328,2,5,2,4,2,4,4,5,5,4,4,4,4
50169,4,4,4,4,5,3,4,4,4,4,4,4,3
79648,3,5,5,5,3,3,3,3,3,2,4,4,3
64420,2,4,2,4,5,4,4,3,3,2,3,4,4
90821,4,0,4,3,2,4,2,2,4,5,5,3,2
81139,5,5,5,5,3,4,5,4,4,5,4,3,4
72257,2,3,3,3,3,2,3,2,2,2,2,4,1
129519,1,3,1,4,3,1,2,3,1,1,2,1,3
82003,4,4,4,4,1,1,2,4,4,4,4,2,1
44471,1,5,1,3,2,5,5,4,4,1,4,5,4
119562,1,4,1,1,2,4,4,1,1,1,5,5,5
25543,3,4,3,4,5,3,2,5,2,5,4,1,5
23019,0,0,0,1,2,0,2,2,2,2,5,1,2
9882,4,4,3,4,5,4,5,5,5,4,5,3,5
22072,5,5,5,1,2,5,2,2,4,3,4,4,2
116977,0,5,0,5,3,0,3,3,5,3,5,4,3
29612,3,2,2,2,3,3,3,3,2,3,4,1,3
121878,2,2,2,2,3,3,3,5,5,5,5,1,1
52376,2,5,3,1,5,3,5,5,5,4,1,4,5
22772,4,1,4,1,4,4,4,4,1,5,2,2,4
72431,2,1,1,1,3,1,3,3,5,5,5,4,3
19832,2,3,2,3,1,2,1,1,1,4,3,5,1
35009,4,1,5,1,4,4,5,4,5,1,5,4,4
94910,1,1,1,1,2,5,1,5,5,5,5,3,5
75842,1,1,4,1,4,5,5,4,4,4,4,4,4
119542,2,5,2,4,2,5,5,4,4,2,4,3,3
99642,4,4,4,4,4,4,4,4,5,3,4,3,4
92143,2,3,4,3,2,2,2,2,3,4,3,1,2
10416,2,2,2,2,3,4,4,3,3,4,3,4,4
20269,1,1,1,1,1,3,3,5,5,5,3,5,3
18091,2,3,3,3,2,2,2,2,4,4,1,2,2
57468,2,2,2,2,1,3,3,2,2,2,2,3,4
19280,2,5,2,1,5,2,5,5,4,3,4,5,5
49364,0,5,0,2,3,3,3,2,2,2,2,3,1
29468,5,0,5,3,3,5,5,3,4,5,5,5,3
85480,5,5,5,2,4,4,5,4,4,5,4,4,5
114721,1,1,3,1,2,5,5,5,5,5,5,5,5
106021,4,4,4,4,4,4,5,5,5,5,5,3,5
71835,3,1,3,3,3,3,3,3,1,2,4,2,3
29135,1,4,1,1,5,4,5,3,3,1,3,4,4
28480,3,5,5,5,3,3,3,3,3,5,4,4,3
111393,3,5,4,3,5,4,5,5,3,5,4,3,5
123764,2,2,2,2,4,5,4,4,5,2,4,4,4
55497,4,3,3,3,4,4,4,4,1,3,4,3,4
52760,3,3,3,3,4,4,4,4,1,3,4,4,4
8846,5,5,5,5,5,5,5,5,3,2,4,3,5
78943,2,2,2,2,5,4,5,5,4,3,5,4,5
46274,3,1,3,4,1,3,1,1,1,5,3,1,1
59378,2,2,2,3,3,2,5,3,2,4,3,1,3
99354,3,4,3,3,2,4,3,4,4,3,4,4,1
125750,4,4,4,3,2,4,2,2,2,1,3,2,2
50148,2,1,1,3,4,1,4,4,2,2,4,3,4
109803,2,2,2,2,5,4,5,2,2,2,2,4,5
43081,5,1,5,3,3,3,4,5,5,5,5,2,3
78969,1,1,1,1,5,5,5,5,5,5,4,5,5
13329,4,3,3,4,2,3,2,2,3,2,4,1,2
64925,5,5,5,5,5,5,4,5,5,5,5,4,5
88520,3,4,3,3,5,3,3,5,3,5,4,5,5
101158,3,5,5,5,5,2,1,3,3,3,3,2,2
75632,1,4,1,3,3,1,1,3,5,4,5,4,3
2877,3,3,5,2,5,1,1,4,3,5,4,1,1
53632,2,1,2,1,3,2,3,3,2,2,2,1,3
83704,3,1,2,2,5,1,1,5,5,2,4,3,2
60387,3,3,3,3,2,5,5,4,4,4,4,3,5
111762,3,4,3,3,4,3,4,4,4,5,4,2,4
6598,3,1,3,3,3,3,3,3,1,2,3,4,3
84621,2,2,2,4,5,2,3,5,2,3,3,1,5
5687,3,1,1,1,3,3,3,3,3,5,3,3,3
62706,3,3,3,4,3,3,3,2,2,4,3,3,3
115546,2,3,3,3,5,3,4,2,2,2,2,1,1
111342,1,5,1,2,3,1,3,3,5,2,4,3,3
52796,4,3,4,4,2,1,3,4,4,4,4,3,4
121261,2,3,1,3,5,1,5,5,4,4,3,5,5
129508,1,4,4,4,1,1,1,1,3,3,2,3,1
5623,2,5,2,5,2,1,3,2,2,2,4,3,2
33667,1,3,1,3,4,1,4,4,4,5,3,2,4
87972,3,4,3,3,4,4,4,4,4,2,5,3,4
94851,0,5,0,5,2,4,5,4,4,4,4,5,3
69315,3,3,3,2,5,3,5,5,3,2,4,3,5
53532,4,4,4,4,5,3,1,4,4,4,4,5,3
364,3,3,3,5,5,3,5,5,4,5,5,3,5
47112,4,4,4,4,1,2,3,4,4,4,4,3,5
740,2,2,2,2,4,4,4,4,5,2,5,3,4
106255,5,3,5,4,4,5,4,4,5,5,5,5,4
127560,2,2,2,2,5,5,5,5,4,5,3,5,5
126780,3,2,2,2,2,3,4,3,3,3,3,1,4
12305,0,3,0,5,3,3,3,3,4,3,3,3,3
24837,2,5,2,2,5,4,5,5,5,2,5,4,3
69237,2,3,1,3,2,2,2,2,1,2,2,3,2
40030,1,5,1,3,4,1,4,4,4,2,5,4,4
99624,4,4,4,4,3,4,3,3,3,5,3,1,3
31528,1,5,1,3,2,1,1,2,3,3,4,3,2
10972,4,0,5,2,3,5,3,3,4,2,3,2,3
52524,2,2,2,2,5,5,3,5,2,4,4,4,5
2458,3,3,3,1,3,3,1,3,4,2,4,4,3
45422,3,4,5,4,3,3,3,3,1,2,4,2,3
56763,3,3,3,3,2,3,2,2,3,1,4,4,2
2136,1,4,1,2,4,1,4,4,3,5,5,4,4
60777,3,5,3,1,3,4,4,4,3,3,3,4,4
114594,1,5,1,1,2,5,4,4,4,4,4,3,5
113809,3,5,5,5,1,3,4,3,3,3,3,3,3
83541,1,1,1,1,3,4,4,3,3,3,3,5,4
16281,3,3,3,4,5,4,3,3,3,3,3,3,1
82398,3,5,5,5,3,3,3,3,4,3,3,4,3
77810,1,5,1,3,5,1,4,5,5,2,5,4,5
53152,4,3,3,3,4,4,4,4,3,3,2,5,4
79630,3,5,5,5,5,3,4,3,3,3,3,2,3
107435,2,4,2,5,3,4,5,4,4,2,4,4,3
37641,2,4,2,3,4,2,4,4,4,3,4,3,4
47335,2,4,2,1,2,2,3,2,5,5,1,3,2
102706,3,4,4,4,3,4,1,3,4,3,4,4,3
95588,2,2,2,3,1,2,1,1,3,3,4,3,1
23747,1,1,5,1,4,4,4,4,4,1,4,1,4
121062,1,5,1,3,4,1,4,4,3,2,4,4,4
22788,2,0,2,3,5,2,5,5,1,3,4,3,5
30268,2,2,2,4,5,2,5,5,1,3,4,4,5
47465,5,0,5,1,5,5,5,5,2,4,3,2,5
3586,2,2,2,2,2,5,4,4,4,5,4,3,5
83755,3,5,2,2,5,4,4,2,2,2,2,4,3
34246,2,2,2,2,3,2,3,3,1,3,3,3,3
82115,2,4,2,1,1,2,1,1,5,5,4,5,1
126422,2,1,1,4,3,2,1,3,3,2,3,3,3
109412,4,4,4,4,5,4,4,5,5,5,5,3,3
34838,4,4,0,4,1,0,2,1,2,1,4,3,1
127065,2,2,2,2,3,4,5,5,5,5,5,4,5
21677,1,1,1,1,1,2,3,5,5,5,5,1,5
49899,2,0,2,3,5,2,1,5,5,5,2,1,5
35200,1,1,1,3,4,1,4,4,4,4,4,2,4
77449,1,1,1,1,2,4,4,3,3,3,3,4,3
14459,5,4,4,4,5,5,5,5,5,1,1,3,5
16513,4,4,4,4,4,4,4,4,2,4,1,2,4
39531,4,4,4,3,1,4,1,1,3,5,5,4,1
44613,2,4,2,3,1,2,1,1,3,4,4,3,1
3078,3,4,5,5,1,3,3,3,3,2,3,2,4
68551,2,2,2,4,3,2,3,3,3,4,3,1,3
100152,3,4,4,4,3,3,3,3,3,4,4,3,3
6069,2,1,2,3,2,2,5,2,3,3,3,4,2
111273,2,2,4,2,4,4,4,2,2,2,2,3,5
51524,5,5,5,5,5,5,2,4,4,4,4,2,3
8471,3,5,4,5,3,4,5,3,3,4,3,3,5
7984,5,5,5,5,2,5,5,5,5,5,5,3,4
89087,2,3,3,4,3,2,3,3,2,2,3,3,3
121587,0,0,0,3,1,0,1,1,3,1,2,4,1
81018,1,1,1,3,3,1,3,3,3,1,2,1,3
17254,2,2,2,2,3,4,1,4,4,5,4,5,2
68007,2,2,2,2,3,5,4,4,4,4,4,4,4
21396,0,3,0,2,5,0,5,5,5,3,2,4,5
66008,5,5,5,5,4,5,4,3,3,2,3,4,5
5234,1,1,1,1,4,4,5,4,4,4,4,5,5
62661,1,2,2,2,3,3,4,1,1,1,1,3,3
3433,1,1,1,4,1,1,1,1,3,4,3,2,1
116311,1,4,2,2,1,4,2,5,5,2,5,1,1
122165,4,4,4,4,2,4,5,5,5,4,5,5,4
97401,2,5,3,1,4,3,4,4,4,4,4,4,4
58346,4,1,4,4,4,4,4,5,5,4,5,1,4
71750,1,1,2,1,5,4,5,5,5,4,5,5,5
52840,1,1,1,1,3,3,3,3,1,5,4,3,3
101319,3,3,3,3,3,3,3,3,4,1,2,3,3
23913,1,0,1,3,5,1,5,5,2,2,1,5,5
91074,2,2,2,3,4,3,3,2,2,2,5,3,3
2767,2,2,2,3,2,2,2,2,5,2,4,4,2
58792,3,3,3,2,4,3,4,4,3,3,3,3,4
120990,2,5,5,5,1,3,3,2,2,2,2,2,3
128973,2,4,2,3,5,2,5,5,1,2,1,1,5
72943,3,3,3,3,3,5,4,4,4,4,4,5,3
60079,1,1,1,1,4,4,4,4,3,2,4,5,4
118453,1,1,1,1,4,5,4,4,4,4,4,5,5
88640,3,5,5,3,4,5,4,4,5,4,4,4,4
44022,3,3,3,2,5,3,5,5,5,5,5,1,5
90093,3,3,3,4,3,3,3,3,3,3,4,1,3
13604,2,2,2,3,3,2,5,3,1,4,4,2,3
103430,1,4,1,1,2,1,2,2,4,5,4,3,2
16692,5,3,5,3,5,5,5,5,1,5,2,3,5
107098,3,5,3,1,4,3,4,4,5,4,5,4,4
4314,2,4,4,4,1,4,4,2,2,2,2,3,1
2983,4,4,4,3,3,4,3,3,3,2,4,3,3
107801,2,2,2,1,5,2,5,5,5,4,5,3,5
112007,2,2,2,3,4,2,5,4,3,4,3,2,4
18736,4,2,2,2,4,4,4,5,3,2,1,4,4
67045,1,1,1,1,2,4,4,5,5,5,5,5,3
107311,2,1,2,3,3,2,5,3,1,5,4,4,3
107521,2,5,2,2,5,5,5,2,2,2,2,3,4
126031,2,2,2,2,2,5,5,5,5,5,5,5,3
92963,2,2,2,4,5,2,5,5,2,2,4,4,5
97426,2,2,1,3,2,2,3,4,4,1,4,2,4
104148,2,2,2,2,5,5,5,5,5,5,5,5,5
38683,4,4,4,4,4,4,5,4,5,4,4,4,4
112898,2,2,2,2,2,2,2,2,4,1,3,3,2
115969,4,0,4,2,4,4,4,1,1,4,1,3,5
17054,3,3,5,3,4,5,2,5,5,5,5,1,4
84996,4,4,4,5,4,4,3,4,4,4,4,5,4
70086,4,2,4,4,4,1,1,4,4,5,4,1,1
127427,1,3,1,4,2,1,2,2,4,3,3,2,2
50995,2,2,2,3,2,2,2,2,2,4,4,3,2
41980,2,5,2,1,1,2,1,1,3,5,4,5,1
94531,3,1,1,1,3,4,3,3,1,3,4,2,3
66998,4,4,4,4,3,4,4,4,4,4,4,5,5
104326,1,5,2,2,1,1,1,1,1,1,4,1,1
97398,2,2,2,2,5,2,1,5,3,4,4,3,5
122390,4,1,4,4,2,4,3,2,1,1,3,2,2
70313,1,4,1,3,1,1,1,1,4,2,5,5,1
50607,2,5,2,3,2,2,2,2,5,5,5,3,2
29675,4,2,2,2,4,4,4,4,5,1,5,5,4
43980,4,5,5,5,4,4,4,4,2,1,2,1,4
8032,5,3,5,5,4,5,5,4,3,3,5,3,4
47072,1,4,1,4,2,4,3,5,5,1,5,3,3
93814,4,4,4,4,2,5,5,4,4,4,4,5,4
111209,1,0,0,3,0,3,3,3,2,2,3,3,3
122943,5,0,0,4,3,5,5,3,4,2,4,5,3
75315,4,4,5,4,4,3,3,4,5,3,5,3,3
121072,4,4,4,4,2,2,2,2,3,4,5,3,2
40169,4,2,2,2,3,4,3,3,4,2,4,5,3
98502,5,5,5,5,3,4,4,4,4,4,4,4,3
128510,1,1,1,4,4,1,4,4,4,5,4,4,4
104243,2,2,2,2,5,5,5,5,5,5,5,4,4
94481,0,1,1,4,5,5,5,3,3,3,3,3,5
4836,5,5,5,5,2,4,4,5,5,5,5,3,4
23914,4,3,5,3,1,5,1,1,3,5,3,3,1
35270,2,1,3,3,3,3,3,2,2,2,2,2,1
33697,2,2,2,2,2,2,1,4,4,4,4,1,4
111351,1,1,1,1,1,1,1,1,5,5,5,3,1
21080,3,1,3,3,4,3,4,4,2,2,4,2,4
101337,4,4,4,3,3,4,4,3,3,4,3,2,3
32570,4,4,4,4,5,5,5,5,5,4,2,5,5
101571,2,5,2,2,2,4,4,5,5,2,5,5,3
104170,5,5,5,5,4,4,5,4,4,5,4,5,5
124637,4,2,4,3,4,4,3,4,4,3,2,4,4
27886,5,5,5,5,5,5,4,5,5,1,5,4,5
73962,3,5,3,3,3,2,3,2,4,5,4,3,3
73511,3,1,3,1,5,3,3,3,3,3,3,4,4
105519,3,3,3,3,5,5,5,4,4,5,4,3,4
90504,1,1,1,1,4,4,4,4,5,5,5,5,4
38161,4,4,5,5,3,5,4,3,3,3,5,5,3
105963,4,3,3,3,4,4,4,4,3,2,3,4,4
26226,5,4,5,5,2,5,2,2,5,4,5,5,2
47567,3,4,3,1,5,3,5,5,5,5,4,4,5
103986,3,3,3,3,4,4,4,4,4,5,4,4,4
119373,4,4,4,4,3,5,5,5,5,5,5,5,5
67838,4,5,4,2,2,4,2,2,3,2,4,3,2
113964,1,1,1,1,2,4,4,5,5,5,5,4,3
41290,4,4,4,4,4,5,4,4,2,2,1,1,4
68257,3,2,3,3,3,3,3,3,1,5,4,3,3
93068,3,5,3,4,3,3,3,3,4,5,5,3,3
5894,1,1,1,1,5,4,4,5,5,5,5,5,5
42835,0,0,0,4,4,2,3,2,2,2,2,4,3
97617,4,5,5,5,4,4,4,4,4,4,4,3,1
56867,1,1,1,3,1,4,4,4,4,3,3,4,4
112191,3,5,3,3,3,4,4,4,4,4,4,5,4
7072,5,5,3,5,4,4,4,4,4,4,5,4,5
6221,2,2,2,1,3,2,4,3,4,4,5,4,3
20590,2,2,2,3,2,2,2,2,2,5,4,4,2
95466,0,0,0,4,2,4,5,1,1,1,1,3,5
14688,4,4,4,1,2,4,2,2,3,4,5,4,2
52464,3,3,3,3,3,3,4,3,1,2,3,4,3
31600,4,4,4,3,4,5,5,5,4,5,4,5,5
36264,1,1,1,1,2,3,3,1,1,1,1,1,3
62664,2,2,2,2,4,3,4,3,3,3,3,3,3
108791,1,1,1,1,5,5,5,5,3,3,1,5,5
50515,1,5,1,4,2,1,2,2,3,2,4,4,2
26087,5,5,5,5,4,4,4,4,2,5,2,2,4
120523,5,5,5,5,5,5,5,5,5,5,4,3,5
120353,5,5,3,5,4,4,4,4,4,2,5,5,4
55652,0,0,0,4,2,5,4,5,5,5,3,4,3
79211,5,5,5,5,3,4,5,4,4,4,4,2,4
55122,4,5,3,2,5,4,5,4,4,3,4,4,4
82412,1,1,1,1,3,5,5,5,5,5,5,3,5
62289,3,5,5,5,3,3,3,3,4,1,3,1,3
123698,2,4,2,3,4,2,4,4,1,5,4,1,4
110958,1,4,4,4,3,3,3,3,3,3,1,3,4
29946,3,1,3,1,1,3,1,1,2,2,2,3,1
92177,1,1,1,4,5,1,5,5,5,2,4,5,5
53977,1,4,1,4,4,1,4,4,3,2,3,5,4
46447,2,5,5,5,2,2,2,2,3,5,3,3,2
104379,3,5,5,5,2,2,3,3,3,3,3,4,3
25692,5,5,5,5,3,4,2,5,5,5,5,2,5
38315,5,3,3,3,5,5,5,5,3,2,4,5,5
53815,5,1,1,1,5,5,5,5,3,2,5,2,5
18925,2,4,2,5,4,2,5,4,5,2,4,5,4
55930,3,1,3,4,4,3,4,4,3,4,3,1,4
50215,1,5,5,5,1,1,1,1,3,3,4,2,1
104659,2,2,2,2,4,4,4,4,4,4,4,5,3
54404,4,1,2,1,3,2,5,4,4,4,4,3,3
70244,1,0,0,3,5,1,1,5,4,1,3,1,5
87909,5,5,5,5,4,5,4,4,4,4,4,3,4
52937,3,5,3,1,5,3,5,5,4,3,4,5,5
63457,4,4,4,4,5,5,5,5,5,5,5,4,5
122722,1,1,1,3,3,1,3,3,4,5,4,3,3
24316,1,5,5,5,1,1,1,1,3,2,3,3,1
113341,4,5,4,4,4,2,2,3,3,4,5,2,2
2302,4,4,4,4,3,4,4,2,2,2,2,3,5
20080,3,1,1,1,3,3,3,3,4,1,4,1,3
123011,5,5,5,5,3,4,5,4,4,4,4,5,5
113603,3,4,3,1,4,3,4,4,5,3,2,4,4
115392,2,2,2,2,5,4,5,4,4,4,4,4,4
126589,5,5,5,5,3,5,4,3,3,4,3,3,3
97261,4,4,4,3,1,3,3,2,2,4,2,2,1
26217,4,0,5,1,2,5,2,2,5,5,4,4,2
26418,2,1,2,4,5,4,3,4,4,2,4,3,4
49702,4,5,5,5,4,4,4,4,1,5,3,4,4
85639,1,5,1,2,2,1,5,2,1,3,5,1,2
103477,4,4,4,4,4,5,4,4,4,4,4,4,4
24618,2,4,3,3,5,3,3,5,2,2,4,1,5
53866,2,3,3,3,5,4,3,2,2,2,2,1,2
41599,3,3,3,3,5,4,3,1,1,3,1,2,2
117296,4,4,4,4,3,4,3,3,4,4,4,4,3
4049,3,4,3,3,4,3,4,4,1,4,3,2,4
1282,1,1,1,2,2,1,2,2,3,5,3,4,2
101138,3,3,3,3,4,5,4,4,4,4,4,3,5
115279,4,5,4,4,4,4,4,4,2,3,1,1,4
69537,3,3,3,3,4,4,4,3,3,4,5,4,4
21324,4,4,4,4,3,4,4,4,4,4,4,5,5
62792,3,3,2,1,2,3,3,5,2,5,4,3,3
125665,3,4,4,4,4,4,4,4,3,1,3,1,4
86672,3,5,3,4,5,3,3,3,3,3,3,5,4
52046,3,3,3,3,4,5,5,3,3,3,3,3,5
46605,4,0,4,4,5,4,5,5,3,4,4,1,5
24174,4,3,3,3,4,4,4,4,5,2,4,1,4
105290,1,4,2,4,3,2,1,3,5,5,5,4,3
129185,4,4,4,4,4,3,4,5,5,4,5,3,3
1006,4,2,4,4,3,1,2,5,5,4,4,1,1
26440,5,5,5,2,3,5,3,3,1,3,1,2,3
4232,3,3,3,3,5,3,5,5,5,2,4,5,5
26916,2,2,2,2,3,3,4,5,5,5,5,1,4
123277,2,2,2,2,2,4,5,5,5,2,5,5,3
5796,4,4,4,4,2,5,4,4,4,4,4,4,3
44747,0,0,0,4,4,0,3,4,5,3,2,3,4
14673,3,3,3,3,1,5,2,5,5,5,5,2,4
54866,3,3,3,3,3,2,3,3,3,3,3,4,3
101982,1,1,1,3,5,1,5,5,4,1,3,4,5
78232,2,1,2,3,5,2,5,5,4,4,3,1,5
81187,2,1,2,2,3,5,4,5,5,5,5,1,4
90119,3,3,3,3,3,3,4,3,4,2,3,2,3
54756,3,1,1,1,2,3,3,2,2,3,2,3,3
47561,1,5,1,5,5,5,4,3,3,1,3,5,3
16264,3,4,4,4,3,2,3,3,3,5,4,2,3
9606,3,4,3,5,2,3,2,2,4,4,4,4,2
117473,4,4,4,3,4,4,5,4,4,5,4,5,4
63487,1,1,3,1,2,5,4,5,5,4,5,4,3
38063,3,2,2,2,4,3,4,3,3,3,3,4,1
112861,1,1,1,1,5,1,5,5,4,4,4,3,5
35898,4,2,2,2,4,4,4,4,4,2,2,2,4
90446,3,3,3,3,5,4,4,5,5,5,5,5,3
23613,3,5,3,2,3,3,3,3,5,5,5,5,3
109663,2,2,2,2,2,2,2,2,2,2,4,2,2
18957,5,5,4,5,5,4,2,5,5,5,5,4,4
122795,5,5,4,5,3,3,3,3,5,4,5,4,3
17484,4,1,5,1,4,4,4,4,3,2,3,4,4
96236,1,1,4,4,1,1,1,1,3,2,4,4,1
48967,3,3,3,3,3,3,3,3,1,5,5,3,3
19451,4,4,3,3,4,3,4,4,3,2,1,3,4
110091,5,0,5,4,4,5,1,4,3,4,5,4,4
95955,4,4,4,4,3,4,5,5,5,5,5,5,5
1974,5,4,5,4,5,5,5,5,4,5,3,2,5
98225,2,3,2,5,3,2,3,3,1,5,5,5,3
47827,5,1,1,1,5,4,4,2,4,2,4,4,4
21943,2,2,2,2,3,1,2,4,4,4,4,1,1
15973,3,4,3,1,2,3,2,2,5,3,5,4,2
42666,4,4,2,4,1,4,1,5,5,5,5,1,4
11755,5,3,2,3,4,5,3,5,5,5,5,4,2
58519,3,2,3,3,1,3,1,1,3,3,4,1,1
50207,1,3,3,3,1,1,1,1,2,5,4,2,1
68358,4,4,4,3,1,4,1,1,3,4,3,3,1
66579,1,1,1,3,1,1,1,1,1,3,3,2,1
16850,3,3,3,3,1,3,5,1,4,5,2,1,1
44735,2,2,2,3,4,2,5,4,5,2,2,1,4
91337,3,4,0,1,4,4,4,4,4,0,4,4,4
87394,1,1,1,1,1,3,4,5,5,5,5,4,1
38148,3,5,3,1,1,3,1,1,4,3,4,4,1
47364,2,2,2,4,5,2,5,5,3,2,4,2,5
93738,2,2,2,2,4,4,4,4,5,3,5,5,4
49418,4,4,4,4,5,3,4,5,5,5,4,5,4
89903,3,3,3,3,2,5,4,3,3,3,3,3,3
90,2,2,4,2,3,4,4,5,5,5,5,4,3
81554,1,1,1,1,5,4,5,5,5,5,5,3,3
45968,5,5,5,5,5,5,5,5,4,3,1,4,5
16483,1,4,4,4,2,3,2,1,1,1,1,1,1
36025,4,5,5,5,4,4,4,4,1,5,5,4,4
55766,3,3,3,3,4,4,5,4,4,4,4,5,3
9040,1,1,5,1,4,4,3,2,2,3,1,1,1
125350,1,1,3,1,4,4,4,4,4,4,4,5,4
80426,1,0,0,1,5,1,5,5,5,5,3,5,5
100885,3,3,3,3,4,5,5,2,2,2,2,5,4
78495,2,5,5,5,2,2,2,2,3,2,4,2,2
17540,3,3,3,3,4,4,4,4,4,5,5,3,4
83455,1,1,1,1,3,4,4,4,4,4,4,3,3
34929,1,3,1,3,4,4,3,4,4,1,4,4,1
35918,3,4,3,4,3,5,4,4,4,3,4,5,5
127165,4,0,3,3,4,3,4,4,4,5,5,4,4
918,4,5,4,5,4,4,4,4,2,4,4,3,4
3265,4,2,4,3,2,4,2,2,1,1,3,4,2
100449,3,4,3,1,3,3,5,3,3,4,3,3,3
36026,1,3,1,4,5,1,5,5,1,1,5,1,5
111924,3,1,3,4,4,3,3,1,1,3,3,3,3
76506,2,4,2,4,2,2,2,2,1,1,3,2,2
630,3,3,3,3,5,5,5,5,5,5,5,3,3
90022,4,4,4,5,2,4,1,2,4,2,4,5,2
26950,5,1,5,1,5,5,5,5,2,3,5,1,5
127597,4,4,4,4,2,4,4,4,4,4,4,4,5
104190,2,5,2,3,2,2,2,2,3,5,5,4,2
37465,2,2,2,2,3,3,2,4,4,4,4,5,2
8250,4,3,4,3,5,4,5,5,4,5,1,3,5
69679,3,4,3,4,1,3,5,1,3,2,4,4,1
680,4,4,3,4,3,5,5,4,4,4,4,4,5
46679,4,3,4,4,1,4,1,1,3,2,4,2,1
14404,5,5,2,5,5,5,5,4,1,1,5,5,5
46560,4,4,4,4,3,2,4,4,4,4,3,4,3
5325,2,2,2,2,4,5,4,4,4,4,4,3,4
52081,5,5,5,5,3,4,3,5,5,5,5,3,4
6183,2,5,2,5,3,2,5,3,4,5,5,4,3
37074,5,4,5,4,2,5,2,2,3,5,5,5,2
111933,2,4,2,2,1,2,4,1,3,4,5,5,1
85660,5,5,5,5,4,5,4,4,4,4,4,4,5
76622,0,5,0,5,4,1,2,1,1,1,1,5,5
107055,2,2,2,3,4,2,4,4,4,3,4,3,4
95443,3,3,3,3,2,5,5,4,4,4,4,5,3
105766,4,4,4,4,2,1,2,4,4,4,4,5,5
56218,5,5,5,5,3,4,4,5,5,5,5,3,4
39348,3,3,3,3,2,3,2,2,4,2,5,4,2
4450,5,5,5,2,2,5,2,2,4,2,4,3,2
2285,3,3,3,3,5,5,4,2,2,2,2,5,4
76371,4,5,4,3,1,4,1,1,4,3,4,3,1
6395,5,4,4,4,5,5,5,5,1,4,4,2,5
80119,4,4,4,3,4,2,2,5,3,3,4,2,2
7642,2,2,2,2,5,4,5,4,4,4,4,4,5
104674,4,4,4,3,4,4,4,4,3,3,4,4,4
9061,2,4,4,4,2,2,2,2,3,2,3,3,2
97347,4,3,3,3,4,4,4,4,4,1,4,4,4
57085,3,2,3,3,2,3,3,4,4,3,4,1,2
50042,2,0,2,1,4,2,1,4,1,5,2,1,4
15446,1,3,3,3,2,2,1,4,4,3,1,4,2
90646,1,1,1,1,2,5,4,5,5,5,5,4,3
48606,2,4,2,1,5,4,4,3,3,2,3,4,5
92555,3,5,3,3,3,3,3,3,3,5,3,3,3
103785,2,2,2,2,3,5,4,4,4,4,4,5,3
22004,4,4,4,4,4,1,3,5,3,5,4,3,3
115842,1,1,1,3,3,1,3,3,1,1,4,2,3
17296,3,2,5,5,1,3,3,3,3,3,3,3,2
62057,3,5,4,3,3,4,3,3,5,2,5,3,3
63333,2,3,2,4,2,2,1,2,3,4,3,3,2
14658,3,4,3,4,3,5,4,3,3,3,3,3,4
48097,0,5,0,4,5,2,3,5,5,3,3,4,2
5215,1,1,1,1,5,5,4,4,4,4,4,3,5
41557,2,2,2,2,2,2,2,2,1,1,4,1,2
8883,2,2,2,4,1,2,1,1,3,3,4,2,1
13043,3,5,3,2,3,5,4,5,5,3,5,4,4
97597,5,5,5,5,5,4,4,5,5,5,5,3,5
73729,2,5,2,3,3,4,5,3,3,2,3,4,3
48146,3,4,4,4,4,4,4,2,2,2,3,2,1
80480,1,4,1,1,4,1,4,4,3,4,4,3,4
28747,4,4,4,3,5,4,3,5,4,1,3,4,5
111879,1,1,5,1,5,4,4,3,3,4,3,4,3
79184,3,4,3,1,3,4,4,4,4,5,4,4,4
64927,4,1,4,3,4,4,4,4,2,1,4,3,4
67804,2,2,2,3,2,2,2,2,3,1,5,5,2
28153,1,1,1,4,3,1,3,3,1,5,2,1,3
54100,5,3,3,3,5,5,5,5,2,4,2,5,5
92138,3,4,3,1,4,3,4,4,4,3,4,4,4
125650,2,2,4,2,5,5,4,5,5,5,5,3,3
103757,1,1,1,1,4,1,4,4,4,4,4,5,4
101511,4,4,4,4,4,4,4,4,5,3,4,1,4
3593,2,2,2,1,4,2,4,4,3,5,5,3,4
50187,1,1,1,1,5,4,5,4,4,5,3,4,1
10572,2,4,2,4,5,2,5,5,4,5,4,5,5
18624,1,3,1,1,4,3,5,4,4,1,4,4,1
37655,3,4,3,2,1,3,1,1,5,5,4,4,1
120953,3,5,4,5,3,3,3,3,1,2,3,3,3
31861,0,0,0,5,3,0,3,3,5,1,5,2,3
23396,1,4,1,3,2,1,2,2,2,2,4,4,2
77654,4,3,4,4,4,4,4,4,4,1,2,3,4
64691,2,2,2,2,4,5,4,4,4,4,4,4,4
85061,4,4,4,4,4,5,4,5,5,5,5,3,3
111156,5,5,5,4,4,5,4,4,4,5,4,3,4
12507,2,2,2,3,1,2,1,1,1,1,4,3,1
67292,5,5,5,5,4,4,5,5,5,5,5,5,3
129173,2,5,3,3,3,3,3,3,4,3,5,5,3
70084,4,4,4,4,2,4,4,5,5,5,5,4,5
22866,1,4,0,2,5,0,5,5,5,1,3,2,5
126169,4,4,4,4,5,4,5,5,5,2,4,5,5
26455,4,4,4,4,4,4,1,4,3,4,3,3,4
22511,1,2,2,4,5,2,5,5,1,4,5,5,5
63312,3,5,5,5,4,2,2,3,3,3,3,3,2
26600,2,3,2,3,4,2,4,4,3,4,4,3,4
13722,3,4,3,3,3,3,3,3,3,3,3,3,3
7581,5,1,5,5,4,5,4,4,4,4,4,3,4
5270,3,4,3,4,4,3,4,4,4,3,4,5,4
55539,4,5,5,5,5,4,4,4,4,4,4,3,2
74371,4,0,4,4,2,4,2,2,3,5,4,3,2
110312,5,5,5,5,2,4,5,4,4,4,4,4,4
73223,5,5,5,5,3,3,3,3,5,3,4,5,3
3380,1,5,5,5,1,1,1,1,4,5,3,1,1
96827,4,4,4,4,5,4,4,4,4,4,4,4,4
89263,4,4,4,4,2,4,4,4,4,4,4,4,3
57977,3,5,3,2,5,3,5,5,4,5,3,3,5
88699,4,2,4,3,2,4,4,2,1,3,2,3,2
2868,2,3,2,3,3,2,4,3,1,2,3,3,3
44897,2,0,3,1,3,3,3,3,3,3,4,2,3
29029,2,5,5,5,3,2,3,3,2,5,4,1,3
44181,0,0,0,5,1,1,1,5,5,5,5,2,2
120008,3,3,3,3,2,4,4,3,3,3,3,1,3
113385,4,4,4,4,2,5,5,4,4,4,4,3,3
433,4,4,4,3,3,3,5,2,2,4,2,1,4
93245,3,5,2,5,2,3,3,3,3,3,3,4,2
85553,3,3,5,3,5,4,5,5,5,5,5,4,3
35530,3,5,3,3,5,3,5,5,2,4,4,4,5
12536,2,1,1,1,2,2,3,2,2,1,2,1,4
64064,3,3,3,3,1,3,4,3,3,3,3,2,4
64863,0,0,0,3,1,0,1,1,3,2,4,5,1
868,4,2,2,2,2,3,4,1,1,1,4,1,1
74486,4,4,4,2,1,4,1,1,4,4,5,4,1
119321,3,0,3,5,2,5,5,3,3,3,3,5,3
34297,2,4,2,2,2,2,2,2,4,3,5,5,2
105093,0,0,0,1,4,5,5,2,2,2,2,5,4
128534,2,5,2,2,1,2,1,1,5,3,4,4,1
284,4,4,4,5,4,4,4,4,4,5,5,4,4
69016,1,1,1,1,4,4,4,5,5,5,5,4,4
65011,1,4,1,4,4,1,4,4,4,5,1,5,4
36575,4,5,5,5,2,2,2,4,4,4,4,1,1
50165,1,1,1,1,5,5,5,5,4,1,2,1,5
118414,5,5,5,5,2,5,4,5,5,5,5,5,5
63587,4,4,4,4,4,4,4,4,5,4,3,5,4
98419,4,4,4,4,3,4,3,3,5,3,3,5,3
63926,3,5,3,2,1,3,1,1,4,4,3,4,1
57686,5,5,5,5,4,5,5,4,4,4,4,5,3
16126,5,4,5,1,2,5,2,2,4,3,3,5,2
70382,3,5,3,4,4,4,4,2,2,3,2,3,3
126247,1,1,1,1,2,1,4,4,4,4,4,1,1
44169,0,5,0,1,5,5,4,5,5,4,4,4,5
74952,3,4,4,4,3,3,1,3,2,1,2,1,3
72455,1,3,1,1,3,5,4,4,4,4,4,4,3
41408,2,4,1,4,2,1,5,2,3,4,5,4,2
74723,2,4,2,1,3,5,5,4,4,2,4,5,4
19237,3,3,3,2,3,3,4,3,2,4,2,2,3
55182,5,5,5,5,2,4,5,5,5,5,5,5,3
43344,3,0,3,4,4,3,4,4,1,3,1,4,4
104286,1,1,4,1,2,2,2,3,4,5,5,2,2
119667,3,4,3,3,5,4,4,3,3,3,3,3,2
101029,2,0,2,4,3,2,3,3,3,4,4,3,3
106062,0,0,0,1,2,4,4,1,1,1,1,4,3
33870,5,5,5,5,3,5,4,4,4,4,4,5,4
74608,4,4,4,4,4,5,5,3,3,3,3,5,5
48160,0,0,0,2,3,0,3,3,4,1,3,1,3
61529,3,2,3,4,2,4,3,5,5,3,5,3,4
27303,4,4,4,4,2,4,3,3,3,4,3,2,1
28610,3,3,3,3,4,4,4,3,2,4,5,4,4
6209,1,0,1,2,5,1,2,5,3,4,4,3,5
50500,3,4,3,3,4,3,4,4,5,4,1,3,4
48922,4,4,4,4,1,3,4,5,5,5,5,2,4
7685,4,1,4,2,5,4,5,5,1,2,4,2,5
120802,3,3,3,3,2,2,2,4,2,4,4,2,2
5336,2,2,2,2,5,4,5,5,5,5,5,3,4
70071,4,5,4,5,3,4,4,3,3,4,3,4,3
66235,3,3,3,3,2,5,3,5,5,5,5,4,4
118390,1,5,5,5,3,3,3,1,1,1,1,1,1
76184,3,3,3,4,5,3,5,5,5,2,4,4,5
68452,5,5,5,2,3,5,3,3,4,2,5,5,3
126882,3,5,3,4,3,1,1,3,3,3,4,2,2
96575,3,4,3,1,4,3,5,4,4,3,4,4,4
62096,3,3,3,3,4,4,4,4,4,4,4,5,3
8828,3,4,3,3,3,3,4,3,5,3,5,4,3
123190,3,3,3,4,4,3,4,4,2,5,4,4,4
114396,0,0,0,2,2,4,4,2,2,2,2,5,4
18299,4,4,4,4,3,4,3,3,5,5,5,5,3
61737,3,2,2,4,5,3,5,5,3,4,3,3,5
126284,3,5,3,1,3,1,1,5,4,4,5,1,1
2249,4,4,4,4,4,4,4,4,4,4,4,5,4
124360,4,4,4,4,5,5,5,5,4,2,4,3,5
23299,4,3,3,3,4,4,4,4,3,1,5,1,4
97848,2,5,2,3,3,2,3,3,3,5,2,5,3
126476,1,1,1,1,5,4,4,4,4,4,4,3,5
49749,3,3,4,3,3,3,3,3,4,4,3,3,3
110704,4,2,2,2,4,4,4,4,4,4,2,3,4
82015,4,2,2,2,4,4,4,4,1,2,3,3,4
94426,1,4,2,2,1,3,2,1,1,1,1,1,2
125491,4,1,4,4,1,4,1,1,4,5,3,4,1
51543,5,3,3,3,3,5,3,3,5,5,5,4,3
23368,4,4,2,2,2,3,4,4,4,4,4,3,2
37119,4,5,5,5,4,4,4,4,2,4,5,5,4
13281,2,2,2,2,3,2,2,3,3,2,3,2,4
22286,2,4,2,2,5,5,4,5,3,5,4,4,5
21625,3,3,1,3,4,3,3,3,3,3,3,3,3
45511,5,2,5,3,1,5,1,1,3,3,3,2,1
3331,4,4,4,1,4,4,4,4,3,2,4,4,4
52256,2,4,4,4,2,4,4,2,2,2,2,4,4
80362,1,1,1,1,4,5,5,4,4,4,4,5,3
123834,2,1,2,2,2,2,2,2,5,3,4,5,2
128352,1,1,1,1,4,4,4,5,5,5,5,4,5
37684,2,5,2,2,4,5,5,3,3,2,3,4,4
6229,2,4,4,4,2,2,2,2,4,4,3,1,2
95275,1,2,1,4,5,1,1,5,4,2,4,3,5
99103,2,1,2,2,5,5,4,4,4,4,4,5,3
86458,1,1,1,3,3,1,3,3,2,3,3,3,3
76347,1,1,5,1,3,5,4,5,5,5,5,5,3
54284,3,5,2,3,5,2,5,5,4,5,4,5,5
46774,2,4,2,2,4,4,5,3,3,2,3,3,4
36559,4,4,4,4,2,3,4,5,5,5,5,1,2
109302,3,2,3,3,5,5,5,5,3,4,4,5,5
54817,4,4,4,4,5,5,3,4,4,5,4,1,4
57998,2,2,2,3,1,2,1,1,2,2,2,1,1
57682,4,4,5,4,2,5,5,5,5,5,5,5,3
102422,3,5,2,3,3,4,4,3,3,2,3,4,3
19543,5,5,5,5,5,5,3,5,4,4,4,1,5
21737,2,4,4,4,2,2,2,2,5,4,4,5,2
84661,0,0,0,2,4,0,4,4,3,2,4,3,4
106548,2,3,3,3,3,3,3,2,2,2,2,1,2
25040,3,2,2,2,3,3,3,3,2,1,3,1,3
72464,4,4,4,4,2,5,4,4,4,4,4,4,3
91679,4,4,5,4,4,5,5,2,2,2,2,4,3
107939,4,3,5,3,2,5,1,2,1,1,4,5,2
85226,2,2,2,3,1,2,3,1,3,4,4,2,1
108815,5,5,5,5,5,5,5,3,3,3,3,4,5
73274,3,2,2,2,3,3,3,3,1,3,4,3,3
109147,0,0,1,1,5,1,5,5,3,4,4,4,5
115983,1,3,1,2,2,1,2,2,1,4,3,4,2
1375,2,4,4,4,3,2,3,3,3,4,2,2,4
10545,5,5,5,1,1,5,1,1,4,4,5,4,1
53149,1,4,1,3,3,1,3,3,3,4,4,3,3
47371,3,2,2,2,2,3,3,3,3,3,3,4,3
19243,4,5,4,3,5,4,5,5,4,5,5,4,5
56681,2,5,1,1,2,1,2,2,5,2,5,3,2
82073,0,0,0,3,2,0,3,2,3,4,4,5,2
75379,3,3,3,3,4,4,4,4,3,5,4,5,4
98114,2,0,3,1,4,3,4,4,5,4,4,3,4
91740,5,5,5,5,2,2,2,2,4,4,4,4,2
11136,3,4,3,5,1,2,4,2,2,3,1,2,3
60066,2,2,2,3,2,2,2,2,2,1,4,3,2
56384,5,2,0,4,1,0,1,1,4,5,3,3,1
76779,4,4,4,4,2,4,2,2,4,2,3,4,2
27692,3,0,3,4,5,3,5,5,4,5,5,5,5
118023,2,4,2,5,2,2,3,2,3,5,3,5,2
16018,1,5,1,5,5,4,4,1,1,1,1,3,4
83901,1,1,1,1,4,3,4,4,4,4,4,5,5
103154,5,4,4,4,3,4,3,3,5,4,4,5,3
101370,2,2,2,3,2,2,2,2,4,1,2,2,2
39283,3,5,5,5,3,4,3,3,3,3,3,4,3
75600,1,4,1,4,1,1,1,1,4,5,4,3,1
13839,2,4,2,4,4,2,4,4,4,3,5,3,4
128345,4,4,4,4,2,4,5,5,5,5,5,4,4
129446,5,1,0,2,1,0,1,1,1,3,2,3,1
41154,1,4,1,5,3,1,3,3,4,5,5,3,3
47466,2,5,2,1,3,2,3,3,5,2,5,5,3
73468,1,4,1,2,5,1,5,5,5,5,5,3,5
38809,4,3,4,2,5,4,5,5,4,4,2,3,5
84297,0,0,0,1,5,5,5,2,2,2,2,4,5
17411,5,5,5,5,4,5,4,5,5,5,5,5,5
129215,4,4,4,4,4,5,4,5,5,5,5,5,3
100705,4,4,4,4,4,4,4,1,1,2,1,4,4
35266,3,5,5,5,3,3,3,3,3,4,3,2,3
91976,1,1,1,1,4,3,4,3,3,4,3,5,3
67600,5,5,5,5,2,4,4,4,4,4,4,5,5
1327,0,4,0,5,2,2,3,5,4,5,5,3,3
127565,1,1,1,1,5,5,5,5,5,5,5,3,3
62280,5,5,5,5,4,4,5,5,5,5,5,5,3
124209,5,5,5,2,5,5,5,5,3,4,2,5,5
20737,5,1,1,1,5,5,5,5,1,3,1,3,5
1533,4,1,1,1,3,4,4,4,4,4,4,3,2
69586,3,4,3,1,3,5,4,3,3,4,4,4,4
37993,2,2,2,2,4,4,4,4,4,3,5,5,4
108801,3,2,3,4,4,4,4,5,5,3,5,1,4
107154,1,1,1,3,3,1,3,3,5,3,4,4,3
31755,2,2,2,3,1,2,1,1,3,2,5,3,1
51258,4,5,5,5,4,4,4,4,3,4,5,4,4
124527,5,5,5,5,2,5,5,3,3,3,3,3,4
28313,4,5,2,5,4,3,4,4,4,3,2,1,4
73244,4,4,2,4,3,5,5,4,4,4,4,4,5
54438,5,4,4,4,5,5,5,5,2,5,4,3,5
108111,4,4,4,4,4,4,4,4,3,3,5,4,4
23718,3,0,3,5,2,3,2,2,5,3,4,4,2
7231,3,5,5,5,4,4,4,3,3,3,3,3,1
55776,4,4,4,4,2,4,5,5,5,5,5,5,3
36043,5,4,4,4,5,5,5,5,1,5,3,4,5
3481,5,5,5,5,3,4,5,5,5,4,5,5,4
59720,3,4,4,4,3,3,3,3,1,3,4,3,3
63071,1,4,1,3,5,1,5,5,3,3,3,2,5
113327,2,2,2,2,2,5,5,3,3,3,3,3,4
36958,1,1,1,1,3,5,3,4,4,4,4,4,1
44618,1,3,3,3,1,1,1,1,4,2,3,1,1
6149,2,2,2,5,4,2,4,4,4,3,4,5,4
12872,1,1,1,1,5,5,5,5,2,2,2,4,5
93088,1,4,1,1,2,1,2,2,4,3,4,4,2
107950,5,5,5,1,5,5,5,4,5,5,5,5,5
81636,2,3,3,3,4,3,3,2,2,1,2,1,4
25707,3,3,3,3,3,3,3,3,1,1,3,3,3
75690,1,1,1,1,2,5,5,5,5,5,5,5,5
85286,3,4,3,1,1,3,1,1,3,5,5,3,1
21516,2,5,2,3,1,2,1,1,3,4,4,5,1
11613,4,2,4,3,5,3,4,2,2,4,2,4,1
51427,2,5,2,2,1,2,1,1,4,5,2,3,1
73267,2,2,2,2,3,5,5,4,4,4,4,4,4
16167,1,4,4,4,2,3,3,2,2,2,1,3,2
43264,5,4,4,4,2,4,2,5,5,5,5,3,5
81888,1,1,1,1,4,5,4,4,4,4,4,4,4
120256,2,5,2,1,1,2,1,1,3,5,4,4,1
93609,3,3,3,3,1,3,1,1,4,4,3,1,1
60170,2,4,2,3,2,2,2,2,1,4,5,1,2
124378,5,3,3,3,5,5,5,5,2,2,4,5,5
66347,5,4,5,5,2,4,5,4,4,4,4,3,5
16580,5,5,5,5,2,1,4,5,5,5,5,1,4
7238,4,4,4,2,4,4,4,4,4,2,4,3,4
122304,2,5,2,3,4,2,4,4,4,3,5,5,4
34306,2,4,2,3,3,2,3,3,4,1,4,3,3
47090,1,5,1,1,2,1,2,2,5,2,4,4,2
53001,4,3,3,3,4,4,4,4,1,3,1,5,4
97404,4,4,5,4,3,5,4,4,4,4,4,4,3
56487,3,3,3,3,5,4,5,5,5,5,5,4,5
27447,2,2,2,3,3,2,1,3,4,5,4,4,3
47615,2,2,2,2,5,5,5,5,4,3,4,5,5
107776,4,5,5,5,5,4,5,5,2,2,4,1,5
8359,1,4,1,2,2,1,2,2,1,1,2,4,2
48884,4,0,4,4,2,4,2,2,2,4,3,1,2
105864,4,2,2,2,4,4,4,4,5,4,3,4,4
109449,3,3,3,3,5,5,4,5,5,5,5,4,5
121400,2,2,2,1,3,2,3,3,5,3,4,3,3
62521,1,2,2,2,2,3,4,1,1,1,1,2,3
124751,3,0,3,3,3,4,4,5,5,3,5,5,5
30516,3,3,1,3,2,5,4,5,5,5,5,4,4
55674,5,5,5,5,2,5,4,3,3,3,3,3,3
63788,5,4,4,4,5,5,5,5,5,2,2,3,5
66743,1,4,1,4,5,1,5,5,2,4,3,1,5
129589,0,0,0,4,5,4,5,3,3,3,5,5,3
105576,3,4,3,3,2,3,2,2,4,4,4,2,2
9341,2,2,2,2,5,5,4,5,5,5,5,3,3
43880,4,2,2,2,4,4,4,4,2,1,2,3,4
40529,1,1,1,1,4,5,4,4,4,4,4,3,4
95791,5,5,5,5,3,4,5,4,4,4,5,5,4
62885,4,2,4,4,1,4,1,1,3,3,4,2,1
42103,1,1,1,1,4,4,4,4,1,1,3,4,4
27932,4,4,4,4,2,2,2,2,2,2,4,3,2
121476,3,4,3,1,1,3,1,1,5,5,1,4,1
31565,1,1,1,4,5,1,5,5,3,5,3,4,5
42112,2,2,3,2,2,2,2,2,4,5,1,4,2
98323,1,4,1,1,4,4,5,2,2,1,2,5,5
14121,4,2,5,4,2,3,3,1,1,5,1,3,3
68992,1,2,2,2,1,1,1,4,5,3,3,1,1
37906,3,4,3,4,5,3,5,5,4,1,4,1,5
35663,4,3,3,3,2,4,3,4,4,4,4,2,2
92886,3,1,3,4,1,3,1,1,4,4,3,4,1
18047,5,5,5,5,1,5,2,3,3,3,3,4,5
98720,3,2,3,3,4,3,4,4,3,4,3,4,4
18926,3,4,3,3,5,5,5,5,5,3,5,4,4
108473,3,3,3,4,4,1,2,3,3,3,3,5,5
121236,2,2,2,4,2,2,2,2,3,3,5,4,2
83699,4,2,4,2,3,4,3,3,3,1,2,3,3
63656,3,3,3,3,5,5,5,4,3,3,4,5,5
103391,4,4,4,4,4,5,4,4,4,4,4,5,3
70734,2,5,2,2,5,2,5,5,5,5,5,3,5
38540,3,3,3,3,1,3,1,1,4,1,4,1,1
54563,1,1,1,3,2,1,2,2,4,2,2,2,2
81226,5,2,3,3,5,5,5,5,2,3,5,1,5
53345,5,5,1,5,3,3,3,3,4,4,3,1,3
126615,2,5,2,1,5,4,5,2,2,2,2,4,3
59470,4,4,4,4,4,5,5,5,5,5,5,3,4
6520,1,5,5,5,1,1,1,3,1,3,4,1,1
123075,2,5,1,2,2,1,2,2,4,2,4,4,2
128336,3,3,3,3,4,4,4,4,4,4,4,3,4
122302,1,5,1,2,3,1,3,3,4,3,5,5,3
48930,1,1,1,1,1,1,4,5,5,5,5,5,4
83773,1,4,1,4,1,4,3,3,3,1,3,2,1
81495,1,5,1,2,3,1,3,3,3,2,5,3,3
48428,2,1,1,1,2,2,2,2,2,5,2,4,2
128889,5,5,5,5,4,4,4,5,4,5,4,4,4
45256,1,1,1,1,2,3,3,1,1,1,1,1,2
104221,4,3,3,3,5,3,5,5,2,1,3,1,5
116154,4,5,4,4,1,4,2,1,3,3,5,3,1
38553,3,4,3,1,1,3,1,1,5,4,4,5,1
9314,5,5,5,5,5,5,5,5,5,3,4,3,5
63308,1,1,5,1,4,4,4,5,5,5,5,5,5
87105,2,2,2,3,1,2,1,1,2,3,2,2,1
58914,4,4,5,4,1,3,3,3,3,5,3,2,3
13302,1,5,1,3,2,4,4,2,2,1,2,3,2
117105,3,1,3,3,2,3,2,2,1,3,3,4,2
81202,4,4,4,4,3,4,5,3,3,3,3,4,5
77331,1,1,1,3,2,1,4,2,3,2,4,4,2
70318,2,5,5,5,2,2,2,2,1,5,2,2,2
25593,1,4,1,2,2,1,2,2,5,5,4,5,2
73131,5,5,5,5,5,5,5,3,3,3,3,5,3
11609,3,4,3,4,2,3,2,2,3,4,2,5,2
14924,4,4,4,4,4,4,4,4,5,3,2,2,4
28233,3,1,1,1,3,3,3,3,1,1,4,3,3
126134,3,3,5,3,3,4,4,4,4,4,4,5,5
101124,2,2,2,2,2,4,4,5,5,5,5,3,3
75860,3,4,3,1,3,5,4,4,4,3,4,3,5
128986,1,5,1,4,1,1,1,1,5,3,4,4,1
91322,2,1,5,1,2,2,2,2,1,5,4,2,2
73768,5,5,5,3,5,5,5,5,5,4,4,3,5
5254,1,1,1,1,2,4,5,5,5,5,5,4,3
39524,2,4,2,1,1,2,1,1,3,4,4,3,1
1981,2,4,5,4,1,5,1,1,5,3,4,5,1
12907,2,2,2,2,5,5,5,5,5,1,1,4,5
17233,3,5,5,5,3,3,3,3,3,5,3,1,3
53036,1,1,1,1,3,4,3,1,1,1,1,3,2
46742,2,1,2,3,3,2,2,5,5,2,5,2,2
66367,4,5,4,4,4,4,4,4,5,2,4,3,4
12022,2,1,1,1,2,2,2,2,2,2,2,2,1
13543,3,3,5,5,3,2,3,3,3,3,3,2,4
115153,4,4,4,4,4,5,5,5,5,5,5,4,3
101265,1,0,0,3,5,3,3,3,3,0,3,1,4
20045,3,3,3,3,3,3,3,3,3,4,2,2,3
118118,1,4,1,1,4,1,4,4,3,4,4,5,4
91989,1,1,1,1,4,4,5,5,5,5,5,4,3
71465,4,5,4,1,5,4,5,5,4,4,4,4,5
6893,3,3,3,3,2,4,4,5,5,5,5,4,4
2513,2,2,2,2,3,4,5,5,5,5,4,4,5
75374,1,3,1,4,4,4,3,1,1,1,1,2,1
42056,1,5,1,1,1,1,1,1,5,2,4,3,1
8524,2,4,2,1,1,2,5,1,5,4,5,5,1
91052,1,5,1,3,3,5,4,4,4,1,4,3,3
127890,1,1,4,1,3,5,4,5,5,5,5,5,5
32436,1,1,1,3,4,1,3,4,1,5,4,3,4
82089,3,4,3,3,3,3,2,3,3,3,3,4,4
63130,4,3,3,3,5,4,3,4,4,4,4,1,1
109311,2,2,2,4,3,2,3,3,3,5,4,3,3
21165,5,5,5,4,5,5,5,5,5,4,5,4,5
77033,2,2,2,4,3,2,3,3,3,1,4,1,3
73882,4,4,4,4,3,3,5,1,1,2,1,3,3
20785,3,3,3,3,2,5,2,4,4,4,4,2,2
121981,2,2,2,2,3,5,5,5,5,4,4,3,5
34530,5,5,5,5,5,5,5,5,3,3,2,1,5
99185,2,1,2,2,2,2,2,2,2,2,3,1,2
115826,2,1,2,3,1,2,1,1,3,5,4,3,1
12582,1,1,1,1,1,2,4,5,5,5,5,3,1
117071,2,3,2,4,5,2,5,5,1,2,3,4,5
30628,4,3,4,2,5,4,5,5,1,5,1,3,5
86258,3,5,3,3,3,3,3,3,3,4,4,3,3
63438,2,2,2,4,2,4,4,5,5,2,5,1,3
32524,0,4,0,1,2,2,2,2,3,3,1,1,2
28612,5,5,5,5,2,3,3,4,4,4,4,2,4
40232,2,0,2,4,3,2,3,3,1,4,3,2,3
62385,2,2,2,2,5,4,3,2,2,2,2,1,2
91714,5,5,2,5,4,5,5,2,2,2,2,5,4
3339,1,1,1,1,5,5,5,4,4,4,4,4,4
50102,4,5,5,5,3,4,4,3,2,3,4,4,4
44442,4,1,1,1,4,4,4,4,1,4,2,3,4
43812,4,4,4,4,5,5,5,5,5,5,5,4,5
122684,1,1,1,1,4,5,5,5,5,5,5,4,4
14898,3,3,3,4,1,3,1,1,3,4,4,3,1
97845,3,3,3,3,1,3,1,1,5,3,3,3,1
95473,2,1,1,1,3,3,3,2,2,2,2,3,1
125698,4,2,4,3,3,4,3,3,1,3,2,3,3
104878,2,0,2,3,5,4,5,5,5,2,5,5,5
92447,3,4,5,4,2,3,2,2,3,1,4,1,2
41600,2,1,2,3,5,2,5,5,1,3,2,1,5
30216,2,3,2,2,3,3,4,5,5,2,5,1,2
89543,2,2,2,2,4,4,4,4,5,3,5,5,4
58985,4,4,4,4,3,3,3,3,5,5,3,4,3
67123,3,3,3,3,2,4,5,5,5,4,5,5,4
46127,4,4,4,4,5,5,3,4,4,4,4,1,5
106336,0,4,0,5,3,0,3,3,4,2,4,4,3
116344,3,4,3,5,5,3,5,5,5,4,4,4,5
119208,2,2,2,2,5,5,5,5,5,5,5,2,3
117098,5,4,4,4,5,5,5,5,3,2,2,4,5
77802,3,2,4,3,4,4,4,4,2,1,4,4,4
48995,3,2,2,2,3,3,3,3,2,5,2,5,3
38155,1,0,1,3,4,1,4,4,4,2,5,3,4
14477,2,2,2,2,4,5,5,4,4,4,4,5,4
112494,3,4,3,3,4,4,5,5,5,3,5,3,3
61924,4,3,4,3,5,4,4,2,2,4,2,4,4
59879,5,5,4,5,3,5,4,4,4,4,4,5,3
20839,5,5,5,5,5,5,5,5,1,5,4,1,5
96160,4,1,4,4,4,4,4,4,5,4,5,4,4
92101,4,4,3,3,4,4,4,2,5,1,1,4,4
38627,5,5,5,5,3,3,3,3,1,3,3,1,3
126608,0,2,0,4,2,0,4,2,4,1,4,3,2
93740,3,5,3,4,3,2,2,3,4,4,5,2,2
84846,2,4,3,4,2,2,2,2,3,3,3,4,2
79971,2,5,5,5,5,4,3,2,2,2,2,4,3
45981,3,5,3,3,3,3,3,3,4,5,2,3,3
70353,2,2,2,4,5,2,5,5,4,5,4,1,5
14671,2,2,2,2,5,1,1,2,2,2,2,3,3
92358,0,0,0,1,1,0,1,1,4,5,5,5,1
77314,2,2,2,2,5,5,5,5,5,5,4,4,5
94049,4,4,4,4,4,4,4,5,5,5,5,4,5
38144,3,5,3,1,2,3,4,3,3,3,3,4,4
52035,5,5,5,2,3,5,3,3,3,4,3,1,3
97476,5,5,5,4,3,5,5,3,4,5,5,4,3
73356,4,1,4,4,1,2,1,1,3,4,5,4,1
75911,3,3,4,4,2,4,2,2,1,1,4,4,2
85317,3,4,3,3,3,3,3,3,4,4,4,2,3
103140,2,4,2,5,3,5,4,3,3,2,4,3,1
93955,1,1,1,1,2,5,4,4,4,4,4,3,4
100509,3,3,3,3,3,3,3,3,3,5,4,1,3
20142,5,5,3,5,4,4,2,4,4,4,4,3,3
15546,5,0,5,2,4,5,4,4,5,3,4,5,4
27180,2,4,2,5,2,4,4,5,4,4,4,4,4
14824,1,4,1,2,4,4,5,3,3,1,3,4,4
61295,1,5,1,3,3,4,5,2,2,1,2,3,5
28491,2,3,3,4,2,4,4,4,5,3,4,4,4
22006,2,5,2,3,3,4,4,4,4,2,5,3,5
54516,3,0,2,1,3,2,3,3,2,3,4,4,3
94974,4,2,2,2,4,3,3,3,3,3,4,1,4
35146,5,1,1,1,5,5,5,5,5,1,4,2,5
70228,2,5,2,4,3,5,5,4,4,2,1,4,4
48209,1,3,3,3,4,3,3,2,2,1,2,2,1
23150,4,4,4,4,5,4,2,4,4,4,4,3,1
103944,1,1,2,1,1,1,1,1,3,2,4,4,1
117033,3,4,3,3,2,3,2,2,1,3,4,1,2
59660,2,4,2,3,4,2,4,4,4,3,4,3,4
84532,4,4,4,4,3,4,3,3,5,4,3,4,3
95315,4,5,4,4,2,4,2,2,4,4,4,5,2
89145,1,2,1,3,4,1,4,4,4,1,3,4,4
73498,4,5,4,4,4,5,4,4,4,4,4,5,3
112993,1,1,1,1,4,3,4,4,4,4,4,3,5
49913,3,3,3,2,5,3,4,5,1,5,2,2,5
115219,0,0,0,3,4,4,5,5,5,5,5,4,4
32849,3,1,3,2,1,3,1,1,2,2,1,4,1
2361,3,3,3,3,4,4,4,4,4,2,4,3,4
116694,1,1,1,4,3,1,3,3,5,4,4,3,3
14312,2,4,4,4,2,2,2,2,3,3,4,1,2
80935,1,1,1,3,5,1,5,5,1,2,3,4,5
72751,3,3,3,3,4,4,5,2,2,2,2,3,4
101084,2,5,2,1,2,5,5,5,5,2,5,5,4
55879,5,5,5,1,2,5,4,2,3,4,5,5,2
31582,1,0,1,3,4,1,2,4,5,3,1,4,4
101069,3,3,3,3,3,5,5,3,3,4,3,5,3
5439,4,4,4,4,4,4,5,4,4,4,4,5,3
92943,1,4,1,2,2,1,2,2,4,5,5,5,2
107504,1,1,0,3,2,0,2,2,4,2,2,3,2
95785,2,4,2,2,1,2,1,1,4,2,3,4,1
1144,3,4,3,1,5,3,2,5,3,2,4,4,5
13984,1,1,1,1,1,3,5,3,3,4,3,5,4
40555,4,1,1,1,4,3,3,4,4,4,4,2,2
32707,4,4,4,4,2,2,4,5,5,5,5,4,1
77292,2,2,2,3,2,2,1,2,5,2,4,3,2
125455,3,3,4,3,2,4,5,5,5,5,5,4,4
77809,1,5,1,5,2,1,2,2,3,2,5,5,2
96848,4,3,2,2,1,4,4,4,4,4,4,4,2
105,1,1,1,1,4,5,5,5,5,5,5,5,4
120198,4,4,4,4,3,4,5,3,3,3,3,5,5
37499,4,3,3,3,4,4,4,4,1,3,3,2,4
122103,2,5,2,3,4,2,4,4,4,4,4,5,4
55908,4,3,3,3,4,4,4,4,3,2,2,1,4
52218,5,3,2,2,5,5,5,5,3,5,1,2,5
25876,4,4,4,4,3,3,5,3,3,4,3,5,5
42724,2,5,2,1,5,2,2,5,2,1,3,2,5
116942,3,3,3,3,1,3,1,1,4,1,3,3,1
87063,2,2,2,2,3,4,4,4,4,4,4,5,4
46579,1,4,4,4,4,4,1,4,3,4,4,2,4
102258,2,2,2,2,5,2,5,5,3,4,2,3,5
128429,2,1,2,3,3,2,3,3,2,5,3,3,3
118900,5,4,5,3,2,5,1,2,3,2,4,5,2
57866,2,5,2,5,2,2,2,2,4,2,5,4,2
102049,1,4,4,4,1,4,4,3,3,3,1,1,2
84525,5,5,5,1,1,5,1,1,4,5,4,4,1
116937,4,4,4,4,4,4,4,4,5,5,4,4,4
3985,4,4,4,4,3,4,5,5,5,5,5,4,5
75423,2,4,4,4,2,2,2,2,2,2,2,2,3
9589,1,1,1,3,5,1,4,5,4,1,3,4,5
25621,4,2,4,3,5,4,5,5,4,2,2,2,5
105016,2,4,2,4,3,2,3,3,1,2,4,4,3
29978,3,1,3,4,2,3,2,2,1,2,3,3,2
14247,2,4,2,3,3,2,3,3,5,4,4,3,3
8190,1,1,1,1,4,5,5,2,2,2,2,3,5
57953,3,2,2,2,2,3,3,3,3,3,3,4,2
75134,5,5,1,5,3,4,4,5,5,5,5,4,4
106860,1,1,1,1,5,5,5,5,5,4,4,3,5
22351,2,2,2,2,4,2,4,4,1,3,2,1,4
99276,3,3,3,4,5,3,4,5,3,4,4,1,5
33937,2,2,2,2,5,3,4,2,2,2,2,3,1
34508,4,2,2,2,4,4,4,4,4,3,1,4,4
21193,4,2,2,2,4,4,4,1,5,5,5,4,4
79177,5,5,5,5,5,5,5,4,3,4,5,5,5
3795,1,1,1,1,5,4,5,4,4,4,4,5,3
75698,4,2,2,2,2,3,4,4,4,4,4,3,1
106458,3,1,3,2,1,3,1,1,3,1,3,1,1
30801,4,3,4,3,2,4,2,2,1,1,3,4,2
68514,2,4,2,2,3,2,3,3,3,3,4,4,3
60590,3,4,3,2,4,3,4,4,3,5,4,4,4
37902,3,4,4,4,2,4,3,3,3,3,3,3,1
53212,2,5,5,5,2,4,4,2,2,2,2,1,2
75535,3,4,3,1,5,3,5,5,4,3,4,4,5
91590,3,3,3,3,5,5,4,4,4,4,4,3,4
119643,5,5,5,2,3,5,1,3,4,2,5,3,3
81137,3,3,3,3,4,4,4,5,5,5,5,5,5
32277,3,3,3,3,4,3,1,5,5,5,5,3,4
20367,1,5,5,2,1,5,1,1,3,4,5,5,1
81751,1,1,1,1,3,4,4,4,4,4,4,4,5
75451,1,1,1,1,5,5,5,5,3,3,2,3,5
17112,0,4,0,2,2,0,2,2,5,3,4,5,2
17635,5,4,4,4,5,5,5,5,5,5,3,2,5
20505,3,5,3,4,5,3,3,5,5,5,4,5,5
69964,1,4,1,2,2,1,2,2,5,2,5,3,2
25383,3,4,3,2,2,3,2,2,5,5,4,5,2
10158,2,5,4,4,4,4,4,2,2,2,2,2,1
50601,2,5,2,5,5,2,1,5,3,3,5,5,5
94443,0,4,0,3,2,4,5,4,4,4,4,4,5
42151,2,1,2,4,5,2,5,5,4,2,3,2,5
78024,1,3,3,3,2,4,4,2,2,2,1,4,2
90243,1,1,1,1,2,5,5,5,5,5,5,4,3
123382,4,5,4,4,1,4,1,1,5,2,4,3,1
52042,2,5,2,2,4,5,5,5,5,4,5,4,5
88023,0,0,0,2,5,0,3,5,4,2,4,4,5
27753,4,4,4,3,4,4,4,4,2,1,2,2,4
85160,3,3,3,1,5,3,5,5,4,5,5,5,5
76192,4,5,4,4,4,5,4,5,5,5,5,4,5
94224,0,5,0,4,2,4,4,5,5,3,3,5,4
61694,3,3,3,5,4,3,4,4,3,5,5,5,4
112125,4,4,5,4,4,2,3,4,4,4,4,1,1
119251,3,3,3,3,2,4,4,5,5,5,4,5,4
118547,2,2,2,2,2,5,5,5,5,5,5,5,4
120482,2,4,2,3,1,2,1,1,5,3,4,4,1
124684,2,1,2,3,4,2,4,4,1,5,3,2,4
49660,3,5,5,5,3,3,4,1,1,1,3,3,3
59980,4,1,4,3,1,4,1,1,3,4,4,2,1
19472,1,5,5,5,1,1,1,1,1,3,2,1,1
71179,4,4,4,4,4,5,4,5,5,5,5,3,3
103812,1,1,1,1,2,2,2,3,5,4,4,2,2
102022,3,3,3,3,4,4,4,4,4,4,4,4,5
112426,3,3,3,3,4,3,4,4,2,5,4,2,4
2456,1,1,1,1,5,4,5,2,2,2,2,3,4
52274,2,2,2,2,1,3,3,3,3,2,3,2,4
27989,5,5,5,5,5,5,4,3,3,3,3,3,4
50444,2,1,1,1,2,3,2,2,1,1,4,2,2
93635,2,4,2,3,2,4,4,2,2,2,2,4,3
41357,3,5,3,1,2,4,4,2,2,3,2,3,4
65557,1,1,1,1,5,5,5,5,5,5,5,4,3
14180,4,5,5,5,4,4,4,4,4,4,4,3,4
62803,1,1,2,3,3,2,3,3,2,5,4,2,3
122658,3,1,3,3,2,4,5,5,5,5,5,4,4
39325,5,3,3,3,5,5,5,5,5,5,3,4,5
95462,2,2,5,2,4,4,4,4,4,4,4,3,5
104091,3,2,2,2,3,3,3,3,3,3,3,2,1
75314,4,4,4,4,5,5,5,3,3,5,5,5,5
37967,3,3,3,3,3,5,5,4,4,4,4,3,4
123099,4,4,4,4,4,4,4,5,5,5,5,3,3
29511,4,4,4,4,4,4,4,4,2,4,5,3,4
19507,2,3,2,4,2,3,3,2,4,4,4,3,3
42270,3,5,5,5,3,3,3,3,4,5,4,2,3
40442,4,2,2,2,4,4,4,4,1,5,4,2,4
94931,5,5,1,5,5,3,3,4,4,4,5,1,4
58147,5,5,5,5,4,5,5,4,4,4,4,5,3
125708,2,4,2,3,5,2,5,5,2,1,5,5,5
20572,4,2,4,4,5,5,5,4,4,4,4,4,2
101729,3,1,3,3,5,3,5,5,1,5,4,4,5
95054,3,5,3,3,4,3,4,4,3,5,2,1,4
30857,2,5,2,3,4,5,5,2,2,2,2,4,4
51851,1,1,1,3,4,1,4,4,2,4,4,2,4
105722,3,3,3,4,5,3,5,5,4,2,4,1,5
62916,3,3,3,2,5,3,5,5,5,5,4,3,5
97351,2,2,2,2,5,4,4,4,4,4,4,3,2
48350,5,0,5,1,2,5,2,2,5,3,5,3,2
18216,3,3,3,3,1,2,4,3,3,4,3,5,2
32837,0,4,0,5,2,0,2,2,4,2,4,5,2
84803,2,2,1,2,4,4,4,5,4,4,5,4,4
16559,5,5,5,5,3,3,5,5,5,5,5,3,4
66696,3,3,3,3,5,4,4,5,5,5,5,5,4
118370,3,3,3,2,5,3,5,5,4,4,5,5,5
1857,1,1,1,1,5,4,4,5,5,5,5,3,4
66726,2,4,3,1,5,3,1,5,4,3,4,5,5
119877,1,5,1,2,4,4,5,3,3,1,3,4,3
47421,2,0,2,3,1,2,1,1,5,5,5,1,1
28521,3,3,3,3,5,4,3,5,5,5,5,1,5
102218,2,1,1,1,2,3,4,2,2,3,2,4,4
114096,5,4,5,5,4,5,4,4,5,2,4,3,4
7859,4,2,4,2,4,4,2,4,4,5,4,4,4
80172,3,3,3,4,3,4,4,2,1,4,4,4,4
16242,4,4,4,1,2,4,2,2,5,4,3,3,2
30299,5,2,2,2,5,5,5,5,2,4,3,4,5
29528,4,3,4,2,3,4,3,3,1,1,3,3,3
104421,5,5,5,3,4,5,4,4,5,3,4,5,4
107548,2,5,5,5,4,2,3,2,2,2,2,2,4
82600,3,5,3,5,4,2,2,3,3,3,3,1,4
84476,1,5,1,2,3,3,5,2,2,1,3,1,2
1458,4,4,4,3,5,4,5,5,1,5,4,3,5
34201,1,4,1,3,1,1,1,1,5,3,5,5,1
128088,2,2,2,2,2,2,2,2,5,4,4,2,2
23204,1,4,1,4,3,4,3,4,4,1,4,4,1
30004,1,2,2,2,1,1,1,1,1,5,3,4,1
41410,0,5,0,3,4,0,4,4,5,2,4,3,4
98073,1,5,5,5,4,3,4,2,2,1,2,4,4
124597,2,4,2,2,5,2,5,5,4,4,5,5,5
67023,4,4,5,4,2,5,5,3,3,4,3,5,5
24454,3,3,3,3,1,2,1,4,4,4,4,3,4
73559,0,5,0,3,4,5,4,1,1,1,1,4,4
117582,2,2,2,2,4,4,4,5,5,5,5,4,4
99158,1,2,2,2,1,1,1,1,4,5,3,3,1
66257,3,4,3,3,1,3,1,1,4,5,4,2,1
69196,1,4,0,3,3,0,3,3,5,3,5,4,3
12279,3,3,3,4,4,3,5,4,3,2,3,3,4
87667,1,4,2,4,2,4,3,1,1,1,1,4,1
46333,2,2,2,2,5,5,5,5,3,2,2,2,5
51838,3,4,3,5,5,3,5,5,4,5,5,4,5
9150,4,4,0,3,3,0,3,3,3,3,4,5,3
25810,3,3,3,4,1,3,1,1,3,4,4,1,1
69092,2,4,1,3,3,1,3,3,3,2,5,3,3
60240,2,5,2,5,3,4,5,3,3,2,3,5,3
27975,3,3,2,3,5,5,5,3,2,4,1,5,5
85193,3,3,3,3,3,3,5,3,3,5,5,5,3
12232,2,3,2,1,4,2,5,4,5,4,5,4,4
20291,1,4,0,3,2,0,2,2,1,2,2,4,2
14907,4,5,3,2,3,5,5,2,2,3,2,5,5
80655,5,5,5,5,2,2,2,2,4,2,4,3,2
55996,4,4,4,1,4,5,5,3,5,5,4,5,5
36962,5,1,1,1,5,5,5,3,4,5,1,5,5
66737,0,4,0,3,2,0,4,2,4,5,3,3,2
129042,2,2,2,2,2,2,2,4,3,2,3,2,2
66937,2,2,2,2,2,5,5,4,4,4,4,5,5
98737,4,3,3,3,1,4,4,4,4,4,4,2,1
2540,0,0,0,4,2,5,4,5,5,5,5,4,4
117351,3,4,4,4,4,4,4,4,4,4,3,3,4
28925,1,1,1,1,4,4,4,4,4,5,4,2,4
1678,2,3,3,3,2,2,2,2,4,1,3,4,2
74980,1,1,2,3,3,2,3,3,4,2,4,2,3
56426,1,2,2,2,2,3,4,1,1,1,1,3,3
69655,2,2,2,2,3,4,4,2,2,2,2,1,2
29554,2,2,2,2,4,2,4,4,3,2,2,3,4
57825,3,5,4,3,5,4,5,5,4,5,5,4,5
2642,1,1,1,1,3,3,3,3,4,2,5,5,3
30936,2,2,2,3,4,2,4,4,3,3,5,3,4
107682,2,0,2,3,2,2,2,2,4,2,4,5,2
8715,2,4,0,3,1,0,1,1,4,2,4,4,1
66694,4,2,2,2,3,2,2,4,4,4,4,2,2
109011,2,2,2,2,3,5,4,4,4,4,4,5,4
31696,3,4,4,4,3,4,4,3,3,2,3,2,3
64051,2,2,2,2,5,4,4,5,5,5,5,4,3
125754,2,2,2,2,5,4,4,3,3,3,3,4,3
100529,2,4,2,1,2,1,3,5,5,4,5,3,3
70289,4,3,4,3,4,4,4,4,5,3,1,1,4
70512,3,4,3,2,1,3,1,1,3,3,4,3,1
116720,3,5,5,5,3,3,3,3,4,4,4,2,3
127183,2,1,1,3,4,2,4,4,2,3,3,1,4
6232,0,4,0,4,3,0,3,3,4,3,5,4,3
82844,1,1,1,1,4,4,4,5,5,5,5,4,5
51271,3,3,3,5,1,3,1,1,4,5,2,4,1
53076,2,4,4,4,2,2,2,2,1,1,4,4,2
6618,3,4,3,1,5,3,5,5,3,2,4,3,5
36806,2,1,2,4,2,3,3,2,5,3,3,3,3
72306,3,2,3,4,5,3,5,5,2,3,4,1,5
86125,4,4,3,4,2,5,4,5,5,5,5,3,3
3473,4,3,3,3,4,3,4,4,4,4,4,4,4
52037,4,2,4,4,4,4,4,4,2,4,1,2,4
28830,4,1,1,1,4,5,4,4,1,5,3,3,4
47456,3,4,3,1,5,3,5,5,3,2,5,5,5
114154,3,3,3,3,2,4,5,4,4,4,4,4,5
46868,4,4,4,1,2,4,5,2,3,3,1,3,2
52083,5,3,4,3,5,5,5,5,3,1,1,1,5
106511,5,5,5,5,4,5,4,4,4,4,4,4,3
36483,5,5,5,5,3,5,5,5,5,5,5,5,4
86740,1,1,1,1,2,5,5,2,2,2,2,4,3
92877,2,3,3,3,3,4,4,2,2,2,2,4,2
126246,5,1,1,1,4,5,4,4,2,2,2,4,4
113125,4,4,4,4,2,5,4,4,4,4,4,4,5
78922,1,1,1,1,4,4,5,4,4,4,4,5,5
127647,1,2,1,3,4,1,2,4,2,2,3,4,4
12223,3,4,3,3,2,5,5,4,4,3,4,3,3
87375,2,2,2,2,3,4,5,5,5,5,5,3,3
36514,5,5,5,5,5,5,5,5,5,5,5,2,5
91148,3,5,3,5,4,4,5,5,5,3,5,5,5
84526,5,5,5,5,5,5,4,5,5,5,5,5,5
16498,5,5,5,5,2,4,2,4,4,5,4,3,3
803,3,1,1,1,3,4,3,3,3,3,3,4,4
56331,5,5,5,5,2,4,5,5,5,5,5,3,5
73928,1,4,4,4,2,2,2,1,1,1,1,2,4
48451,4,4,4,3,1,4,1,1,1,4,1,3,1
92916,1,0,0,3,2,3,4,5,5,1,5,4,2
71575,4,4,4,3,4,4,4,4,5,4,4,4,4
80795,5,5,5,5,5,4,5,5,5,5,5,3,5
33824,4,2,2,2,1,4,4,4,4,4,4,4,1
124323,2,4,2,1,1,2,1,1,5,5,4,3,1
12079,3,2,1,2,3,3,3,3,4,3,3,3,3
13207,1,1,1,1,2,5,5,4,4,3,4,4,5
100439,1,4,4,4,1,1,1,1,2,2,4,1,1
72383,3,3,3,3,4,3,4,4,4,4,4,4,4
29656,0,2,0,4,2,0,2,2,2,2,2,4,2
44096,4,5,4,2,2,4,2,2,5,1,4,3,2
65500,5,3,5,5,5,4,5,5,5,5,5,3,3
96256,1,1,1,4,1,1,1,1,4,4,3,1,1
43755,5,5,5,5,5,5,5,5,4,1,1,1,5
91822,3,3,3,3,2,4,4,4,4,4,4,4,4
124399,2,5,2,3,4,2,4,4,1,1,1,1,4
93779,3,3,3,4,3,3,2,3,1,1,4,4,3
9635,5,5,5,5,5,4,4,4,4,4,4,3,4
123315,1,1,2,1,1,1,3,1,2,2,4,2,1
111694,4,4,4,4,5,5,4,3,3,3,3,5,5
86552,3,4,3,3,5,5,4,4,4,4,4,4,3
71619,1,1,1,4,2,1,2,2,4,3,4,3,2
75359,4,4,4,4,5,5,5,3,2,4,4,5,5
102495,2,4,2,4,2,2,2,2,3,3,5,5,2
81972,4,4,4,4,2,4,5,4,4,4,4,5,4
121809,5,5,5,5,4,5,4,4,4,4,4,5,5
86206,3,3,3,3,4,3,3,3,3,3,3,2,3
101538,4,4,4,4,5,4,5,5,5,3,4,5,5
122603,3,3,3,3,5,3,5,5,4,5,3,4,5
20420,3,1,1,1,1,3,4,3,3,3,3,4,2
85154,3,3,3,3,4,4,4,5,5,5,5,4,4
175,2,2,2,3,5,2,5,5,3,4,4,5,5
89864,3,3,5,3,2,5,4,5,5,5,5,4,5
46146,4,4,4,4,4,4,4,4,3,1,3,2,4
129334,1,1,1,1,5,4,4,5,5,5,5,5,3
5944,4,4,4,4,3,4,5,4,4,4,4,4,5
76126,1,1,1,1,4,4,4,4,4,5,5,4,4
93892,1,4,1,3,1,1,1,1,3,1,3,4,1
44577,0,4,0,2,5,4,5,4,4,5,5,2,4
50470,0,5,0,1,4,4,4,4,1,3,5,5,4
25041,4,1,1,1,4,3,2,4,4,4,4,1,4
114876,3,3,4,3,5,4,5,4,4,4,4,3,3
92470,4,2,2,2,2,3,3,4,4,4,4,2,3
88927,1,1,4,1,3,5,5,3,3,4,3,4,4
20485,4,3,3,3,3,4,5,3,3,4,3,3,2
13186,2,0,2,2,2,3,3,3,5,3,2,3,3
66837,3,5,5,5,2,4,3,3,3,3,3,2,2
14078,3,5,5,5,2,2,3,4,4,3,4,2,2
95788,2,4,2,5,3,2,4,3,5,3,4,3,3
123731,2,3,2,3,4,2,4,4,4,3,4,4,4
35017,3,3,3,3,3,3,3,3,4,5,2,3,3
85659,2,4,2,4,5,2,5,5,3,4,4,4,5
79888,2,5,5,5,2,2,2,2,2,2,2,1,2
5464,1,2,3,4,5,3,4,5,1,3,4,4,5
39738,3,5,1,3,3,1,3,3,5,5,2,2,3
44641,5,5,5,1,5,5,5,5,4,2,2,4,5
99970,1,5,1,4,3,1,3,3,5,3,5,5,3
2144,3,5,3,1,2,3,4,2,3,2,4,5,2
37406,4,4,4,4,2,4,2,5,5,5,5,1,1
114867,1,1,1,1,2,5,4,5,5,5,5,5,3
38065,2,2,2,2,1,3,4,2,2,2,2,3,2
93638,1,4,1,1,3,1,2,3,4,4,4,3,3
15898,2,3,3,3,2,2,2,2,3,4,3,4,2
30635,2,2,2,2,3,4,4,4,4,4,4,5,2
40180,4,0,4,1,4,4,4,4,2,2,2,4,4
16991,2,2,2,2,5,5,5,5,4,5,5,4,5
42312,4,4,4,3,3,4,3,3,4,5,4,5,3
95176,2,4,2,2,5,5,4,2,2,2,2,5,3
116909,5,5,5,5,3,5,5,5,5,5,5,5,3
58744,3,3,3,3,3,5,4,4,4,4,4,3,3
41174,2,2,2,2,2,3,4,2,2,2,2,2,4
126222,4,3,3,3,1,4,4,4,4,4,4,1,2
3566,2,0,2,1,4,2,4,4,3,4,1,1,4
63167,0,0,0,3,5,4,5,3,3,1,1,3,4
10319,0,4,0,1,4,4,5,1,1,1,1,3,5
101081,3,4,3,3,4,3,4,4,3,3,5,3,4
41115,4,4,4,4,5,3,4,5,5,5,5,2,1
124449,2,2,2,5,3,2,3,3,5,5,5,4,3
49602,1,1,1,1,5,2,2,4,4,4,4,2,2
66077,2,5,1,3,1,1,1,1,5,5,4,4,1
8549,4,4,4,4,3,4,3,3,5,3,4,4,3
64222,3,3,3,5,1,3,1,1,4,5,4,5,1
8840,2,5,2,5,4,2,4,4,2,2,1,1,4
78348,3,4,3,4,4,3,4,4,1,2,4,4,4
101407,2,0,2,5,4,2,4,4,4,5,5,5,4
7346,4,3,4,2,2,4,5,4,4,4,4,5,5
96080,1,5,0,3,3,0,3,3,5,2,5,3,3
47423,0,3,0,4,3,1,5,4,4,4,4,1,4
59361,2,4,2,2,1,2,4,2,2,2,2,4,4
3561,1,3,3,3,1,1,1,4,4,3,4,1,1
50645,2,4,0,4,3,4,5,2,2,0,4,3,4
57560,1,1,1,1,4,4,4,4,4,4,5,4,4
64952,3,3,3,3,2,4,4,5,5,4,5,5,5
83826,2,5,3,5,2,2,2,2,4,5,3,3,2
91612,0,0,0,1,4,0,4,4,5,3,5,3,4
89836,1,1,1,1,2,1,2,2,4,4,3,4,2
82690,4,4,4,4,3,3,3,3,5,2,5,3,3
105740,3,3,3,2,5,3,5,5,2,1,3,2,5
7090,1,1,1,3,5,1,5,5,2,2,3,1,5
60654,1,1,1,2,5,1,5,5,4,1,1,4,5
115761,1,4,4,4,1,1,1,1,1,2,3,2,1
75020,1,1,1,1,1,1,1,1,4,4,5,3,1
96222,3,3,3,3,1,2,3,3,3,3,3,2,2
30347,2,5,2,4,3,2,3,3,5,2,5,5,3
68316,2,5,2,2,3,5,5,4,4,4,4,3,3
8186,4,2,3,3,3,3,3,3,2,1,3,4,3
23451,4,5,5,5,1,4,3,4,4,4,4,1,2
110017,2,2,2,4,3,2,3,3,3,2,2,4,3
80781,2,4,2,3,5,5,4,2,2,2,2,3,3
37163,1,5,1,3,3,1,1,3,5,3,5,4,3
70927,2,0,3,3,1,3,1,1,5,5,4,4,1
6723,0,0,0,2,3,0,3,3,3,2,5,4,3
85798,4,4,4,4,1,3,1,5,5,5,5,2,3
73361,4,4,4,4,5,4,5,4,4,4,4,4,4
56810,3,3,3,3,2,3,2,2,4,1,4,1,2
85508,2,1,2,2,4,2,4,4,3,2,3,2,4
15508,1,5,1,1,3,1,4,3,5,3,5,5,3
119010,1,5,1,2,2,1,4,2,5,3,5,5,2
42563,2,1,1,1,5,4,3,4,4,4,2,4,4
83119,1,1,1,3,3,1,3,3,2,5,4,3,3
13607,2,5,5,5,1,4,4,2,2,2,2,2,4
3711,1,0,1,1,4,1,4,4,4,5,1,5,4
125919,3,4,3,1,3,3,3,3,4,3,4,3,3
127083,3,4,3,4,3,3,3,3,3,3,4,1,3
60491,4,4,3,4,2,5,5,4,4,4,4,5,3
30435,2,5,2,3,1,3,5,3,3,2,3,2,1
40694,4,3,3,3,4,4,4,4,4,1,2,1,4
56629,1,3,3,3,1,1,1,1,3,3,4,1,1
114467,2,1,4,1,4,3,3,2,2,2,2,1,3
33079,4,4,4,4,3,4,5,3,5,5,4,3,3
81801,3,3,3,3,1,3,1,1,1,4,3,2,1
80228,2,4,2,3,3,5,5,2,2,2,3,4,3
75,2,5,1,2,2,1,2,2,4,2,4,5,2
87119,4,2,4,3,4,4,4,4,4,1,3,1,4
27725,4,4,4,4,1,5,4,3,3,3,3,5,3
101751,2,2,2,2,3,3,4,3,3,3,3,4,4
37936,1,4,1,1,4,1,4,4,4,3,4,5,4
11698,4,4,4,4,3,3,3,5,4,4,4,3,3
11061,4,2,4,3,2,4,4,2,2,4,2,3,2
49969,4,4,4,4,5,3,4,1,1,4,1,4,4
30036,4,1,1,1,4,4,4,4,1,3,1,4,4
74330,4,4,4,3,2,4,2,2,3,2,5,5,2
47412,3,1,2,3,5,2,3,5,4,3,2,3,5
53351,4,4,4,3,3,4,3,3,5,4,5,2,3
1926,0,0,0,5,2,5,4,1,1,1,1,3,3
91516,3,4,3,3,2,3,5,5,5,3,5,4,5
37610,3,4,3,3,2,3,2,2,4,3,5,5,2
67822,3,2,2,2,3,3,3,3,4,1,4,3,3
83131,4,5,5,2,4,5,4,4,3,3,4,3,4
75598,3,4,3,3,5,3,5,5,3,3,5,4,5
37040,3,2,3,3,3,3,3,3,1,1,4,3,3
32633,4,1,1,1,4,4,4,4,1,1,3,2,4
113281,4,4,5,4,2,5,4,5,5,5,4,5,5
62548,2,2,2,2,5,5,5,5,5,5,5,5,4
105361,2,5,2,3,4,1,1,5,5,2,5,2,5
83703,2,4,2,4,4,2,4,4,5,2,5,5,4
11503,3,5,3,3,1,3,1,1,3,3,5,5,1
5397,3,1,3,4,5,3,2,5,2,1,3,1,5
80532,2,2,1,1,2,2,2,2,2,2,2,1,1
8446,3,4,3,2,5,4,5,3,3,3,1,3,4
46892,4,1,3,1,4,3,4,4,4,3,3,2,4
57744,4,5,4,1,4,1,1,4,3,5,5,1,1
127185,4,4,4,3,5,4,5,5,5,2,5,5,5
44415,4,4,4,4,5,4,5,5,2,5,4,2,5
21567,2,4,5,4,3,3,3,2,2,2,2,3,4
62282,4,4,4,1,1,4,1,1,4,4,5,4,1
21284,5,2,3,3,1,5,1,4,4,5,4,3,5
32626,3,5,3,3,3,3,3,3,4,5,4,3,3
32098,5,5,4,5,5,5,3,5,2,3,5,3,5
119864,4,4,4,3,5,4,2,5,5,5,4,5,5
68084,5,5,5,5,3,3,3,3,3,4,4,3,3
47293,5,5,5,5,1,1,4,3,3,4,3,2,3
1124,4,5,4,1,4,4,4,4,3,2,4,4,4
37203,3,4,3,3,1,3,1,1,3,2,4,3,1
55543,2,4,2,3,2,2,2,2,4,5,3,4,2
75898,1,4,4,4,3,3,3,1,1,1,1,3,1
90724,5,5,5,5,2,4,5,3,3,3,3,3,3
61238,4,2,2,2,4,4,4,4,4,2,2,4,4
86550,4,1,1,1,4,3,4,4,2,4,4,2,4
19865,4,5,4,2,2,4,2,2,3,2,4,4,2
48105,3,3,4,3,2,3,5,5,5,5,5,1,2
85405,3,3,3,3,4,5,5,5,5,4,5,3,3
78492,2,3,3,3,2,2,2,2,4,5,3,1,2
3857,2,1,2,2,3,2,3,3,4,1,2,4,3
8042,4,4,4,3,5,4,5,5,4,3,4,5,5
108669,3,1,3,4,3,2,2,4,3,4,3,2,2
73763,2,5,2,3,5,2,5,5,2,4,5,4,5
14954,3,5,3,1,1,3,1,1,3,2,4,4,1
102964,4,0,4,5,4,4,4,4,4,3,4,3,4
20049,2,1,1,1,2,2,2,2,2,5,3,1,2
68571,2,3,3,3,4,2,3,2,2,2,2,2,1
20962,1,3,3,3,1,1,1,1,3,3,4,4,1
100383,1,4,0,1,2,0,2,2,3,4,5,5,2
46616,5,3,3,3,5,4,5,5,3,4,4,3,5
4038,3,4,3,3,3,5,4,4,5,4,3,4,4
115027,1,1,1,1,4,4,5,5,5,5,5,5,3
91433,3,0,3,3,5,3,5,5,3,4,5,1,5
73842,1,1,1,1,4,3,4,4,4,4,4,5,5
68668,2,3,3,3,4,4,3,3,3,3,2,3,3
61363,2,2,2,3,2,2,2,2,3,5,4,2,2
13988,2,0,2,1,4,2,4,4,5,5,4,2,4
78490,1,1,1,3,3,1,3,3,1,1,3,4,3
40667,4,5,5,5,3,2,3,4,4,4,4,2,4
64024,3,3,3,3,5,5,5,5,5,3,5,3,5
29725,3,3,4,3,4,1,2,4,3,3,4,2,2
38784,4,0,4,2,5,4,5,5,4,1,3,4,5
91351,4,3,4,1,4,3,5,1,1,4,1,4,1
28877,4,4,4,4,1,2,3,5,5,5,5,4,4
104670,1,4,1,1,2,1,2,2,4,2,4,3,2
70488,1,1,1,1,3,4,5,5,5,5,5,4,5
104832,5,5,5,5,5,4,4,5,5,5,5,4,5
119329,3,3,3,3,2,3,2,2,4,3,3,1,2
96899,2,4,4,3,1,2,4,3,3,4,3,1,4
123483,2,2,2,3,3,2,4,3,2,4,4,2,3
69573,3,3,3,5,5,3,5,5,1,1,4,2,5
4006,4,4,4,5,2,4,2,2,3,5,4,4,2
101127,5,5,5,1,4,5,4,4,4,3,4,3,4
70210,2,4,0,3,5,2,2,5,5,0,5,1,2
98127,1,3,1,1,1,1,1,1,2,2,1,4,1
28859,3,3,3,3,4,3,4,4,1,5,3,3,4
61909,3,3,3,3,3,4,4,4,4,5,4,3,5
105608,2,2,2,2,3,2,3,3,3,3,5,4,3
46463,4,3,4,4,5,5,4,5,5,5,4,3,3
56275,4,2,2,2,4,4,4,4,3,2,4,3,4
113906,2,3,2,3,4,2,4,4,2,3,2,4,4
110627,3,4,3,3,1,3,1,1,1,5,2,2,1
64824,1,1,4,1,1,3,4,1,1,1,1,3,3
10905,3,3,3,2,4,3,4,4,4,3,2,2,4
16402,1,5,1,3,4,1,4,4,3,4,5,4,4
12724,4,4,4,4,3,4,3,3,1,5,5,4,3
126703,2,2,2,2,2,5,5,5,5,5,5,4,3
66784,3,3,3,2,3,3,3,1,2,1,3,3,3
34681,0,0,0,3,1,1,2,4,4,4,4,5,1
39029,4,4,4,4,1,4,1,1,5,3,5,4,1
79685,2,4,2,2,1,2,1,1,5,2,5,5,1
15877,1,4,1,2,5,1,5,5,4,1,1,5,5
65281,3,4,3,5,3,4,4,5,5,3,5,4,5
10913,4,2,2,2,4,4,4,2,2,2,4,2,1
2336,2,3,2,2,1,2,1,1,2,3,2,1,1
557,3,3,3,3,4,4,5,4,5,3,5,3,4
126985,1,4,4,4,1,1,1,1,2,3,3,3,1
106616,1,5,4,5,1,2,1,1,1,5,3,4,1
76215,5,5,5,5,5,5,5,5,5,5,5,5,3
43444,3,0,3,4,5,3,5,5,2,5,3,3,5
64335,2,4,4,4,2,2,2,2,1,1,3,3,2
31918,4,4,4,4,3,4,5,4,4,4,5,4,3
93373,5,5,5,5,2,4,4,5,5,5,5,5,4
111375,3,3,3,3,1,3,1,1,4,3,3,2,1
60191,3,1,3,4,2,3,2,2,1,1,3,4,2
74365,1,1,1,1,5,5,4,4,4,4,4,4,4
127339,2,1,2,2,4,2,4,4,3,5,3,4,4
57133,3,3,3,3,4,3,4,4,3,5,3,4,4
28385,1,4,1,2,5,1,5,5,2,5,4,2,5
61048,1,1,1,1,5,4,5,4,4,4,4,4,3
11496,4,4,5,3,5,4,5,3,3,5,3,3,3
103791,5,5,3,5,5,5,5,5,4,5,4,3,5
123211,1,1,1,3,1,3,2,3,3,1,3,3,2
26243,1,3,0,4,3,3,3,2,2,0,1,3,4
85769,4,4,4,4,2,4,4,4,4,4,4,3,3
109390,2,4,2,3,5,2,5,5,3,3,3,4,5
63448,1,4,1,4,4,1,4,4,2,4,3,2,4
3216,1,1,1,1,2,1,3,2,5,5,4,4,2
5829,3,1,3,4,3,4,4,1,1,3,1,1,4
128264,1,1,1,1,3,5,4,4,4,4,4,3,4
6579,5,5,5,5,5,4,4,4,4,4,4,3,4
117990,0,0,0,1,2,5,5,1,1,1,1,5,3
14299,1,1,1,1,4,3,3,2,2,2,2,3,1
111704,5,5,5,5,2,5,5,5,5,5,5,3,4
38311,3,3,3,4,3,1,1,2,4,2,4,1,1
83226,1,1,1,1,2,5,4,5,5,5,5,3,3
121700,2,2,2,2,5,5,5,5,5,5,5,5,4
101655,2,3,3,3,2,2,2,2,3,2,4,2,2
98923,4,4,4,4,2,5,5,4,4,4,4,5,5
85407,4,0,4,5,2,4,2,2,4,5,4,3,2
112764,4,4,4,4,5,4,4,4,4,4,4,3,5
121295,3,3,3,3,5,4,4,2,2,2,2,5,5
14883,2,4,5,5,3,4,3,2,2,2,2,2,2
16490,1,2,2,2,1,1,1,2,2,4,4,1,1
103054,4,4,4,4,4,4,4,4,1,5,3,3,4
81880,4,4,4,4,3,5,5,5,5,5,5,5,5
75551,0,0,0,4,3,3,3,3,5,4,5,5,3
35295,4,3,4,3,4,4,4,4,5,1,1,4,4
75549,1,1,2,1,4,4,5,4,4,4,4,3,4
80892,1,5,0,4,5,5,4,1,1,0,1,5,5
96366,1,1,1,3,4,1,4,4,4,4,5,4,4
106524,3,0,2,3,4,2,4,4,3,5,3,4,4
105636,4,4,3,4,3,5,5,5,5,4,5,3,4
53688,2,2,2,2,2,1,1,4,4,4,4,2,1
37325,4,2,2,2,4,4,4,4,1,3,3,5,4
72879,4,4,4,4,5,5,4,4,4,4,4,5,3
85076,4,4,2,4,3,4,5,5,5,4,5,4,4
116086,3,4,3,4,1,3,1,1,1,5,2,1,1
80492,2,2,2,2,5,3,5,4,4,4,4,3,3
46445,1,5,1,1,4,1,4,4,3,4,5,3,4
30880,3,3,3,3,3,3,3,3,4,3,4,1,3
107315,4,3,4,3,5,3,5,1,1,4,1,2,2
103877,1,5,1,5,2,1,5,2,4,5,2,5,2
46829,2,1,1,2,1,1,1,1,5,2,1,5,1
31930,1,1,5,1,2,5,4,4,4,4,4,3,5
11160,3,4,3,5,3,1,3,3,1,2,1,3,3
83716,3,4,4,4,3,3,2,3,4,2,3,4,3
124265,3,4,4,4,3,3,3,3,3,3,3,2,3
71089,2,4,2,1,4,2,4,4,5,3,1,1,4
47545,0,0,0,2,3,0,3,3,3,4,1,2,3
107737,2,2,2,3,5,2,5,5,2,4,4,1,5
46546,5,5,5,5,4,2,1,4,4,4,4,1,4
39679,1,4,0,1,4,5,5,2,2,0,2,3,3
54459,2,2,2,2,5,5,5,5,4,3,3,5,5
114571,3,1,0,3,2,0,5,2,3,1,4,2,2
12438,1,5,1,4,3,1,3,3,4,5,5,4,3
47091,4,3,3,2,2,3,2,2,2,4,2,2,2
68203,1,2,1,3,4,3,3,1,1,1,1,3,4
15636,4,2,2,2,4,4,4,4,3,2,3,5,4
103006,1,1,1,1,5,4,4,5,5,5,5,4,4
57787,2,5,2,4,2,3,3,2,4,3,3,3,3
88550,1,2,1,4,1,4,4,1,1,1,1,4,3
88944,3,4,3,3,5,3,5,5,4,3,4,5,5
112396,5,5,5,5,5,4,4,2,2,3,2,5,3
72767,3,3,3,3,4,5,5,5,5,5,5,4,3
31604,4,4,4,1,3,5,5,1,1,4,1,3,5
1622,5,5,5,5,3,5,5,4,4,4,4,3,3
112739,5,5,5,5,2,5,4,4,4,4,4,3,4
61128,4,4,4,3,3,4,3,3,4,5,4,4,3
106309,4,4,4,4,5,5,4,4,4,4,4,5,5
23758,1,4,1,3,5,1,2,5,5,3,4,4,5
5197,3,3,3,1,5,3,5,5,3,5,5,3,5
94285,0,0,0,3,3,4,5,4,4,4,4,3,3
67046,5,5,4,5,5,4,4,4,4,5,4,3,5
125857,2,5,5,5,2,2,2,2,1,2,3,4,2
7216,3,4,4,4,5,4,3,2,2,1,3,3,2
70234,1,1,1,1,3,4,4,5,5,4,5,5,5
97022,2,2,2,2,4,5,5,5,5,5,5,3,3
50476,4,1,4,2,1,4,1,1,5,5,1,1,1
88084,2,2,2,2,2,4,4,3,3,4,3,5,4
49719,1,0,0,3,3,2,3,4,4,0,1,4,4
80046,4,4,4,3,5,4,4,3,3,4,4,3,3
109666,3,2,2,2,3,3,3,3,3,4,4,4,3
121127,2,2,2,2,4,4,4,3,2,4,5,4,4
129514,4,1,4,3,4,4,4,4,2,2,2,4,4
38511,4,4,4,4,5,4,2,4,4,5,4,3,3
39351,2,4,2,3,2,5,5,3,3,5,4,5,5
18613,2,5,2,5,1,2,1,1,4,1,3,1,1
44437,4,0,4,3,4,4,4,4,1,4,5,2,4
47790,2,4,4,4,4,3,4,2,2,2,2,4,4
31697,2,2,2,2,1,2,1,1,2,3,1,1,1
36779,1,5,5,5,1,1,1,2,1,4,3,1,1
102244,5,5,5,5,4,4,4,5,5,4,4,4,5
116221,1,5,1,4,2,3,2,2,2,1,2,1,2
112539,2,5,2,4,4,2,4,4,3,5,4,3,4
42087,3,1,3,2,5,3,5,5,1,1,2,1,5
15224,2,2,2,2,5,5,5,5,4,1,2,5,5
14341,4,4,4,2,2,4,2,2,3,2,2,4,2
118679,2,5,5,5,5,3,3,2,2,2,2,2,2
22212,2,5,2,2,4,2,4,4,3,4,4,4,4
125386,5,4,4,1,3,5,3,3,5,3,4,5,3
127661,4,0,4,3,1,4,1,1,5,4,4,3,1
111077,1,3,1,3,1,2,2,4,4,1,2,3,4
59763,4,0,4,2,1,4,3,1,3,5,4,3,1
70724,2,4,5,5,2,2,2,2,4,3,4,1,2
55336,2,3,2,3,1,2,1,1,1,1,3,3,1
14547,2,5,5,3,2,5,4,2,5,5,4,3,2
85443,4,2,4,4,5,4,4,5,5,4,4,5,5
76601,3,2,3,2,4,3,4,4,3,3,2,4,4
78671,2,2,2,2,4,5,4,5,5,5,5,3,4
81740,4,4,4,3,2,4,2,2,5,4,4,3,2
90353,1,1,4,1,3,5,4,4,4,4,4,3,4
11688,3,3,2,3,5,5,5,5,4,2,5,5,5
123247,1,4,1,3,5,1,1,5,1,1,4,3,5
109571,2,4,2,4,2,1,5,1,2,5,5,5,5
72652,3,5,3,4,1,3,1,1,3,2,5,4,1
29744,3,4,4,4,2,3,2,2,5,5,4,3,2
66814,2,2,2,2,4,4,4,4,5,3,5,4,4
17027,3,5,3,3,4,3,4,4,4,5,4,3,4
51120,3,1,3,3,2,3,2,2,3,3,3,4,2
59764,3,3,3,3,1,3,1,1,5,5,5,5,1
14743,1,1,1,1,3,4,1,5,5,5,5,1,2
107497,4,4,4,4,4,4,4,4,4,4,3,2,4
44542,3,4,0,3,4,0,4,4,2,2,4,3,4
77528,3,3,5,3,4,4,4,4,3,5,5,3,4
24676,3,3,3,3,5,3,1,5,3,1,3,1,5
97795,2,5,2,4,2,2,2,2,5,2,4,4,2
22786,5,5,5,5,1,4,2,4,4,4,5,3,3
81290,2,5,2,1,2,2,2,2,4,5,3,5,2
6123,4,4,4,4,2,4,2,2,4,2,5,4,2
32413,3,3,3,1,5,3,2,5,3,5,5,3,5
23745,5,5,5,1,4,5,4,4,3,1,4,2,4
58166,1,1,1,1,5,5,4,4,4,4,4,4,5
111689,3,3,3,3,3,4,4,5,5,4,5,3,3
62146,3,3,3,3,5,5,4,5,5,5,5,5,5
85254,2,2,2,4,4,2,4,4,4,4,4,1,4
80053,2,0,2,3,2,2,2,2,1,5,5,3,2
53245,5,3,3,3,5,5,5,5,2,1,5,1,5
15040,4,4,4,4,2,2,2,5,3,1,1,2,2
48661,0,4,0,4,2,4,5,5,5,5,5,3,5
106229,2,3,2,3,1,2,1,1,4,3,3,2,1
122308,3,5,3,3,2,3,1,2,2,2,5,2,2
27669,5,5,5,5,5,5,5,5,2,1,3,2,5
112103,4,4,4,3,2,4,2,2,4,5,4,5,2
38249,4,4,4,3,4,4,4,4,4,5,3,1,4
93340,5,5,5,5,4,4,4,4,4,2,5,5,4
112355,5,5,5,5,5,5,4,5,5,5,5,4,4
113094,3,0,3,2,3,3,3,3,4,3,2,1,3
53487,1,2,3,2,1,1,1,1,2,3,4,3,1
122879,1,5,0,2,1,0,1,1,4,2,5,5,1
128978,2,5,2,2,1,2,1,1,5,2,3,1,1
32105,0,3,0,3,2,5,2,5,5,5,5,4,5
100848,4,5,4,4,2,5,4,4,4,4,2,1,1
37926,3,4,3,2,3,4,5,3,3,3,3,4,5
127481,2,4,4,4,2,2,2,2,3,3,3,4,2
62410,3,2,2,4,5,3,5,5,3,4,5,5,5
20225,5,4,4,4,5,5,5,5,5,4,1,1,5
4787,0,4,0,1,5,0,5,5,3,3,4,5,5
45818,4,5,4,3,1,4,1,1,5,4,5,5,1
109930,2,1,2,4,3,2,3,3,2,2,4,2,3
21128,3,5,0,3,2,0,1,2,3,2,4,4,2
68805,3,2,4,4,3,4,3,3,4,4,4,1,3
75704,4,4,4,4,5,5,5,4,4,4,4,5,3
122678,2,2,2,2,2,3,4,2,2,3,2,3,2
10288,1,1,1,1,4,5,5,4,4,4,4,5,4
17259,2,1,2,4,1,2,5,1,2,1,4,1,1
116643,5,0,5,3,5,5,5,5,3,5,5,3,5
4479,5,0,5,1,2,5,2,2,5,2,5,4,2
73764,4,1,4,4,4,4,4,4,3,4,4,4,4
103245,3,3,3,3,5,3,1,3,3,3,3,1,5
32744,3,2,3,3,2,3,2,2,1,2,4,4,2
37545,2,2,2,4,5,2,5,5,2,2,3,3,5
112163,5,5,5,5,4,4,2,4,4,4,4,4,1
127418,2,3,3,1,5,3,5,5,3,1,5,5,5
94047,5,5,5,1,4,5,4,4,4,2,4,4,4
41000,3,3,3,3,4,4,4,4,2,4,1,3,4
2552,1,4,4,4,1,3,3,1,1,1,1,4,1
91650,4,4,4,2,4,4,4,5,5,4,5,3,4
96094,3,5,3,1,3,5,5,4,4,3,4,5,4
50966,4,5,4,3,3,4,3,3,3,3,4,3,3
7433,2,5,2,3,3,2,3,3,5,4,5,3,3
122887,5,5,5,3,4,5,4,4,5,5,4,4,4
125863,2,2,2,3,1,2,1,1,3,4,5,3,1
111852,3,3,3,4,2,3,2,2,2,2,3,1,2
51101,3,4,3,3,2,3,2,2,3,3,4,5,2
101621,3,4,3,1,3,3,3,3,3,3,4,4,3
70615,5,5,5,5,2,4,4,4,4,4,4,4,4
41915,4,4,4,4,3,3,2,5,5,5,5,5,3
3577,0,0,0,1,3,5,5,3,3,4,4,5,3
104457,5,5,5,5,5,4,5,4,4,4,4,5,5
91008,4,2,4,2,5,4,5,5,3,1,3,2,5
11846,2,2,3,2,3,4,5,3,3,2,3,4,4
10097,3,3,3,3,3,3,3,2,4,4,3,3,3
14972,4,5,2,5,4,4,4,4,3,1,2,3,4
23827,3,3,3,1,1,3,1,1,2,1,5,2,1
45897,4,1,1,1,1,2,5,5,5,4,5,1,2
121077,1,1,1,2,1,1,1,1,2,3,5,2,1
64171,2,5,2,3,4,2,4,4,4,5,4,5,4
78088,3,5,3,4,5,3,5,5,3,5,5,4,5
100754,4,5,3,1,2,3,2,2,4,2,3,2,2
54942,2,2,2,2,5,3,4,2,2,2,2,3,2
39633,5,1,3,1,5,5,5,5,1,4,3,3,5
45848,1,3,1,3,5,1,5,5,4,2,4,4,5
98295,2,1,2,4,4,2,4,4,3,1,2,4,4
15562,5,5,5,5,4,5,4,5,5,5,5,3,3
17776,5,0,5,5,5,5,3,5,3,4,2,3,5
42854,1,1,3,2,2,4,5,3,3,3,3,5,5
552,4,4,4,4,2,4,4,4,4,4,4,4,5
4831,5,5,5,5,2,4,5,4,4,4,4,3,5
117958,2,3,3,3,5,3,4,2,2,2,2,4,2
114655,1,1,1,1,3,4,4,4,4,4,4,5,4
35242,3,3,3,2,4,3,4,4,4,4,2,2,4
25513,2,5,3,4,1,3,1,1,3,5,3,1,1
75992,2,4,2,4,4,4,5,5,5,2,5,3,5
103805,5,5,5,5,4,4,4,4,5,3,5,3,4
92753,0,2,0,3,3,0,3,3,1,1,2,3,3
46939,3,4,3,4,1,3,1,1,3,5,5,4,1
20235,4,1,3,1,4,4,4,4,2,1,4,5,4
63156,1,1,1,1,5,5,4,2,2,2,2,3,4
57230,1,4,1,3,4,5,5,5,5,1,5,5,4
101238,1,0,0,3,2,1,4,2,3,2,4,4,2
80210,1,1,1,3,1,5,4,4,1,4,3,4,4
103611,1,5,1,4,1,1,1,1,3,2,5,4,1
105208,4,4,4,1,4,4,4,4,5,3,5,4,4
74224,2,0,2,3,5,5,5,2,2,2,2,4,5
23005,3,4,3,4,4,5,5,2,2,3,1,5,3
10653,3,0,3,4,2,3,2,2,5,2,4,4,2
123363,2,2,2,2,3,5,4,5,5,5,5,5,3
89908,2,5,5,5,2,2,2,2,2,3,3,1,2
20776,4,4,4,4,3,4,3,3,2,4,4,4,3
14887,2,1,2,3,5,2,5,5,1,1,3,1,5
91495,2,1,1,5,3,2,2,3,5,3,4,3,3
24703,5,5,5,5,3,3,2,4,4,4,4,2,5
3570,5,5,5,2,1,5,1,1,3,2,5,4,1
114375,4,4,4,4,4,4,4,4,1,1,4,3,4
103513,4,5,4,3,1,4,1,1,4,5,3,4,1
7943,3,1,3,3,3,4,5,4,4,4,4,3,5
104022,2,2,2,4,3,2,3,3,3,3,4,4,3
578,4,4,4,4,4,5,5,4,4,4,4,3,3
43334,2,2,2,2,4,4,2,4,4,4,4,1,5
32617,2,2,2,4,4,2,3,4,2,1,3,3,4
61272,2,4,2,4,2,2,2,2,3,3,4,5,2
62773,1,2,3,2,1,1,1,4,4,4,4,1,1
117845,5,5,5,5,5,5,5,5,3,3,3,3,5
88226,0,0,0,4,5,5,5,4,4,4,4,5,4
50979,2,0,2,5,4,2,4,4,4,2,5,5,4
73714,1,1,4,1,1,1,3,4,4,4,3,1,1
26974,2,2,2,2,4,2,1,4,4,4,4,4,1
21114,1,4,1,1,5,4,5,1,1,1,1,3,4
98081,2,2,2,2,5,5,5,5,3,2,5,5,5
83130,4,5,4,1,5,4,5,5,3,5,4,4,5
129290,5,1,1,1,5,5,5,5,2,2,4,4,5
124426,3,4,3,2,1,3,2,1,3,4,4,5,1
51707,2,2,2,4,1,2,1,1,1,3,4,1,1
111384,1,1,1,3,1,1,5,1,1,1,3,2,1
5558,5,5,5,5,3,5,4,4,4,4,4,3,3
43309,1,5,5,5,5,3,4,1,1,1,1,3,2
75094,4,4,4,4,3,3,5,4,4,4,4,4,5
121708,1,1,1,1,2,5,4,5,5,5,5,4,3
38573,1,5,1,5,5,1,5,5,3,1,1,1,5
19656,1,2,1,4,3,4,3,2,2,1,2,4,1
10388,4,4,4,4,3,5,5,5,5,5,5,5,4
86607,1,1,1,1,3,4,4,5,5,5,5,3,3
30460,3,4,3,3,5,4,4,2,2,3,2,3,3
85260,3,4,3,1,1,3,1,1,5,4,4,5,1
82861,4,0,4,4,4,1,1,5,3,5,5,1,1
102836,5,5,3,5,2,4,5,5,5,5,5,4,3
8983,1,2,1,3,3,4,4,5,5,1,4,3,4
99509,4,4,4,1,5,4,5,5,3,2,4,3,5
81631,2,2,2,2,2,2,2,2,5,2,4,5,2
124258,2,5,2,2,5,3,4,2,2,2,2,3,3
64547,1,1,3,1,2,4,4,4,4,4,4,5,5
13854,2,4,2,2,5,2,5,5,5,3,4,3,5
58716,2,2,3,3,5,3,2,1,1,3,1,1,2
3716,5,4,5,1,1,5,1,1,5,4,4,4,1
47234,1,4,1,1,5,5,4,2,2,1,2,3,5
74685,1,4,1,3,2,1,2,2,3,3,5,5,2
99660,4,4,4,4,4,4,4,4,5,5,2,1,4
53506,4,4,4,4,4,5,5,3,4,4,5,5,5
63398,1,3,1,1,2,1,2,2,2,4,1,1,2
104015,4,4,4,4,3,3,3,3,4,3,4,3,3
97784,4,4,5,4,2,5,4,4,4,4,4,3,3
118598,2,2,2,2,3,4,5,4,4,4,4,5,5
124185,3,4,4,4,5,4,5,5,1,2,3,4,5
66172,3,3,3,3,4,4,5,4,4,4,4,4,4
52536,3,3,3,3,5,4,4,5,5,5,4,4,4
93672,2,5,2,4,4,2,4,4,4,5,4,5,4
97338,3,5,5,5,4,3,2,3,3,3,3,2,2
102857,4,4,4,3,1,4,1,1,4,5,4,4,1
40778,3,2,2,2,5,3,3,3,3,3,3,2,2
98377,3,3,3,3,4,5,5,3,3,4,3,3,5
95815,2,2,2,3,1,2,1,1,4,4,4,5,1
64443,5,1,5,5,2,4,4,4,4,4,4,3,3
19410,3,5,4,2,4,4,4,4,1,2,5,2,4
25329,4,1,1,1,4,4,4,4,3,3,5,5,4
28912,5,5,5,5,5,5,2,4,4,4,4,4,5
58455,1,2,1,3,4,4,4,1,1,1,1,3,3
71782,4,4,4,4,4,4,5,5,5,4,5,4,4
39729,3,4,3,3,5,3,5,5,2,5,4,3,5
31410,4,4,4,1,5,4,5,5,4,4,1,3,5
20930,2,2,2,2,5,5,5,5,5,4,3,4,5
108085,5,5,5,5,2,5,4,3,3,3,3,5,5
56921,2,2,2,2,4,4,4,3,4,4,5,4,4
114231,2,3,3,3,1,2,3,2,2,2,2,1,3
116868,4,4,4,4,5,4,4,4,4,4,4,3,3
125182,1,1,1,1,3,4,5,5,5,5,5,3,4
43023,1,0,0,2,3,2,1,1,1,1,1,2,1
21184,4,4,4,4,5,5,5,5,5,2,5,4,5
81931,2,5,2,2,2,2,3,2,3,5,5,4,2
83714,0,0,1,4,2,1,5,2,5,3,5,3,2
116971,2,2,2,2,4,4,5,5,5,5,5,5,4
49094,2,2,5,2,4,4,5,4,4,5,5,1,4
129801,2,4,2,3,5,5,5,4,4,2,4,1,3
48638,5,5,5,5,4,5,5,5,5,5,5,4,4
78268,3,1,3,4,5,3,5,5,1,1,3,3,5
120054,3,5,3,3,1,3,1,1,4,5,4,3,1
83256,2,2,2,3,2,2,3,2,3,4,2,4,2
44683,3,5,5,5,3,4,4,3,3,3,3,1,1
13554,2,0,2,2,5,2,5,5,3,4,1,3,5
67120,4,4,4,4,4,4,4,3,5,4,3,4,4
120870,2,2,3,2,5,5,5,4,4,4,5,5,5
27730,5,1,3,1,2,2,5,5,5,5,5,2,2
93637,2,4,2,3,2,5,5,2,2,2,2,5,4
91343,4,2,4,3,4,4,4,4,4,3,4,4,4
95106,1,2,1,4,1,5,2,3,4,4,4,2,2
11878,3,5,3,4,4,4,4,2,2,3,2,5,3
68934,2,3,3,3,1,4,4,2,2,2,2,2,1
43875,3,3,3,3,5,5,5,5,1,2,5,1,5
78271,1,0,0,4,1,0,1,1,3,3,4,3,1
78112,2,2,2,2,4,4,4,4,4,5,4,5,4
120255,2,5,2,1,3,2,3,3,5,3,5,4,3
106950,1,1,5,1,3,5,5,4,4,4,4,3,5
42376,1,2,1,4,4,3,3,4,4,1,4,3,2
81778,1,1,1,1,3,4,4,3,3,4,3,4,4
35272,5,5,3,5,5,1,2,5,5,5,5,4,2
122022,0,5,0,3,1,1,1,1,3,2,4,4,1
108265,4,3,3,3,4,4,4,4,1,3,2,4,4
79482,2,3,3,3,1,4,4,2,2,2,2,1,2
120138,4,4,4,4,4,4,5,5,5,5,5,3,5
59396,1,1,1,3,1,4,3,4,4,1,1,2,1
40780,0,1,1,1,5,1,5,5,3,1,3,5,5
108806,2,4,2,3,1,2,1,1,1,2,3,2,1
68693,3,4,3,5,5,3,5,5,5,5,5,5,5
45836,4,4,4,1,1,4,1,1,2,3,2,3,1
120195,4,0,4,2,2,4,2,2,4,5,5,5,2
127592,1,1,1,1,2,4,4,4,4,4,4,5,3
96098,2,4,2,3,1,2,1,1,5,2,4,4,1
64190,2,1,1,1,3,4,3,2,2,2,2,3,3
109654,3,2,2,2,3,3,3,3,2,4,3,3,3
118712,3,5,3,1,3,3,3,3,3,3,2,4,3
80025,2,5,2,1,5,5,4,5,5,2,5,5,4
21951,3,3,3,3,5,3,5,5,4,3,3,1,5
103568,3,3,3,3,4,4,4,4,3,4,5,3,4
3019,3,4,4,4,4,3,4,3,3,3,3,4,2
116013,3,1,3,2,4,2,2,4,4,3,4,1,1
24389,4,4,4,2,2,4,2,2,4,3,5,5,2
29864,3,4,4,2,5,4,5,5,2,5,4,4,5
48682,1,5,1,3,5,1,5,5,3,5,5,4,5
109268,3,5,3,4,2,3,2,2,3,4,4,3,2
47690,4,2,4,4,3,4,4,1,1,4,1,2,4
50748,4,5,4,3,5,4,2,5,3,2,5,4,5
94402,0,0,0,4,3,4,4,4,4,4,4,4,3
115908,4,3,3,3,4,4,4,4,5,1,2,3,4
104498,2,2,2,2,2,3,4,5,5,5,5,5,4
33968,3,3,3,1,3,3,3,3,4,1,5,3,3
90868,5,5,5,3,3,5,3,3,5,4,5,4,3
46374,4,1,1,1,4,4,4,4,3,4,2,5,4
25275,4,3,4,4,3,4,2,3,1,2,3,2,3
125369,2,2,2,2,4,3,2,4,4,2,2,3,2
36871,3,2,3,3,2,3,4,2,2,4,4,3,2
103316,1,1,1,1,2,5,5,5,5,5,5,4,5
95860,4,4,4,4,4,4,5,5,5,5,5,3,4
20744,1,1,1,1,5,5,5,5,2,2,3,3,5
101526,4,3,4,4,4,4,4,4,4,2,1,4,4
80041,2,4,2,1,4,2,4,4,3,3,4,4,4
32922,3,1,3,3,1,3,1,1,4,4,2,4,1
35054,4,4,4,4,4,4,4,3,2,4,4,4,4
89992,4,4,4,4,4,4,4,4,4,4,4,5,5
10563,2,2,2,2,2,5,4,4,4,4,5,4,4
92411,3,5,5,5,1,4,4,3,3,3,3,1,1
8601,3,3,3,3,2,5,5,4,4,4,5,3,5
18874,4,4,4,4,4,4,4,4,1,5,3,2,4
111767,1,2,2,2,2,1,2,1,1,2,1,1,4
34189,2,1,2,4,5,2,5,5,2,4,4,2,5
114690,3,4,3,3,1,3,1,1,5,3,4,5,1
19931,3,5,0,3,1,0,1,1,4,4,4,4,1
36925,1,1,1,1,1,5,2,4,4,4,4,3,1
26407,5,2,2,2,5,5,5,5,1,3,2,2,5
117338,1,0,2,2,2,2,2,2,4,2,4,3,2
49402,3,3,5,3,1,2,4,5,5,5,4,3,2
83393,3,3,3,3,2,5,4,4,4,5,4,5,3
51387,5,4,0,4,1,4,5,4,4,0,2,5,1
83965,1,1,3,1,2,5,5,1,1,2,1,3,3
88752,2,5,3,2,1,3,1,1,1,2,2,2,1
56453,1,4,1,2,4,4,5,5,5,1,4,4,5
102553,2,5,2,2,2,5,5,5,5,2,5,5,3
116818,4,2,4,4,3,4,5,4,4,4,4,4,4
7851,2,3,3,3,2,2,2,2,2,2,4,1,2
93813,4,4,4,4,4,5,4,5,5,5,5,5,4
109217,5,1,1,1,5,5,5,5,3,5,2,2,5
68685,3,0,3,2,1,3,1,1,4,2,1,2,1
56987,2,2,2,4,2,4,3,3,3,2,4,3,3
111318,4,1,1,1,4,4,4,4,1,1,3,4,4
113507,4,5,5,5,4,2,3,4,4,4,4,4,3
54616,1,1,1,2,4,1,4,4,1,1,4,1,4
99140,4,4,1,4,2,5,4,4,4,5,4,3,3
112427,2,2,2,2,4,5,4,4,4,4,4,4,5
9599,3,5,3,2,1,3,1,1,5,5,4,5,1
37418,1,5,5,5,1,1,1,1,4,4,4,2,1
18906,4,3,4,3,3,4,3,3,4,1,3,4,3
70278,3,3,3,3,5,5,5,4,4,4,4,5,3
88172,1,0,0,4,5,0,5,5,4,2,5,4,5
16728,4,4,4,4,4,4,4,5,4,2,3,4,4
112681,5,5,5,5,2,4,4,5,5,5,5,3,5
2067,4,5,4,4,4,4,5,3,3,4,3,3,3
127982,5,5,5,5,5,5,2,5,5,5,5,1,4
120763,3,3,3,5,4,3,5,4,4,4,5,5,4
60074,4,4,4,4,3,3,3,3,3,4,5,5,3
101783,1,1,1,1,5,5,5,5,5,5,5,4,5
34893,1,5,1,3,4,5,5,1,1,1,1,3,3
71404,4,4,4,4,2,5,4,4,4,4,4,4,3
129267,2,2,4,4,5,2,4,2,2,2,2,3,1
57424,4,5,3,5,4,3,4,4,3,2,5,5,4
14079,1,0,1,2,3,1,3,3,1,2,1,5,3
94557,1,1,5,1,2,4,4,5,5,5,5,3,5
5857,4,0,4,4,4,4,4,4,3,5,2,2,4
78678,4,4,4,4,5,4,5,5,4,4,4,3,5
87402,2,0,4,4,5,5,5,5,5,4,5,2,5
45638,2,4,0,3,4,0,4,4,5,3,5,5,4
102121,0,0,0,3,1,0,1,1,4,3,4,4,1
45282,4,4,4,4,4,4,4,4,3,2,5,4,4
4958,0,0,0,3,2,0,2,2,3,2,4,4,2
128585,4,4,4,4,5,5,4,2,2,2,2,4,4
16904,2,4,1,4,4,1,4,4,4,5,4,3,4
74720,3,5,3,2,5,3,5,5,4,2,3,5,5
111613,2,2,2,2,2,4,5,5,5,5,5,5,4
54064,4,4,4,4,5,5,5,5,1,2,1,4,5
17959,3,2,2,2,3,3,3,3,4,5,2,5,3
128057,3,4,3,3,3,3,1,2,2,3,1,1,2
33382,2,5,2,3,4,5,1,5,5,2,5,1,2
110110,1,0,0,2,2,1,2,2,4,2,4,4,2
124386,4,4,4,1,2,4,4,3,3,4,2,5,4
123990,3,3,4,3,4,4,4,5,5,5,5,3,3
113522,2,2,2,2,5,4,4,5,5,5,5,3,5
35364,1,1,1,3,1,1,1,1,4,2,3,2,1
124452,2,2,2,2,3,2,4,3,5,4,4,3,3
73558,0,5,0,3,5,4,4,5,5,5,4,4,5
13878,4,1,5,2,4,5,4,4,4,2,3,1,4
91154,4,0,4,4,3,4,3,3,4,2,2,1,3
15326,1,4,4,4,1,1,1,1,3,3,3,2,1
115452,1,1,1,1,1,1,1,1,1,2,4,1,1
50083,1,5,5,5,2,1,2,2,4,5,1,2,2
99717,5,5,5,5,3,5,4,3,3,4,3,4,3
27695,4,0,3,2,5,5,4,4,4,3,4,4,4
48514,1,3,3,3,1,1,1,1,4,2,3,3,1
57134,2,5,2,3,3,2,3,3,1,2,2,1,3
33128,1,5,0,3,2,0,2,2,3,3,4,5,2
97323,2,2,2,2,4,5,5,4,4,4,4,4,3
89320,1,1,1,1,2,3,4,4,4,5,4,3,3
82205,2,2,2,1,1,2,1,1,5,4,5,5,1
61771,1,4,1,5,4,1,4,4,4,5,5,5,4
42530,0,2,0,2,4,0,4,4,2,5,3,2,4
112136,2,2,2,1,4,2,5,4,5,4,5,4,4
16193,4,0,4,2,3,4,3,3,5,2,1,1,3
45955,5,3,3,3,5,4,3,5,5,5,5,2,5
53768,4,4,4,3,2,4,2,2,3,2,5,5,2
101439,3,3,3,3,3,4,5,5,5,4,5,5,3
105950,2,2,2,4,1,2,1,1,4,4,3,5,1
3713,3,5,3,2,3,3,3,3,5,2,5,5,3
39149,1,4,1,3,5,1,5,5,4,2,5,3,5
27297,4,2,4,2,4,4,3,4,1,4,4,5,4
100380,1,3,1,3,2,1,2,2,3,4,3,4,2
57087,1,4,1,1,4,4,5,3,3,3,3,4,4
108821,1,4,4,4,2,3,4,1,1,1,1,1,1
127008,4,4,4,4,1,3,4,4,4,4,4,1,3
44061,1,4,1,5,3,1,3,3,3,3,5,3,3
128488,2,5,2,5,1,1,1,3,3,2,3,1,2
129670,3,0,3,3,4,3,4,4,3,5,5,3,4
120988,1,1,2,1,4,4,4,4,4,2,4,5,4
53071,2,1,2,2,2,2,2,2,4,5,3,4,2
114745,5,5,5,5,5,5,5,5,5,5,5,3,3
50361,4,4,4,4,4,4,5,4,4,2,4,2,4
38342,4,4,4,4,3,5,5,5,5,5,5,4,4
54128,1,0,0,4,3,1,3,3,2,4,2,1,3
14911,0,5,0,2,5,0,3,5,3,5,4,3,5
52258,4,4,4,4,4,4,4,4,3,3,5,4,4
56039,3,5,1,5,3,4,4,2,4,2,2,4,4
58987,5,5,5,2,5,5,5,5,5,2,4,4,5
19215,5,4,4,4,3,1,1,5,5,4,5,4,3
104926,5,5,5,5,4,4,4,4,5,5,5,3,4
120971,1,1,3,1,2,4,4,4,4,4,4,3,4
111630,2,4,2,4,1,2,1,1,4,4,1,3,1
17518,4,5,4,4,3,4,3,3,3,2,4,4,3
37409,4,4,4,2,4,4,4,4,4,2,5,3,4
38064,5,1,1,1,5,5,4,5,2,4,4,4,5
111597,5,5,5,1,1,5,1,1,3,3,4,3,1
18230,1,2,2,2,3,3,4,1,1,1,1,1,4
84382,3,5,5,5,3,4,3,3,4,5,4,1,3
122420,4,4,5,4,4,4,4,4,5,3,5,3,4
78970,3,0,3,5,3,3,3,3,3,5,5,3,3
61560,2,3,3,3,2,2,2,2,4,1,1,1,2
106088,0,0,0,2,4,4,4,4,3,4,4,4,4
105066,3,3,3,3,3,5,4,5,5,5,5,3,3
54888,4,5,3,3,3,3,5,3,3,3,5,5,3
2651,4,4,2,4,4,5,4,4,4,4,4,3,4
129013,4,1,1,1,3,4,4,1,2,3,4,4,4
29813,5,5,2,5,1,1,2,4,4,4,4,3,5
65644,3,3,3,3,5,4,5,4,4,4,4,3,5
127349,1,3,3,3,1,1,1,1,1,2,3,1,1
110488,3,5,3,3,1,3,3,1,5,2,2,2,1
50685,3,4,3,3,5,3,2,5,5,3,4,3,5
13248,2,2,2,3,2,2,2,2,1,4,3,3,2
36365,4,0,4,3,4,4,4,4,1,1,3,3,4
112817,3,3,3,3,3,3,3,3,4,5,5,3,3
124364,1,1,1,1,4,4,4,4,3,2,5,4,4
38194,1,4,1,3,3,1,3,3,5,3,4,4,3
2882,2,3,2,2,4,2,2,4,1,1,3,4,4
17945,4,2,4,2,2,2,3,4,4,4,4,3,1
53015,3,3,3,1,4,3,4,4,2,2,2,2,4
4195,5,5,5,5,5,5,5,2,2,2,2,3,5
3170,5,2,5,2,4,5,4,4,5,5,4,3,4
116990,4,4,4,4,2,4,5,4,4,4,4,3,3
52289,4,4,4,3,4,4,4,4,4,5,3,4,4
95287,4,4,4,2,2,4,4,5,5,4,5,4,3
124718,1,2,1,2,3,1,2,3,3,5,2,4,3
123049,2,5,2,2,2,2,2,2,5,2,5,5,2
109761,3,3,5,3,3,5,5,5,5,5,5,3,4
49795,3,0,3,3,4,3,5,4,3,3,2,3,4
33890,3,4,4,4,3,3,3,3,3,3,4,1,3
36230,2,3,2,4,1,2,1,1,5,4,4,4,1
46925,1,1,1,1,2,2,1,5,5,5,5,3,3
10593,1,1,1,1,3,5,5,5,5,5,5,5,5
74609,5,5,5,5,4,4,4,4,5,4,4,4,4
16484,5,5,5,5,4,5,5,4,4,4,4,3,3
63334,1,3,1,4,2,1,2,2,3,4,4,4,2
50043,5,1,1,1,5,5,5,5,1,1,2,3,5
112665,1,1,1,1,3,4,5,4,4,4,4,4,4
72047,3,4,3,2,4,3,4,4,1,1,4,1,4
64801,4,4,4,4,4,4,4,4,1,5,3,2,4
1947,3,3,2,3,1,4,4,3,3,3,3,3,2
88686,2,5,2,4,5,2,5,5,4,4,5,5,5
77799,1,5,1,2,4,3,4,4,4,1,4,2,2
86525,2,5,1,2,4,1,4,4,2,2,4,4,4
26395,1,5,5,5,1,1,1,1,3,5,3,4,1
31535,1,5,1,4,2,1,2,2,3,2,4,4,2
96406,3,4,3,2,3,3,3,3,5,4,4,5,3
58035,4,0,5,5,1,5,1,1,3,2,4,3,1
59105,4,1,4,3,3,4,3,3,1,5,4,2,3
88232,2,5,5,5,4,4,4,2,2,2,2,1,1
14537,1,1,1,3,2,1,2,2,2,4,4,2,2
85888,3,5,4,3,4,5,5,5,5,4,5,4,3
3197,2,5,2,2,2,2,5,2,4,2,5,3,2
86397,1,2,2,2,2,4,3,1,1,1,1,3,2
112074,4,4,4,4,4,5,4,4,4,5,4,3,3
47880,1,3,3,3,1,2,3,1,1,1,1,2,2
46599,1,0,1,3,4,1,4,4,3,3,1,1,4
47850,3,0,3,3,5,3,5,5,3,5,4,3,5
27797,4,3,3,3,4,4,4,4,3,4,3,4,4
103825,0,5,0,4,2,5,2,2,4,2,4,5,2
88766,2,2,2,2,5,5,5,5,5,5,5,3,3
63353,5,2,5,4,4,5,4,4,3,1,3,4,4
124606,2,2,2,1,5,2,5,5,1,1,1,1,5
81128,4,2,4,4,2,4,3,5,5,4,5,2,2
127831,2,5,2,2,3,2,3,3,4,4,4,4,3
21275,3,5,3,3,5,5,5,5,4,5,3,5,5
53565,2,2,3,2,5,5,5,5,2,3,5,1,5
47129,4,4,4,4,5,4,4,4,4,4,4,3,5
101159,2,2,2,2,3,2,3,2,2,2,2,4,2
64036,5,5,5,3,2,5,2,2,4,3,4,5,2
25297,2,2,2,2,5,5,5,2,2,2,2,4,4
66263,2,3,2,3,1,1,4,2,2,2,2,5,1
12648,3,4,3,1,4,3,4,4,5,4,4,4,4
66423,3,5,2,4,2,2,3,2,3,2,4,4,2
90263,2,1,1,4,3,1,3,3,5,5,4,5,3
61910,4,5,5,4,1,5,2,1,5,2,4,4,1
83454,4,4,2,4,5,5,4,3,3,3,3,4,5
123526,3,3,3,4,5,3,5,5,5,3,4,3,5
77008,2,2,2,2,3,4,5,4,4,4,4,5,4
98965,3,3,1,3,5,3,5,5,5,5,5,5,2
119431,5,4,5,4,5,5,5,5,3,5,1,4,5
40200,1,5,1,1,2,1,2,2,3,1,5,4,2
14823,5,5,5,5,2,4,4,5,5,5,5,4,5
88192,4,4,4,2,4,4,4,4,5,5,4,4,4
70754,1,1,1,1,4,4,5,4,4,4,4,4,4
104968,5,5,5,5,3,5,5,2,2,2,2,4,4
125943,3,5,3,4,2,3,2,2,3,4,4,4,2
2665,2,2,2,2,5,5,4,5,5,5,5,4,4
55435,1,5,5,5,1,1,1,2,3,3,3,1,1
49655,4,5,4,5,4,4,4,4,3,2,5,1,4
108425,2,2,2,2,4,5,4,4,4,3,4,3,4
125210,2,4,3,4,2,2,2,2,4,1,4,2,2
56893,4,4,4,3,4,5,5,2,4,2,2,5,5
99146,1,2,2,2,1,1,1,1,3,2,3,2,1
101815,3,3,3,3,3,3,3,3,4,4,3,1,3
71573,1,1,1,1,5,4,4,3,3,3,3,4,3
32176,4,5,5,5,5,4,5,5,4,5,4,4,5
15986,2,2,2,4,3,2,3,3,1,1,5,4,3
45046,4,0,5,1,3,5,3,3,4,4,4,5,3
62056,1,0,1,3,4,1,4,4,2,5,4,4,4
77568,5,1,5,5,4,4,4,2,2,2,2,4,5
117606,2,2,2,2,5,5,4,5,5,5,5,4,5
124113,3,3,2,3,3,4,3,3,3,3,3,2,1
64095,1,2,1,3,3,3,4,1,1,1,1,3,2
1284,2,5,2,4,5,2,5,5,4,4,5,2,5
116617,4,4,4,4,4,5,4,4,4,4,4,3,3
84414,2,4,2,3,2,4,5,2,2,2,5,4,4
26471,4,2,3,3,3,2,2,1,1,3,1,3,3
106536,3,3,3,3,2,4,5,5,5,5,5,5,4
69865,1,4,1,4,2,4,4,2,2,1,2,4,4
85864,3,3,3,3,4,5,5,5,5,5,5,4,5
52870,1,1,1,1,5,2,1,4,4,4,4,2,5
74779,0,0,0,4,3,0,3,3,3,4,5,3,3
40631,3,5,3,3,1,3,1,1,1,4,4,5,1
55468,3,3,3,3,3,3,3,3,3,5,4,3,3
838,4,5,5,3,3,5,3,3,2,2,4,4,3
66371,1,1,1,1,5,4,4,3,3,2,3,4,3
114071,2,2,2,2,2,1,2,2,2,4,3,2,2
61079,4,3,3,3,4,4,4,4,3,4,4,1,4
116307,4,1,2,3,2,3,3,3,3,2,3,1,2
83580,5,5,5,5,2,2,1,5,5,5,5,3,1
88639,2,1,2,3,2,2,2,2,1,4,4,1,2
10045,3,3,4,3,2,5,5,5,5,5,5,5,3
43439,4,4,1,4,2,4,5,5,5,4,5,3,5
48647,5,5,5,5,5,4,4,4,4,4,4,4,3
49636,3,3,3,3,2,2,3,3,3,3,3,3,2
14521,4,4,4,4,4,4,4,3,1,5,5,4,4
3335,2,2,2,2,2,5,5,5,5,5,5,4,4
4197,3,2,3,3,2,3,2,2,3,5,4,3,2
9278,3,3,3,3,4,5,5,5,5,5,5,3,5
31683,3,1,1,1,3,3,3,3,1,2,4,3,3
47490,2,3,3,4,4,3,4,4,1,3,3,2,4
101882,5,5,5,5,4,5,5,4,4,4,4,4,4
958,3,3,3,3,5,4,3,2,2,2,3,4,2
43899,5,5,0,2,1,0,1,1,3,3,4,1,1
123780,5,5,5,5,4,4,4,4,4,3,5,5,4
37752,4,1,1,1,5,5,3,4,4,4,4,5,2
56409,3,3,2,3,3,5,5,1,1,2,1,5,5
20655,1,1,1,1,5,5,5,5,5,4,3,5,5
17942,2,3,2,3,2,2,2,2,5,3,1,2,2
117468,5,5,5,1,5,5,4,2,2,5,2,3,3
56277,2,2,2,2,3,3,5,5,5,4,5,4,5
63022,3,3,3,3,4,3,1,4,1,1,3,4,4
90443,3,3,3,3,5,4,4,5,5,5,5,3,4
85560,2,2,4,2,5,4,4,4,4,4,4,5,4
87871,4,4,4,4,3,4,5,4,4,4,5,3,3
34896,4,1,1,1,4,4,4,4,1,1,1,4,4
121387,2,4,2,4,2,2,2,2,4,2,5,3,2
52913,5,3,3,3,5,5,5,5,5,4,2,4,5
97283,2,5,1,4,5,1,5,5,4,3,5,3,5
16426,3,5,3,3,3,5,5,4,4,4,4,1,4
58552,1,4,1,3,3,3,5,1,1,1,1,4,5
62494,4,5,4,4,3,4,3,3,5,5,5,4,3
61054,4,4,4,4,4,4,4,4,4,4,5,3,4
10182,2,2,2,2,5,5,5,5,5,5,5,3,4
105647,4,4,4,4,3,5,5,4,4,4,4,4,4
69289,2,2,2,2,5,5,5,5,5,5,5,5,3
93547,3,4,3,2,5,4,5,5,5,3,5,4,4
10700,3,3,3,3,2,5,5,5,5,5,5,3,3
24592,5,4,4,4,5,5,5,5,1,4,5,2,5
48885,5,3,5,4,1,5,1,1,2,1,5,3,1
42701,3,1,3,2,2,3,2,2,2,1,3,1,2
57755,5,5,5,5,4,3,3,3,4,3,5,3,3
120388,2,2,2,2,3,5,5,4,4,4,4,5,4
40510,1,3,1,2,1,3,3,5,5,1,5,3,2
47239,1,3,1,2,1,1,1,1,1,1,4,3,1
85361,2,3,3,3,4,3,4,4,4,1,1,2,4
9645,0,5,0,1,4,5,4,5,5,5,5,4,5
38184,1,4,1,3,4,1,4,4,3,2,3,3,4
7173,0,5,0,4,4,5,5,2,2,2,2,5,3
97726,3,3,3,3,3,5,4,4,4,5,4,5,5
79408,4,4,4,4,5,1,3,5,5,5,4,1,5
81515,2,2,2,2,5,5,5,5,3,3,4,5,5
18496,1,5,5,5,1,1,1,1,1,3,3,4,1
26613,2,2,2,2,3,4,3,5,5,5,5,4,4
32527,1,2,2,2,2,3,3,1,1,1,1,4,3
14154,4,2,2,2,5,2,4,4,4,4,4,5,1
127547,2,1,1,1,4,3,4,2,2,2,2,1,3
16456,2,4,2,4,4,2,4,4,4,5,5,4,4
101456,5,5,5,5,3,4,3,3,5,4,5,4,3
7493,4,4,4,4,5,5,5,5,5,5,5,3,3
69303,5,5,5,5,4,5,3,4,5,3,5,4,4
27143,3,1,2,2,3,3,3,1,2,3,4,3,3
89943,4,5,4,3,1,4,1,1,3,5,4,5,1
104131,2,3,3,3,2,2,2,2,2,2,4,4,2
64359,4,4,4,3,3,4,3,3,1,3,2,4,3
117101,4,3,3,3,4,4,4,4,3,2,1,3,4
7207,4,4,4,4,3,5,4,5,5,5,4,4,3
44868,2,1,1,1,2,2,2,2,5,1,2,4,2
64159,4,4,4,4,5,2,1,4,4,4,4,2,3
82810,4,4,4,4,3,5,3,5,5,5,5,4,1
96583,3,4,3,3,4,4,5,1,1,3,4,5,5
122050,2,2,2,2,5,5,4,5,5,5,4,4,3
27917,4,5,5,5,1,4,4,4,4,4,4,3,4
74496,5,5,4,5,5,4,4,2,2,2,2,4,5
19385,1,1,1,3,3,1,3,3,3,3,4,4,3
37048,2,4,2,2,2,2,2,2,5,2,1,2,2
42771,2,5,2,3,3,2,1,3,4,2,4,3,3
104629,1,1,1,1,2,1,2,2,3,3,4,4,2
75121,4,4,4,4,4,5,4,3,3,3,3,3,5
120719,3,3,3,3,4,4,5,5,5,5,5,3,5
34453,4,5,4,3,4,4,3,4,4,4,4,3,4
41827,2,4,2,3,1,2,1,1,4,5,1,5,1
38914,2,0,2,1,4,2,3,4,1,2,4,1,4
35683,2,3,3,3,2,2,2,2,5,2,4,2,2
2908,1,4,4,3,3,4,3,3,3,3,4,2,3
11302,2,4,2,5,5,2,5,5,5,2,5,4,5
82428,5,5,5,5,3,4,5,4,4,4,4,4,3
36807,2,4,2,1,5,5,4,5,5,2,5,5,3
76269,3,3,3,3,2,5,5,5,5,5,5,5,3
58496,4,2,2,2,4,4,4,4,3,5,2,1,4
128144,3,3,3,3,4,5,5,5,5,5,5,5,4
83590,3,3,2,3,2,4,4,3,3,4,3,4,5
94198,2,2,1,2,2,5,4,3,3,3,3,4,3
110963,2,5,5,5,2,4,4,3,3,3,2,3,3
124660,2,2,2,2,2,4,5,5,5,5,5,5,5
21950,3,1,4,1,3,3,3,3,3,4,4,1,3
81672,4,4,4,4,2,5,5,5,5,5,5,5,5
93642,4,4,4,3,5,4,1,5,3,4,4,4,5
101756,3,2,3,4,4,3,4,4,4,3,4,2,3
83591,4,5,4,5,1,4,1,1,5,2,4,4,1
46024,3,3,4,3,4,5,5,4,4,4,4,5,3
44055,0,4,0,2,5,0,5,5,2,1,1,3,5
84300,4,4,4,4,3,4,4,5,5,5,5,4,5
85464,5,5,5,5,4,4,4,4,3,5,5,5,4
64781,4,4,4,5,5,4,5,5,3,5,5,5,5
62546,1,1,1,1,2,5,4,4,4,4,4,3,5
13908,5,4,4,4,5,5,5,5,2,3,3,3,5
64811,5,5,5,5,5,4,5,4,4,4,4,4,3
126784,2,2,2,4,3,2,5,3,5,2,5,3,3
81596,3,3,3,3,2,5,4,4,4,4,4,3,3
15162,3,4,2,2,3,3,3,3,1,3,4,2,3
118766,4,1,1,2,3,1,3,3,4,5,3,4,3
102768,1,4,1,3,4,5,5,2,2,1,2,3,4
50219,3,2,2,2,3,3,3,3,2,3,4,4,3
129651,2,2,2,5,5,2,2,5,3,2,4,5,5
30152,3,5,3,1,2,2,4,1,1,3,1,5,5
61730,4,4,4,4,4,4,2,3,3,4,3,4,1
17318,2,5,4,3,1,4,1,1,5,5,4,3,1
42307,1,3,1,3,2,1,2,2,4,4,2,3,2
38622,1,1,1,1,2,5,4,2,2,2,2,5,4
119938,2,2,2,3,4,2,4,4,1,3,4,3,4
99990,3,4,3,5,5,3,5,5,5,2,4,3,5
907,3,5,3,2,4,3,4,4,3,3,4,4,4
60394,4,5,5,5,4,4,4,4,3,5,4,2,4
96724,4,5,4,4,1,4,1,1,3,5,4,4,1
6350,1,1,1,1,4,4,5,5,5,5,5,5,4
105681,4,4,4,4,5,5,5,4,4,5,4,3,4
55225,2,2,2,2,3,4,5,4,4,4,4,4,5
75979,4,5,5,5,1,3,3,4,4,4,4,2,1
81168,2,5,2,3,2,2,2,2,4,5,5,5,2
99944,4,4,4,4,3,4,4,4,4,4,4,3,5
37221,1,0,0,4,5,4,3,3,3,0,3,2,3
36613,2,2,2,2,3,2,3,3,4,2,2,4,3
104252,2,5,2,1,4,5,1,3,3,2,3,4,2
59453,3,3,3,3,4,5,4,4,4,4,4,4,5
4003,5,5,5,5,5,5,4,5,5,5,5,4,3
80137,4,4,4,3,4,1,1,5,4,4,4,1,1
21522,3,4,3,3,3,3,3,3,5,3,5,4,3
64868,2,1,2,3,4,2,4,4,3,4,2,4,4
3851,3,1,3,4,3,3,3,3,1,5,4,4,3
24868,2,4,2,3,4,2,1,4,2,4,3,3,4
69860,2,1,2,4,3,3,3,5,5,2,5,1,3
104758,4,5,4,5,2,4,2,2,3,3,3,3,2
128934,2,2,2,2,3,4,5,4,4,4,4,4,3
2465,1,2,2,2,5,3,3,1,1,1,1,3,2
26357,4,5,5,5,4,4,4,4,3,2,1,3,4
10269,2,4,2,4,5,2,5,5,2,4,3,1,5
64336,2,4,4,4,2,1,2,2,2,2,2,2,1
40857,3,4,3,2,4,3,4,4,3,3,5,5,4
23282,2,2,2,5,3,2,3,3,1,2,3,3,3
29778,1,3,1,3,4,4,2,1,1,1,1,5,4
92849,5,5,5,5,2,4,4,4,4,4,4,3,5
1942,4,4,4,4,1,3,3,5,5,4,5,4,4
9426,5,5,5,5,2,4,4,5,5,5,5,4,3
96439,3,3,3,3,2,5,5,4,4,4,4,5,5
4862,1,2,1,3,3,4,3,3,3,1,3,3,4
24947,5,5,5,5,5,4,5,5,5,2,3,1,5
116266,4,5,4,2,5,5,4,4,4,4,4,5,3
61739,3,3,3,4,4,3,3,4,4,4,5,1,4
91055,1,1,1,3,3,3,3,3,3,1,3,3,1
121697,2,2,2,2,4,4,4,5,5,5,4,3,3
102559,2,2,2,2,5,5,5,5,5,5,5,3,5
100621,2,4,2,4,4,2,5,4,3,5,4,5,4
17036,2,5,2,1,3,2,3,3,4,5,5,5,3
26696,1,4,2,1,2,4,4,4,4,2,4,4,4
211,5,0,5,1,3,5,3,3,4,4,5,1,3
113770,1,4,1,3,1,1,1,1,3,3,4,5,1
19307,3,4,3,4,3,3,5,3,3,2,5,3,3
52424,1,5,1,2,2,5,5,2,2,1,2,4,3
16824,3,5,3,4,4,4,5,4,4,3,4,3,3
22071,4,4,4,4,2,5,4,2,2,4,2,4,5
127871,3,2,2,2,4,3,3,3,3,3,3,3,3
15793,0,0,0,3,5,1,5,5,5,5,5,3,5
34059,4,4,4,4,2,3,2,4,4,4,4,2,3
62815,2,2,2,3,2,3,3,1,3,3,3,3,3
81289,3,2,3,3,4,3,4,4,4,5,3,4,4
63848,2,2,2,3,2,2,2,2,5,5,4,5,2
10073,3,3,3,1,1,3,1,1,5,1,3,2,1
35974,4,3,4,3,4,4,4,4,3,4,4,1,4
24070,1,5,1,4,2,5,4,3,3,1,3,3,5
3208,3,4,3,3,2,3,3,2,4,3,4,4,2
10164,4,4,4,4,4,4,5,4,4,4,4,4,4
21538,2,4,2,4,3,2,3,3,3,2,5,3,3
96705,1,3,3,3,4,3,4,1,1,1,1,4,3
74746,3,4,3,3,4,3,4,4,4,2,4,3,4
75166,3,3,3,2,5,3,5,5,4,3,3,5,5
106227,2,2,2,3,5,2,5,5,3,3,4,1,5
57752,4,4,4,4,3,2,2,3,4,4,5,2,2
110888,5,5,5,5,2,4,5,4,4,4,4,5,4
8844,3,5,5,5,2,4,4,3,3,3,3,3,1
52479,3,4,3,2,2,3,2,2,1,2,2,5,2
43947,2,3,3,3,3,2,3,3,2,1,3,3,3
103879,1,2,1,4,3,1,3,3,4,2,3,3,3
86063,2,5,2,5,2,2,2,2,2,2,3,4,2
125759,3,3,3,3,2,4,5,2,2,2,2,5,3
112006,1,1,2,1,5,5,5,5,4,3,5,3,5
96014,5,5,5,5,5,5,5,5,5,5,4,3,5
50864,2,5,0,1,3,0,3,3,5,5,1,3,3
26396,3,5,5,5,3,2,3,3,4,3,3,4,3
93695,1,2,2,2,5,3,3,1,1,1,1,4,2
28985,1,0,0,3,5,0,5,5,5,2,2,2,5
49488,2,5,2,1,5,2,5,5,3,1,1,3,5
80526,3,3,3,3,5,4,5,4,4,4,4,4,4
79568,2,2,2,2,2,4,5,4,4,4,4,5,3
28525,1,1,1,2,3,1,3,3,3,4,3,4,3
46151,2,5,2,4,2,2,2,2,3,5,2,1,2
75209,2,1,1,1,2,2,2,2,2,3,3,3,2
42235,3,1,3,2,5,3,1,5,1,4,2,4,5
60952,2,4,4,4,2,2,2,2,1,1,3,2,2
7108,3,4,3,4,4,3,4,4,4,3,4,4,4
1305,0,4,0,3,5,4,5,1,1,1,1,3,5
45651,5,3,5,3,1,5,1,1,3,3,2,4,1
127326,4,4,2,4,3,5,4,5,5,5,5,4,4
51708,1,1,1,1,3,2,4,3,3,4,5,4,2
105979,1,4,1,3,1,3,3,3,4,1,2,3,3
92385,0,0,0,2,3,0,3,3,3,2,4,3,3
48085,4,4,4,4,4,4,2,5,5,5,3,1,5
65937,4,4,4,4,4,4,4,4,3,2,4,3,4
13999,4,5,5,5,4,4,4,4,1,2,4,3,4
45274,2,3,2,3,5,2,1,5,1,1,4,1,5
21236,3,3,3,4,4,2,2,3,3,3,3,2,1
78815,2,5,1,4,2,1,2,2,5,5,2,4,2
96205,4,3,3,3,2,3,3,4,4,4,4,4,1
39666,3,3,3,3,5,5,5,5,1,2,2,2,5
70487,2,2,2,4,4,2,4,4,4,1,3,3,4
94213,4,0,4,3,5,4,5,5,3,2,4,5,5
15627,4,4,4,3,4,4,4,4,4,5,5,4,4
2342,4,4,4,3,3,4,3,3,3,4,4,3,3
108328,3,4,4,4,1,4,1,1,5,3,5,4,1
115833,1,0,0,3,5,0,5,5,1,1,2,4,5
24366,4,1,1,1,4,4,4,4,3,1,4,3,4
78418,2,0,2,1,2,2,2,2,1,3,2,2,2
63754,2,2,2,3,2,2,2,2,3,4,4,4,2
103803,2,2,2,2,2,4,5,5,5,5,5,5,5
46799,4,5,4,2,5,4,5,5,5,4,5,5,4
65261,3,1,3,3,5,4,4,4,4,4,4,5,5
79728,3,1,3,3,2,3,2,2,2,4,3,1,2
92072,4,4,4,4,5,5,5,4,4,4,4,5,3
50697,2,0,2,1,4,2,3,4,3,2,4,5,4
18729,1,1,1,1,5,1,3,4,4,4,4,1,5
49934,5,2,2,2,5,5,5,5,4,3,4,3,5
110087,3,5,5,5,3,3,1,3,4,3,4,4,3
64070,3,3,3,3,5,4,5,5,5,5,5,2,5
64915,2,4,4,4,2,3,3,2,2,2,2,2,1
27131,4,3,3,3,4,4,4,5,3,4,5,4,4
57572,4,4,4,4,4,4,5,4,4,4,4,3,4
102429,2,4,2,4,1,2,1,1,1,1,4,5,1
87432,4,0,4,5,3,4,3,3,5,3,3,1,3
76402,3,3,3,3,3,5,4,5,5,5,5,3,3
2049,3,3,3,2,2,3,4,2,3,5,4,4,2
52715,5,1,4,1,5,5,5,5,5,5,4,1,5
70235,5,1,1,1,5,5,5,5,2,2,5,1,5
66604,2,4,2,2,3,2,2,3,3,4,4,1,3
2082,3,2,3,3,5,3,5,5,2,3,4,3,5
63115,3,3,3,3,5,4,4,4,4,4,4,3,4
105292,4,4,4,4,2,4,4,4,4,4,4,3,5
75422,5,5,5,5,4,4,5,4,4,4,4,3,5
126863,3,2,3,3,4,3,3,4,4,3,4,1,4
36151,1,5,1,2,3,1,3,3,3,2,5,1,3
48029,3,3,3,4,1,3,1,1,3,1,4,3,1
68196,3,3,3,3,4,4,4,4,3,4,5,5,4
107401,2,3,5,3,2,2,2,2,4,4,4,4,2
2797,2,5,3,4,1,3,1,1,5,4,4,4,1
83634,0,4,0,4,2,0,2,2,5,2,4,5,2
22727,2,5,0,2,2,5,4,4,4,0,4,4,3
125767,5,5,5,3,1,5,1,1,4,3,5,3,1
48374,2,4,2,1,2,2,1,2,3,5,4,3,2
42117,2,4,4,4,3,4,3,2,2,2,2,4,4
110508,3,3,3,3,5,3,5,5,1,3,4,1,5
4579,2,2,2,2,2,5,5,5,5,5,5,5,5
118164,4,4,4,1,2,4,2,2,3,2,4,4,2
1166,5,2,0,3,3,0,3,3,3,4,3,2,3
19227,5,5,5,4,2,5,3,2,3,4,4,4,2
97080,4,3,4,2,3,4,3,3,3,4,5,3,3
50239,3,1,2,1,4,2,3,2,2,2,3,4,4
83595,3,2,3,3,5,4,5,5,5,5,5,3,5
4920,3,4,3,4,4,5,4,3,3,3,3,3,1
36802,1,4,1,2,1,2,2,3,3,3,5,2,2
6053,3,5,3,1,3,5,5,5,5,3,3,5,3
83578,1,1,1,2,4,1,4,4,1,4,3,2,4
113075,2,1,1,1,2,1,2,2,4,4,4,4,2
19936,3,4,2,3,2,4,3,5,5,2,5,4,1
87022,1,1,1,1,5,5,5,5,5,3,4,4,5
118803,2,4,2,3,4,2,4,4,3,5,3,1,4
11118,1,5,0,3,5,0,5,5,4,3,5,2,5
62560,3,3,3,4,5,3,1,5,4,4,3,3,5
122187,2,2,4,2,5,5,5,4,4,4,4,4,5
47084,3,1,3,3,5,3,5,5,3,3,3,4,5
40058,3,2,2,2,3,4,4,3,3,3,3,5,4
33026,4,5,4,1,3,4,3,3,5,2,4,5,3
121419,2,2,2,2,4,2,4,4,5,5,5,4,4
74562,3,2,2,2,3,3,2,3,3,2,3,1,4
300,4,1,4,4,3,4,3,3,3,2,4,4,3
95737,2,2,2,4,1,2,1,1,3,3,5,3,1
108353,5,4,4,4,5,5,5,5,1,3,2,3,5
115735,2,4,4,4,3,4,4,2,2,2,2,4,1
102990,3,3,3,3,4,5,4,4,4,4,4,3,3
36898,4,5,4,2,2,4,4,3,3,4,3,4,3
23987,4,4,4,4,4,2,1,3,3,3,3,5,5
99762,3,3,3,4,2,3,2,2,1,5,3,1,2
68870,2,2,2,4,4,2,4,4,1,4,3,1,4
109460,1,1,1,1,4,4,4,3,3,4,3,4,5
38468,3,4,4,4,3,3,3,3,3,2,3,4,3
75819,3,1,3,1,3,3,2,3,1,3,1,3,3
4651,3,1,1,1,3,4,3,3,3,2,3,4,3
50048,3,2,4,4,5,4,3,3,3,3,3,1,4
111423,0,0,0,3,1,0,1,1,5,3,5,5,1
20048,4,4,4,4,4,3,4,4,5,2,2,1,4
60571,5,5,5,5,3,4,4,5,5,5,5,4,4
104102,3,0,4,3,4,4,4,4,2,1,4,4,4
84009,1,4,1,1,2,1,2,2,4,4,5,3,2
41938,3,4,3,3,2,3,2,2,2,5,4,2,2
14827,1,4,1,4,2,1,2,2,2,1,3,1,2
66571,2,5,2,5,5,2,3,5,5,2,4,4,5
35901,4,5,4,2,3,4,5,5,5,4,5,5,3
67852,3,4,3,1,2,3,2,2,4,4,3,3,2
10538,1,1,1,1,4,5,4,4,4,4,4,5,3
71948,2,2,2,2,4,5,4,5,5,5,5,5,4
116745,3,4,3,4,5,3,5,5,1,5,4,5,5
73517,3,3,3,3,3,5,5,4,4,4,4,4,4
52843,4,5,4,2,2,4,2,2,5,2,5,3,2
79274,3,2,3,1,3,5,5,1,4,1,1,5,5
66103,2,2,2,2,4,4,4,5,5,5,5,4,3
81979,3,3,2,3,3,4,4,5,5,5,5,3,3
15202,4,0,4,3,5,4,5,5,3,4,2,1,5
8576,2,1,2,3,5,2,4,5,2,5,3,4,5
52850,3,4,3,2,4,3,4,4,4,3,4,3,4
97034,5,5,5,5,5,5,5,5,5,5,5,3,4
83244,1,1,1,1,5,4,5,4,4,4,4,5,4
100064,2,5,2,3,4,2,4,4,3,5,5,4,4
117313,3,1,3,3,5,3,5,5,4,2,4,2,5
94427,0,0,0,5,2,5,5,2,2,3,3,5,5
117899,0,0,0,3,4,5,4,2,2,1,1,5,5
5834,5,5,5,5,5,4,5,4,4,4,5,3,5
110797,1,2,1,3,2,1,2,2,3,2,4,4,2
19051,4,2,2,2,5,1,2,4,4,4,4,4,2
33756,0,0,0,2,4,4,3,4,4,2,2,2,4
75813,2,4,2,4,1,3,4,3,3,2,3,4,4
47792,3,3,3,4,5,3,5,5,3,2,2,2,5
83016,1,1,1,1,4,5,4,2,2,2,2,3,3
57683,5,5,4,5,3,4,5,4,4,4,4,3,4
22447,3,3,3,2,3,3,3,3,4,5,5,4,3
27656,0,2,0,3,4,3,3,1,1,0,1,4,1
21553,4,1,1,1,4,4,4,4,4,4,5,3,4
94663,1,2,5,2,1,4,3,1,1,1,1,3,2
117315,2,3,3,3,2,3,4,2,3,4,4,4,2
85843,4,1,4,2,5,4,5,5,4,1,2,1,5
62417,2,3,3,3,4,3,3,2,2,2,2,4,1
123101,2,4,5,5,2,2,2,2,2,2,3,4,2
8333,4,1,4,3,5,4,1,5,4,1,3,1,5
90630,1,5,5,5,1,2,1,1,3,4,4,2,1
61927,4,0,4,1,3,4,3,3,3,5,4,3,3
115081,2,2,2,3,5,2,5,5,1,5,4,3,5
53954,5,5,5,5,3,1,2,1,1,2,1,3,2
62279,0,0,0,5,4,0,4,4,5,4,5,5,4
34782,1,3,1,4,3,1,4,1,1,1,1,2,5
88016,0,0,0,4,3,4,5,5,5,5,5,3,3
77471,1,4,1,3,5,1,5,5,4,2,4,4,5
56167,4,4,4,3,2,4,2,2,4,1,4,1,2
96039,2,2,2,2,2,2,2,2,4,3,2,2,2
90710,3,5,5,5,3,3,3,3,3,5,2,3,3
58167,0,0,0,3,4,0,4,4,4,2,5,4,4
125161,4,3,3,3,1,3,3,4,4,4,4,4,4
99263,1,1,1,1,3,4,5,4,4,4,4,3,3
4318,0,4,0,4,4,0,4,4,4,3,4,4,4
21434,5,0,5,1,5,5,2,5,1,5,3,5,5
4678,2,5,5,5,2,2,2,2,3,1,4,4,2
32786,2,0,2,5,2,2,2,2,5,4,3,3,2
48347,4,3,3,3,5,3,2,4,4,4,4,5,3
39219,1,1,2,1,1,3,2,5,5,5,5,5,5
11468,1,5,5,5,1,1,2,1,2,1,4,4,1
119853,3,3,3,3,1,4,1,5,5,5,5,2,2
32699,3,2,2,2,3,3,3,3,4,2,3,3,3
117975,4,5,0,4,5,0,5,5,1,3,3,5,5
7927,1,0,0,2,4,0,1,4,3,5,5,3,4
82448,1,1,1,1,3,4,5,4,4,4,4,5,5
44545,2,5,2,1,1,2,1,1,3,3,4,5,1
17884,3,2,3,4,1,3,1,1,3,3,2,3,1
23357,4,1,4,3,1,4,4,4,4,4,4,2,3
67301,5,5,5,5,2,4,5,4,4,4,4,5,3
89594,5,4,5,1,5,5,2,5,5,2,5,4,5
55775,3,2,2,2,3,3,3,3,4,4,3,1,3
29807,3,3,3,3,4,2,2,4,4,4,4,5,4
1881,3,4,3,1,5,3,4,5,3,2,5,3,5
42398,2,2,2,2,2,2,2,2,3,5,4,4,2
121095,1,5,1,4,3,1,3,3,4,4,4,4,3
79368,4,4,4,4,5,4,5,5,5,4,5,3,3
76554,3,5,5,5,5,2,1,3,3,2,3,2,4
107196,3,5,3,4,2,3,2,2,3,3,4,4,2
109646,1,1,1,1,4,4,4,2,2,3,2,3,4
6245,2,5,2,3,1,2,2,1,1,2,1,4,4
66025,2,2,2,3,2,2,2,2,3,5,4,1,2
95231,2,4,2,2,2,5,4,1,1,2,1,4,5
95472,2,2,2,2,3,4,5,5,5,5,5,3,5
62333,3,5,3,1,4,4,3,3,3,3,5,4,2
20222,5,5,5,2,4,5,4,4,2,2,5,1,4
51262,5,4,1,4,5,5,5,5,2,1,5,3,5
104026,4,4,4,4,4,5,5,4,4,4,4,4,3
73317,2,2,2,2,4,5,4,4,4,4,4,4,5
2317,4,2,4,3,3,3,3,4,4,4,4,3,1
98849,4,5,3,3,1,3,1,1,4,3,5,3,1
122797,3,0,3,3,1,3,1,1,5,4,5,5,1
114707,5,5,5,5,5,4,5,4,4,4,4,4,3
87399,2,0,2,5,2,4,5,4,4,2,5,3,4
88647,3,5,3,1,2,3,2,2,4,3,5,4,2
92075,2,2,2,2,5,4,4,4,4,4,4,4,5
23194,5,4,4,4,5,5,5,5,1,3,4,4,5
99892,3,3,3,3,3,3,3,3,1,1,2,3,3
35013,4,4,4,4,1,4,1,1,2,1,5,4,1
35836,2,2,2,4,2,2,2,2,2,2,4,4,2
41345,3,3,3,3,5,3,5,5,2,4,3,2,5
10569,3,1,3,3,3,3,3,3,2,1,4,3,3
123044,3,3,3,3,4,5,4,5,5,5,5,5,5
56509,3,3,3,3,2,4,5,5,5,5,5,4,5
54682,2,2,2,4,5,2,5,5,3,1,4,3,5
49864,2,2,2,2,2,1,5,4,4,4,4,3,2
97827,3,4,4,4,3,3,3,3,4,2,4,3,3
9863,3,5,3,1,3,3,3,4,3,5,4,3,3
79143,2,5,2,2,5,5,4,2,2,2,2,4,5
16049,5,5,5,5,2,5,3,5,5,5,5,4,1
70605,2,1,2,1,2,1,1,3,1,1,1,1,1
54628,5,5,5,5,5,2,1,5,5,5,5,3,2
38248,1,3,3,3,1,1,1,1,4,4,2,2,1
26687,3,5,3,1,2,4,5,5,5,3,5,4,4
17096,3,3,3,3,4,4,4,4,1,1,2,4,4
28132,3,3,3,3,2,3,2,2,4,2,1,2,2
52045,0,0,0,3,5,0,2,5,4,4,5,5,5
42125,3,4,3,3,1,3,1,1,4,4,4,3,1
124314,2,2,2,2,1,4,3,4,4,4,4,2,5
18131,4,4,4,4,3,4,3,3,2,2,1,2,3
100140,3,3,3,3,3,4,5,4,4,4,4,3,3
24409,2,2,2,2,5,5,5,5,4,4,1,2,5
29613,3,5,5,5,3,3,3,3,4,2,2,4,3
100379,1,4,1,4,3,4,3,4,4,1,4,5,4
34913,5,1,1,1,5,5,5,5,3,4,5,1,5
44703,5,5,5,4,4,5,4,4,1,3,2,5,4
48401,3,4,4,4,3,3,2,3,2,4,4,4,3
128230,1,3,1,3,3,2,2,4,4,1,4,1,2
119828,3,4,5,4,3,3,3,3,4,4,3,2,3
4779,1,1,1,1,2,4,4,3,3,3,3,3,5
13326,3,5,3,2,5,3,5,5,4,2,4,4,5
13344,4,3,3,3,4,4,5,4,2,2,5,2,4
34555,2,3,3,3,2,3,2,2,4,4,5,3,2
13034,3,4,3,3,2,4,4,2,2,3,4,5,3
662,4,3,4,4,5,4,4,5,5,5,5,5,4
33042,1,4,1,3,4,1,4,4,4,3,4,5,4
91689,3,4,3,4,1,3,1,1,3,4,5,5,1
19046,5,5,5,5,5,5,5,3,2,3,5,5,5
13400,3,4,3,1,3,5,5,2,2,3,2,3,3
107777,3,2,2,2,5,4,3,2,2,3,2,3,2
33343,5,2,2,2,4,4,3,5,5,5,5,3,1
6770,5,0,5,1,2,5,2,2,5,4,5,3,2
59365,2,2,2,4,1,2,1,1,4,5,2,3,1
66688,3,5,5,5,3,3,3,4,4,4,4,3,3
18909,1,5,2,2,4,4,1,2,2,2,3,4,2
95293,1,4,1,2,2,1,2,2,5,4,5,3,2
87514,4,5,4,1,4,4,4,4,3,2,4,5,4
16063,2,2,2,4,4,2,4,4,5,4,2,3,4
1336,3,4,3,3,1,3,1,1,4,4,5,3,1
13222,4,4,4,4,3,3,3,3,3,2,2,5,3
44395,4,1,2,1,4,1,1,4,4,4,4,5,3
128734,4,4,4,4,5,5,5,5,5,5,4,3,5
23845,1,1,1,4,5,1,5,5,5,2,5,3,5
116183,3,4,3,4,1,3,4,1,1,3,3,1,1
42097,1,1,1,1,2,2,2,2,5,3,2,1,2
118646,1,1,1,1,5,5,5,4,4,4,4,5,5
124372,1,1,1,1,4,4,5,5,5,4,5,3,3
103510,3,3,3,3,2,4,3,3,3,3,3,1,1
109618,4,4,4,4,4,4,4,3,5,4,5,4,4
39130,4,5,5,5,4,4,4,4,4,4,4,2,3
18155,4,4,4,4,5,4,5,5,3,4,5,4,5
3507,4,0,5,3,2,5,2,2,5,5,5,4,2
46627,2,2,2,3,2,2,2,2,4,1,3,1,2
22051,5,2,4,2,5,5,5,5,2,2,2,3,5
102145,4,4,4,1,1,4,1,1,4,5,4,3,1
104902,5,5,5,5,3,5,4,4,4,4,4,4,5
50510,3,5,3,1,1,3,3,1,4,4,4,5,1
44041,1,4,3,3,1,1,1,1,2,4,3,4,1
46470,2,4,2,4,2,2,2,2,3,3,3,1,2
112948,2,5,2,3,4,2,5,4,5,5,3,4,4
10513,4,4,5,4,5,5,4,4,4,4,5,3,4
49170,5,5,5,5,3,4,3,3,3,3,5,5,3
101529,3,2,3,2,3,3,3,3,1,4,1,1,3
125994,3,5,4,5,3,5,5,2,2,4,5,4,3
126906,3,3,3,3,2,4,5,5,5,5,5,3,5
14686,2,3,2,3,2,3,3,2,4,4,4,3,3
46430,2,3,2,4,5,2,5,5,3,1,3,4,5
106863,1,1,1,1,5,4,4,4,4,4,4,3,5
22936,4,3,3,3,4,4,4,4,2,4,1,2,4
85353,2,2,2,2,2,2,2,2,1,5,3,4,2
20502,2,4,2,3,5,2,5,5,3,4,4,4,5
80363,2,3,2,2,5,2,5,5,1,4,3,3,5
17778,4,5,5,5,4,4,4,3,3,4,3,4,4
12357,3,1,1,1,3,3,3,3,1,5,3,4,3
126259,1,2,1,3,1,2,2,3,3,4,3,2,2
89783,3,4,3,3,3,2,2,4,2,4,5,2,2
28418,4,4,4,4,5,5,5,5,1,4,4,4,5
124503,4,5,4,4,5,4,5,5,3,2,4,3,5
85116,2,2,2,2,3,4,5,5,5,5,5,4,5
92125,3,5,3,3,4,3,4,4,3,3,4,4,4
82312,3,3,4,3,5,4,5,2,2,2,2,5,3
25608,4,3,3,3,4,4,4,4,5,5,2,4,4
46226,4,3,5,5,4,4,4,4,2,5,1,2,4
78778,3,3,3,3,3,3,3,3,3,3,3,1,1
59247,5,5,5,5,5,5,5,3,3,4,5,5,5
78055,2,5,2,3,2,2,2,2,1,3,4,1,2
107092,2,4,4,4,2,2,2,2,1,1,2,4,2
99331,3,5,5,3,2,5,2,2,5,5,5,5,2
5662,5,5,5,5,4,4,4,3,3,4,3,4,4
25897,3,5,3,1,5,4,5,2,2,3,2,4,3
33689,5,5,5,5,1,1,3,5,5,5,5,3,1
44344,3,4,0,4,4,0,4,4,5,3,5,5,4
55994,5,1,5,5,5,5,5,3,2,5,5,5,5
62103,5,4,5,4,5,5,5,5,3,4,4,1,5
93565,3,3,3,3,2,4,4,4,4,4,4,4,3
37645,3,5,3,4,2,3,2,2,4,3,5,3,2
14444,1,3,1,1,4,4,3,5,5,5,5,5,5
58103,4,3,4,3,3,4,3,3,2,1,4,2,3
42965,2,2,2,2,5,4,3,5,5,5,5,4,1
34606,1,4,1,3,5,1,2,5,4,2,4,3,5
101519,1,4,1,4,4,1,4,4,4,1,4,1,4
23724,2,3,3,4,4,3,2,4,2,1,4,4,4
18147,4,4,3,3,2,3,4,5,5,3,3,4,3
79140,1,2,3,3,1,1,4,1,4,5,4,3,1
79998,2,4,2,3,5,5,4,2,2,2,4,4,2
3618,4,4,4,3,2,4,4,2,5,4,5,4,2
61459,5,5,3,5,4,4,4,4,3,3,4,4,4
33350,5,5,5,5,4,4,4,4,5,2,4,2,4
40448,2,0,3,1,3,3,3,3,3,1,4,3,3
8539,5,5,5,5,2,4,5,5,5,5,5,4,4
33502,2,2,5,2,3,3,3,3,1,4,5,1,3
108844,2,1,1,3,2,2,3,2,5,5,5,5,2
7285,3,4,0,4,0,4,4,4,3,4,5,4,4
39456,3,2,3,3,3,3,3,3,4,5,2,2,3
100255,5,5,5,5,3,4,4,4,4,4,4,5,3
15054,5,3,3,3,1,3,3,5,5,5,5,1,3
36768,2,2,2,2,1,2,2,1,1,3,3,2,2
11233,0,4,0,3,1,2,3,2,2,0,2,1,4
114408,5,0,0,3,2,0,2,2,5,2,5,3,2
20520,5,5,5,2,2,0,2,2,3,4,5,3,2
49445,1,1,1,1,3,3,3,5,5,5,5,2,2
26113,4,4,4,3,3,4,3,3,4,3,5,5,3
30985,3,1,3,4,5,3,5,5,3,4,4,1,5
61002,4,5,5,5,4,4,4,4,1,5,3,4,4
101867,0,5,5,5,0,1,4,0,4,3,4,2,0
22214,1,5,1,1,5,5,4,2,2,1,3,4,4
75543,5,0,4,3,5,4,5,5,3,2,5,3,5
29622,1,1,1,1,5,5,5,5,1,4,5,1,5
101739,3,3,3,3,2,5,5,5,5,5,5,4,5
36023,2,5,5,5,2,2,2,2,3,1,4,1,2
122533,5,5,4,5,5,5,5,5,4,5,5,3,5
24962,5,3,3,3,4,1,4,5,5,5,5,3,5
33538,2,1,2,2,5,5,4,3,3,4,3,5,5
1492,5,5,5,5,5,4,5,5,4,2,4,5,5
38068,1,1,4,1,5,5,5,5,2,1,3,3,5
107592,3,3,3,3,3,3,4,3,4,4,5,3,3
44906,3,3,3,3,4,4,4,4,1,5,5,5,4
125677,1,2,2,2,1,1,1,1,1,1,3,3,1
73272,4,4,4,4,3,5,5,5,5,5,5,4,4
89039,3,3,3,3,5,3,4,5,5,5,5,4,3
62796,3,4,3,1,3,3,3,5,2,4,5,3,3
96535,2,4,2,4,1,2,1,1,1,4,3,1,1
89020,4,1,1,1,2,2,3,4,4,4,4,2,2
43141,3,4,3,3,1,3,1,1,3,5,5,4,1
55838,2,2,2,3,3,2,2,3,4,5,3,2,3
15755,5,5,4,5,5,1,5,2,2,2,2,5,4
56353,3,4,3,2,1,3,1,1,3,3,1,4,1
81716,4,4,4,4,3,4,5,5,5,5,5,4,3
104209,3,3,3,3,2,5,4,5,5,5,5,4,3
102136,5,5,5,5,4,4,4,5,5,5,5,5,5
26235,3,4,3,3,2,3,2,2,3,2,4,5,2
32587,2,0,2,4,4,2,4,4,4,3,2,4,4
124687,2,4,4,4,2,2,3,2,2,2,2,1,2
18516,0,5,0,3,2,0,2,2,1,4,4,2,2
9952,5,5,5,5,5,5,5,5,3,4,5,3,5
78427,5,5,5,5,3,5,4,5,5,5,5,5,3
66681,4,5,5,5,4,4,4,4,4,5,4,2,4
68210,2,2,2,2,5,5,5,4,4,4,4,3,5
108037,3,5,3,2,2,3,2,2,4,5,5,3,2
77270,2,5,2,5,2,2,1,2,3,4,4,3,2
108056,1,4,1,2,1,4,5,4,4,4,4,5,5
25407,5,5,1,5,1,2,3,5,5,5,5,5,1
82133,3,3,3,3,5,5,5,4,4,4,4,3,3
85827,4,4,4,4,3,4,2,3,1,4,5,4,3
124764,0,0,0,1,5,4,5,4,4,4,4,5,3
77463,4,3,3,3,4,4,4,4,1,1,3,4,4
51980,2,5,2,4,5,2,5,5,3,3,4,5,5
51060,2,4,2,3,3,2,3,3,4,4,4,4,3
1469,3,4,3,4,4,3,4,2,2,3,2,2,2
90307,3,4,3,3,1,3,1,1,3,3,3,2,1
88939,5,5,5,5,3,5,5,4,4,4,4,5,4
118367,1,5,5,5,5,3,3,1,1,1,1,2,3
124935,2,1,2,4,2,2,3,4,4,3,3,3,3
17564,2,2,2,2,4,4,4,4,5,5,2,4,4
27316,5,5,5,5,5,5,5,5,5,5,2,2,5
42136,5,5,5,5,2,5,4,3,3,4,3,5,3
111204,2,2,2,1,4,2,4,4,3,3,5,3,4
34071,1,4,1,3,4,1,1,4,2,5,3,1,4
127363,4,4,4,4,5,5,5,5,4,2,5,4,5
118583,3,5,4,4,4,3,3,3,3,3,3,4,4
112693,3,5,5,5,3,3,3,3,2,5,2,2,3
118515,5,5,5,5,5,4,5,5,5,5,5,5,3
52273,4,3,4,5,1,4,1,1,3,5,1,2,1
8533,4,4,5,3,5,5,5,5,4,5,4,4,5
38123,2,2,2,4,3,2,5,3,1,4,3,2,3
65251,4,4,4,2,1,4,1,1,4,3,5,5,1
31245,1,5,1,1,3,1,3,3,5,3,1,1,3
3515,2,2,2,2,4,4,5,4,4,4,4,3,4
98645,2,2,2,4,4,2,1,4,1,5,3,1,4
56336,3,3,3,2,5,3,5,5,5,5,5,5,5
22316,5,1,1,1,5,5,5,5,2,2,2,3,5
123941,4,4,5,3,2,5,5,2,3,3,4,3,2
129326,5,5,5,5,5,5,5,4,4,4,4,4,4
2802,3,4,3,3,1,3,3,1,4,5,5,3,1
88981,3,4,3,3,1,3,1,1,4,3,4,4,1
9496,4,4,4,4,3,4,4,4,4,4,4,5,4
5522,4,0,4,3,2,4,2,2,5,5,5,4,2
83577,2,3,3,3,5,3,2,2,2,2,2,4,1
43992,1,3,1,1,3,1,3,3,3,1,5,1,3
346,1,2,1,4,4,1,4,4,1,2,3,3,4
42438,2,2,1,3,4,1,4,4,4,4,4,3,4
68635,4,4,4,3,3,4,2,3,4,4,4,3,3
20086,2,2,2,3,5,2,5,5,3,3,4,1,5
105226,1,1,1,3,1,1,1,1,5,5,5,5,1
34452,5,5,0,1,5,0,5,5,4,2,4,3,5
123182,5,2,5,4,2,5,2,2,1,2,4,4,2
32334,4,4,4,4,1,3,5,4,4,4,5,1,1
69807,5,5,5,5,4,5,5,4,4,4,4,5,4
24883,4,5,4,4,3,4,4,5,5,5,5,3,3
18797,3,3,3,3,5,2,3,5,5,5,5,4,1
13398,3,4,3,3,1,3,1,1,5,2,4,3,1
65795,2,2,2,2,2,5,4,5,5,5,5,3,4
53140,2,1,1,1,3,3,4,2,2,2,2,1,3
1686,2,2,2,2,2,4,5,4,4,4,4,5,3
55624,2,2,2,2,2,3,5,5,5,5,5,3,4
96466,2,1,2,3,3,2,3,3,2,4,4,1,3
19314,3,3,3,3,3,3,3,3,2,5,4,4,3
66069,2,4,2,1,1,2,1,1,3,5,4,3,1
72907,4,4,4,4,4,5,4,4,4,4,4,3,3
61391,4,4,4,2,1,4,1,1,3,3,4,5,1
64214,3,3,3,3,5,4,5,4,4,4,4,5,5
69777,1,1,5,1,4,5,5,4,3,5,5,5,5
72915,2,2,2,2,4,4,5,5,5,5,5,5,4
98486,0,4,0,5,5,0,5,5,4,4,4,3,5
37152,3,3,3,3,3,3,3,3,3,2,3,1,3
49031,3,3,3,1,3,3,3,3,1,4,2,3,3
96935,3,3,3,3,4,3,4,4,2,1,2,1,4
87013,4,3,4,4,2,5,4,4,4,4,4,4,3
57033,4,4,4,4,5,5,5,3,4,5,4,5,5
83506,1,2,1,3,1,3,3,1,1,1,1,1,2
97037,2,2,2,3,3,2,4,3,4,1,3,2,3
51272,4,3,3,3,4,4,4,4,4,1,4,1,4
120872,1,1,1,1,5,5,4,4,4,4,4,4,5
101925,5,5,5,5,4,4,4,4,4,4,4,4,5
104991,5,2,5,2,3,5,4,3,2,5,2,1,3
18437,5,2,5,2,1,2,1,1,3,2,4,3,1
92188,3,3,3,4,4,3,4,4,3,5,2,2,4
79045,0,5,0,3,2,4,5,3,3,3,3,4,3
45680,2,2,2,2,1,4,2,4,4,4,4,1,3
53461,3,3,3,3,3,1,1,3,3,4,3,1,1
54490,4,4,4,4,5,5,5,5,3,4,3,4,5
52058,3,3,4,3,4,4,4,4,1,4,2,3,4
79917,3,3,3,3,3,5,5,4,3,3,4,5,5
76734,2,5,4,5,3,4,3,3,3,5,4,4,3
59106,3,4,3,1,1,3,1,1,3,5,4,4,1
109970,3,4,3,2,2,4,5,2,2,3,4,4,3
14109,1,0,1,1,5,1,5,5,5,3,5,5,5
9942,3,3,4,3,3,3,3,3,2,3,3,4,3
96131,4,4,4,4,5,4,5,5,5,2,5,4,5
80302,3,3,3,3,3,3,3,3,3,2,3,1,3
23333,2,4,2,5,2,1,1,5,4,4,5,1,1
50928,3,4,3,4,3,3,4,4,4,3,4,4,2
94711,4,4,4,4,3,4,4,5,5,5,5,3,5
58125,3,4,3,3,5,3,5,5,3,2,4,5,5
112658,4,3,4,4,5,1,5,1,1,4,1,2,3
91032,2,1,2,2,2,2,2,2,2,2,2,3,2
95640,5,5,5,5,5,5,5,5,5,5,5,4,4
6639,3,3,3,3,2,5,4,5,5,5,5,3,3
106769,3,1,3,3,4,4,3,5,5,3,5,3,1
116552,3,4,5,3,3,5,3,3,1,2,4,1,3
94747,4,5,5,5,3,3,4,3,2,3,3,3,3
124767,4,4,4,4,5,5,5,4,4,4,4,5,4
61099,1,3,1,3,3,1,2,3,4,3,3,4,3
4851,5,5,5,3,2,5,4,2,3,4,4,3,2
76297,1,1,1,1,5,5,5,4,4,4,4,3,5
78946,3,3,3,3,4,4,4,4,3,5,4,5,4
59420,3,3,3,3,4,3,5,4,4,4,4,4,4
24370,4,5,5,5,1,4,5,4,4,4,4,4,2
80150,3,3,3,3,3,5,5,1,4,1,3,5,5
94154,2,2,2,2,5,5,5,4,4,4,5,3,4
61703,1,1,1,1,4,4,4,4,4,5,4,4,3
26063,1,1,1,1,3,1,3,3,3,5,4,5,3
112305,5,5,5,5,5,4,5,4,4,4,4,3,5
27462,3,3,3,3,1,3,2,1,4,2,3,4,1
114647,1,1,1,1,2,4,4,5,5,5,5,4,5
92056,5,5,5,5,4,1,3,5,5,4,5,3,4
72043,1,1,1,1,4,4,4,4,5,4,4,5,4
84440,5,5,5,5,4,4,5,5,5,5,5,4,5
36911,4,3,4,4,5,3,2,4,4,4,4,5,2
124296,3,4,4,4,3,4,4,3,3,4,3,1,2
29651,3,1,3,3,5,3,5,5,2,5,1,2,5
120223,2,1,2,2,4,4,4,4,4,5,4,5,3
34285,2,2,2,4,3,2,2,3,4,3,4,3,3
116387,1,4,1,4,1,1,1,1,2,5,3,2,1
118362,0,4,0,1,4,0,4,4,3,2,4,4,4
15808,1,5,1,5,5,1,4,2,2,1,2,4,1
80599,4,4,4,4,1,4,3,1,1,4,3,3,2
86368,5,5,5,5,3,5,5,4,4,4,4,4,4
62303,4,4,4,4,2,4,4,5,5,5,5,3,3
75292,5,4,4,4,5,5,5,5,1,5,4,1,5
48364,1,0,0,4,1,4,3,3,3,0,1,3,3
49675,4,4,4,4,2,4,4,4,4,4,4,1,4
59478,1,1,1,2,3,1,3,3,3,5,4,4,3
84268,0,1,1,2,4,4,4,1,1,1,5,4,4
55836,2,4,4,4,2,2,2,2,3,2,2,4,2
12851,1,4,0,4,4,0,4,4,4,2,4,5,4
57675,2,1,2,4,4,2,4,4,4,5,3,4,4
113374,2,2,2,2,5,4,4,5,5,5,5,3,5
123708,3,0,0,1,1,0,1,1,5,2,4,3,1
11664,3,3,3,2,2,3,2,2,5,5,5,5,2
73588,4,4,4,4,5,5,5,5,5,5,5,3,3
85295,3,1,3,3,1,3,1,1,1,5,4,3,1
14265,4,4,4,4,4,4,4,4,2,5,5,1,4
64885,1,4,4,4,1,1,1,1,2,4,2,4,1
5148,2,0,2,1,2,2,2,2,4,2,5,5,2
108412,4,4,4,2,4,4,4,4,3,4,5,3,4
31664,2,3,3,3,2,2,2,2,4,3,2,2,2
108553,1,4,1,1,2,1,2,2,4,5,4,4,2
90759,2,1,2,2,2,2,2,2,2,1,2,4,2
28951,2,5,5,5,2,2,2,2,5,5,4,4,2
40560,3,4,3,3,2,3,5,2,3,3,4,3,2
80800,1,1,1,1,2,4,4,4,4,4,4,3,4
120848,2,2,2,2,1,3,4,2,2,2,2,4,3
94543,3,3,3,4,1,3,1,1,5,5,5,3,1
67495,3,3,3,3,3,3,3,3,3,4,3,2,3
28392,4,5,4,2,2,4,2,2,3,5,1,2,2
91403,4,1,4,4,4,4,4,4,3,5,3,1,4
50238,1,5,5,5,3,2,2,2,2,2,1,2,2
78847,3,3,5,3,3,4,5,5,5,5,5,4,5
79806,1,1,4,1,5,5,5,3,2,5,4,5,5
103551,4,5,4,1,3,4,3,3,4,5,4,4,3
32919,2,2,2,4,2,2,2,2,2,1,4,2,2
86024,2,4,4,4,2,2,2,2,4,4,3,4,2
56944,2,3,3,3,2,2,2,1,2,2,3,2,2
85311,1,2,1,3,4,1,4,4,1,4,3,2,4
6085,3,3,3,4,1,3,3,1,3,2,4,3,1
65572,4,4,4,4,4,4,4,4,3,3,5,4,4
60687,2,5,2,4,4,2,2,4,3,5,5,4,4
31109,2,2,2,3,4,2,4,4,2,4,4,1,4
34087,4,4,4,2,4,4,4,4,3,3,4,5,4
82287,1,3,2,4,2,2,2,2,4,3,3,4,2
101289,4,3,4,4,5,5,4,3,3,4,3,5,4
28732,1,1,1,1,5,5,5,5,2,2,4,4,5
126988,2,2,2,2,5,5,4,5,5,5,5,3,5
25963,4,4,4,4,5,2,4,5,5,5,5,3,1
99339,2,2,2,4,1,2,1,1,4,4,4,5,1
124383,1,5,1,1,2,1,2,2,3,2,5,4,2
5178,0,0,0,2,3,4,4,4,4,4,4,5,4
47556,0,0,0,2,5,0,4,5,1,5,2,4,5
119901,4,1,1,1,4,4,4,3,4,4,4,4,4
114965,5,5,5,3,4,5,4,4,4,5,5,5,4
128409,3,4,3,4,1,3,1,1,3,2,4,4,1
22243,2,1,2,2,3,2,3,3,3,2,3,1,3
107387,4,4,4,4,4,4,4,2,2,2,2,5,5
70537,1,1,1,1,4,5,4,4,4,4,4,4,5
119660,4,4,4,4,3,4,4,3,3,3,4,1,1
71798,4,3,3,2,4,4,4,4,4,3,4,4,4
39292,1,3,1,4,1,3,3,4,4,1,2,2,2
27986,2,4,2,4,3,1,3,2,2,2,2,1,5
45694,2,4,2,3,4,2,4,4,3,5,5,4,4
118230,3,3,3,3,5,5,5,5,4,4,5,3,5
12351,5,1,1,1,5,5,4,5,4,4,3,5,5
128,2,1,2,4,4,2,4,4,1,1,4,1,4
4634,2,3,3,3,2,2,2,2,4,2,4,2,2
128905,2,1,2,4,2,4,4,4,2,3,3,4,4
65004,2,1,1,1,2,2,2,2,3,4,3,5,2
27747,1,1,1,1,5,4,4,4,4,4,4,3,2
26741,4,4,3,4,1,1,3,4,4,4,4,4,5
32072,4,4,4,4,4,2,1,4,4,4,3,5,1
81080,3,3,3,5,1,3,1,1,4,2,5,3,1
46573,1,1,1,1,4,3,2,5,5,5,5,1,4
14731,2,2,2,2,5,5,5,5,5,2,4,3,5
46345,3,2,4,3,3,4,3,3,4,5,3,1,3
104383,2,4,2,3,1,2,1,1,5,3,5,3,1
100168,2,2,2,4,4,3,3,3,3,2,3,4,2
63015,3,2,2,4,5,2,5,5,2,4,3,2,5
98451,4,4,4,4,4,5,4,5,5,5,5,4,3
56468,2,2,2,2,2,2,2,2,4,3,4,2,2
75610,2,5,2,1,5,2,3,5,5,4,4,5,5
25764,3,5,3,4,3,3,3,3,3,4,4,5,3
96386,3,4,4,4,5,2,3,3,3,3,3,4,4
19257,1,1,1,1,2,4,3,2,2,2,2,5,4
119847,4,5,4,4,4,4,4,4,4,3,3,2,4
31494,1,1,2,1,1,5,4,4,4,4,4,4,5
26574,2,0,2,4,3,2,3,3,1,1,4,2,3
91654,3,4,2,2,2,2,2,2,5,2,4,3,2
25145,4,1,1,1,4,4,4,4,3,3,2,3,4
56053,3,5,5,5,3,3,3,2,2,4,4,3,3
80652,3,3,3,1,5,3,4,5,5,3,5,3,5
126260,3,4,3,4,1,3,1,1,2,3,3,3,1
68231,1,5,5,5,5,3,3,1,1,1,1,1,1
59193,4,4,4,4,5,4,5,2,2,2,2,4,4
57279,2,5,2,3,1,2,1,1,4,4,5,3,1
95798,3,1,3,1,1,3,1,1,1,5,2,3,1
101964,2,1,4,1,1,4,4,2,2,2,2,3,4
18831,1,1,5,1,4,2,2,5,5,4,5,3,2
92684,4,5,5,5,4,4,3,4,4,4,4,3,3
14735,2,3,2,3,4,2,4,4,5,1,2,1,4
22314,2,1,1,1,2,2,3,2,4,1,4,4,2
20480,0,5,0,3,1,2,3,4,4,4,4,4,2
50255,2,3,3,3,3,3,2,3,3,3,2,4,4
38591,3,5,5,5,5,2,2,3,3,3,3,2,1
19896,2,2,2,2,5,5,5,5,4,2,4,4,5
4069,4,4,4,4,2,4,5,4,4,4,4,5,3
1576,3,3,3,2,3,3,3,3,4,4,5,4,3
126961,2,2,2,2,5,5,5,5,5,4,4,4,5
59603,3,3,3,3,2,5,4,5,5,5,5,4,5
114446,5,3,5,1,5,5,5,5,5,4,5,4,5
96545,5,5,5,2,4,5,4,4,3,5,4,3,4
127113,1,5,1,2,4,1,4,4,5,2,4,1,4
24784,3,4,3,4,3,4,5,4,4,3,4,4,3
24723,1,2,2,2,1,2,3,1,1,1,1,3,3
9514,1,4,1,3,1,1,1,1,1,1,3,4,1
40363,4,4,4,4,1,2,5,4,4,4,4,2,3
23959,4,4,4,4,3,4,2,3,2,2,4,1,3
41648,3,2,2,2,4,3,2,3,3,3,3,2,3
78333,2,2,2,2,4,4,4,4,3,5,4,4,4
28139,2,5,5,5,2,3,4,2,2,2,2,4,3
80036,3,5,3,4,4,3,4,4,5,3,4,4,4
120019,1,5,3,2,2,5,5,1,1,3,3,3,3
67846,2,5,2,3,3,5,5,5,5,2,5,4,5
113638,2,4,2,1,1,2,1,1,3,3,4,3,1
4868,3,5,5,3,1,5,1,1,4,2,4,5,1
84982,4,4,4,4,3,5,4,4,4,4,4,5,3
52012,5,5,5,5,5,5,5,5,4,3,2,2,5
104212,5,3,3,3,5,4,2,5,3,2,4,3,5
71367,1,1,1,1,3,4,4,5,5,5,5,4,5
116303,1,4,1,3,2,1,2,2,5,2,4,5,2
88371,3,3,3,3,3,4,4,3,3,3,3,4,2
121851,1,1,1,1,3,4,4,4,4,4,4,5,4
32694,4,3,3,3,2,4,3,1,3,3,3,3,3
16646,3,4,4,4,5,3,3,3,3,3,3,2,4
120149,5,5,5,3,3,5,3,3,5,2,3,4,3
115699,1,1,1,3,4,1,5,4,2,3,3,2,4
62856,3,3,4,3,5,4,4,2,2,2,2,4,3
92085,2,2,2,3,3,2,3,3,1,1,3,4,3
38260,2,5,4,4,2,2,2,2,1,2,4,3,2
71759,1,1,1,1,3,4,5,5,5,5,5,3,4
43351,3,0,3,2,4,3,4,4,4,1,3,2,4
116826,5,5,5,5,2,5,5,5,5,5,5,3,4
18115,1,0,1,1,3,1,3,3,2,1,5,4,3
19873,4,4,4,2,3,4,3,3,4,4,4,4,3
19657,2,4,2,3,2,2,2,2,4,2,4,5,2
70452,5,5,5,5,4,5,4,5,5,4,5,5,3
57225,2,4,2,5,3,2,3,3,3,5,5,1,3
69051,5,5,5,5,4,4,5,5,5,5,5,3,4
44592,3,5,3,5,1,3,1,1,3,3,4,4,1
30147,1,4,1,2,5,1,3,2,2,1,2,2,5
5802,2,1,1,1,3,2,2,3,3,3,2,4,1
55501,2,4,1,5,5,5,5,2,2,1,2,5,5
24678,1,1,1,1,5,2,1,4,4,4,4,5,3
97952,3,3,3,3,5,4,5,4,4,4,4,5,5
14095,5,3,5,5,1,5,1,1,2,5,4,4,1
37260,2,2,2,2,5,3,2,5,5,5,5,1,3
117196,3,4,3,4,1,3,4,1,1,1,3,3,1
70085,3,3,3,3,5,4,4,4,4,4,4,4,4
17512,3,2,3,4,5,3,5,5,1,3,3,3,5
125144,4,4,4,4,5,5,5,5,5,2,5,4,5
48969,4,2,2,2,4,4,4,4,1,2,5,3,4
124956,4,4,4,4,2,4,5,5,5,5,4,5,3
23111,3,3,3,3,3,3,1,3,4,5,4,1,3
107111,2,2,4,4,5,4,3,2,2,2,2,1,2
103231,3,3,3,3,2,3,3,4,3,2,3,3,3
125788,2,2,4,2,4,5,5,4,4,4,4,5,3
106785,1,4,1,3,4,1,4,4,4,2,4,4,4
13923,4,2,2,2,2,3,1,4,4,4,4,5,5
13910,2,2,2,2,4,3,1,5,5,5,5,5,5
13417,3,4,3,1,5,3,5,5,4,3,3,5,5
35313,2,2,2,1,2,2,3,2,4,2,1,2,2
101418,1,1,0,3,4,0,3,4,4,5,4,1,4
77474,3,4,3,3,5,3,3,5,3,5,4,1,5
124036,3,5,3,1,3,3,3,3,3,2,5,4,3
59014,2,2,2,2,4,4,4,4,5,2,5,5,4
29738,3,3,3,3,2,4,5,5,5,5,4,3,3
19596,3,2,0,3,3,3,3,2,2,0,2,2,1
54766,2,5,3,3,4,3,4,2,2,2,2,2,4
68944,4,1,4,3,1,4,4,2,2,4,2,3,2
64454,3,3,3,4,4,3,3,2,2,3,2,3,3
114691,4,4,4,4,4,4,5,5,5,5,5,4,3
109170,4,4,4,3,5,4,5,5,4,2,5,4,5
28760,2,4,2,1,1,2,1,1,3,3,5,5,1
64827,2,2,3,3,2,2,2,2,1,1,3,3,2
65786,1,1,1,1,5,5,5,4,4,4,4,3,5
27771,2,2,2,1,4,2,4,4,1,1,3,1,4
110105,3,3,3,3,5,3,5,5,3,5,4,4,5
92445,1,5,1,1,5,4,5,4,4,4,4,4,3
128195,2,0,2,3,2,5,4,1,1,2,5,5,5
88159,3,3,4,3,4,4,5,4,4,4,4,3,4
114204,5,5,5,5,5,5,5,2,2,2,2,5,4
29090,2,4,2,4,2,2,2,2,4,2,5,5,2
73155,3,4,3,2,2,3,4,1,1,3,1,5,4
64778,0,0,0,3,3,4,5,1,1,1,1,4,4
114502,1,1,1,3,2,1,2,2,4,1,4,3,2
43634,1,5,1,3,2,1,2,2,1,2,4,4,2
121698,2,2,2,2,2,2,2,2,3,4,4,3,2
111262,4,4,4,4,3,4,4,5,5,5,5,3,5
57714,5,5,5,5,4,5,5,4,4,4,4,3,3
111806,3,3,3,3,2,1,5,5,5,5,5,5,5
114885,3,5,4,5,3,3,3,3,3,5,4,4,3
126016,1,1,1,1,5,5,5,5,5,5,5,4,5
113179,2,4,3,5,2,3,2,2,5,3,5,3,2
62907,2,4,2,1,4,2,4,4,4,3,5,3,4
38475,1,2,2,3,5,2,5,5,3,3,4,2,5
35443,5,5,5,4,5,5,5,5,5,2,5,3,5
17711,3,4,0,1,2,0,3,2,4,4,5,4,2
79702,2,4,2,3,3,2,3,3,3,4,4,4,3
269,5,5,5,5,5,4,4,5,5,5,5,4,4
36458,4,4,4,2,2,5,5,3,3,4,3,4,3
115844,2,3,3,3,5,4,4,2,2,2,2,4,2
31236,1,2,2,2,1,3,4,1,1,1,1,1,3
52134,3,3,3,3,2,4,4,5,5,5,5,3,5
43895,1,3,1,1,5,3,5,5,5,5,1,5,5
53529,5,2,2,2,5,5,5,5,2,3,5,2,5
44544,3,1,3,3,4,3,3,4,1,2,2,2,4
51419,1,3,1,4,2,1,2,2,1,3,3,3,2
26866,5,5,5,5,4,4,3,4,4,5,4,5,3
37705,3,4,3,3,4,3,5,4,3,3,1,1,4
73536,3,3,3,3,2,5,5,5,5,5,5,5,4
48943,5,5,5,5,1,5,3,5,5,5,5,4,5
91220,2,2,2,3,3,2,3,3,1,4,3,2,3
44658,3,1,3,3,1,3,1,1,2,5,3,2,1
107206,1,4,5,2,3,5,3,3,5,5,5,5,3
7884,5,4,4,4,5,5,5,5,2,3,5,3,5
39900,3,3,3,3,3,3,3,3,1,5,1,5,3
62702,3,3,3,3,5,5,5,5,3,2,3,4,5
2738,1,1,1,1,2,5,4,5,5,5,5,3,4
128322,2,2,2,4,3,2,3,3,5,2,5,5,3
110861,3,3,4,3,2,5,5,5,5,5,5,3,3
60835,3,4,4,4,5,2,4,3,3,3,3,1,3
47190,3,1,2,3,3,2,5,3,4,5,3,3,3
68181,1,3,1,3,4,1,4,4,4,1,4,2,4
90954,1,1,1,1,5,5,1,5,5,5,3,1,3
17588,4,5,1,5,4,4,4,4,4,5,1,2,4
99980,1,3,3,3,2,3,3,2,2,2,1,1,2
89937,2,4,2,3,5,5,4,3,3,2,3,5,4
120419,4,4,4,4,3,5,4,4,4,4,4,5,3
62062,3,5,3,3,5,3,5,5,5,3,5,3,5
15880,3,4,3,4,3,3,1,3,2,2,4,2,3
29726,2,1,2,1,2,3,2,2,1,2,2,2,2
84186,2,4,2,3,2,2,2,2,3,2,4,3,2
93906,3,3,3,3,3,3,3,3,2,5,4,3,3
28165,1,0,1,1,3,1,3,3,4,2,4,3,3
113866,4,4,4,1,5,4,2,5,2,4,1,4,5
49339,5,1,5,2,2,5,2,2,2,5,3,3,2
84716,2,4,2,1,4,1,5,5,5,2,5,2,2
12391,2,3,2,3,2,2,2,2,4,5,4,4,2
38664,1,4,1,4,3,1,3,3,4,2,5,3,3
35254,5,5,5,5,3,5,4,4,4,4,4,3,2
126611,3,5,3,5,1,3,1,1,4,2,4,5,1
120066,5,4,5,3,1,5,1,1,5,5,4,4,1
83771,1,5,1,1,2,1,2,2,4,3,5,5,2
57968,1,4,1,4,5,1,1,5,5,3,3,5,5
13053,3,3,3,4,1,3,1,1,2,3,4,3,1
83178,5,5,5,5,4,4,4,4,3,3,5,3,4
99874,3,3,3,3,2,4,5,5,5,5,5,4,4
26461,4,5,4,3,4,4,4,4,2,1,3,4,4
123239,3,4,3,3,3,3,3,5,5,3,5,1,2
20492,2,5,5,5,3,4,4,2,2,2,2,3,4
8896,2,2,3,3,1,3,5,1,1,4,4,2,1
120084,1,4,2,4,5,2,5,5,3,2,3,2,5
115077,5,4,5,5,3,4,4,4,4,4,4,3,5
56058,3,4,3,4,3,4,4,4,3,5,4,4,4
18208,3,3,3,3,5,4,4,5,1,3,3,4,5
104880,2,5,4,1,3,4,3,3,3,3,5,3,3
62479,2,2,2,2,3,3,4,5,5,5,5,3,5
67460,1,5,1,3,2,1,2,2,4,5,4,4,2
34677,0,0,0,2,4,4,4,4,5,3,3,5,4
68245,4,5,5,5,4,4,4,4,4,3,1,1,4
64308,1,3,3,3,3,2,3,1,1,1,1,1,3
56940,3,3,3,3,3,5,5,2,2,4,3,5,5
23926,2,4,2,4,4,2,4,4,1,4,4,3,4
105418,2,2,2,3,3,2,3,3,5,3,5,3,3
101999,2,4,2,2,2,5,1,5,5,2,2,5,5
84334,3,3,3,3,2,4,5,5,5,5,5,5,4
11282,3,1,3,4,4,3,3,4,4,3,4,1,3
126671,3,3,1,3,5,5,5,5,3,3,5,3,5
20902,2,2,3,2,4,4,4,3,3,4,3,3,3
5260,2,1,2,2,4,2,4,4,4,3,3,3,4
4916,4,2,2,2,4,4,4,4,4,4,3,2,4
77640,3,3,3,3,5,3,4,5,2,2,3,3,5
127782,2,4,4,4,4,2,2,2,2,2,2,3,2
13851,5,3,5,1,4,5,4,4,1,3,1,3,4
123729,3,3,3,3,1,4,2,4,4,3,4,5,2
116150,3,3,3,3,2,3,2,2,2,3,2,3,2
89867,1,1,1,1,3,3,3,3,4,2,5,4,3
6145,4,4,4,1,2,4,4,2,5,2,4,3,2
51333,4,4,1,4,3,5,2,3,3,4,3,5,2
25560,4,4,4,4,4,4,4,4,1,3,1,5,4
37577,3,5,5,5,1,4,4,3,3,3,3,4,3
122446,2,5,2,3,3,2,5,3,4,2,4,3,3
83237,4,4,4,4,3,3,4,4,4,4,4,5,4
126268,2,0,2,4,5,2,5,5,1,5,5,4,5
50677,3,4,3,3,4,5,5,3,3,3,3,4,5
129820,4,5,4,1,3,4,3,3,1,3,2,5,3
64829,0,0,0,4,2,4,4,4,4,1,1,5,3
87517,2,1,2,3,5,2,5,5,4,1,3,4,5
120885,2,2,2,2,4,4,4,5,5,5,5,5,4
13619,5,1,1,1,5,5,5,5,4,4,3,4,5
11279,4,4,2,4,2,2,2,2,3,3,4,5,2
94453,3,3,3,3,2,5,4,5,5,5,5,5,3
123556,4,3,3,1,2,3,2,2,4,2,3,3,2
43246,1,1,1,4,5,3,3,2,2,1,2,1,3
1381,3,2,3,4,2,3,2,2,2,4,3,3,2
17222,5,3,5,3,5,4,4,5,5,3,3,2,5
90108,5,5,5,5,4,4,4,5,5,5,5,5,5
26394,4,4,4,4,5,4,5,5,4,2,2,5,5
16300,3,5,3,1,4,5,5,5,5,3,5,3,4
80059,5,2,5,4,2,4,4,2,2,2,2,4,3
44251,3,2,3,2,2,3,2,2,1,5,2,4,2
26363,3,2,2,5,1,2,1,1,3,3,2,5,1
99292,4,0,4,1,1,4,1,1,5,4,4,5,1
46889,2,4,4,4,2,2,2,2,4,4,4,1,2
123034,1,1,1,1,5,5,5,5,5,5,5,3,4
118565,2,2,2,2,3,5,4,5,5,5,5,3,5
121342,0,0,0,3,2,4,5,3,3,3,3,5,4
36930,4,2,2,2,4,4,4,4,3,1,4,3,4
1985,2,4,2,2,5,2,1,5,5,3,5,5,5
23347,5,4,4,4,5,5,5,5,5,3,2,3,5
59770,1,1,1,3,4,1,4,4,4,1,3,2,4
40901,2,4,2,3,3,2,4,3,5,4,4,3,3
108556,5,5,5,5,3,5,3,3,3,4,4,3,3
48720,1,1,1,1,4,5,4,5,5,5,5,3,3
52846,4,4,3,5,3,3,3,3,3,2,4,5,3
8116,2,2,2,2,4,4,5,4,4,4,4,3,3
127240,2,5,3,4,1,3,1,1,3,3,3,4,1
12905,1,1,1,1,1,2,1,1,2,5,4,2,1
62218,2,2,2,3,2,2,1,2,2,2,3,3,2
80097,1,1,1,3,2,1,3,2,4,2,4,4,2
88262,4,4,4,4,2,4,5,4,4,4,4,4,4
97672,4,1,4,3,4,3,3,4,3,2,3,3,3
39796,3,1,3,3,1,4,4,4,4,3,4,3,1
70047,1,5,1,1,3,1,3,3,3,2,5,4,3
87058,1,1,1,1,5,5,5,4,4,4,5,5,5
39840,4,3,3,1,5,4,5,5,4,2,1,5,5
83104,4,5,4,3,5,4,5,5,4,3,5,5,5
9586,4,5,5,5,4,4,4,4,4,4,4,2,2
77366,2,4,4,4,1,4,3,2,2,2,2,1,1
114325,4,2,4,4,2,4,2,2,4,2,2,1,2
69877,3,3,3,3,2,5,5,4,4,4,4,5,3
34635,3,2,3,3,4,3,4,4,1,4,4,3,4
24402,3,4,3,1,5,4,4,2,2,3,2,4,3
56553,4,4,4,4,4,4,5,2,2,2,2,3,4
47683,3,2,4,2,3,4,3,3,4,2,1,3,3
6138,3,3,3,3,2,4,5,5,5,5,5,3,3
77772,1,4,1,2,3,1,3,3,2,1,4,2,3
79253,1,3,3,3,2,4,4,1,1,1,1,3,1
18251,4,2,0,4,3,4,4,1,1,0,1,3,2
60819,1,4,1,4,4,1,4,4,5,3,4,4,4
66589,4,1,1,1,3,3,3,4,4,3,4,1,1
34416,3,5,3,1,4,3,1,4,1,3,2,1,4
125573,1,1,1,3,2,1,2,2,4,5,3,2,2
97829,2,4,2,3,2,2,2,2,4,5,4,1,2
69825,1,2,2,2,1,1,1,4,5,3,3,1,1
82050,5,5,5,5,2,5,5,5,5,4,5,5,5
7783,5,5,5,5,4,4,4,5,5,5,5,3,3
84242,3,1,3,1,3,3,2,3,4,5,1,3,3
57858,1,5,2,2,2,3,3,5,2,5,4,3,3
117082,3,3,3,3,4,5,5,5,5,5,5,3,5
91593,2,1,1,1,2,2,2,1,3,4,4,2,2
84600,3,2,3,4,5,3,5,5,4,3,3,3,5
44666,3,1,1,1,3,3,3,3,4,4,4,5,3
124440,2,5,2,4,5,2,5,5,5,5,3,3,5
103987,5,5,5,5,3,5,4,5,5,5,5,4,3
88255,1,1,1,1,4,4,4,4,5,2,4,3,4
68667,2,3,2,2,4,2,4,4,3,4,2,3,4
87920,4,4,4,3,5,4,2,5,5,3,4,3,5
64919,2,2,2,2,3,5,5,5,5,5,5,3,5
45050,3,0,3,1,2,3,2,2,5,3,5,2,2
27271,4,4,4,4,5,4,5,5,5,5,5,4,4
119557,4,5,4,1,4,4,4,4,3,2,5,3,4
119913,5,5,5,5,5,5,4,5,5,5,5,3,4
92840,3,5,3,2,5,3,5,5,3,2,4,4,5
51575,4,2,2,2,4,4,4,4,2,3,3,4,4
42613,2,3,2,1,3,2,3,3,2,2,2,5,3
81663,1,5,5,5,1,1,1,1,4,3,3,1,1
59694,2,4,2,2,1,2,1,1,3,2,4,5,1
54163,4,3,4,3,2,3,3,4,4,4,4,3,2
55132,4,4,4,3,4,4,4,4,3,4,3,3,4
97399,4,4,4,4,4,4,3,4,5,4,5,3,4
65807,1,1,1,3,4,1,4,4,4,3,5,3,4
45924,2,0,2,5,2,2,2,2,4,1,3,5,2
77509,4,5,5,2,4,5,1,4,3,5,4,3,4
105184,4,2,4,4,5,4,5,5,3,3,3,2,5
101668,4,1,5,2,4,3,3,3,3,5,3,4,3
58098,3,1,1,1,4,4,4,3,3,3,3,1,2
30978,2,1,1,1,2,2,2,2,1,3,4,1,2
95969,5,5,5,5,2,5,4,4,4,4,4,5,3
21724,5,5,5,5,4,5,4,5,5,5,5,5,3
74643,5,5,5,5,4,5,1,5,5,5,5,1,1
50968,1,5,1,4,2,1,2,2,3,4,4,3,2
44410,0,5,0,3,5,1,4,5,5,0,5,3,1
81860,4,2,2,2,3,4,3,3,1,5,2,4,3
56408,0,0,0,3,2,0,5,2,5,5,4,3,2
95952,4,4,4,2,3,4,3,3,4,3,5,5,3
25414,1,5,2,4,1,2,1,1,4,2,5,3,1
54148,3,2,2,2,3,3,3,3,1,1,3,2,3
73449,4,4,3,1,5,3,5,5,3,5,4,4,5
39799,4,1,1,1,4,4,4,4,1,2,5,2,4
17066,3,3,3,3,5,1,1,5,5,5,5,4,4
110674,2,2,2,2,2,2,2,2,2,2,2,3,1
74573,5,5,5,5,3,3,3,3,3,5,5,3,3
120089,3,3,3,3,3,4,5,4,4,4,4,4,3
25394,4,4,4,2,3,4,3,3,4,1,1,3,3
42682,3,2,2,2,3,3,3,3,3,1,4,2,3
26666,3,3,3,3,5,1,1,5,5,5,4,4,5
84603,4,4,4,4,2,4,5,5,5,5,5,5,4
81199,2,2,2,2,5,5,5,5,4,5,5,5,5
78649,1,1,1,1,2,5,5,5,5,5,5,1,5
63909,3,3,3,3,5,3,2,5,3,5,3,4,5
99647,4,2,2,2,4,4,4,4,4,3,1,4,4
34861,1,1,1,1,3,4,5,5,5,5,5,5,3
15879,4,4,4,4,2,4,2,2,4,2,5,3,2
100038,3,2,3,4,2,3,1,2,1,3,3,4,2
2422,3,4,3,1,3,3,3,3,5,5,4,4,3
18832,3,5,5,5,3,3,3,3,3,5,4,3,3
95221,3,5,0,2,5,0,5,5,4,2,5,3,5
40484,2,5,0,4,3,4,5,1,1,0,1,3,5
65587,2,0,2,1,2,2,2,2,5,4,5,3,2
42756,3,3,3,4,1,3,1,1,3,1,4,3,1
33921,3,1,3,3,3,4,4,5,5,3,5,3,3
18328,4,0,4,5,2,4,2,2,2,5,3,3,2
10282,3,3,3,3,2,5,5,5,5,4,5,5,3
19113,4,5,5,5,4,4,3,4,3,4,4,2,4
111802,4,4,4,3,3,4,3,3,1,1,2,4,3
65438,3,4,3,5,1,3,1,1,3,2,5,3,1
107000,3,4,3,2,4,3,4,4,3,3,4,4,4
81639,2,2,2,3,4,2,4,4,4,3,4,1,4
66288,1,2,1,2,1,1,1,1,2,3,2,1,1
2922,5,5,5,5,5,5,4,4,4,4,4,4,5
27686,2,5,5,5,4,4,3,2,2,2,2,3,1
19810,5,5,5,5,4,4,4,4,1,4,4,1,4
77311,2,2,2,2,5,5,4,5,5,5,5,3,4
71773,2,2,2,2,5,3,5,4,4,4,4,3,3
28608,4,4,4,4,3,4,2,5,5,5,5,2,2
31874,1,1,1,1,4,4,4,4,1,4,5,4,4
43067,4,4,4,4,4,2,5,5,5,5,5,5,3
7390,1,1,1,1,3,4,5,4,4,4,4,5,4
11809,1,4,2,1,1,2,1,1,1,1,3,5,1
58320,1,0,0,3,1,0,1,1,1,1,3,4,1
11238,1,2,5,3,2,5,2,2,4,5,3,3,2
55777,3,5,3,5,5,4,3,3,3,3,3,2,2
116339,2,2,2,3,2,2,2,2,3,4,4,4,2
108922,2,5,2,2,2,4,4,1,1,2,1,5,3
98852,5,1,5,5,5,4,5,4,4,5,4,5,4
69210,2,4,3,2,1,3,5,1,3,3,5,4,1
43384,2,4,2,2,4,2,4,4,5,4,5,5,4
119461,5,5,5,5,3,5,4,4,4,4,4,3,4
126742,3,3,3,3,2,3,2,2,3,5,1,1,2
108029,0,1,1,3,2,5,4,3,3,3,4,3,4
33515,5,2,5,2,2,2,5,5,5,5,5,2,1
20782,2,4,1,2,4,1,4,4,1,2,2,2,4
72531,2,4,4,4,4,3,3,2,2,2,2,1,4
41771,1,5,1,4,3,1,3,3,3,2,4,3,3
65042,2,4,2,1,1,2,1,1,5,4,5,4,1
62349,4,4,4,4,4,5,5,4,4,4,4,4,3
88905,4,4,4,2,1,4,1,1,4,4,5,5,1
123324,4,2,2,2,3,3,4,4,4,4,4,4,2
64553,2,0,2,3,2,2,2,2,5,4,4,3,2
26708,2,1,2,4,1,2,1,1,4,5,3,3,1
3396,2,2,2,2,3,2,4,3,2,1,2,2,3
24612,3,3,3,3,3,3,3,3,1,5,3,1,3
83955,2,2,4,2,2,5,5,5,5,5,5,3,5
10583,4,4,4,4,5,5,5,5,5,5,4,5,5
17981,2,4,3,4,5,4,4,2,2,2,2,2,1
96857,3,3,3,4,3,3,4,3,4,3,3,3,3
2437,4,4,3,2,2,3,2,2,3,2,4,5,2
16007,2,3,3,3,2,2,2,2,2,4,3,2,2
15097,4,5,4,3,1,4,1,1,5,2,4,4,1
107628,5,4,5,1,4,5,3,4,3,2,3,5,4
51742,5,4,5,3,5,4,4,4,4,5,4,5,5
16579,3,3,3,3,4,1,4,5,5,4,5,2,4
129536,2,4,4,4,2,2,2,2,2,4,4,4,2
120801,1,2,1,3,4,1,5,4,1,4,4,4,4
93801,3,1,1,1,4,1,1,3,3,4,3,2,1
47856,1,1,1,1,3,3,4,4,4,4,4,3,1
835,2,2,2,2,1,3,3,2,2,2,2,1,4
52163,5,2,5,5,5,5,3,5,5,5,5,2,2
125596,5,5,5,3,1,5,1,1,4,3,3,4,1
62007,4,4,4,1,4,4,4,4,3,4,5,5,4
51521,4,4,4,4,4,4,4,4,5,2,1,1,4
76942,1,1,4,1,4,3,5,3,3,4,3,4,3
10985,1,2,3,2,1,4,3,2,2,2,1,4,3
25298,2,2,2,2,4,5,5,4,4,4,4,3,4
95295,2,5,2,2,2,2,1,2,4,5,4,4,2
60569,1,2,2,3,1,1,1,1,4,5,4,4,1
22606,3,2,2,2,5,3,4,3,3,3,3,2,2
111600,3,5,5,5,3,4,3,3,3,3,3,3,1
72623,1,5,1,3,1,1,1,1,3,2,5,3,1
75528,3,1,1,1,3,3,3,3,3,3,3,3,3
127521,5,4,5,3,1,5,1,1,4,4,5,5,1
28649,2,4,2,2,4,2,4,4,4,4,4,4,4
50278,3,3,3,3,4,3,4,4,3,4,3,2,4
83534,3,3,3,3,2,4,4,4,4,4,4,4,4
30135,1,5,1,4,5,1,4,5,3,3,5,3,5
109765,5,5,5,5,4,4,4,4,3,4,4,5,4
109432,5,5,5,5,5,5,4,4,4,4,4,3,4
70882,3,4,3,1,5,5,4,4,4,3,2,3,4
84373,3,0,4,2,4,4,4,4,3,2,4,3,4
116774,2,4,2,4,5,2,5,5,4,3,4,1,5
106867,2,2,2,2,2,2,4,2,3,5,3,4,2
107411,3,5,5,5,3,3,3,3,2,4,4,1,3
701,2,4,2,3,1,2,1,1,3,4,5,4,1
61726,3,3,3,3,3,3,3,3,2,4,5,3,3
78188,5,5,5,5,4,4,4,4,4,4,4,5,5
105721,2,3,1,3,5,3,2,2,2,2,2,1,4
53724,3,3,3,3,5,3,5,5,3,5,3,1,5
105069,3,3,3,4,3,3,4,3,1,4,1,2,3
11107,3,4,3,2,2,3,2,2,5,4,5,4,2
105481,2,2,2,2,4,4,4,4,4,2,4,3,4
15980,1,2,1,2,1,5,5,1,1,1,1,5,5
98946,1,1,1,1,2,5,5,5,5,4,5,5,3
54707,2,2,3,2,1,2,5,4,4,5,4,2,4
12138,1,5,5,5,5,3,3,1,1,1,1,1,2
1879,3,5,3,5,5,3,5,5,4,4,5,4,5
71883,3,4,3,4,4,3,4,4,3,3,3,3,4
112327,3,1,2,1,4,4,4,3,3,3,3,3,2
79622,1,0,0,3,4,0,4,4,1,3,2,3,4
126986,1,1,3,1,2,3,2,2,5,3,4,3,2
22359,2,3,4,3,4,4,4,4,4,3,2,4,1
1053,5,4,5,2,1,5,1,1,5,3,5,4,1
58626,3,1,1,1,5,3,4,3,3,3,3,4,2
55015,4,4,4,4,2,5,5,4,4,4,4,4,5
79153,3,4,3,5,5,3,5,5,4,5,5,4,5
124356,4,4,2,4,4,5,4,4,3,3,5,5,4
120061,2,2,2,4,1,2,4,1,4,5,5,3,1
1535,1,1,1,1,4,5,4,5,5,5,5,5,4
5343,4,3,4,4,5,5,5,4,4,4,4,3,4
69018,2,2,2,5,5,2,5,5,5,2,4,4,5
47877,3,1,1,1,3,3,3,3,3,5,2,4,3
61919,1,1,1,1,4,4,4,4,5,4,5,5,4
121797,2,0,2,3,4,2,4,4,4,2,5,3,4
111082,3,4,3,5,3,3,1,3,5,4,5,3,3
97775,1,1,1,1,2,4,5,4,4,4,4,5,4
117501,3,3,3,4,1,3,1,1,2,2,3,2,1
102096,4,4,4,1,1,4,1,1,3,4,5,4,1
25362,1,1,1,1,5,5,5,5,2,1,4,3,5
19786,1,3,1,3,1,1,1,1,1,3,3,4,1
62999,2,5,5,5,2,4,4,2,2,2,2,4,3
28263,5,4,5,4,1,5,1,1,3,3,4,4,1
45632,1,3,3,3,1,3,3,2,2,3,1,2,3
117860,4,4,4,4,2,3,3,4,4,4,4,2,4
97979,3,4,3,2,2,3,2,2,5,4,3,1,2
90279,2,3,3,3,2,1,2,2,4,1,2,4,2
112146,2,1,1,1,3,2,3,3,3,2,2,1,3
79864,1,1,1,1,4,5,4,5,5,5,5,4,5
110544,2,4,4,4,5,3,3,2,2,2,2,3,1
106411,2,3,2,2,3,2,3,3,3,2,2,5,3
29163,0,4,0,2,3,0,3,3,1,1,1,1,3
102480,4,4,4,2,4,5,5,4,5,4,5,5,5
109601,3,4,3,2,4,3,2,4,5,3,3,3,4
53482,2,1,4,1,5,3,3,2,2,2,2,2,3
33666,3,5,5,5,3,2,3,3,3,3,3,4,1
9978,4,4,4,3,4,4,4,4,5,3,4,3,4
103340,3,5,4,1,5,4,4,5,3,2,3,4,5
52189,2,0,2,4,5,2,5,5,4,3,5,4,5
18651,1,3,0,4,4,0,4,4,4,5,4,3,4
37604,3,5,3,2,4,3,5,4,3,2,5,4,4
112411,5,5,5,5,3,5,4,4,4,4,4,5,3
100733,4,4,1,4,4,4,4,4,2,1,3,4,4
94370,0,0,0,2,4,4,5,4,4,4,4,5,4
5930,2,4,2,3,5,2,5,5,4,4,2,3,5
126374,3,4,1,5,5,1,5,5,2,2,4,3,5
47871,2,4,4,4,5,3,4,3,3,2,3,3,1
81967,2,3,5,3,4,3,3,2,2,2,2,1,2
30939,1,1,1,4,1,1,1,1,2,5,4,1,1
83564,4,1,4,4,4,4,4,2,2,4,4,4,2
123649,4,4,4,4,2,5,5,5,5,5,5,3,3
36822,2,2,2,2,1,4,4,5,5,5,5,5,5
25465,3,3,3,3,5,5,5,5,3,4,5,5,5
116424,3,2,3,4,5,3,5,5,3,3,4,2,5
18050,2,1,2,4,3,2,5,3,2,3,4,4,3
10664,4,3,4,2,2,4,2,2,4,3,4,4,2
84571,3,3,3,3,4,4,5,5,5,4,5,3,5
123117,1,1,1,1,3,4,5,2,2,2,2,5,3
123883,3,5,3,1,4,3,4,4,4,1,5,1,4
46898,2,2,5,2,3,4,3,2,2,2,2,2,2
10051,3,1,1,1,5,3,3,3,3,3,3,4,3
106549,1,1,1,1,4,4,4,4,5,4,5,2,4
72112,1,1,1,1,5,4,3,1,1,1,1,4,2
110405,1,5,3,5,1,2,2,1,1,1,1,2,1
122416,2,2,2,2,2,3,4,4,4,5,4,4,5
70549,4,4,4,4,3,4,3,3,3,2,5,3,3
89152,4,4,4,3,3,4,3,3,1,2,1,5,3
30883,2,5,3,3,1,3,1,1,4,5,4,4,1
116825,5,5,5,5,4,5,4,2,2,3,2,4,5
28597,5,5,5,5,3,5,4,4,4,4,4,4,4
30150,3,2,3,3,4,3,4,4,4,5,4,1,4
128969,2,5,2,2,5,2,1,5,3,1,3,5,5
80975,1,1,1,1,5,5,5,4,4,4,4,3,5
16042,3,5,3,2,4,2,4,2,2,3,2,3,5
4511,2,5,2,1,4,2,4,4,2,2,5,3,4
100661,4,4,4,4,3,5,5,5,5,5,5,3,5
27526,2,4,2,4,4,2,1,4,4,5,5,3,4
33593,4,2,2,2,4,4,4,4,5,3,5,1,4
75022,3,1,4,4,2,4,4,3,3,3,3,4,1
38757,1,0,0,1,4,0,3,4,5,3,4,1,4
57783,2,1,2,3,2,1,1,1,2,3,3,1,1
129372,2,2,2,2,2,5,5,5,5,5,5,5,4
126787,3,3,3,3,5,5,5,3,3,4,3,4,3
104125,4,4,4,4,2,4,4,3,3,3,3,5,5
101248,3,5,5,5,2,3,2,2,2,2,3,4,2
29235,5,5,5,5,5,5,4,5,5,3,4,3,5
37898,2,2,2,2,4,2,5,5,5,5,5,3,3
18466,5,5,5,5,3,4,2,5,5,5,5,5,4
72821,1,1,1,1,5,4,4,4,4,5,4,5,3
128899,4,2,4,3,2,2,2,1,1,4,1,1,3
58403,2,2,2,2,4,4,4,4,5,4,4,4,4
6366,3,4,4,4,5,2,2,3,3,2,3,3,3
1285,1,4,1,3,1,1,2,1,4,1,4,1,1
116257,2,5,2,1,2,5,5,1,1,2,1,5,5
84137,4,4,4,4,2,4,2,2,3,3,4,3,2
92664,5,5,5,5,1,5,1,1,3,5,5,4,1
26364,5,1,1,1,2,5,2,5,5,5,5,4,3
116571,3,3,3,3,4,4,5,3,3,2,3,4,5
80553,3,3,3,3,2,5,4,5,5,5,5,3,4
16657,4,4,4,3,2,4,2,2,3,3,3,3,2
127348,5,1,1,1,5,5,5,5,1,1,4,3,5
104434,5,4,5,3,1,5,1,1,5,2,2,2,1
66577,3,3,3,3,2,4,4,5,5,3,5,2,4
45796,4,4,5,4,4,4,3,4,4,4,4,2,4
65746,1,5,1,5,5,1,5,5,4,4,4,3,5
6150,3,4,2,3,4,2,4,4,4,4,3,4,4
101800,2,2,2,2,2,4,4,5,5,5,5,4,3
76208,4,4,1,4,4,4,4,4,4,5,5,3,4
52378,1,2,1,2,2,1,2,2,2,4,3,3,2
24700,4,1,1,1,4,4,4,4,1,3,5,1,4
70668,1,1,1,1,3,5,4,4,4,4,4,4,4
46597,4,3,4,4,4,3,4,4,3,1,4,4,4
91333,3,4,3,1,4,3,4,4,4,4,4,4,4
37182,3,5,3,3,4,3,4,4,4,4,3,3,4
58486,1,1,1,1,3,5,5,4,4,4,4,3,4
29517,2,3,2,4,4,2,4,4,2,2,1,5,4
5681,0,5,0,1,5,5,4,4,4,4,4,3,5
114695,1,1,5,1,3,4,5,4,4,4,4,4,5
41104,5,2,4,2,5,5,5,5,1,5,5,4,5
13091,4,2,2,2,4,4,4,4,3,3,2,1,4
68297,1,1,1,1,4,4,4,4,3,3,3,3,4
88514,2,3,2,3,1,2,1,1,4,3,3,2,1
32739,1,2,2,2,5,4,3,1,1,1,1,1,4
41046,3,2,3,3,1,3,1,1,2,3,4,4,1
48493,2,2,2,2,4,4,4,4,3,4,2,2,4
563,1,1,1,1,1,1,1,1,2,5,3,2,1
19753,1,1,1,1,3,3,5,5,5,5,5,5,3
1061,3,5,3,2,5,1,4,1,1,3,1,4,3
114021,3,4,3,2,1,3,1,1,4,2,4,4,1
94521,5,5,5,5,2,5,4,4,4,4,4,4,3
38838,4,2,2,2,4,4,4,4,3,2,3,1,4
110670,2,4,4,4,5,3,3,2,2,2,2,3,1
92984,5,5,5,5,4,4,4,4,4,4,4,5,4
3838,3,5,3,4,2,5,4,5,5,3,5,3,2
96150,5,4,5,5,2,5,4,3,3,2,3,4,4
117772,1,1,1,1,2,3,4,5,5,5,5,4,5
112684,3,3,3,3,2,5,4,4,4,4,4,3,5
76202,4,4,4,3,4,4,4,4,4,3,4,4,4
19096,4,1,1,3,2,1,5,2,2,3,3,4,2
86401,2,2,2,2,5,4,5,4,4,4,4,5,5
22047,1,4,1,4,4,4,3,3,3,1,3,2,4
68183,3,4,3,4,2,3,2,2,2,2,2,3,2
36576,1,2,2,2,1,3,2,1,1,2,1,2,3
94958,1,4,4,4,1,1,1,1,4,4,4,1,1
7993,4,4,4,4,4,4,5,4,4,3,4,5,3
80910,2,2,2,2,5,4,5,4,4,4,4,5,4
97493,4,5,4,1,1,4,1,1,5,3,5,5,1
53841,1,1,1,1,3,3,4,1,1,1,1,1,2
32342,5,1,1,1,3,5,5,4,4,5,4,3,2
100469,3,3,3,3,3,4,4,5,5,5,5,5,4
1292,2,4,2,2,2,2,2,2,5,2,4,5,2
88618,1,1,1,1,4,1,4,4,4,3,2,2,4
51252,2,1,1,1,2,3,2,2,5,5,2,5,2
71311,3,3,1,3,5,5,5,5,3,4,4,4,5
20999,4,4,4,4,4,5,4,4,1,3,3,1,4
52607,2,2,2,2,5,3,2,2,2,2,2,2,1
114491,1,1,1,1,4,4,4,1,1,1,1,3,4
84538,2,2,2,4,1,2,1,1,1,3,3,3,1
2967,3,1,3,3,1,2,3,3,3,3,3,2,3
77678,3,3,3,3,4,5,5,5,5,5,5,4,3
59484,2,5,5,5,1,3,3,2,2,2,2,2,1
18361,0,0,0,2,4,0,4,4,4,3,1,4,4
4077,4,5,4,5,3,4,3,3,3,4,5,5,3
86376,3,5,5,5,3,3,3,3,2,2,1,3,3
120151,2,2,2,1,2,4,3,4,2,4,4,3,3
49950,2,3,2,2,5,2,5,5,4,2,5,3,5
107506,2,4,2,1,3,2,1,3,5,4,4,1,3
44236,2,1,1,1,4,3,2,2,2,2,2,2,2
68688,3,5,3,2,3,3,3,3,4,3,4,5,3
83735,2,1,1,1,3,4,3,2,2,2,2,3,3
74140,2,2,2,4,3,2,3,3,4,2,4,1,3
15213,5,5,5,5,5,5,5,1,5,1,4,5,5
62009,3,4,4,4,3,3,3,3,4,4,1,1,3
79053,3,1,1,1,3,3,3,3,2,2,3,1,3
2856,3,5,5,5,1,3,3,3,3,3,3,4,1
125849,4,4,4,4,4,4,4,4,4,2,4,5,4
109379,4,5,5,4,5,5,5,5,2,5,4,2,5
25023,4,4,4,4,5,3,3,4,4,5,4,2,1
78048,4,2,4,3,3,4,3,3,2,1,4,2,3
118483,1,1,1,1,4,4,4,4,4,3,5,4,4
17416,5,5,5,5,1,2,3,5,5,5,5,5,1
25091,1,4,1,1,2,1,4,4,4,4,4,3,1
9296,3,3,3,3,2,5,5,5,5,5,5,3,5
77070,4,2,4,4,2,3,3,4,4,4,4,1,4
24440,3,3,2,3,5,5,5,5,5,4,4,3,5
113078,1,0,0,3,4,1,4,4,4,5,3,1,4
88465,5,5,5,5,5,5,5,5,1,4,4,5,5
7543,2,3,2,4,1,2,1,1,3,5,4,2,1
94783,0,4,0,3,5,4,4,2,2,2,2,5,3
8449,5,0,5,5,3,0,3,3,4,3,4,5,3
126497,4,4,4,5,5,4,5,5,5,5,1,1,5
57891,4,1,1,1,5,4,4,4,4,4,4,4,4
124995,4,2,4,4,5,4,5,5,4,4,4,4,5
73496,2,5,2,4,4,2,4,4,3,3,4,4,4
98501,5,5,5,3,2,5,2,2,3,4,4,5,2
103169,3,5,3,4,2,3,2,2,2,2,1,4,2
96064,2,4,2,3,5,2,5,5,3,5,3,3,5
11275,2,3,0,1,3,0,3,3,3,1,1,3,3
66102,3,3,3,3,5,5,4,3,3,4,3,5,3
41252,5,4,4,4,5,4,4,5,5,1,1,1,5
56953,2,3,3,3,2,2,2,4,5,3,3,2,2
59142,3,2,3,3,3,3,4,3,2,3,2,4,3
102222,2,2,2,2,5,4,5,4,4,4,4,3,4
35050,5,5,5,5,3,5,4,4,4,4,4,4,5
91564,3,5,3,4,5,3,5,5,3,5,2,4,5
88138,2,2,2,2,5,5,5,4,4,4,4,3,4
86532,3,4,3,5,3,3,3,3,4,3,4,5,3
98280,3,1,1,1,3,3,2,3,1,3,3,1,3
79879,4,5,4,4,4,4,4,4,5,2,5,4,4
19707,1,2,0,4,2,0,2,2,1,1,3,4,2
79791,4,4,4,4,4,4,4,4,5,5,4,5,4
18804,5,5,5,5,5,5,5,5,2,1,2,5,5
39028,1,1,1,4,1,1,1,1,1,2,4,3,1
94419,1,4,4,4,1,1,1,1,3,1,3,1,1
61588,2,5,2,5,3,2,3,3,3,4,4,5,3
84632,4,4,4,4,5,4,5,5,4,3,5,3,5
20901,2,2,2,2,2,2,2,2,4,2,3,2,2
11617,3,3,3,4,2,3,2,2,1,2,4,1,2
22845,4,1,4,2,2,4,2,2,2,2,2,4,2
98571,1,1,1,1,5,5,4,5,5,5,5,5,4
59338,5,5,5,5,5,4,4,4,4,4,4,5,3
113857,4,4,4,2,1,4,1,1,5,3,4,4,1
196,5,5,5,4,1,5,1,1,3,5,4,3,1
62432,1,4,1,3,4,1,4,4,4,2,5,3,4
80360,2,2,4,2,5,5,5,5,4,4,5,3,5
59126,3,4,3,3,2,3,4,2,2,3,2,3,5
67041,1,1,1,1,5,4,4,4,4,4,4,3,4
115011,2,2,2,2,5,4,5,4,4,4,4,3,5
54971,2,2,2,2,3,4,3,3,4,5,4,4,3
119786,4,4,4,4,1,4,1,1,3,2,4,5,1
7140,4,4,5,4,3,5,4,4,4,4,5,4,5
5890,1,1,1,1,4,4,4,4,4,4,5,4,5
59670,1,5,1,3,3,5,5,5,5,1,1,3,5
22997,4,5,4,5,3,4,3,3,5,3,2,2,3
92947,3,5,0,1,1,0,1,1,4,5,4,5,1
7153,1,1,1,1,5,5,4,4,4,4,4,5,5
107072,3,5,5,3,3,5,3,3,5,4,4,3,3
67184,2,1,3,3,2,3,2,2,4,2,4,3,2
47307,4,3,3,3,4,4,4,4,1,1,5,1,4
124898,2,2,5,2,3,5,4,5,5,5,5,4,4
31783,2,1,2,4,3,2,3,3,2,3,4,4,3
66692,5,5,5,5,3,4,5,3,3,3,3,5,3
109549,3,4,3,1,4,3,4,4,1,1,4,4,4
101811,2,5,5,5,2,2,2,2,3,5,1,2,2
116325,4,0,2,1,1,2,1,1,2,3,5,5,1
30402,1,5,1,3,2,5,5,2,2,1,2,3,3
29916,4,4,3,3,1,4,3,4,4,4,4,4,1
16784,4,2,4,3,1,4,1,1,4,3,3,4,1
62322,3,5,3,3,3,2,2,4,3,5,4,2,2
77597,3,3,3,3,5,4,5,5,5,5,5,5,4
43035,3,2,2,2,4,4,4,1,1,1,3,2,4
89763,3,4,3,4,3,3,3,3,3,4,3,2,3
109976,5,5,5,3,3,5,3,3,3,2,5,4,3
88889,1,1,1,4,1,1,1,1,3,1,3,3,1
95573,2,3,3,3,2,2,1,2,3,1,4,1,2
114075,3,2,2,2,5,2,4,3,3,3,3,2,3
50642,3,0,5,5,5,5,5,5,5,2,5,5,5
48441,5,5,5,5,4,4,4,4,5,1,1,5,4
52068,4,2,2,2,4,5,4,4,3,4,5,5,4
45710,4,4,2,4,4,5,4,5,5,5,5,4,3
114870,5,5,5,5,4,5,5,5,5,5,5,3,5
111328,2,4,4,4,3,4,4,2,2,2,2,4,1
23958,3,4,3,2,5,3,5,5,5,3,5,4,5
16890,2,5,1,5,3,4,4,2,2,2,2,3,4
18406,4,3,3,3,4,3,4,4,3,2,3,2,4
3972,1,4,4,4,1,2,1,1,2,3,3,2,1
51312,2,5,5,5,2,2,2,2,4,3,3,2,2
118331,3,2,3,3,4,4,5,4,4,4,4,3,4
46981,2,1,2,2,2,3,3,1,1,2,5,4,1
34686,1,0,0,2,3,0,3,3,3,5,2,5,3
39239,2,0,2,3,4,2,4,4,5,2,1,5,4
27827,2,1,1,1,2,2,2,2,4,3,3,3,2
67190,3,1,3,4,5,3,2,5,4,2,4,1,5
85189,4,4,4,4,4,4,4,5,5,5,5,3,5
52932,1,4,1,3,3,1,3,3,5,3,5,4,3
76171,4,2,4,3,1,4,1,1,3,3,2,4,1
117519,0,0,0,3,2,0,4,2,5,3,4,5,2
13094,1,1,1,1,1,2,2,4,4,4,4,3,3
19899,3,2,2,2,3,4,3,3,3,3,3,4,3
127060,3,3,3,4,1,3,1,1,2,2,3,1,1
73608,2,2,2,2,3,5,5,4,4,5,5,3,4
96929,4,4,4,3,5,4,5,5,3,2,5,5,5
32245,1,1,5,1,4,4,5,4,4,4,5,5,4
52940,2,2,2,2,1,2,1,1,4,2,2,3,1
25319,2,3,2,4,4,2,4,4,3,4,5,3,4
114800,2,2,2,2,4,5,4,4,4,3,5,5,4
13112,4,4,4,4,4,4,4,4,3,5,5,5,4
96509,4,4,4,4,4,4,4,4,1,2,1,5,4
47083,4,5,4,5,4,4,4,4,4,4,4,4,4
41405,2,2,2,2,2,2,2,2,2,3,4,4,2
26452,5,3,2,2,5,2,5,5,5,5,5,2,1
111203,5,5,5,5,5,5,5,4,4,4,4,4,5
75792,3,2,3,3,2,3,2,2,2,5,2,1,2
33061,2,5,2,3,2,4,4,1,1,2,1,5,5
125799,4,4,4,3,5,4,5,5,4,4,4,4,5
92616,3,5,4,3,5,5,4,1,1,4,1,4,3
113414,1,5,5,5,3,4,4,1,1,2,1,1,4
87343,3,3,3,3,4,4,5,4,4,4,4,5,5
12497,4,5,3,3,4,3,4,4,1,2,2,1,4
111478,5,5,5,5,4,5,4,4,4,4,4,3,4
114775,1,1,1,1,3,5,4,4,4,4,4,5,5
92903,3,3,3,3,5,4,4,4,4,4,4,5,5
84375,3,1,3,2,4,3,4,4,4,1,2,4,4
19593,2,4,0,2,4,0,4,4,3,2,5,3,4
85447,1,1,1,1,5,5,5,5,5,5,5,5,4
119323,3,0,3,2,2,3,3,5,5,3,5,2,2
23162,4,4,4,3,4,4,5,5,5,4,5,5,5
111746,4,4,4,4,5,3,2,5,5,5,5,1,1
35339,3,1,1,1,3,3,3,3,1,5,3,4,3
99604,1,1,1,1,2,4,5,5,5,5,5,4,5
10358,3,3,3,3,2,5,4,3,3,4,3,4,5
42420,3,2,3,2,2,3,2,1,1,3,1,3,4
97740,5,5,5,5,5,4,5,5,5,3,5,3,5
37186,3,4,3,3,5,4,4,3,3,3,3,4,3
97513,1,1,1,1,5,4,5,4,4,4,4,4,3
31542,1,4,1,3,3,1,3,3,5,2,5,4,3
37100,4,5,5,5,4,4,4,4,4,2,5,3,4
128255,5,0,5,2,1,5,1,1,4,4,5,3,1
35378,3,1,5,1,3,4,3,3,3,3,3,2,1
127561,2,2,2,2,2,3,4,4,4,4,4,4,4
1076,5,4,0,4,1,1,2,1,1,0,1,5,1
128424,2,1,1,1,3,4,4,2,2,2,2,3,1
96602,4,1,4,4,2,3,3,1,1,4,1,4,4
61150,1,5,5,5,1,1,1,1,1,5,4,2,1
94330,4,4,4,4,4,4,5,5,5,5,5,5,3
47573,3,3,3,3,3,4,4,4,4,5,4,3,4
83652,5,5,5,5,4,4,4,5,5,5,5,3,3
78,4,4,4,3,2,4,2,2,4,3,4,1,2
6787,2,5,5,5,2,2,2,2,2,3,3,4,2
63655,3,2,2,3,3,3,3,3,1,5,3,4,3
30212,3,5,3,5,4,3,1,4,5,5,4,3,4
109122,1,5,1,1,3,1,3,3,3,3,5,3,3
41194,5,4,4,4,2,4,5,5,5,5,5,4,1
126801,2,2,2,2,4,4,4,4,3,5,5,3,4
53328,3,3,3,3,4,3,4,4,1,2,1,1,4
5188,1,1,1,1,3,4,5,5,5,5,5,4,5
107495,2,5,5,5,2,2,2,2,1,3,4,4,2
99615,4,4,4,4,5,4,5,2,2,2,2,3,5
6226,5,5,5,2,3,5,3,3,3,4,5,5,3
119320,2,1,2,2,3,3,3,4,4,2,5,4,2
28057,4,4,4,3,4,1,1,5,3,3,3,1,1
70070,3,5,3,4,3,5,4,4,4,3,4,4,3
26317,2,5,2,3,5,5,5,5,5,2,5,4,3
49857,1,1,1,1,5,3,5,4,4,4,4,2,4
129823,2,5,2,5,2,2,2,2,3,2,4,4,2
106140,3,5,5,5,3,3,3,3,4,1,4,1,3
75111,3,3,3,4,2,3,2,2,5,5,3,3,2
51266,3,2,2,2,4,4,3,3,3,3,3,2,4
83044,3,1,1,1,3,4,3,3,2,4,3,3,3
18309,5,5,5,5,5,5,5,5,5,4,5,5,5
19368,4,4,4,4,4,4,4,4,3,5,2,4,4
90182,1,2,1,3,1,1,1,1,1,3,3,4,1
32271,2,4,4,4,2,2,2,2,3,5,3,2,2
80416,1,1,1,1,3,4,5,4,4,4,4,3,5
32510,4,5,4,4,2,1,5,5,5,5,5,2,2
61482,1,1,1,1,5,4,5,5,5,4,3,4,5
44046,4,5,4,1,4,4,4,2,2,4,2,3,3
39049,0,0,0,4,3,0,3,3,2,5,2,2,3
46571,5,2,2,2,5,5,5,5,5,5,1,2,5
83469,2,2,2,2,5,5,5,4,3,5,4,5,5
99491,4,4,4,1,1,4,1,1,3,4,3,3,1
112630,3,3,3,3,3,4,4,5,5,5,5,5,4
127308,1,1,1,1,2,3,4,5,5,5,5,5,4
112700,4,4,4,4,4,4,4,4,3,3,4,2,4
4263,1,4,1,4,5,1,5,5,3,5,3,4,5
59185,5,5,5,5,5,4,5,4,4,4,4,4,3
37324,5,5,5,2,1,5,1,1,5,2,2,3,1
86282,2,3,2,2,1,2,5,1,4,5,3,1,1
42126,4,5,3,5,3,3,3,3,2,1,4,1,3
8509,2,5,5,5,2,2,2,2,3,3,4,4,2
126424,3,2,2,4,4,3,4,4,4,1,3,2,4
26456,4,2,2,2,4,4,4,4,1,1,3,2,4
45645,2,4,2,3,4,2,4,4,5,5,4,4,4
39683,4,3,5,3,4,3,3,3,3,5,3,1,4
9955,1,1,1,1,1,1,1,1,4,3,2,1,1
69147,2,5,2,2,4,2,4,4,4,5,3,5,4
113065,3,3,5,3,4,4,3,3,3,3,3,1,2
68722,2,2,2,2,5,5,4,5,5,5,5,4,3
124125,1,1,1,1,3,4,3,5,5,5,3,1,2
9798,3,4,3,4,3,3,3,3,4,2,4,5,3
29252,3,2,2,3,1,2,1,1,2,5,4,4,1
4676,2,0,2,2,3,2,5,3,5,1,2,2,3
54633,3,3,4,3,3,3,3,3,2,2,4,2,3
101098,2,2,1,2,5,4,5,2,2,2,2,3,3
24887,4,4,4,4,3,3,4,4,4,4,4,1,4
117521,2,2,2,2,4,5,5,3,3,3,3,4,3
50523,2,5,2,2,2,5,5,3,3,2,3,4,3
1560,1,1,1,1,2,5,5,5,5,5,5,5,3
324,4,0,4,2,5,4,5,5,5,3,4,4,5
127069,3,5,3,3,3,3,3,3,3,3,3,3,4
58666,4,1,1,1,4,4,3,4,3,1,3,4,4
5401,3,3,3,3,3,1,3,2,2,3,2,5,5
123179,1,2,1,4,1,1,3,1,4,1,4,3,1
43848,4,4,4,4,4,4,4,4,3,4,4,1,4
72905,2,2,3,2,4,4,5,4,4,4,4,5,5
10044,2,2,2,2,2,4,5,4,4,4,4,3,4
44889,4,4,4,4,3,1,3,4,4,4,4,4,4
80957,2,2,2,2,5,4,5,4,4,4,4,3,4
34180,5,5,5,1,1,5,1,1,4,5,5,4,1
96120,5,5,5,5,5,5,5,5,5,2,4,3,5
62978,2,2,2,3,2,2,2,2,3,4,3,1,2
18419,4,4,4,3,4,5,5,4,5,5,4,5,5
65946,1,1,1,1,2,4,4,2,2,2,2,4,5
1199,2,0,2,1,2,5,5,5,5,2,5,3,4
39783,4,4,4,4,4,4,4,4,3,1,2,2,4
121777,4,4,4,4,5,4,5,4,4,4,4,4,4
76424,1,2,0,4,1,0,1,1,2,1,3,1,1
90156,4,2,4,4,3,3,5,4,4,4,4,4,2
55071,2,1,1,1,2,2,2,2,1,5,2,4,2
80917,1,1,1,1,3,5,4,5,5,5,5,5,4
31968,3,1,3,1,3,3,4,3,3,3,3,1,4
47163,3,5,5,5,3,3,3,3,2,3,4,3,3
73739,2,5,2,3,1,2,3,1,5,4,4,4,1
118216,3,3,3,3,3,4,3,3,5,4,5,4,3
53819,5,5,5,5,4,2,1,4,4,4,3,1,2
78502,4,1,4,4,1,4,4,1,1,4,3,4,1
110074,2,2,2,2,2,5,5,4,4,4,4,4,3
87220,3,4,3,3,4,3,2,4,3,5,3,1,4
22290,2,1,1,1,3,1,5,2,2,2,2,3,4
94307,4,4,4,4,2,4,5,4,4,4,4,3,3
108145,3,3,3,4,5,3,1,5,4,1,3,3,5
112870,3,3,3,3,2,5,4,5,5,5,5,5,3
70165,1,4,1,3,1,1,1,1,2,4,4,3,1
66828,2,2,2,3,4,2,4,4,3,2,4,5,4
11029,2,2,2,2,5,5,3,5,2,5,5,5,5
21955,2,0,2,4,5,2,5,5,4,1,2,1,5
21702,3,4,3,3,3,3,3,3,5,3,4,5,3
23653,1,1,4,1,4,4,2,3,3,4,3,3,2
105888,0,0,0,4,3,0,3,3,3,3,5,5,3
116119,5,5,5,3,5,5,5,5,4,5,5,3,5
100021,2,4,4,4,2,2,2,4,4,3,4,2,2
76879,1,1,5,1,2,4,4,5,5,5,5,5,3
39589,4,3,3,3,1,4,3,4,4,4,4,3,2
14854,4,4,4,4,2,1,3,4,4,4,4,1,2
106914,1,1,1,1,2,4,5,3,3,3,3,4,4
19758,2,2,2,2,5,5,3,5,5,5,5,2,5
115298,2,1,1,1,3,3,4,2,2,2,2,3,4
84992,1,2,2,1,4,2,4,4,3,4,4,4,4
19553,2,3,3,3,1,2,1,1,1,1,4,4,1
25768,2,2,2,2,1,2,1,1,3,3,5,5,1
50678,4,1,4,3,4,4,4,4,4,2,3,3,4
32896,3,4,0,2,5,0,1,5,3,5,5,2,5
105033,1,2,2,4,2,2,2,2,1,2,4,1,2
38720,1,1,1,1,4,4,5,5,5,5,5,3,5
34798,4,3,4,4,2,4,2,2,5,3,3,1,2
51051,2,5,0,2,4,0,4,4,3,5,4,5,4
99274,2,2,2,2,4,5,4,4,4,4,4,5,5
35736,1,1,1,4,4,1,4,4,4,5,5,4,4
78895,4,4,4,4,5,4,5,4,4,4,4,5,4
24939,5,1,1,1,5,4,4,5,4,4,3,4,5
105196,2,5,5,5,2,2,2,2,2,1,4,3,2
7223,4,3,5,3,2,3,3,1,1,1,4,3,4
79996,3,5,3,5,2,3,2,2,4,1,1,4,2
105872,3,1,2,3,5,2,5,5,2,4,4,3,5
57487,2,2,2,2,5,4,4,3,3,3,3,3,5
95764,3,4,0,3,1,0,1,1,4,5,4,3,1
37804,4,2,4,3,2,4,4,5,5,4,5,1,2
19781,5,4,5,4,4,1,3,5,5,5,5,3,3
79735,3,3,3,3,4,3,3,3,3,3,3,4,2
17969,1,2,1,4,4,3,3,5,5,1,5,2,2
72812,2,2,2,2,2,1,2,2,4,5,4,1,2
59864,1,3,4,3,1,1,1,1,4,3,4,3,1
124149,3,3,3,3,2,3,2,2,1,3,4,2,2
123785,3,3,3,3,3,3,3,3,5,4,5,4,3
57531,2,5,5,5,2,2,2,2,3,5,3,4,2
47039,2,0,2,5,2,2,2,2,3,4,2,2,2
73453,3,5,3,3,5,3,2,5,2,3,3,5,5
25423,3,3,3,3,2,3,2,2,4,5,5,5,2
124348,4,4,4,4,4,3,3,4,4,4,4,4,2
105977,4,2,3,3,3,3,3,3,2,4,4,2,3
10930,2,4,2,2,3,2,3,3,4,3,4,5,3
2655,3,0,3,2,3,3,4,3,3,3,4,3,3
125928,3,4,3,5,1,4,2,2,2,3,2,3,3
4149,4,5,5,5,5,2,3,4,4,4,4,4,4
28185,4,1,4,3,3,4,3,3,3,4,3,3,4
19345,2,5,2,2,3,4,4,5,5,2,5,5,5
92032,5,5,5,1,1,5,1,1,3,3,5,4,1
26630,4,2,4,3,2,4,1,2,1,1,2,2,2
105389,2,2,2,4,3,2,3,3,1,1,3,4,3
96147,1,2,2,2,1,1,1,1,2,5,3,4,1
1813,2,2,2,2,5,5,5,5,4,4,5,3,5
5472,1,3,1,4,5,1,5,5,2,2,3,2,5
13701,2,3,2,3,2,3,3,5,5,2,5,2,3
33957,2,4,4,4,2,4,3,2,2,2,2,1,2
118159,5,0,5,1,3,5,3,3,3,3,4,5,3
102408,2,5,2,1,4,2,1,4,3,4,4,4,4
6118,5,5,3,5,2,5,5,4,4,4,4,3,4
29280,1,2,2,2,1,1,1,1,2,2,4,1,1
81930,1,1,1,2,1,2,3,4,4,1,3,1,2
73891,4,4,4,1,1,4,1,1,5,3,4,5,1
67665,4,4,4,2,2,4,2,2,4,5,4,5,2
126133,4,4,4,4,3,4,4,2,2,2,2,4,5
39450,2,4,2,5,2,2,2,2,3,4,4,1,2
34241,3,4,3,2,4,3,3,4,4,4,4,3,4
70946,4,4,4,3,5,4,5,5,4,5,4,4,5
113775,2,5,2,4,3,2,3,3,4,2,4,5,3
66666,5,5,5,5,5,5,4,4,4,4,4,3,4
82447,3,4,4,4,3,3,3,3,4,1,3,4,3
32203,4,5,5,5,4,4,4,4,4,5,5,5,4
118129,3,3,3,4,5,3,5,5,4,4,4,5,5
63997,3,4,3,4,1,3,1,1,3,5,4,4,1
46270,2,4,2,1,2,5,4,3,3,2,3,3,5
52740,1,1,1,3,4,1,4,4,4,5,3,1,4
23538,5,2,5,3,4,5,4,4,1,5,3,1,4
110055,1,2,1,3,4,3,2,4,4,1,4,3,4
21189,1,1,1,1,4,1,4,1,3,2,3,4,4
74823,5,2,5,3,4,5,4,4,2,4,3,4,4
61601,1,1,1,1,5,4,5,2,2,2,2,4,5
1056,5,4,5,3,2,5,2,2,3,2,4,3,2
124667,1,1,1,1,4,5,4,4,4,4,4,3,5
15548,0,0,0,3,4,5,5,3,3,3,5,5,5
121323,2,3,2,4,5,2,5,5,3,4,4,2,5
15059,2,4,2,3,1,2,1,1,3,3,2,1,1
95204,2,5,2,5,4,2,4,4,2,1,1,5,4
31607,3,5,3,4,5,3,5,5,3,3,5,3,5
21860,2,4,2,1,3,2,3,3,5,3,3,3,3
13901,0,3,0,4,1,2,2,3,3,3,3,4,1
107015,3,5,4,2,2,4,4,5,5,4,4,5,3
125085,3,4,3,3,3,4,4,5,5,5,5,5,3
58729,2,2,2,3,1,2,1,1,4,4,4,4,1
21834,2,5,2,4,2,2,1,2,3,4,4,5,2
109841,4,4,4,2,1,4,1,1,3,4,4,3,1
16294,4,4,4,4,3,4,5,3,5,1,3,5,3
109305,4,3,3,3,5,3,3,4,4,4,4,3,4
17294,4,4,4,4,2,1,1,5,5,5,5,4,2
98392,3,4,4,3,5,4,5,4,4,4,4,1,4
27842,4,2,4,4,2,4,2,2,1,5,3,1,2
105487,3,0,3,4,5,3,5,5,5,4,5,3,5
46969,3,5,3,3,5,5,5,5,5,3,5,3,1
83776,2,2,2,2,5,5,4,5,5,5,5,3,3
73708,3,4,4,4,3,3,3,1,1,1,3,2,2
114851,4,4,4,4,5,4,4,4,2,4,4,4,4
3525,1,1,1,1,4,4,4,4,5,4,5,4,4
84407,3,1,3,2,2,2,3,1,1,3,1,4,2
62676,2,1,2,3,3,3,3,5,5,2,5,4,3
23048,1,1,1,1,2,4,5,5,5,5,5,4,5
988,3,3,3,2,4,3,4,4,2,4,4,4,4
12392,4,4,4,4,4,2,4,5,5,4,4,4,5
88145,1,1,1,1,3,4,4,5,5,5,5,4,3
74714,3,2,3,3,4,3,3,4,3,3,4,3,4
95487,3,3,3,3,5,5,5,3,3,3,3,3,3
113490,4,2,5,2,4,4,4,3,3,3,4,3,4
91750,4,4,4,4,4,5,4,2,2,3,2,5,5
96314,2,5,2,2,2,4,4,4,4,2,4,4,5
105242,3,5,3,4,3,3,1,3,5,5,4,4,3
71539,2,2,2,2,5,4,5,5,5,5,5,3,3
59217,3,5,3,1,2,3,2,2,4,2,3,3,2
92014,3,3,3,3,4,5,4,4,4,4,4,4,5
73416,2,5,5,5,3,1,1,2,2,2,2,4,1
95257,2,1,2,3,1,2,1,1,1,5,3,2,1
21435,3,2,4,2,3,3,3,3,4,2,3,1,3
2240,4,5,5,5,4,4,2,4,4,3,4,3,4
53145,4,5,5,1,4,5,4,4,5,2,4,5,4
45918,2,3,2,1,4,2,4,4,2,2,5,2,4
76081,3,1,3,3,3,3,4,3,1,2,3,1,3
26185,2,1,1,1,4,4,4,2,2,2,2,4,3
22686,3,3,3,3,3,3,3,3,3,2,3,3,3
115933,4,4,4,4,4,4,4,4,3,5,3,2,4
1805,1,1,1,1,5,5,5,5,4,4,4,3,5
29993,1,1,1,1,1,4,3,3,3,3,1,4,4
40342,4,4,4,3,3,4,3,3,3,1,3,1,3
37773,4,3,3,3,4,4,4,4,1,3,3,2,4
32270,2,5,3,4,5,3,5,5,3,2,5,2,5
115477,1,1,1,1,1,1,1,1,4,2,5,5,1
24294,2,2,2,2,2,2,2,2,1,4,4,3,2
115379,2,2,2,2,5,5,5,1,1,2,1,5,3
93233,5,0,5,4,2,5,2,2,3,3,5,3,2
57338,3,2,3,4,3,3,3,3,3,2,3,3,3
102309,0,0,0,1,5,5,5,4,4,4,4,5,3
114877,2,2,2,2,5,5,5,4,4,4,4,3,3
82753,2,2,2,2,4,5,4,5,5,5,5,5,4
51815,3,0,3,3,3,3,3,3,5,5,1,2,3
4881,1,3,1,4,5,1,5,5,2,2,4,3,5
26653,4,5,5,5,3,4,4,4,4,4,4,1,1
114814,4,4,4,4,5,4,4,4,4,4,4,4,4
93700,1,5,5,5,3,3,3,2,2,1,2,1,4
83167,1,5,0,3,3,5,5,5,5,0,5,4,4
102376,5,1,1,1,5,5,3,5,2,1,3,2,5
95450,2,2,2,4,3,2,3,3,4,1,3,3,3
53679,2,3,3,3,2,2,2,2,3,5,3,1,2
117282,0,1,1,2,4,4,5,4,4,4,4,3,5
91760,3,2,2,2,5,4,3,3,3,3,3,1,4
60914,3,3,3,3,4,5,5,3,3,3,3,4,4
93392,4,4,4,4,4,4,5,5,5,4,5,3,5
72884,5,5,5,5,4,4,4,4,5,5,5,5,4
31198,4,2,2,2,5,2,3,4,4,4,4,4,5
74236,3,3,3,3,1,3,1,1,4,2,2,1,1
33744,5,3,3,3,5,5,5,5,1,3,5,3,5
79632,2,5,4,5,2,2,2,2,1,4,3,3,2
52528,1,1,1,1,5,4,3,5,5,5,3,3,2
26747,1,1,1,2,1,1,1,1,3,2,2,4,1
99487,1,5,1,2,1,1,1,1,3,3,3,5,1
30290,4,4,4,4,3,2,3,3,3,4,3,5,1
20203,1,1,1,1,4,1,4,4,3,2,4,4,4
84633,3,4,3,2,4,4,4,5,5,3,5,4,4
53294,1,3,3,3,5,3,3,1,1,1,1,1,2
13692,3,3,3,3,2,2,2,2,5,4,1,4,2
111894,2,5,3,1,1,3,1,1,3,4,5,5,1
31476,2,2,3,2,1,4,1,5,5,5,5,1,1
79537,4,5,5,4,4,5,4,4,5,5,5,4,4
120247,4,3,4,4,5,4,3,2,2,4,2,1,2
87021,2,1,2,2,4,4,4,4,4,4,4,4,3
110097,1,5,5,5,1,4,4,1,1,2,1,3,4
121756,5,5,2,5,2,5,5,3,3,4,3,5,4
48708,2,2,2,2,3,5,5,2,2,2,2,4,5
46061,1,1,1,1,3,3,4,1,1,1,1,1,4
100296,4,4,4,4,4,4,4,4,4,4,4,5,4
73621,1,1,1,1,3,5,5,4,4,4,4,3,3
46230,1,1,1,1,5,3,2,3,3,4,3,5,5
66803,3,0,3,2,3,3,3,3,4,4,4,3,3
58428,3,1,4,1,4,3,3,3,3,3,3,3,3
19940,2,4,2,2,4,2,4,4,5,2,5,4,4
22102,5,5,4,5,5,4,4,5,5,5,5,3,3
67256,3,4,4,2,3,4,3,3,4,4,5,5,3
23185,3,5,3,4,2,3,1,2,2,3,2,5,2
113726,2,4,2,3,1,2,1,1,4,5,4,3,1
108793,4,4,4,4,4,4,4,4,5,3,1,3,4
19416,5,2,2,2,5,5,5,5,1,3,4,5,5
100254,5,5,5,5,4,4,4,4,4,4,4,4,5
91769,0,0,0,4,4,3,4,4,4,4,4,4,4
24598,4,1,1,1,4,4,4,4,3,1,1,5,4
67764,1,1,3,1,5,4,5,4,4,4,4,3,3
96484,3,3,3,2,5,3,2,5,5,2,5,5,5
98907,1,2,1,1,5,5,4,4,4,4,4,4,5
26499,3,3,3,3,3,1,2,4,4,4,4,1,5
85732,2,2,2,2,5,5,4,5,5,5,5,4,3
74954,4,1,1,1,2,2,4,4,4,4,4,5,1
128484,1,5,1,2,4,1,4,4,5,5,4,2,4
96734,5,4,5,2,5,5,5,5,5,4,4,3,5
43283,5,1,1,1,5,5,5,5,2,2,1,2,5
83023,2,2,2,2,3,4,4,5,5,4,5,3,3
112540,2,2,2,2,5,5,5,5,5,2,4,4,5
58421,1,3,4,3,1,1,1,1,3,3,2,2,1
88693,1,4,1,3,5,1,4,5,3,2,4,3,5
57967,1,4,1,3,1,5,5,5,5,1,5,1,4
80973,0,0,0,2,5,4,4,3,3,3,3,5,3
125860,4,3,3,3,1,4,4,4,4,3,4,4,2
96412,4,2,4,4,4,4,4,4,2,5,2,3,4
83421,3,3,3,4,1,4,4,4,4,3,4,2,3
993,4,0,4,1,3,4,3,3,4,4,1,3,3
74658,3,5,3,3,2,3,2,2,4,3,2,3,2
113059,5,5,5,3,2,5,2,2,5,2,5,5,2
52888,0,4,0,2,5,0,5,5,3,5,4,4,5
73057,4,4,3,4,4,4,4,4,5,2,4,3,4
21011,0,0,0,2,4,4,5,4,4,4,4,4,3
106212,2,5,5,5,4,3,3,2,2,2,2,1,4
124632,4,1,4,4,1,4,1,1,3,4,3,2,1
88911,4,2,4,4,4,4,4,4,1,3,4,2,4
46880,5,5,5,5,5,3,1,5,5,5,5,1,5
71308,2,2,2,2,4,4,4,4,5,5,4,3,4
95449,5,5,5,1,3,5,3,3,5,2,5,4,3
15745,5,5,5,5,4,5,1,4,4,4,4,4,5
80825,3,3,3,4,1,3,1,1,5,4,5,4,1
51710,3,3,1,3,3,3,3,3,3,5,1,3,3
21004,3,2,2,2,3,3,2,3,1,1,3,2,3
29949,0,3,0,5,2,3,2,2,2,2,2,5,1
69637,3,3,3,3,3,4,5,5,5,5,5,5,5
73307,2,2,2,2,3,5,5,5,5,5,5,3,4
18730,4,4,4,4,4,4,4,4,4,4,4,5,5
59951,5,5,5,5,4,4,5,4,4,4,4,5,5
22240,1,1,1,1,5,4,4,3,3,3,1,4,2
84904,4,5,4,3,2,4,2,2,5,2,4,5,2
31050,2,4,4,4,3,2,2,2,2,1,2,2,2
38801,3,4,3,1,5,4,4,1,1,3,1,4,3
30842,2,2,2,2,2,2,2,2,1,1,4,3,2
29156,5,1,1,1,5,5,5,5,1,3,1,5,5
63279,5,5,5,5,5,5,5,5,5,5,5,4,5
348,3,4,3,1,1,3,1,1,3,4,5,3,1
52599,2,2,2,2,1,1,2,1,1,1,2,2,4
96384,3,3,3,3,2,3,2,2,3,4,3,1,2
105797,2,5,2,1,3,2,3,3,4,2,4,5,3
42058,3,5,0,1,3,0,3,3,5,5,4,4,3
33237,5,5,4,4,5,5,5,5,2,2,4,5,5
63524,3,3,3,3,4,4,4,4,3,3,4,4,4
38327,4,2,2,2,4,4,4,4,2,2,4,1,4
11947,1,0,0,4,3,0,1,3,3,5,3,2,3
70469,3,3,3,4,2,3,2,2,5,3,4,5,2
95966,5,5,5,5,2,4,5,3,3,3,3,4,5
31726,3,5,3,1,4,4,5,1,1,3,1,3,3
100308,1,1,1,1,5,5,5,2,2,2,2,3,5
45202,3,3,3,3,5,5,4,5,5,5,5,3,5
59634,2,5,5,5,2,2,2,2,4,1,3,3,2
82371,3,3,3,3,5,3,5,5,2,5,3,3,5
66486,3,3,3,4,5,3,5,5,3,2,5,4,5
118953,2,2,2,2,4,4,5,5,5,5,5,4,3
44768,5,2,2,2,5,4,5,5,2,5,5,1,5
116326,1,5,1,5,1,2,2,3,3,4,5,2,2
116252,2,5,2,4,2,4,4,5,5,2,5,4,5
35377,3,3,3,3,5,3,5,5,2,1,4,1,5
101067,2,3,2,2,2,2,2,2,1,5,3,3,2
14920,4,4,4,2,2,1,5,2,2,4,5,2,3
99533,4,5,4,3,2,4,5,3,3,4,3,3,5
23765,4,4,4,3,3,4,3,3,4,5,4,3,3
113631,0,2,0,4,4,0,4,4,3,1,4,3,4
27878,4,1,1,1,4,4,3,4,2,1,3,4,4
67834,3,3,3,3,2,5,5,4,4,5,4,5,2
11318,2,5,2,2,4,4,5,2,2,2,2,3,3
102571,3,3,3,3,2,5,4,2,2,2,2,5,5
5789,4,4,4,4,3,4,5,4,4,4,5,3,3
77439,3,2,2,2,2,4,3,3,3,3,3,1,2
3349,4,0,3,5,5,3,5,5,3,5,4,4,5
104011,2,4,2,3,1,2,1,1,2,2,4,1,1
50142,0,0,0,1,3,5,2,3,3,3,3,3,1
86233,0,2,0,3,5,0,5,5,2,5,4,1,5
78146,2,2,2,2,4,4,5,4,4,4,4,4,4
20316,2,2,2,5,5,2,5,5,1,5,3,1,5
100341,2,0,2,2,3,2,3,3,4,2,4,2,3
5990,3,4,3,3,3,5,5,4,4,4,4,5,4
40347,2,2,2,2,4,4,4,4,2,5,1,2,4
34999,2,1,1,3,1,2,2,1,3,2,2,2,2
9217,3,3,5,3,2,5,4,4,4,4,5,5,4
48940,0,0,0,2,1,2,5,3,3,3,4,2,5
15175,5,5,2,2,5,5,5,5,4,2,1,5,5
86238,2,4,2,3,5,2,1,5,5,3,5,4,5
75710,2,2,2,2,5,4,4,5,5,5,5,5,4
21480,2,1,2,1,2,2,2,2,4,5,3,1,2
70062,2,2,2,2,5,5,4,4,4,4,4,5,4
95959,5,5,5,5,4,4,5,5,5,5,5,4,3
6934,1,1,1,1,2,4,4,5,5,5,5,3,3
108089,2,3,2,2,5,5,5,5,5,5,5,5,5
115289,3,3,3,3,4,4,3,3,3,3,3,4,1
44981,3,3,3,5,2,3,2,2,3,5,5,1,2
60858,3,2,3,4,2,4,4,4,4,3,4,2,2
104050,1,4,1,1,1,1,2,1,2,5,1,1,1
52357,2,3,2,1,1,4,2,4,4,2,4,4,4
114453,4,4,4,4,4,5,5,4,4,4,4,3,5
86145,3,3,2,3,5,5,4,5,5,5,5,5,3
47481,2,5,2,3,2,2,2,2,5,4,4,5,2
44993,3,3,3,3,2,5,3,5,5,5,5,2,2
12599,3,4,1,5,5,1,5,5,5,2,2,1,5
122340,5,5,5,5,4,4,4,4,4,4,4,4,3
2689,4,0,4,3,5,4,5,5,3,5,5,3,5
128416,1,5,2,2,3,4,3,1,1,1,1,4,3
4512,3,4,3,5,5,3,5,5,5,3,2,1,5
81066,2,2,2,3,3,2,3,3,2,5,2,2,3
52138,1,1,1,1,4,5,4,5,5,5,5,5,5
71421,2,2,2,3,4,2,4,4,1,2,3,3,4
121488,2,5,2,4,3,4,4,1,1,2,1,3,4
47477,0,1,0,3,4,0,3,4,4,2,3,2,4
72251,3,5,3,2,5,3,5,5,3,5,5,5,5
112985,1,1,1,3,4,1,4,4,5,3,5,4,4
35316,3,3,3,4,5,3,1,5,1,2,4,2,5
15048,1,3,3,3,1,1,1,1,3,5,4,4,1
38283,2,5,2,3,3,2,3,3,3,5,5,5,3
66026,4,4,4,4,5,5,5,5,4,3,4,4,5
60659,4,4,4,1,4,4,3,4,5,5,4,5,4
72645,2,5,2,1,3,2,3,3,3,2,5,4,3
85589,1,1,2,3,1,2,1,1,2,1,4,4,1
117366,2,3,2,4,1,2,1,1,2,2,3,1,1
79706,2,3,2,1,4,2,4,4,5,3,3,5,4
127673,3,5,4,4,3,4,3,3,1,4,4,3,3
25657,4,4,4,4,5,5,5,5,3,1,1,1,5
35404,2,0,2,5,1,2,3,1,2,4,4,4,1
60400,1,3,1,2,2,4,2,3,3,1,3,5,4
97514,2,1,1,1,1,2,1,1,1,5,4,2,1
19594,2,1,2,3,5,2,5,5,1,4,4,1,5
27337,5,4,4,4,5,5,5,5,4,1,1,3,5
31143,3,4,3,4,2,3,2,2,4,4,4,3,2
17645,2,2,2,2,3,1,2,4,4,4,4,3,4
70994,1,1,1,4,1,1,1,1,5,2,5,5,1
34914,2,2,2,2,4,3,4,4,4,4,4,2,4
52947,2,2,2,2,3,2,4,4,4,4,4,5,2
109489,1,1,1,1,2,5,5,5,5,5,5,5,3
372,1,1,1,1,4,4,4,4,4,5,4,5,5
95455,5,5,5,5,3,5,4,5,5,5,5,4,5
56241,1,1,2,1,5,5,5,5,5,5,5,5,5
33044,4,5,4,4,3,4,3,3,5,2,4,4,3
20368,1,2,1,4,5,1,5,5,3,3,3,2,5
60102,2,2,2,2,3,5,4,3,3,4,3,3,3
36864,4,4,4,4,4,4,4,4,1,1,3,2,4
111964,1,2,1,4,5,1,4,5,1,3,4,3,5
6434,4,5,2,5,4,2,4,4,3,4,4,3,4
78811,2,2,3,3,3,3,5,3,4,1,4,1,3
66518,2,4,2,3,4,2,4,4,5,4,4,4,4
80065,1,0,1,3,5,1,5,5,5,2,5,5,5
45161,4,4,5,4,4,3,1,4,4,4,4,3,1
15872,4,2,2,2,2,4,4,4,4,3,4,2,4
120533,3,2,3,4,1,3,1,1,1,2,4,1,1
61645,5,2,5,5,4,5,4,4,4,4,4,3,3
81549,2,5,2,3,2,2,2,2,3,5,4,5,2
83950,3,4,3,4,1,3,1,1,4,5,5,3,1
62995,2,3,3,3,2,2,2,2,2,5,2,3,2
41151,4,0,4,1,1,4,1,1,5,3,5,5,1
118922,2,4,2,3,4,2,4,4,4,5,4,4,4
46797,1,5,1,5,4,1,4,4,3,2,4,4,4
21620,2,1,1,1,2,3,2,2,3,1,4,1,2
15058,1,5,1,2,2,1,4,2,2,1,3,3,2
98805,2,4,2,3,2,2,2,2,3,4,5,4,2
33265,3,3,3,1,2,3,2,2,2,5,1,5,2
120738,1,4,1,3,3,4,4,3,3,1,3,4,3
6646,3,3,3,3,2,3,3,5,5,5,5,2,2
49487,3,2,3,4,4,3,2,4,3,2,3,2,4
111580,4,4,4,4,2,5,4,1,1,4,1,3,4
63264,2,2,2,2,5,5,5,5,5,2,4,4,5
108536,3,1,3,4,5,3,5,5,1,2,4,1,5
86588,2,5,2,3,2,2,2,2,5,5,3,4,2
104461,2,2,2,2,2,2,2,2,3,2,3,1,2
126498,3,3,3,4,3,1,3,4,4,3,4,3,2
104237,1,1,1,4,5,1,5,5,4,3,4,5,5
58292,2,3,2,1,4,2,4,4,2,5,4,2,4
90989,2,2,2,3,3,2,3,3,1,2,4,4,3
16631,4,1,1,1,3,3,4,4,4,3,4,1,1
2918,4,5,4,2,4,4,4,4,3,3,4,3,4
91430,5,5,5,3,4,5,4,4,4,5,4,5,4
33140,3,5,3,4,5,3,4,5,4,4,5,4,5
83316,4,4,4,4,5,4,5,5,3,1,4,3,5
76230,5,5,5,1,1,5,3,1,4,3,4,5,1
7671,2,4,2,2,5,5,5,5,3,4,4,5,5
89722,4,2,4,3,1,4,1,1,3,5,3,2,1
15812,3,5,0,3,0,3,2,4,5,1,2,2,2
81814,5,5,5,5,5,5,4,4,4,4,4,5,3
96943,2,2,2,2,3,4,5,3,3,3,3,5,3
67050,2,2,2,3,2,2,2,2,1,3,3,3,2
117829,1,1,1,3,5,1,5,5,4,5,3,1,5
60403,3,4,3,2,5,3,1,5,1,3,4,5,5
97145,3,3,3,4,1,3,1,1,1,1,4,3,1
13406,3,3,3,3,3,3,4,3,3,3,3,3,2
69752,1,4,1,3,3,1,3,3,5,2,5,3,3
86079,3,3,3,3,1,3,1,1,4,3,5,3,1
73439,1,4,1,3,5,1,3,5,5,2,4,1,5
115352,2,2,2,2,3,4,4,4,4,4,4,5,4
32111,4,4,4,4,3,3,4,4,4,4,4,3,2
125493,2,2,2,4,2,5,5,3,2,3,4,5,5
96789,1,1,1,1,5,5,5,5,4,2,5,3,5
60573,5,5,4,5,2,5,5,4,4,4,4,3,5
45739,1,1,5,1,3,4,4,2,2,2,2,3,3
7361,1,1,1,1,2,5,5,5,5,5,5,3,5
34591,4,5,5,5,4,4,4,4,4,2,5,3,4
14871,5,0,5,2,1,5,1,1,3,1,3,4,1
100960,3,5,4,1,5,5,3,5,5,4,5,4,5
96052,3,4,1,4,3,3,3,3,3,2,3,1,3
122069,1,1,4,1,2,1,2,5,5,5,5,4,2
81651,4,4,4,4,1,4,1,1,3,5,5,4,1
71505,5,5,5,5,2,5,4,2,2,2,2,4,3
122167,4,4,4,4,4,4,5,4,4,4,4,4,4
95935,3,4,3,2,2,3,2,2,5,3,5,5,2
50302,1,5,5,5,2,3,2,3,3,3,1,4,1
103984,3,3,3,3,2,4,5,4,4,4,4,5,5
28399,3,5,1,5,5,4,4,3,3,3,3,4,3
66812,1,1,1,1,1,1,1,1,1,5,1,1,1
3797,4,2,4,3,2,4,1,2,1,2,3,3,2
101106,1,0,1,2,4,1,4,4,5,4,5,5,4
38977,4,1,1,1,4,4,4,4,3,4,4,4,4
84540,5,5,5,5,1,3,3,4,4,4,4,4,4
42954,4,2,2,2,5,4,5,5,5,2,4,1,5
110113,2,2,5,2,5,4,5,2,2,2,2,3,3
1814,3,4,4,4,4,4,4,3,3,3,3,2,3
86276,2,5,2,1,4,2,4,4,5,2,5,3,4
124663,2,2,2,2,4,5,5,5,5,4,5,5,5
71370,5,5,5,1,3,5,3,3,4,4,5,4,3
81878,3,5,3,2,3,5,5,5,5,3,5,5,4
120519,4,4,4,4,5,5,5,5,5,5,4,4,5
99129,2,4,2,5,2,5,5,5,2,4,5,5,5
122807,3,3,3,4,2,3,2,2,1,5,4,3,2
85491,3,3,0,4,2,0,2,2,2,1,4,1,2
1008,0,0,0,1,4,3,4,4,3,2,5,4,4
107345,4,4,4,3,2,4,2,2,3,5,4,3,2
65279,4,3,4,2,1,4,1,1,4,5,4,2,1
1033,3,3,3,2,5,3,5,5,1,1,5,3,5
91765,3,3,3,4,2,3,2,2,3,4,4,3,2
100492,3,1,2,3,4,2,4,4,1,5,2,4,4
71695,1,5,1,4,1,1,1,1,5,5,4,3,1
73495,2,4,2,2,5,2,5,5,3,4,5,5,5
18811,3,3,2,3,5,5,5,5,1,5,3,5,5
41157,2,1,2,3,1,2,4,1,4,5,4,1,1
38044,5,5,5,5,1,2,3,4,4,4,4,5,2
8305,5,5,5,2,5,5,2,5,4,5,4,3,5
101201,2,5,2,1,2,5,4,3,3,2,3,3,3
57717,2,4,4,4,4,3,3,2,2,2,2,1,1
55025,3,1,1,1,4,4,4,3,3,3,3,1,3
102431,3,5,0,3,2,0,2,2,5,4,4,4,2
112382,3,3,3,3,5,5,5,5,5,2,4,5,5
129087,3,3,3,3,2,5,4,4,4,4,4,5,4
104077,3,4,3,2,3,5,4,3,3,3,1,4,3
75269,2,5,2,1,3,3,4,3,3,2,3,3,5
62211,3,4,3,2,2,3,4,2,2,2,3,2,2
72343,2,2,2,4,5,2,1,5,1,2,4,4,5
2443,5,5,5,5,2,4,5,5,5,5,5,3,3
54398,2,3,2,3,3,3,4,2,2,2,2,4,3
74354,1,1,1,1,5,5,5,4,4,4,4,3,5
116924,3,3,3,3,5,4,5,4,4,4,4,5,4
69170,0,5,0,4,3,5,5,3,3,5,5,4,3
125010,4,5,4,5,1,4,1,1,5,3,4,4,1
28453,3,3,3,4,3,3,3,4,4,2,4,3,3
56724,2,3,2,4,1,2,1,1,4,4,4,3,1
42815,2,5,1,5,1,1,1,1,4,3,4,4,1
120398,2,5,5,5,3,4,4,2,2,2,2,1,2
103223,2,4,4,4,2,2,2,2,3,1,3,1,2
64737,0,5,0,1,5,4,5,4,4,2,2,5,4
77127,4,4,4,4,2,5,4,4,4,4,4,3,4
40818,2,3,3,3,2,2,2,2,4,4,3,4,2
12446,2,4,2,1,1,1,3,3,3,2,3,2,1
68150,3,3,3,3,2,4,5,4,4,4,4,4,3
102241,1,1,1,1,2,5,4,4,4,4,4,5,3
67914,2,4,2,3,2,2,2,2,2,5,4,3,2
15836,1,5,1,1,5,1,5,5,3,4,5,4,5
66194,4,0,3,4,2,3,2,2,4,5,5,5,2
70337,2,1,1,1,2,2,2,2,3,2,4,4,2
37959,3,3,3,3,4,4,4,4,5,5,4,4,4
127644,2,5,3,3,5,3,5,5,4,4,5,4,5
27475,1,1,1,3,4,1,4,4,4,3,4,2,4
104747,3,3,3,1,2,3,2,2,4,5,4,4,2
116603,4,4,4,4,4,5,4,5,5,5,5,3,3
120573,5,5,5,5,4,4,5,5,5,5,5,3,5
23197,3,3,3,3,3,3,3,3,1,2,2,5,3
58715,1,4,1,4,2,1,2,2,4,5,4,1,2
98400,2,1,1,1,2,2,2,2,2,4,2,3,2
45872,2,3,3,3,2,2,2,2,1,5,5,4,2
67419,2,2,2,2,2,2,2,2,1,4,3,3,2
100164,3,3,3,3,4,3,4,4,1,4,3,4,4
49017,0,0,0,3,2,4,1,1,1,1,1,3,4
51016,3,4,3,1,3,5,5,4,4,3,2,3,5
78026,3,5,5,5,3,5,3,3,1,4,5,2,3
67366,1,1,1,1,3,5,5,4,4,4,4,3,4
104084,3,3,3,4,4,3,4,4,1,2,3,1,4
23264,2,2,2,2,3,1,2,4,4,4,4,4,3
9601,5,5,5,4,3,5,3,3,3,2,5,4,3
1988,3,2,3,3,4,3,4,4,1,4,2,1,4
34738,2,1,3,3,2,3,2,2,3,5,3,2,2
26805,0,0,0,1,4,0,4,4,3,5,2,2,4
109883,4,4,4,4,4,4,4,4,3,4,5,5,4
62665,1,1,1,3,5,1,5,5,4,3,3,3,5
70945,3,5,3,2,3,3,2,3,5,2,4,3,3
74474,2,2,2,3,4,2,4,4,2,3,4,1,4
79387,1,1,1,1,3,4,4,4,4,4,4,3,4
35245,2,3,3,3,1,4,4,2,2,2,2,1,4
77925,4,4,4,3,4,4,4,1,1,4,1,3,3
55274,5,5,5,1,4,5,4,4,5,5,4,4,4
7113,3,5,3,3,1,4,2,2,2,3,2,5,3
556,5,5,5,5,4,5,5,4,4,4,4,5,4
21470,5,0,5,4,1,5,1,1,4,1,3,1,1
125611,4,4,5,4,2,5,5,5,5,5,5,4,4
107580,2,2,2,2,3,5,4,4,4,4,4,3,4
40800,5,5,4,5,2,4,5,5,5,5,5,1,3
122698,3,4,3,4,1,3,1,1,5,2,5,4,1
9257,0,5,0,3,1,0,1,1,5,3,4,5,1
32799,2,1,2,3,2,2,2,2,3,3,4,4,2
115093,2,2,2,2,3,4,5,4,4,4,4,4,3
122430,5,0,5,1,5,5,5,5,2,4,5,2,5
112488,5,3,5,4,1,4,3,1,1,5,1,4,3
107900,1,1,1,1,2,5,5,3,3,4,3,4,5
124315,3,1,3,3,3,3,3,3,1,5,4,3,3
116080,1,4,1,3,5,1,5,5,3,4,4,3,5
111145,2,4,3,4,2,2,2,2,2,4,5,3,2
9609,1,1,1,3,2,1,2,2,1,3,4,1,2
55967,3,4,4,4,2,3,2,2,1,2,3,4,2
110838,4,5,4,3,4,4,4,4,5,2,5,5,4
29689,3,3,3,4,3,3,2,3,1,2,3,1,3
91157,2,5,2,5,2,2,2,2,4,2,4,3,2
9088,3,3,3,4,5,3,1,5,2,5,4,1,5
7241,3,2,2,2,1,3,4,2,2,2,3,1,1
73258,2,4,2,3,5,2,5,5,3,2,5,4,5
90803,2,5,5,5,2,2,2,2,2,5,3,1,2
120995,3,3,3,3,1,4,3,3,3,3,3,2,3
51006,4,4,0,4,5,0,5,5,2,2,3,4,5
96961,1,1,1,3,3,1,3,3,3,4,4,3,3
36298,2,2,2,2,5,5,4,5,5,5,5,5,5
62197,4,1,4,4,4,4,4,4,1,1,4,4,4
90340,5,3,5,5,4,4,4,4,3,4,4,4,4
80897,2,1,2,4,1,2,1,1,1,2,3,3,1
53992,4,3,3,3,4,4,4,4,1,3,4,5,4
47819,3,3,3,4,4,3,4,4,2,4,3,1,4
44209,3,4,3,4,3,4,5,2,2,3,2,3,4
105346,0,5,0,1,4,0,4,4,4,4,4,4,4
20558,3,5,5,5,3,3,3,3,3,1,2,3,3
9908,2,2,2,2,5,2,4,5,5,2,5,5,5
54341,4,5,4,3,4,4,2,4,4,2,4,3,4
55547,1,1,1,1,4,2,1,4,4,4,3,5,4
46330,4,3,4,4,4,4,3,4,2,1,3,1,4
98060,1,1,1,1,3,5,5,2,2,3,2,5,4
39005,1,0,0,3,1,3,4,3,3,0,3,2,1
129,4,2,4,4,2,4,2,2,4,3,4,1,2
111012,5,5,5,5,4,5,4,4,4,4,5,5,4
72806,1,4,1,2,1,1,1,1,2,1,5,4,1
76669,2,5,2,3,2,5,3,5,5,2,5,4,1
25378,3,1,2,1,4,2,3,3,3,3,3,3,3
12959,4,2,2,2,4,4,4,4,1,3,4,2,4
4445,3,4,3,3,5,3,5,5,5,3,5,3,5
77696,4,4,3,4,4,4,4,5,5,5,5,3,3
95749,4,1,1,1,4,4,4,4,1,5,2,4,4
24905,0,0,0,4,1,0,1,1,3,4,4,5,1
11046,3,4,3,2,5,3,5,5,3,5,4,3,5
24548,2,2,2,3,1,2,1,1,5,2,2,4,1
56949,2,2,3,2,5,5,5,3,4,4,5,5,5
104677,5,5,5,5,5,5,5,3,5,4,5,5,5
71243,2,2,2,4,3,2,3,3,4,3,4,5,3
8545,4,0,4,2,5,4,5,5,4,5,5,4,5
124225,3,3,3,3,4,4,3,3,3,3,3,4,2
36152,3,3,3,2,2,5,4,1,1,3,1,1,4
104727,3,3,3,3,4,3,4,4,4,5,3,2,4
109176,1,2,2,2,2,3,4,2,2,1,2,4,1
76452,1,1,1,4,3,1,3,3,4,4,4,3,3
99287,3,5,4,1,5,4,4,3,3,4,3,5,4
90530,4,0,3,2,4,3,5,4,3,5,4,3,4
124354,1,2,2,4,2,2,2,2,4,2,4,3,2
33316,2,1,2,3,3,4,4,2,2,2,3,3,3
112830,1,5,5,5,1,1,1,1,3,5,4,2,1
23487,2,0,2,1,1,2,1,1,5,5,1,2,1
61032,2,2,2,2,5,4,4,5,2,5,5,4,4
37137,2,2,2,2,2,2,2,1,3,4,3,2,2
21247,3,3,3,3,3,3,1,3,1,3,3,3,3
94312,2,2,2,2,5,5,5,4,4,4,4,3,5
42252,1,3,3,3,2,3,3,1,1,2,1,1,1
23828,2,4,2,3,2,4,4,5,5,2,5,5,3
103936,1,1,1,1,3,4,4,5,5,5,5,4,4
56128,5,5,4,5,4,5,5,4,4,5,4,3,5
75824,3,4,4,2,4,3,4,4,4,3,5,5,4
59673,3,3,3,5,2,1,3,4,4,3,4,4,4
73531,5,5,5,5,3,3,3,3,4,5,5,4,3
31665,3,1,1,1,3,3,3,3,2,2,3,2,3
112114,3,4,3,2,2,4,4,2,2,3,2,4,5
126655,1,5,1,1,1,1,2,2,2,1,2,1,3
92035,3,3,5,3,4,4,4,4,5,5,4,5,4
123397,2,2,2,2,5,4,4,3,3,4,3,4,5
41394,5,5,5,5,5,3,5,4,4,4,4,4,2
81053,1,3,0,4,4,0,4,4,4,2,2,4,4
53372,3,1,1,1,2,3,4,3,3,3,3,2,4
116526,3,4,5,2,1,5,1,1,5,4,4,5,1
60975,2,4,2,5,3,2,3,3,3,3,4,4,3
50234,4,5,5,5,3,4,3,4,4,4,4,2,2
37116,5,2,2,2,5,5,5,5,4,2,5,5,5
63351,5,5,5,3,3,5,3,3,3,4,5,4,3
123037,4,4,4,1,5,4,5,5,5,3,4,3,5
34837,3,5,2,1,1,2,1,1,2,2,5,2,1
107997,0,0,0,3,5,2,4,4,4,4,4,1,3
24660,2,2,2,3,3,2,1,3,3,5,2,1,3
31919,0,4,0,1,5,4,5,3,3,3,3,4,4
36988,3,3,5,3,3,2,3,3,1,4,4,1,3
125710,4,5,4,1,4,4,4,4,3,5,4,3,4
64838,2,3,2,3,1,2,1,1,1,3,4,2,1
58884,3,3,3,3,3,5,5,5,5,5,5,4,4
76722,1,1,1,3,3,1,3,3,1,3,4,3,3
103839,4,1,3,1,4,4,4,4,3,4,3,4,4
29260,2,2,2,2,3,3,3,4,4,4,4,2,5
15763,2,2,2,2,4,1,2,5,5,5,5,3,4
58526,3,5,3,3,4,4,5,2,2,3,2,4,5
51873,3,3,3,2,2,3,1,2,5,2,2,5,2
128104,3,4,3,4,1,3,1,1,3,5,3,5,1
73413,2,2,2,4,2,2,4,2,2,1,3,5,2
23506,1,1,1,1,2,4,5,5,5,5,5,4,1
91548,3,3,3,3,4,3,4,4,1,2,3,2,4
129423,3,3,3,3,5,5,4,4,4,4,4,5,5
29875,2,1,1,1,2,2,2,2,2,2,4,1,2
81882,4,4,4,4,5,5,5,5,4,4,5,4,5
49937,2,3,2,3,4,2,4,4,2,2,2,1,4
42069,3,2,3,3,4,3,4,4,3,3,3,1,4
8418,1,4,4,4,1,1,1,1,2,3,3,3,1
44389,4,1,4,3,2,4,4,2,4,2,4,1,2
42290,1,1,1,1,3,3,4,5,5,5,5,5,4
60629,4,4,4,4,4,4,4,4,4,4,4,4,5
104997,2,5,2,4,4,2,2,4,2,1,2,3,4
5625,4,5,4,3,1,4,1,1,5,2,1,5,1
42711,1,0,1,4,4,1,4,4,2,1,4,3,4
114420,1,1,1,1,3,4,4,4,4,4,4,5,5
119578,4,4,4,4,2,5,4,5,5,4,5,3,5
31154,4,4,4,4,1,5,1,2,2,2,2,5,2
41832,5,0,5,4,3,0,3,3,5,1,1,3,3
80133,1,1,1,2,1,5,5,5,2,4,5,5,5
2160,0,0,0,2,3,0,3,3,5,2,4,5,3
63994,2,3,3,3,2,2,1,2,4,3,2,2,2
59902,4,4,4,4,4,4,4,4,5,4,4,3,4
78912,2,2,2,3,2,2,2,2,5,4,4,3,2
73403,2,2,2,5,3,2,3,3,4,5,4,4,3
31040,4,4,4,4,5,5,5,5,5,1,1,3,5
10291,3,4,4,1,3,3,3,3,3,4,4,3,3
55582,3,5,3,3,1,3,2,1,5,5,5,4,1
60225,3,3,3,3,3,3,3,3,1,3,4,1,3
107274,2,1,2,2,4,4,4,4,3,4,4,4,4
43192,4,2,3,2,4,4,4,4,4,5,4,2,4
107524,2,4,2,1,2,5,4,2,2,2,2,3,5
99916,2,4,2,3,1,2,1,1,4,4,5,3,1
32347,0,4,0,4,2,0,1,2,5,5,3,1,2
56627,3,4,4,3,2,4,1,2,4,5,5,4,2
87152,4,4,4,1,2,4,2,2,3,4,5,5,2
58110,1,4,1,3,1,1,1,1,4,3,5,3,1
4253,2,4,4,4,2,2,2,2,1,3,3,2,2
61935,2,2,2,2,5,5,5,5,5,5,5,5,5
28551,1,2,2,3,4,2,4,4,1,4,4,2,4
82789,2,4,2,4,3,2,3,3,3,4,3,2,3
82136,4,1,4,4,3,4,4,3,3,2,3,4,3
85005,3,3,3,3,1,3,1,1,4,1,3,3,1
63126,3,3,2,3,5,5,4,4,4,4,4,5,5
115622,1,1,1,1,1,4,3,1,1,1,1,1,3
112121,4,4,4,4,2,4,4,4,4,4,4,3,4
119788,4,4,4,4,4,4,4,4,3,4,4,4,4
21563,5,4,4,4,5,2,3,4,4,5,4,3,5
43882,4,4,4,4,4,4,4,4,1,3,4,2,4
98961,2,1,3,3,3,3,3,3,2,1,3,4,3
108482,2,0,2,4,3,2,3,3,3,2,3,2,3
108115,2,2,2,2,3,4,4,4,4,4,4,5,4
2873,4,5,4,3,4,4,4,4,1,3,5,4,4
118972,0,4,1,2,2,5,5,2,2,1,2,3,4
17740,2,3,3,3,2,2,2,2,4,5,3,3,2
119613,2,2,2,2,5,5,5,4,4,4,4,5,4
49283,3,0,3,3,2,3,2,2,3,2,4,4,2
89436,2,5,2,3,5,2,5,5,3,5,4,3,5
7162,1,1,1,1,3,5,5,5,5,5,4,5,3
26547,3,5,3,3,3,5,4,5,5,3,2,3,5
42251,2,2,2,4,5,2,5,5,3,2,3,3,5
43502,2,5,2,2,2,4,4,4,5,5,4,4,4
49549,1,1,1,1,5,3,3,4,4,4,4,1,4
43930,2,5,2,2,1,2,2,1,3,3,4,3,1
47685,2,1,1,3,1,1,1,1,1,5,4,3,1
122869,1,1,3,1,4,4,4,4,3,1,4,5,4
43637,4,4,4,4,3,4,5,5,5,5,5,4,3
99759,2,3,2,3,5,2,2,4,4,2,4,3,3
40908,4,5,4,3,1,4,1,1,2,4,5,5,1
80786,2,2,2,2,2,5,4,4,4,4,4,3,5
45975,1,0,1,1,1,1,1,1,3,5,4,4,1
57359,3,5,3,2,5,4,5,4,4,3,4,5,5
23815,1,5,1,3,3,1,3,3,5,5,2,4,3
74971,2,4,1,3,2,3,3,4,4,1,4,3,4
34988,3,2,3,3,1,3,1,1,1,2,2,2,1
25806,4,3,3,3,4,4,4,4,1,5,4,2,4
89609,5,5,5,5,3,5,5,4,4,4,4,5,4
53288,3,3,3,3,4,3,4,4,1,2,1,4,4
29600,3,3,3,3,3,3,3,3,4,1,4,4,3
128874,3,4,4,1,4,2,2,5,5,5,5,2,2
100386,3,4,2,2,2,2,2,2,4,2,5,3,2
35424,0,4,0,3,4,4,4,4,4,0,4,5,3
29727,3,1,1,1,4,3,3,5,2,4,2,3,3
26138,3,3,3,3,4,4,4,4,1,3,2,3,4
129058,0,3,0,4,1,3,3,4,4,0,3,2,3
79178,4,4,3,4,2,4,4,4,4,4,4,5,5
100944,4,4,4,4,5,4,4,4,4,4,4,4,3
18597,2,4,2,4,5,2,5,5,2,4,3,2,5
56948,4,2,2,2,4,4,4,3,2,3,2,4,4
5524,2,0,1,3,2,1,2,2,4,3,5,4,2
127152,1,4,1,2,5,2,1,4,4,1,4,5,2
128074,1,1,1,1,5,5,5,5,2,5,5,5,5
110327,5,5,5,5,4,5,5,5,5,5,5,3,4
4137,1,4,1,3,3,1,3,3,3,4,3,1,3
109974,2,3,2,3,4,2,4,4,4,4,1,3,4
24932,2,4,2,4,1,2,1,1,4,2,5,5,1
51803,4,3,4,2,4,4,4,4,3,4,4,3,4
76065,1,1,1,1,4,4,4,4,4,5,5,4,4
86720,4,1,1,1,5,4,5,5,4,3,4,3,5
57511,0,5,0,5,5,2,4,1,1,1,1,4,4
26393,5,1,5,5,2,3,5,5,5,5,5,5,5
123274,1,5,4,3,1,4,1,1,4,5,5,5,1
20708,4,5,5,5,4,1,4,2,2,3,3,4,4
121466,3,4,3,5,4,3,4,4,3,1,2,2,4
93996,0,0,0,3,5,5,4,4,4,4,4,5,4
47448,1,2,1,3,3,1,3,3,3,2,4,4,3
23733,1,4,4,4,3,3,3,1,1,1,1,2,3
57014,2,5,2,2,2,4,2,5,5,3,2,2,2
89555,3,3,3,3,5,4,5,4,4,4,4,4,4
113256,2,2,2,2,4,4,4,5,5,4,5,5,5
70795,2,2,4,2,2,5,5,5,5,5,5,1,5
82127,4,4,4,4,4,4,4,3,5,1,2,4,4
123070,2,2,2,2,5,5,4,4,4,4,4,3,3
14510,0,2,0,3,1,0,1,1,1,5,3,2,1
8717,3,4,3,4,3,3,3,3,3,4,3,1,3
92207,3,4,3,3,3,3,3,3,4,4,3,4,3
128957,5,5,5,5,3,5,5,5,5,4,5,5,3
17381,4,0,4,2,4,4,4,4,4,4,4,3,4
16400,1,5,1,3,2,1,1,2,4,4,4,5,2
68448,1,0,0,2,4,1,4,4,5,2,4,4,4
87992,4,4,4,4,2,4,4,4,4,4,4,3,5
16922,3,5,3,2,1,1,3,3,3,3,3,5,1
82465,4,5,4,3,3,5,5,5,5,4,5,4,4
83279,2,4,2,4,5,5,3,4,4,2,4,4,2
49083,3,5,3,3,5,3,5,5,2,4,3,3,5
29223,4,5,5,5,3,3,4,4,4,4,4,4,2
128167,3,3,3,3,1,3,1,1,4,5,4,4,1
2942,5,4,5,3,5,5,4,5,3,3,5,3,5
22631,3,3,1,4,2,1,3,2,1,3,3,4,2
17413,2,2,2,2,1,2,1,1,3,4,5,5,1
104964,3,3,3,3,2,4,5,4,4,4,4,3,5
80511,3,3,3,3,3,3,4,3,2,1,4,3,3
114330,3,4,3,5,3,2,1,1,1,3,2,1,5
114693,5,0,5,2,2,5,2,2,4,5,5,3,2
40662,3,3,3,3,1,3,3,3,3,3,3,2,4
70374,2,5,2,2,4,3,5,2,2,2,2,3,3
129814,2,2,2,3,3,2,3,3,2,2,3,1,3
71069,1,5,1,2,1,1,1,1,5,3,4,5,1
2713,3,3,3,1,1,3,4,1,3,5,1,1,1
110021,4,1,4,3,3,4,3,4,4,4,4,4,3
121551,4,4,4,4,4,4,4,4,4,4,4,5,3
125402,3,4,3,4,3,3,3,3,4,4,4,4,3
29435,3,4,3,3,2,5,5,4,4,5,4,3,3
31101,4,4,4,4,3,4,1,3,3,3,2,2,3
118586,4,1,2,2,4,4,4,4,1,4,3,1,4
23804,1,2,1,4,5,1,5,5,4,3,4,1,5
97288,3,3,3,3,1,3,1,1,5,5,5,3,1
56683,1,5,1,1,5,5,4,4,4,1,5,4,5
39243,4,3,3,3,4,4,4,4,3,4,2,5,4
6460,4,3,4,3,4,4,4,4,2,5,4,2,4
58300,2,5,2,4,5,2,1,5,3,3,5,3,5
118260,3,1,3,4,3,3,3,3,2,1,3,3,3
73841,2,2,2,2,4,4,4,4,3,2,5,5,4
18276,4,1,1,1,4,4,4,4,4,4,3,5,4
126301,2,0,2,1,2,2,2,2,3,5,4,4,2
31120,3,5,5,5,3,4,3,3,1,2,1,5,3
56973,2,4,2,1,2,3,3,2,5,1,4,3,3
92736,3,1,1,1,5,3,3,3,3,3,3,3,2
5878,3,3,3,3,4,4,4,3,2,5,5,4,4
11285,2,0,2,1,3,2,3,3,4,4,5,3,3
122636,2,2,3,2,5,5,5,5,3,4,4,5,5
94800,3,4,4,4,3,3,3,3,1,3,4,2,3
9419,5,5,5,3,5,5,5,5,5,2,5,3,5
70233,2,2,2,2,2,4,4,4,4,4,4,5,4
122587,1,1,2,1,2,4,5,5,5,5,5,4,5
38817,1,5,1,1,3,1,3,3,1,2,1,4,3
119486,3,5,4,4,3,3,4,3,3,4,3,4,3
65023,3,3,3,3,5,3,1,5,3,2,2,4,5
11633,3,3,3,4,3,3,3,3,4,3,4,4,3
88840,4,4,4,3,3,4,3,3,3,4,5,5,3
35471,2,5,3,1,5,3,2,5,3,4,4,4,5
97123,3,3,3,4,5,3,5,5,2,5,4,1,5
15424,2,0,2,3,5,2,5,5,2,2,3,1,5
271,2,1,1,3,4,1,4,4,4,2,3,3,4
3859,1,3,1,4,2,1,2,2,4,1,1,1,2
29480,1,1,1,1,3,3,3,3,5,4,1,1,3
124537,3,3,3,3,5,5,4,3,3,3,3,5,3
64924,2,4,4,4,2,2,2,2,4,2,2,4,2
127706,2,2,2,2,5,4,4,4,4,4,4,3,5
88645,4,4,4,3,3,2,2,3,3,4,3,5,5
94909,3,2,2,2,3,3,3,3,3,5,4,4,3
89945,1,4,1,2,3,1,3,3,3,4,5,4,3
32233,2,2,2,2,2,3,5,4,4,4,5,4,5
94164,4,4,4,4,4,5,4,4,4,4,4,4,5
596,1,1,1,1,2,4,5,4,4,4,4,4,5
118125,1,4,1,4,2,1,2,2,4,2,3,1,2
66335,1,1,1,3,1,1,1,1,5,2,5,3,1
8128,0,0,0,4,1,1,1,1,5,3,5,3,1
94090,1,5,1,1,4,5,5,3,3,1,5,4,4
3992,4,4,4,4,4,5,4,5,5,5,5,4,3
129017,1,1,1,3,1,1,1,2,5,4,3,1,1
88029,2,2,2,2,4,4,5,5,5,5,5,3,4
22026,5,1,1,1,5,5,5,5,5,4,2,1,5
2468,1,2,1,3,4,4,4,1,1,1,1,3,4
90114,1,1,4,1,3,4,3,3,3,2,5,5,3
128257,2,2,2,2,5,5,5,5,5,5,5,4,5
125749,4,5,4,4,5,5,5,5,5,4,5,4,5
71597,4,5,5,5,1,4,3,4,4,4,4,2,2
42116,1,1,2,1,1,1,1,1,1,2,4,1,1
8918,4,0,3,4,4,3,4,4,4,2,5,4,4
43863,0,5,0,4,5,4,2,3,3,3,3,5,2
66004,2,2,2,2,4,4,5,5,5,4,5,5,5
73030,2,1,2,1,2,2,1,2,1,1,1,3,2
120773,2,2,2,4,1,2,1,1,1,3,3,4,1
35517,4,5,5,1,3,5,3,3,5,4,3,4,3
49647,5,3,3,3,5,5,5,5,4,1,3,5,5
125762,1,1,2,1,3,3,3,4,4,4,4,3,3
2904,2,5,2,5,4,4,4,2,2,2,2,4,5
124382,0,3,0,1,4,0,4,4,3,1,3,3,4
123280,3,2,3,3,1,3,3,3,3,3,3,4,3
75122,3,3,3,3,2,3,1,2,3,2,4,4,2
65249,2,2,2,3,3,2,3,3,3,3,4,4,3
17771,4,5,5,5,1,3,1,4,4,4,4,3,3
43265,2,4,4,4,1,4,4,2,2,2,2,3,4
82531,1,5,5,5,3,4,3,1,1,2,1,1,1
66066,2,5,2,4,2,2,2,2,5,4,5,3,2
125546,0,0,0,5,2,5,5,5,5,5,5,4,4
118512,3,0,3,2,2,3,2,2,3,4,5,5,2
93951,4,5,4,2,5,4,5,5,4,4,5,3,5
88734,3,3,3,4,4,3,4,4,3,2,4,4,4
13889,5,4,5,1,5,5,5,5,3,3,4,4,5
33272,3,4,3,5,2,3,2,2,4,3,2,4,2
484,0,0,0,3,2,4,4,3,3,3,3,3,5
64133,2,2,5,2,4,5,4,5,5,5,5,5,5
32664,5,1,3,1,5,5,5,5,1,5,2,5,5
73059,5,1,1,1,4,5,5,5,5,5,5,5,3
84919,3,1,3,3,5,3,5,5,2,1,3,3,5
67206,2,5,2,3,3,2,5,3,3,3,5,3,3
85461,1,5,5,5,3,3,2,1,1,1,1,1,3
108650,4,4,4,4,5,5,5,5,5,5,5,3,5
15447,3,1,1,1,3,3,3,3,3,3,3,4,3
1486,5,0,5,4,2,5,1,2,3,4,5,4,2
93490,3,3,3,3,2,5,5,5,5,5,5,4,5
123470,1,1,1,5,2,1,2,2,4,3,3,4,2
100264,5,5,5,5,5,5,5,5,5,2,4,4,5
61236,2,1,1,1,3,4,3,2,2,2,2,2,4
76257,1,3,3,3,1,1,1,1,2,3,3,2,1
45779,5,5,3,5,3,1,2,5,5,5,5,2,2
83530,1,1,1,2,2,1,4,2,2,5,2,4,2
79856,5,5,2,5,3,5,4,5,5,5,5,4,4
15583,2,4,1,4,5,1,5,5,1,2,3,5,5
89587,2,2,2,2,2,5,5,2,2,2,2,4,4
92081,3,3,3,3,3,3,3,3,3,2,3,3,3
38171,2,4,2,5,3,2,3,3,3,2,4,5,3
108999,2,2,4,2,4,5,4,4,4,4,4,4,5
2842,1,1,1,1,4,5,5,4,4,5,4,3,4
32583,3,5,3,3,3,3,3,3,4,5,3,4,3
46019,5,5,5,4,1,5,1,1,2,3,2,3,1
106935,3,2,2,4,4,2,4,4,1,2,4,4,4
4917,2,1,1,1,5,1,2,2,2,2,2,1,4
117428,4,5,4,4,2,4,2,2,4,4,4,3,2
30793,2,1,2,4,2,2,2,2,4,3,3,1,2
38276,3,4,3,2,3,3,3,3,3,5,3,3,3
31464,4,4,2,4,4,4,4,4,5,1,3,3,4
90127,2,1,1,1,3,2,3,3,2,4,3,4,3
74098,5,5,5,5,4,5,5,3,3,4,3,4,4
2418,1,5,1,4,5,1,5,5,5,5,4,5,5
11079,0,4,0,5,2,0,2,2,4,4,5,5,2
87557,2,2,2,3,3,2,4,3,4,3,4,2,3
119775,1,1,1,1,5,5,5,5,3,4,5,5,5
129260,5,5,5,5,4,4,4,1,1,2,1,3,5
76893,2,3,2,4,5,2,5,5,4,3,4,4,5
98238,4,4,4,3,2,4,2,2,5,4,4,3,2
28079,2,4,2,1,2,3,1,4,4,4,4,1,1
25952,2,2,2,2,2,2,2,5,5,5,5,2,3
107074,1,5,1,2,1,1,1,1,1,1,2,2,1
3088,3,3,3,3,4,4,5,4,4,4,4,5,4
54251,3,3,3,3,3,3,3,2,2,2,2,1,3
59908,5,5,5,5,3,4,4,5,5,5,5,5,3
122122,1,5,5,5,1,1,1,1,3,4,3,4,1
87538,2,3,2,2,2,5,5,1,1,2,1,5,4
1611,2,2,4,2,3,5,5,5,5,5,5,5,3
112862,5,5,5,5,3,4,5,2,2,2,2,5,3
89297,4,4,2,1,2,2,4,3,4,4,5,4,4
18442,2,5,2,2,2,5,5,5,5,5,5,5,5
48898,3,3,3,3,3,3,5,5,5,4,3,3,5
121478,3,3,3,2,5,3,5,5,5,1,1,5,5
59309,2,2,2,2,2,5,5,5,5,5,5,3,4
112885,3,3,3,3,3,3,3,3,1,3,3,2,3
48551,3,4,2,3,1,2,1,1,3,4,4,5,1
22311,4,4,4,4,2,5,3,4,4,4,5,4,2
20014,3,4,3,4,4,3,4,4,4,2,4,1,4
108687,3,5,3,2,3,3,3,3,4,3,5,4,3
53703,2,3,3,3,5,2,3,2,2,2,2,1,1
111011,1,1,1,3,3,1,3,3,4,5,5,4,3
27071,2,4,2,4,2,2,2,2,3,2,5,5,2
48563,1,5,1,3,3,1,3,3,4,3,4,4,3
77024,4,4,4,4,4,1,5,5,5,5,5,3,5
8384,1,4,1,3,2,1,2,2,2,1,4,2,2
57853,1,0,0,4,0,2,2,3,2,3,3,2,2
19770,2,3,3,3,2,2,2,2,2,1,3,1,2
90689,1,1,1,1,3,5,5,4,4,5,4,4,4
6295,3,3,2,3,4,5,4,4,4,4,4,3,4
32541,4,0,4,5,4,4,4,4,5,2,4,3,4
114539,4,5,4,2,2,4,4,3,3,4,3,5,5
49871,0,2,0,1,5,0,5,5,1,2,4,1,5
34867,4,4,4,3,3,4,3,3,1,4,4,4,3
64797,5,5,5,5,3,4,4,5,5,5,5,5,4
123018,2,0,2,3,5,2,5,5,3,5,4,3,5
121975,3,3,3,3,2,5,4,3,3,4,5,3,3
108481,2,2,2,2,2,5,5,5,5,5,5,3,3
87925,1,1,1,1,4,4,4,4,4,4,4,3,5
127400,4,4,4,4,3,4,3,3,1,5,4,4,3
23740,4,4,4,4,5,5,5,5,2,2,1,4,5
108495,5,5,5,5,2,5,4,4,4,4,4,5,5
117562,1,1,1,1,4,4,5,5,5,5,5,4,5
67833,3,1,1,1,2,4,4,3,3,3,3,3,4
68083,1,4,4,4,1,1,1,1,4,1,2,3,1
124493,4,4,4,3,4,4,5,4,5,4,5,4,4
124089,4,4,4,4,5,4,4,2,2,2,2,5,4
88296,1,1,5,1,2,4,4,4,4,5,4,5,3
36914,5,1,1,1,3,1,4,5,5,5,5,2,1
108846,2,2,2,2,2,5,5,3,3,3,3,5,4
107693,1,1,5,1,4,4,4,4,3,4,4,4,4
56552,5,5,5,4,2,5,1,2,3,3,4,4,2
81073,3,3,3,3,3,4,5,5,5,4,5,5,5
41024,4,5,5,5,3,2,1,4,4,4,4,3,4
5156,1,4,1,1,4,5,5,3,3,1,3,5,3
53495,3,4,3,3,3,5,5,5,4,4,4,5,5
111922,5,5,1,5,2,5,4,4,4,5,4,4,5
5069,1,3,3,3,2,1,2,2,4,5,3,2,2
65689,2,5,2,2,2,3,5,5,5,2,5,3,3
25805,2,4,2,3,4,2,4,4,4,4,4,3,4
127278,3,5,4,3,3,4,3,3,3,5,5,3,3
32010,2,3,2,4,2,2,2,2,1,2,4,1,2
45231,2,2,2,4,4,2,4,4,4,4,3,1,4
21083,1,1,1,4,4,1,4,4,1,2,4,2,4
3408,1,2,1,1,3,1,2,3,5,3,5,4,3
111374,3,3,3,2,2,3,3,2,3,5,2,2,2
109078,3,5,3,3,2,3,2,2,4,3,5,4,2
67080,3,1,1,1,3,3,3,3,4,3,4,1,3
53059,1,1,1,4,5,1,5,5,1,1,3,1,5
128054,1,1,1,4,5,4,3,1,1,1,1,4,1
85612,3,4,3,2,1,3,1,1,1,1,4,1,1
95657,3,4,4,4,5,4,4,2,2,4,2,3,4
25909,3,3,5,3,4,4,4,4,4,2,4,3,4
35546,1,4,1,3,5,1,5,5,4,2,5,5,5
16090,1,4,4,4,4,3,4,1,1,1,1,3,3
99186,3,4,3,3,3,3,3,3,5,4,4,4,3
11486,2,4,2,1,1,2,1,1,5,3,4,5,1
113158,3,5,4,5,3,3,3,3,3,3,3,2,3
68146,1,1,1,1,4,5,5,5,5,5,4,5,5
62250,2,4,2,1,5,2,5,5,3,5,3,4,5
114672,4,5,4,3,5,4,5,5,3,5,4,4,5
10620,1,3,3,3,3,4,3,1,1,1,1,4,1
106981,4,3,4,2,4,4,4,4,2,1,2,3,4
69512,5,5,5,1,5,5,2,3,2,4,5,2,2
29188,3,1,3,4,4,3,4,4,3,5,3,1,4
22154,4,2,2,2,4,4,4,4,5,2,1,5,4
43280,4,2,4,4,3,4,2,3,2,1,4,3,3
105731,3,3,3,3,2,3,2,2,3,5,2,4,2
26614,4,4,4,4,4,5,4,4,5,3,2,2,4
63163,1,1,1,1,4,5,5,5,5,4,5,3,4
106431,4,4,5,4,4,5,5,4,4,4,4,4,4
96504,2,5,2,5,2,2,2,2,2,2,3,1,2
112559,2,2,2,4,5,2,5,5,3,5,3,3,5
68587,1,5,1,4,5,1,5,5,4,2,4,3,5
71293,3,4,3,2,3,3,5,3,3,2,2,3,3
21552,2,2,0,3,4,0,4,4,1,2,4,2,4
119045,5,5,5,5,5,5,5,5,4,5,4,4,5
4583,3,2,5,5,4,3,4,4,1,1,2,1,4
21968,2,5,2,1,4,2,4,4,4,1,3,4,4
4367,3,1,1,1,2,4,4,3,3,3,3,1,2
113028,3,0,3,5,4,3,4,4,3,3,5,4,4
71964,1,1,1,1,3,4,4,5,5,5,5,4,5
68970,3,4,3,2,2,3,5,2,3,4,4,5,2
109978,2,1,1,2,1,1,1,1,3,1,2,3,1
67167,3,4,3,4,3,3,3,3,5,3,5,3,3
86516,3,5,3,3,3,3,3,3,4,5,5,5,3
125219,4,5,4,5,1,4,2,1,5,1,3,4,1
39256,3,4,4,4,2,3,3,3,3,3,3,2,2
34691,5,5,5,5,4,4,4,4,4,3,2,1,4
84546,4,3,4,3,3,4,3,5,5,4,5,3,1
108689,3,1,1,1,3,3,3,3,4,2,3,2,3
108470,2,4,2,2,5,5,4,1,1,2,1,5,5
60690,4,4,4,4,5,4,4,5,5,5,5,4,3
17095,5,5,5,5,5,5,5,5,2,1,1,2,5
81991,3,3,4,3,3,3,5,3,3,3,3,5,3
50519,2,5,2,2,4,2,4,4,4,4,5,4,4
2477,1,1,1,3,2,1,2,2,4,3,4,3,2
851,2,4,4,4,2,3,3,2,2,2,2,4,2
90015,4,4,4,3,5,4,5,5,4,4,5,3,5
58618,3,3,3,3,5,3,1,4,4,4,4,5,1
70322,4,4,4,4,4,4,5,5,5,5,5,3,4
51399,4,3,4,4,3,4,3,3,2,4,4,2,3
63950,2,5,2,4,2,2,2,2,4,5,4,3,2
129715,3,3,3,3,2,5,5,4,4,4,4,5,5
12615,2,1,1,1,5,2,2,2,2,2,2,1,1
122954,5,5,5,5,2,2,2,2,5,2,4,3,2
21658,2,2,2,2,4,4,4,4,2,4,4,4,4
21814,3,5,3,4,3,3,3,3,5,2,5,2,3
35341,4,4,4,4,5,5,5,5,3,1,4,3,5
78855,3,4,3,3,2,3,2,2,5,5,5,4,2
127757,2,1,2,4,3,3,3,3,3,2,3,4,1
65922,2,5,2,2,5,2,5,5,4,4,4,3,5
114308,3,4,3,4,3,3,3,3,1,5,3,1,3
30955,2,5,5,5,3,3,3,2,2,2,2,3,2
69609,3,4,3,1,3,4,4,3,4,5,4,4,4
110920,3,1,3,3,1,3,1,1,3,2,3,4,1
21845,2,5,3,5,3,3,3,2,2,2,2,2,2
60010,2,3,2,3,1,3,3,2,2,2,2,1,4
24667,1,2,2,3,5,2,5,5,3,3,4,1,5
32033,5,5,5,5,5,5,5,5,4,5,2,5,5
21779,3,3,3,3,4,4,5,5,5,5,5,3,1
93311,3,4,3,1,5,3,5,5,5,4,4,3,5
8967,5,5,5,5,3,5,5,3,3,3,3,4,4
39231,0,0,0,1,2,2,2,2,2,3,3,5,2
92387,4,4,4,4,2,4,4,4,4,4,4,4,3
33236,2,3,3,3,2,2,2,2,3,5,3,2,2
98785,2,4,4,4,2,2,2,2,3,5,4,1,2
72950,3,3,3,3,3,3,3,3,4,4,4,4,3
17883,2,4,3,1,3,3,3,3,3,3,3,3,3
71994,3,4,3,4,2,4,3,3,3,3,3,1,3
116279,2,3,2,4,3,2,3,3,5,4,5,1,3
104048,2,5,2,4,2,2,2,2,4,5,4,5,2
67901,4,5,4,1,5,4,5,5,5,5,5,5,5
39856,3,5,5,5,1,4,4,3,3,3,3,3,2
8985,2,1,2,2,1,2,2,3,3,2,3,4,4
85178,5,4,5,5,3,4,4,5,5,5,5,4,4
64656,3,3,3,3,5,3,5,5,4,3,5,5,5
50608,3,3,3,3,2,3,2,2,2,2,4,1,2
80554,5,5,3,5,3,4,4,3,3,4,3,5,5
117250,3,5,5,4,4,4,4,4,4,5,4,4,3
125973,4,4,2,4,2,5,5,4,4,4,4,4,5
8527,3,4,3,1,2,3,2,2,5,3,4,5,2
68509,2,2,2,2,3,5,4,5,5,5,5,3,4
82346,5,5,5,5,4,5,4,4,4,4,4,4,3
72604,5,4,5,3,3,5,3,3,4,2,4,4,3
114331,4,0,4,1,3,4,3,3,5,2,4,5,3
55586,1,5,1,4,2,2,3,5,5,1,5,2,2
108751,4,4,4,4,3,4,4,5,5,5,5,3,4
115977,2,4,2,3,5,2,1,5,3,2,5,4,5
3497,4,4,4,5,4,4,4,4,3,5,5,5,4
2383,3,3,3,3,4,5,5,4,4,4,4,3,5
45214,3,3,5,3,1,2,1,2,2,2,2,1,1
6545,4,0,4,4,5,4,5,5,3,5,5,5,5
46945,0,5,0,4,3,0,1,3,5,3,4,3,3
38955,4,4,4,2,3,4,3,3,4,3,4,1,3
71274,4,2,4,3,3,2,3,5,5,4,5,2,4
113157,4,1,4,4,3,5,4,5,5,5,5,5,4
120033,5,5,5,5,3,4,5,3,3,5,3,4,4
100643,3,5,1,5,3,1,3,3,5,4,2,4,3
24291,2,5,2,5,5,2,5,5,5,5,4,4,5
65329,2,2,5,2,2,5,4,2,2,2,2,4,5
4757,2,2,2,3,2,3,3,3,3,2,3,4,2
73395,1,0,0,3,5,0,4,5,3,3,4,1,5
20275,2,1,2,3,1,2,2,3,3,2,5,3,4
56126,4,4,4,1,3,4,3,3,4,3,4,3,3
9591,4,5,4,2,2,5,4,2,2,4,2,4,5
8998,3,2,3,3,4,3,4,4,4,1,4,1,4
106665,2,4,2,2,3,2,3,3,5,2,5,4,3
5646,3,5,3,5,4,5,4,2,2,3,2,2,1
25592,2,5,2,4,4,2,4,5,5,2,5,2,3
96558,4,5,4,3,5,4,5,5,5,5,5,3,5
50447,0,4,0,2,3,2,5,1,1,3,3,1,3
128847,3,5,3,4,3,2,2,5,5,4,4,2,2
104052,2,2,2,4,4,2,4,4,4,2,3,3,4
33862,3,2,2,3,3,2,3,3,4,5,2,2,3
87466,5,5,5,5,2,5,5,5,5,5,5,3,3
85796,0,4,0,2,5,3,3,4,4,4,4,5,4
29196,2,5,2,2,2,2,2,2,5,3,4,4,2
93655,2,2,2,2,2,4,4,2,2,2,2,1,1
24301,5,5,5,5,5,5,5,4,4,2,2,5,5
22861,2,4,2,4,2,2,2,2,3,4,5,4,2
112798,4,4,4,4,5,4,5,3,3,3,3,4,5
16037,5,1,1,1,5,5,5,1,2,4,5,5,5
98672,1,1,1,3,2,1,2,2,3,5,4,1,2
30256,4,2,2,2,4,4,4,4,3,1,2,5,4
110534,4,4,4,4,3,5,4,4,4,4,4,5,5
7646,4,4,4,4,4,4,4,4,4,4,4,4,4
119701,3,3,3,3,3,3,3,3,5,3,5,3,3
101473,2,2,2,2,2,2,2,2,4,4,4,1,2
28778,5,5,5,5,4,4,4,4,4,4,4,3,3
17675,3,2,3,3,1,3,1,1,4,5,3,4,1
86433,2,2,2,2,4,4,4,4,4,4,4,5,5
88124,0,1,1,2,3,4,4,4,4,3,3,3,3
75237,1,1,1,3,4,2,2,3,3,1,5,1,1
24657,3,3,3,3,4,3,4,4,3,5,5,1,4
44509,4,4,4,4,4,5,4,4,4,3,4,5,4
115000,5,5,3,5,4,4,4,4,4,4,4,5,5
14242,2,2,2,2,4,4,4,4,5,4,1,3,4
126242,4,4,3,4,3,4,3,1,1,1,4,2,3
12015,3,5,3,1,2,3,3,2,4,5,5,5,2
124840,3,4,3,3,1,3,1,1,5,3,4,5,1
31346,5,4,4,4,5,5,5,5,1,1,2,1,5
50269,2,4,4,4,1,4,4,3,3,3,2,1,3
84328,3,5,5,5,3,3,3,3,4,1,4,2,3
33855,2,5,2,3,4,2,4,4,4,4,4,5,4
83837,2,1,1,1,4,4,3,2,2,2,2,4,2
122033,0,5,0,4,5,4,4,4,4,4,4,5,3
32722,0,5,0,4,3,2,5,3,3,3,3,1,1
104063,1,5,1,5,3,1,3,3,5,5,3,2,3
26298,3,4,4,4,3,4,1,3,3,5,4,2,3
67400,2,2,2,3,2,2,2,2,4,2,5,3,2
39192,2,2,2,2,5,5,5,5,3,1,4,5,5
35692,2,2,2,3,2,5,2,2,3,3,3,2,2
119964,3,5,3,4,2,3,2,2,2,3,1,3,2
66753,3,5,3,3,2,2,5,4,4,3,4,3,2
28101,3,3,3,3,4,3,4,4,5,1,1,2,4
42957,4,1,1,1,2,5,1,4,4,4,4,5,3
120248,2,4,2,3,1,2,1,1,5,2,5,3,1
71103,4,3,4,3,2,4,4,2,4,4,3,2,2
101591,3,3,1,3,2,4,5,4,4,4,4,4,3
42160,4,2,2,2,4,4,4,4,1,4,1,4,4
76083,5,1,1,1,4,5,1,5,5,5,5,2,3
113617,3,3,3,2,3,3,3,3,1,3,3,4,3
18798,3,4,4,4,5,2,5,3,3,3,3,4,1
72100,3,1,3,2,4,3,4,4,2,3,2,3,4
104442,2,2,2,2,3,2,3,3,4,2,3,3,3
16953,2,2,2,2,3,1,5,5,5,5,4,4,1
22539,4,3,4,2,2,4,2,4,4,4,4,4,4
89349,2,2,2,3,1,2,1,1,1,4,3,2,1
78287,3,3,3,3,5,5,5,5,4,5,3,3,5
18209,3,3,3,3,5,1,1,4,4,4,4,1,5
4654,0,0,0,2,5,5,5,4,4,3,3,3,5
87169,2,2,3,2,4,5,4,4,4,4,4,5,5
43933,5,3,3,3,5,5,5,5,4,5,4,3,5
117613,1,3,1,4,2,1,4,2,2,2,4,2,2
79823,2,2,2,2,5,2,2,5,5,5,4,3,5
102829,4,4,4,1,2,4,2,2,3,5,4,4,2
49323,1,1,1,1,1,4,1,5,5,5,5,4,4
47498,1,5,1,4,5,4,5,2,2,1,2,5,3
70896,1,1,1,1,3,5,5,5,5,5,5,3,5
74506,3,3,3,4,1,3,1,1,4,4,3,1,1
95524,5,5,5,1,3,5,1,3,1,1,3,3,3
79265,4,2,5,4,2,5,2,2,2,1,3,1,2
1797,3,3,3,3,1,3,1,1,5,5,4,3,1
12611,3,5,2,2,3,3,3,3,2,2,4,3,3
100335,2,2,2,2,4,4,4,4,2,5,3,5,4
85821,3,3,3,3,3,3,3,3,3,5,2,1,3
117046,1,2,2,2,1,1,1,1,1,5,4,4,1
92712,4,4,3,4,5,3,5,5,5,3,4,4,5
65009,4,3,3,3,4,4,4,4,3,2,1,1,4
101912,2,2,2,4,3,2,1,3,1,3,3,1,3
82874,1,1,1,1,4,4,4,4,3,5,5,4,4
95533,2,1,2,3,1,2,1,1,4,4,4,4,1
24507,1,1,1,3,2,1,5,2,4,3,2,1,2
126684,4,4,4,4,3,5,4,4,4,4,4,4,5
65645,4,4,4,3,3,4,3,3,1,5,3,3,3
93521,3,3,3,3,5,4,5,4,4,4,4,4,4
75084,2,2,2,2,2,2,2,2,4,5,4,5,2
39577,1,3,3,3,4,1,2,1,1,1,1,3,3
82504,3,2,2,4,1,3,3,4,4,2,3,4,1
36343,4,3,4,3,1,4,1,1,3,4,1,1,1
77229,4,4,4,4,2,4,2,2,4,3,4,5,2
129798,2,4,2,2,3,5,5,4,4,2,4,4,5
35753,4,1,1,1,4,4,4,4,2,4,5,3,4
85698,2,1,1,1,2,2,2,2,3,3,2,2,2
1839,2,4,4,5,3,4,3,3,3,5,4,4,3
83035,4,4,1,4,2,5,5,4,4,4,4,4,5
13362,2,5,2,3,3,2,3,3,2,5,1,2,3
122731,3,3,3,3,3,4,3,3,4,3,4,3,3
106932,5,5,5,3,2,5,2,2,4,5,5,3,2
73392,4,4,4,3,1,4,1,1,4,2,5,4,1
109966,2,2,3,4,1,3,5,1,4,3,4,3,1
90474,3,3,3,3,3,3,3,3,3,3,3,1,1
84274,3,3,3,3,5,4,5,5,5,5,5,3,5
63486,4,5,4,3,1,4,1,1,3,3,4,5,1
72722,4,3,3,3,4,4,4,4,3,5,1,1,4
102780,1,1,1,4,3,1,3,3,1,3,4,4,3
2187,3,2,3,3,1,4,5,4,4,4,4,2,4
26327,4,4,4,5,1,4,1,1,5,5,4,3,1
21322,1,1,1,5,4,1,1,4,4,4,5,5,4
72364,5,5,5,5,5,4,4,2,2,2,2,3,5
45614,3,4,4,4,3,4,4,3,2,3,4,1,3
97553,5,4,4,4,5,5,5,5,1,5,1,4,5
124040,0,5,0,3,4,5,5,4,4,1,1,3,3
67166,4,5,4,5,3,4,3,3,3,4,4,3,3
9517,5,5,4,5,5,5,5,5,5,5,5,5,5
122100,3,4,0,4,2,0,2,2,4,2,4,5,2
53415,4,3,3,3,4,4,4,4,3,5,4,4,4
51106,4,4,0,5,2,5,4,5,5,0,2,4,5
106618,2,2,2,2,5,4,5,4,4,4,4,5,3
34759,1,1,4,1,4,4,4,1,1,1,1,1,2
114535,2,5,2,3,3,2,2,1,1,2,1,3,1
328,2,2,1,2,2,5,5,4,4,4,4,5,3
19487,4,4,0,1,2,0,2,2,3,2,4,5,2
38729,3,3,3,3,5,3,5,5,2,2,2,5,5
71635,3,5,3,3,5,3,5,5,3,4,4,4,5
45874,1,1,1,1,5,5,5,5,4,5,3,5,5
48822,3,5,3,1,1,3,1,1,3,5,4,4,1
40118,2,1,3,3,4,3,4,4,3,5,3,2,4
119467,3,3,3,5,5,3,5,5,5,5,4,3,5
33293,3,1,3,3,3,3,4,3,2,5,3,1,3
17681,4,4,4,4,2,4,4,4,4,4,4,4,3
93379,5,5,5,1,3,5,3,3,5,5,4,5,3
43528,4,4,4,3,4,4,4,4,3,5,3,2,4
95059,1,2,0,2,2,0,2,2,1,3,3,2,2
75890,4,4,4,4,4,4,5,4,4,4,4,4,5
82913,2,4,2,2,3,2,3,3,5,5,4,5,3
102055,5,2,5,4,4,3,3,2,2,5,2,2,2
88774,4,4,4,4,4,5,5,4,4,4,4,4,4
41654,0,0,0,2,1,4,3,5,5,5,5,1,5
37305,4,4,4,4,4,4,4,4,4,4,4,1,5
93432,3,2,2,2,3,4,3,3,3,3,3,4,3
93111,5,2,5,4,1,5,1,1,3,3,4,2,1
14680,2,2,2,4,2,2,2,2,4,5,5,3,2
13227,2,3,2,2,5,2,5,5,1,2,5,1,5
47786,4,4,4,4,4,4,4,4,4,5,5,1,4
18172,2,3,2,2,1,2,5,1,5,5,3,3,1
28209,4,5,4,1,4,4,4,4,4,3,5,4,4
37893,2,3,5,3,2,2,2,2,3,4,2,1,2
34534,1,3,3,3,1,1,1,1,4,4,3,4,1
30748,4,0,3,1,1,3,1,1,2,1,2,3,1
38589,2,3,2,3,2,4,4,1,1,2,1,4,3
79925,3,2,2,2,3,3,3,3,1,5,3,3,3
45746,3,3,3,4,2,3,3,5,5,3,5,4,2
102209,4,4,4,4,2,4,4,5,5,5,5,3,5
8938,5,5,5,5,3,5,4,4,4,4,4,5,5
71918,2,5,2,3,5,2,5,5,4,4,4,3,5
45777,2,2,2,2,5,1,5,5,5,5,5,2,5
97898,4,2,4,4,4,4,4,4,4,4,4,3,4
90438,4,4,4,4,4,5,5,5,5,5,5,4,5
75485,3,1,3,4,2,3,4,1,1,3,1,4,1
51738,3,1,3,3,2,3,3,1,1,3,1,3,2
39722,5,5,5,5,5,1,4,5,5,5,5,4,2
67663,3,3,1,3,2,4,5,4,4,4,4,5,4
124939,3,1,4,2,2,2,2,3,3,4,1,1,1
124366,1,1,1,4,1,1,1,1,3,4,3,2,1
43975,4,2,2,2,3,4,3,4,4,4,4,3,1
1520,4,4,4,4,2,4,5,5,5,5,5,4,3
71959,4,4,4,4,3,4,4,5,5,5,5,5,4
107924,5,5,5,4,5,5,1,5,5,4,4,4,5
48852,4,4,4,1,4,4,2,1,1,4,1,3,3
5934,1,4,1,2,4,1,4,4,5,5,4,3,4
68453,1,1,1,1,5,4,5,5,5,5,5,3,5
80330,5,2,5,4,1,5,5,1,1,1,3,3,1
83643,2,2,2,2,3,2,5,3,4,1,3,4,3
56153,2,2,5,2,2,5,5,5,5,5,5,4,3
61280,1,4,1,2,5,1,5,5,3,4,4,3,5
101943,2,2,2,2,3,5,5,4,4,4,4,3,4
93181,3,5,3,3,2,3,1,2,2,3,2,4,4
119941,1,1,1,1,4,4,4,4,5,5,5,3,4
81425,4,4,4,4,2,4,2,2,4,2,4,4,2
117128,0,3,0,3,5,0,5,5,4,2,3,2,5
32648,4,4,3,4,1,3,1,1,1,2,3,3,1
70277,4,4,4,4,5,4,4,5,5,5,5,5,4
42518,3,5,3,3,5,3,5,5,4,5,5,5,5
71158,3,0,3,4,4,3,4,4,1,1,4,3,4
58111,2,5,2,4,5,2,5,5,3,2,5,4,5
118441,3,3,3,3,5,5,5,4,4,5,4,5,4
24805,3,4,3,5,2,3,2,2,4,3,5,5,2
89689,2,0,2,5,3,2,3,3,1,4,1,4,3
65918,1,4,1,3,1,1,1,1,2,4,4,3,1
43227,5,0,5,2,3,5,3,3,3,3,2,4,3
112264,3,3,3,3,1,3,1,1,3,3,3,3,1
75706,5,5,5,1,2,5,2,2,4,2,4,3,2
21389,4,3,3,3,4,5,4,4,1,2,2,5,4
100526,4,5,4,4,4,4,4,4,5,2,5,3,4
91011,2,5,2,4,3,2,3,3,3,4,4,5,3
117510,4,2,2,2,4,2,4,4,1,3,2,4,4
67676,2,3,2,2,3,5,5,3,3,3,3,3,3
92578,2,1,2,2,2,2,2,2,4,5,1,2,2
36659,2,4,2,3,5,2,3,5,5,3,4,4,5
28996,3,4,4,4,2,4,2,2,2,2,4,3,2
76272,3,3,3,3,1,3,1,1,5,4,3,3,1
4973,2,2,2,2,5,5,5,3,3,3,3,4,3
88938,3,3,3,3,4,4,4,4,5,2,5,3,4
16139,3,3,3,3,2,4,4,4,4,4,5,3,5
123635,2,2,2,2,5,5,4,4,4,4,4,4,3
23077,2,3,2,4,5,2,4,5,5,2,5,4,4
84261,3,3,3,3,5,4,4,4,4,4,4,5,4
25867,1,1,5,5,1,1,1,1,2,5,3,3,1
81627,0,4,0,3,3,0,3,3,2,4,2,1,3
64802,0,5,0,4,3,4,4,5,5,5,5,5,5
30546,3,3,3,3,3,3,4,5,5,5,5,4,2
90602,4,4,4,4,2,4,5,4,4,4,4,5,4
40399,1,1,1,3,1,1,1,1,1,3,3,1,1
109175,2,2,2,1,5,2,5,5,4,5,4,5,5
81683,1,5,5,5,1,1,1,1,3,4,2,3,1
105661,1,1,1,1,2,4,5,5,5,5,5,3,3
33955,3,4,4,2,1,3,1,1,2,2,3,5,1
112865,4,4,4,2,2,4,2,2,5,4,5,3,2
113894,3,3,3,3,5,3,3,5,5,3,4,4,5
59767,3,3,3,4,5,3,5,5,3,1,4,4,5
8342,2,1,2,3,3,2,3,3,4,1,3,1,3
56293,3,5,3,2,4,3,4,4,3,5,4,5,4
24829,3,4,4,4,3,3,3,3,1,5,4,3,3
103819,5,5,5,5,4,4,4,4,4,2,5,5,4
118510,3,3,3,3,5,4,4,5,5,5,5,3,3
75756,0,3,0,2,5,0,5,5,1,3,5,5,5
69083,2,5,2,3,3,4,4,3,3,2,4,3,5
70601,4,4,4,4,5,5,5,4,3,5,3,5,5
101600,5,5,2,5,5,5,4,4,4,4,4,4,4
71805,2,2,2,2,5,5,5,4,4,4,4,5,3
75563,2,2,2,2,2,2,2,2,2,1,4,4,2
14111,4,2,2,2,4,4,4,4,1,5,2,1,4
108963,4,3,3,3,4,4,4,4,3,2,4,1,4
66192,5,1,5,5,3,5,4,4,4,4,4,4,5
94423,1,1,5,1,5,5,5,5,3,2,5,5,5
28757,2,1,2,3,4,2,1,4,4,1,3,3,4
73546,3,4,3,4,2,3,2,2,1,1,1,1,2
87886,2,4,4,4,4,4,4,2,2,2,2,2,2
30513,5,1,1,1,5,5,5,5,5,3,5,4,5
118429,2,4,2,2,3,5,4,3,3,3,3,4,5
108162,3,5,3,5,3,3,3,3,5,4,5,3,3
97680,3,5,3,3,2,3,5,2,3,2,4,4,2
32659,3,5,5,5,2,3,3,2,2,2,3,3,1
30958,4,5,4,2,3,4,3,3,5,3,5,4,3
28534,3,3,3,2,4,3,4,4,1,3,5,1,4
119138,3,3,5,3,5,5,5,5,5,5,5,4,5
5653,0,0,0,1,2,5,5,1,1,1,1,3,4
49341,4,4,4,4,2,4,5,4,4,4,4,5,4
126291,4,5,4,4,4,4,4,4,2,3,4,2,4
88683,1,4,2,4,5,5,5,4,4,2,4,3,3
50033,3,4,4,4,2,3,3,4,4,3,4,2,4
80038,3,2,3,3,3,3,3,3,1,2,4,2,3
109511,2,2,2,2,3,4,5,5,5,5,5,5,3
25503,4,4,4,4,3,4,3,3,2,5,2,2,3
58254,5,5,5,5,2,4,4,4,4,4,4,5,3
13067,4,4,4,4,4,5,4,4,4,4,4,3,4
87019,3,3,3,3,3,3,3,3,4,5,4,4,3
82030,2,5,2,5,1,2,1,1,5,3,5,4,1
69613,1,4,1,3,1,5,5,2,1,4,3,5,5
13781,4,4,4,4,4,3,2,4,4,4,4,3,2
94534,1,1,1,1,4,4,5,4,4,4,4,3,3
12850,2,2,2,4,5,4,4,2,2,2,2,3,1
117736,4,4,3,4,4,4,4,4,1,5,3,2,4
115884,3,2,2,2,3,3,3,3,3,1,4,4,3
19064,4,4,4,4,3,1,4,4,4,4,4,3,4
74920,1,1,1,1,5,5,4,5,5,4,5,4,4
30220,4,2,2,2,5,4,2,4,4,4,4,5,5
74508,2,2,2,2,5,4,5,2,2,2,2,3,4
91521,2,3,2,2,3,3,1,3,3,2,5,1,4
52922,1,1,1,3,5,1,5,5,3,3,3,1,5
39975,1,5,5,5,1,1,1,1,4,2,2,2,1
44154,1,3,0,4,3,3,3,1,1,0,1,3,1
110810,1,4,1,3,3,1,3,3,4,3,5,3,3
25373,1,1,1,3,2,1,2,2,4,5,3,3,2
18855,1,1,1,1,3,3,4,1,1,1,1,4,3
116313,3,1,3,4,5,4,3,4,4,3,4,4,2
9868,1,2,2,2,1,2,1,1,1,3,3,3,1
80916,5,5,5,5,2,4,4,4,4,4,4,4,5
87167,2,2,2,3,4,2,4,4,5,3,5,3,4
49452,5,5,5,5,3,3,5,4,4,4,5,5,5
104676,2,2,2,2,2,5,5,5,5,5,5,3,4
109455,0,0,0,5,5,0,5,5,5,3,4,3,5
31303,4,2,2,2,3,4,5,4,4,4,4,2,5
48916,2,4,2,3,3,2,3,3,5,5,4,3,3
98387,3,5,5,5,2,4,4,3,3,3,3,2,3
29043,4,1,4,4,3,4,3,3,2,4,3,4,3
43945,2,2,2,2,1,1,1,4,4,4,4,2,3
50744,1,1,1,3,2,1,2,2,2,4,3,3,2
76356,1,5,1,3,3,1,3,3,4,2,4,4,3
116027,2,4,2,1,5,2,4,5,4,1,5,3,5
24930,1,4,1,5,1,1,1,1,5,2,5,4,1
27955,2,2,2,2,3,2,3,3,4,3,4,3,3
95668,5,0,5,2,5,5,5,5,3,3,5,3,5
107275,2,4,4,4,2,3,3,2,2,2,2,2,3
33574,2,1,1,1,3,4,4,2,2,2,2,3,4
76543,3,3,3,3,3,3,3,3,4,3,4,4,3
127409,3,5,3,5,3,3,3,3,3,2,5,4,3
3006,1,1,1,1,2,5,5,5,5,5,5,4,5
12572,2,4,2,3,4,2,4,4,2,3,4,3,4
43616,4,2,2,2,4,4,4,4,5,2,3,3,4
20557,3,4,2,4,3,3,3,3,2,4,4,4,3
64189,1,1,1,1,3,5,4,4,4,4,4,5,5
73256,2,1,1,1,3,3,3,2,2,2,2,2,3
120614,3,4,3,3,2,3,2,2,1,1,4,4,2
101016,1,1,1,1,3,5,4,1,1,2,1,3,4
63131,2,2,2,2,4,3,3,2,2,3,2,2,2
29667,2,3,2,1,1,2,1,1,1,3,1,1,1
82860,0,0,0,3,4,0,4,4,4,2,4,3,4
20353,1,1,1,4,1,1,1,1,1,2,3,3,1
129605,4,0,4,2,4,4,4,4,5,3,5,4,4
100648,5,5,4,2,2,4,2,2,4,5,5,4,2
57685,2,2,2,2,4,4,4,4,5,2,5,4,4
13563,5,4,5,3,2,5,2,2,4,4,5,5,2
9912,4,4,2,4,5,4,4,3,3,4,3,5,5
102589,1,5,5,5,1,1,1,1,4,2,3,2,1
98460,2,2,2,2,3,4,5,4,4,4,5,4,5
70872,1,4,1,3,2,1,2,2,4,2,4,4,2
105568,4,4,4,4,2,4,5,5,5,5,5,5,3
27527,2,5,2,1,1,2,1,1,4,4,5,5,1
65599,2,5,5,5,2,2,2,2,1,3,4,1,2
72694,4,4,5,4,1,5,1,1,4,5,5,3,1
80009,4,4,4,4,4,4,4,4,2,3,3,4,4
113304,1,0,0,3,3,0,3,3,4,5,4,4,3
21408,4,2,2,2,4,4,4,4,2,4,1,5,4
16335,2,4,2,1,5,2,2,5,5,2,4,3,5
23886,5,5,5,5,1,2,3,5,5,5,5,5,2
68202,3,2,3,3,3,4,4,1,1,3,1,4,1
98509,2,1,2,3,2,5,3,1,2,2,3,3,3
54180,1,1,1,3,1,1,2,1,2,2,3,3,1
82722,2,4,2,3,1,2,1,1,4,5,5,5,1
45523,3,4,3,4,5,3,1,5,5,4,4,3,5
66049,3,5,2,5,3,2,3,3,1,5,4,4,3
42616,3,3,3,3,3,5,3,4,4,5,4,5,3
8057,4,4,4,4,4,5,4,4,4,4,4,3,5
24680,1,2,2,5,5,2,5,5,1,5,4,1,5
103037,1,1,3,1,4,2,3,1,1,1,1,3,4
101740,1,1,5,1,4,5,4,2,2,3,2,4,5
35107,4,5,5,5,4,4,5,4,4,4,4,2,1
79113,3,5,3,5,5,5,4,5,5,3,5,3,3
3089,4,4,4,4,4,4,4,4,3,4,5,5,4
82716,3,4,4,3,4,4,4,4,3,3,5,3,4
69859,3,4,3,5,4,3,4,4,3,2,4,5,4
100376,4,4,4,3,4,5,5,3,3,4,3,3,4
58502,4,4,4,4,5,5,4,5,5,5,5,3,3
8720,3,4,3,5,2,3,2,2,4,2,4,4,2
17103,3,5,3,5,1,3,1,1,4,4,4,4,1
93660,3,3,3,2,2,3,2,2,3,2,4,5,2
10176,0,0,0,3,2,5,4,4,4,4,4,4,5
30721,3,5,3,4,5,3,5,5,4,3,3,5,5
90294,5,5,5,5,3,5,2,4,4,5,4,4,2
38698,2,2,2,4,1,2,1,1,4,4,3,2,1
50720,4,5,4,4,4,4,4,4,4,3,5,3,4
55863,1,5,1,2,4,1,3,1,1,1,1,3,4
92136,1,1,1,3,2,1,2,2,4,4,4,3,2
87907,4,4,4,4,2,5,5,5,5,5,5,3,5
34658,2,1,1,2,1,1,1,1,4,5,4,3,1
41971,3,2,3,3,3,3,5,3,2,2,2,2,3
14729,3,1,3,2,2,3,2,2,4,5,2,3,2
124243,5,5,5,5,5,5,5,5,2,3,1,1,5
737,3,3,3,3,3,5,5,4,4,4,5,5,3
37688,2,5,2,1,4,2,4,4,1,4,4,1,4
51986,5,3,3,3,5,5,5,5,3,3,2,5,5
12362,2,4,4,4,2,2,2,2,4,5,3,1,2
95360,2,4,2,4,3,2,3,3,4,4,4,3,3
1621,3,3,3,4,4,3,4,4,3,3,5,5,4
90330,2,2,2,2,3,4,5,4,4,4,4,4,4
65875,5,5,4,1,3,4,3,3,3,5,5,4,3
70126,4,4,5,4,4,5,5,5,5,5,5,5,3
17092,2,5,5,5,2,2,2,1,2,4,4,2,2
109236,3,5,3,1,4,3,4,4,4,3,5,3,4
59281,1,1,1,1,5,4,4,5,3,5,4,4,4
124179,1,1,1,1,3,3,4,4,4,4,4,5,4
60331,2,5,5,5,4,3,4,2,2,2,2,2,2
53827,1,3,3,3,5,3,4,1,1,1,1,3,2
39824,2,1,2,3,4,2,4,4,3,2,3,2,4
8986,2,3,3,3,4,3,4,4,5,1,3,3,4
96542,1,5,1,1,5,1,4,5,5,2,4,3,5
9858,3,4,3,4,4,3,4,4,4,2,4,5,4
31161,2,5,5,5,5,3,2,2,2,2,2,2,2
56853,1,3,1,1,1,4,4,5,4,4,2,4,4
109619,2,2,2,2,4,4,5,5,5,5,5,4,3
46271,3,5,3,2,3,3,3,3,5,3,5,3,3
107020,2,2,2,2,2,2,2,3,1,4,3,2,2
13017,3,5,5,5,2,4,3,3,3,3,3,1,1
12575,3,2,3,3,5,3,5,5,1,4,3,2,5
50538,1,4,1,3,4,1,4,4,3,5,4,5,4
125626,2,2,2,2,5,5,5,5,5,5,5,4,3
80679,2,2,2,4,3,2,3,3,3,1,3,2,3
38721,3,4,4,4,3,3,3,3,3,3,3,4,4
117117,4,1,4,3,1,4,1,1,1,2,3,3,1
65724,2,4,4,4,2,2,3,2,2,2,2,3,4
109148,1,5,1,2,4,1,4,4,5,5,4,5,4
68998,4,4,4,3,4,4,4,5,2,4,4,4,4
123318,1,2,2,2,1,1,3,1,4,3,3,4,1
58104,3,5,3,5,4,3,4,4,3,2,4,5,4
68767,3,4,4,4,3,3,3,3,1,1,3,3,3
124491,5,5,4,5,3,5,5,4,4,4,4,3,5
95621,3,4,3,3,2,5,5,3,3,3,2,3,3
69830,2,2,2,2,5,4,4,4,4,4,4,5,5
13615,2,4,2,1,5,2,5,5,4,4,4,5,5
50081,2,2,2,2,5,5,5,5,3,1,5,3,5
22813,4,5,5,5,4,4,4,4,2,1,4,2,4
61589,4,4,5,4,5,4,5,5,5,5,5,4,4
92005,1,1,1,1,5,4,5,5,5,5,5,5,5
2892,1,2,1,3,5,1,5,5,3,3,3,2,5
119410,2,3,3,3,2,2,2,2,1,5,2,3,2
68161,2,2,2,2,2,2,4,2,1,5,4,1,2
20431,4,5,4,3,4,4,4,4,4,5,5,4,4
42844,4,1,5,5,3,4,3,4,4,4,4,3,2
35658,4,5,5,5,4,4,4,3,2,3,1,4,4
96540,2,4,2,3,4,2,4,4,3,3,4,3,4
96473,2,0,2,4,1,2,1,1,4,2,4,4,1
119513,4,0,4,1,1,4,1,1,5,3,5,4,1
41585,2,3,2,4,4,1,3,4,4,2,3,1,3
110406,1,5,5,5,1,1,1,1,2,2,3,1,1
42931,1,5,1,4,2,1,2,2,5,3,4,4,2
96032,1,1,1,1,1,1,1,1,3,2,4,3,1
13981,5,5,5,5,4,4,5,4,4,4,4,3,3
79870,4,4,4,4,3,4,4,5,5,5,5,4,5
82338,1,4,1,4,4,1,4,4,4,2,4,4,4
122601,4,4,4,5,5,4,5,5,4,3,5,5,5
46035,4,1,1,1,4,4,4,4,4,1,1,4,4
54643,5,5,5,5,5,5,5,5,2,5,1,2,5
110256,0,1,1,2,2,1,2,2,5,4,5,3,2
113580,0,2,0,1,4,0,4,4,5,1,5,4,4
100726,3,4,3,4,3,3,3,3,3,3,4,4,3
65697,5,4,5,3,4,4,4,1,1,5,1,4,4
59259,3,3,3,3,2,2,2,4,4,3,5,2,2
72566,1,1,1,4,2,1,4,2,1,3,3,2,2
19807,4,1,1,1,1,2,5,4,4,4,4,2,5
114316,3,4,3,1,1,2,3,3,3,3,3,1,4
72936,2,2,2,2,1,2,4,1,3,3,4,4,1
91117,2,4,2,2,4,2,4,4,4,4,4,4,4
86263,2,1,2,3,2,4,4,3,4,4,4,4,4
52702,3,5,3,5,1,2,3,3,3,3,3,3,2
11801,4,4,4,5,5,4,5,5,1,1,2,3,5
108745,2,4,2,4,1,2,1,1,4,2,5,3,1
129739,0,0,0,1,5,4,5,2,2,2,2,5,4
66745,0,1,0,4,2,0,2,2,3,5,4,3,2
27991,2,3,3,3,5,3,3,2,2,2,2,2,2
60354,3,4,4,2,4,5,4,5,5,4,5,3,5
21143,1,3,2,3,1,2,4,1,1,3,3,3,1
89878,5,5,5,5,4,4,4,4,4,5,4,5,4
48772,2,1,1,1,4,3,3,2,2,2,2,2,3
38108,3,3,3,3,3,3,3,3,3,2,5,2,3
51615,3,0,4,3,3,4,3,3,4,5,1,1,3
21034,4,4,4,4,4,2,4,4,4,4,4,1,1
49698,3,5,3,3,5,3,5,5,5,1,5,5,5
129228,5,5,5,5,4,5,4,5,5,5,5,4,4
121492,0,0,0,1,4,5,5,1,1,1,1,3,3
77388,4,4,4,4,4,1,1,4,4,4,4,4,1
61372,5,5,2,5,4,5,5,4,4,4,4,3,3
128710,3,5,4,5,3,3,3,3,2,5,4,4,3
11330,1,2,1,4,3,1,3,3,2,3,3,3,3
81936,3,3,3,3,3,5,4,4,4,4,4,5,4
41234,1,4,1,1,5,1,5,5,3,2,5,5,5
106851,3,4,4,3,1,4,1,1,5,2,4,5,1
10579,1,1,1,1,4,5,5,4,4,5,4,5,3
89056,1,1,1,3,1,1,1,1,3,4,4,3,1
56689,2,2,2,1,4,2,1,2,2,2,2,2,4
70696,3,2,5,2,3,3,3,3,4,1,2,5,3
96433,2,2,2,2,2,4,5,4,4,4,4,4,3
41312,3,2,3,3,3,3,3,3,2,1,4,4,3
9984,2,5,2,4,2,2,2,2,4,4,5,5,2
78723,1,1,1,1,5,4,5,5,5,5,5,4,3
58660,3,3,3,2,3,3,3,3,1,5,4,4,3
74429,1,1,1,1,5,4,4,2,2,2,2,5,5
53893,3,4,3,4,4,3,4,4,4,3,5,5,4
22459,4,1,4,2,5,4,5,5,4,2,3,2,5
59194,1,1,1,1,2,4,5,4,4,4,4,5,4
20280,2,5,2,1,3,5,2,5,5,2,5,4,5
85839,3,4,3,4,1,3,1,1,5,4,5,5,1
43126,0,0,0,3,3,3,3,3,3,4,2,1,3
58387,5,0,5,5,2,5,4,2,3,3,4,4,2
79877,3,4,4,3,3,4,5,3,4,5,4,3,3
13673,3,1,3,2,3,5,5,1,4,2,3,5,5
56176,2,2,2,2,4,2,4,4,5,2,3,4,4
91048,3,2,3,3,5,3,4,1,1,3,1,1,1
127489,2,5,2,3,4,2,4,4,1,4,5,2,4
91962,3,2,3,3,5,3,5,5,3,3,2,1,5
21974,2,5,2,4,2,5,4,4,4,2,4,3,3
41907,0,4,0,1,3,3,4,2,2,2,2,2,4
127227,2,5,5,5,3,2,3,3,2,5,4,2,3
101840,2,3,3,3,1,2,3,2,2,2,2,3,3
32116,1,3,1,4,4,1,4,4,4,3,2,4,4
11172,3,3,0,4,2,0,2,2,2,2,1,2,2
65006,4,0,4,1,2,4,2,2,3,4,4,2,2
26080,5,1,1,1,5,5,5,5,1,3,4,3,5
49079,4,5,4,3,3,4,5,3,3,3,1,3,3
83342,2,5,5,5,4,4,4,2,2,2,2,1,4
50572,0,3,0,4,5,0,5,5,4,2,1,2,5
85310,4,1,4,3,3,4,3,3,4,4,3,3,3
5363,5,5,5,5,5,5,4,5,5,5,5,4,3
101820,3,1,1,1,1,3,3,3,3,3,3,3,1
7317,1,4,1,2,2,1,2,2,4,3,3,3,2
96293,2,5,3,4,1,3,1,1,5,3,4,4,1
69965,1,4,1,1,3,5,4,4,4,4,4,4,4
101014,1,2,2,2,2,2,2,2,2,1,2,4,2
115432,4,4,4,4,5,5,4,4,4,4,4,4,4
20915,5,5,5,5,2,2,2,2,2,2,2,5,2
122487,1,4,1,2,2,4,5,5,5,1,1,5,4
64734,3,4,4,4,1,4,4,3,3,3,3,2,3
96712,4,2,2,2,2,3,3,3,3,4,3,4,1
116041,2,0,2,1,3,2,3,3,3,2,5,4,3
119114,4,0,5,5,2,5,2,2,3,5,4,4,2
57136,2,4,2,4,5,2,3,5,2,1,3,1,5
16948,2,4,4,4,4,2,1,2,2,2,2,1,4
103433,3,5,0,4,5,0,5,5,3,2,5,4,5
75969,2,4,2,4,2,2,2,2,2,3,3,3,2
111725,2,2,2,3,2,4,4,4,3,4,5,4,4
73026,4,3,5,2,2,3,3,3,3,5,2,5,3
15727,3,4,3,2,2,3,2,2,5,2,4,4,2
26329,2,1,2,3,3,2,3,3,3,3,4,2,3
58984,2,2,2,2,3,3,5,4,4,4,4,4,3
37384,3,3,3,3,3,3,2,5,5,5,5,2,1
104941,1,1,1,1,4,4,4,4,3,3,4,3,4
19524,3,5,4,3,2,4,3,2,5,2,4,3,2
116335,3,3,4,1,2,4,2,2,3,4,3,5,2
74139,1,1,1,1,4,1,2,1,1,1,1,1,2
40989,5,5,5,5,4,3,5,4,4,4,4,5,2
72408,3,3,3,3,4,3,4,4,5,3,5,5,4
62791,5,2,5,4,5,3,3,5,5,5,5,3,4
40086,2,4,4,4,2,2,1,2,4,4,2,3,2
107544,1,1,3,1,2,4,5,2,2,2,2,5,5
82681,1,1,1,2,4,1,4,4,5,4,4,4,4
48469,2,2,3,2,5,1,3,5,5,5,5,3,5
110489,3,5,3,2,3,3,3,3,3,4,5,4,3
80921,5,5,5,5,2,5,5,4,4,4,4,5,4
121920,1,4,3,2,2,4,5,2,2,3,2,4,4
101582,4,4,4,4,2,4,4,2,2,2,2,4,4
9954,2,3,3,4,2,3,2,2,3,3,5,3,2
57493,2,2,2,2,4,4,4,4,4,4,4,3,5
69499,3,2,3,2,1,1,2,3,3,3,3,1,1
121283,2,3,2,3,5,2,1,5,2,2,3,3,5
129037,2,2,2,4,1,2,4,2,2,2,2,1,3
12764,2,4,2,3,4,4,4,2,2,2,2,4,5
7109,3,5,3,5,3,3,3,3,4,5,4,4,3
63767,2,2,2,2,5,3,5,4,4,4,4,3,3
50757,2,4,2,1,2,2,2,2,3,2,4,1,2
122978,5,5,5,5,3,5,4,5,5,5,5,3,5
86412,0,0,0,2,2,2,2,2,4,5,4,5,2
42224,4,4,4,4,4,4,4,4,2,5,1,2,4
57371,1,1,1,1,1,1,2,1,2,4,1,2,1
70847,2,5,5,5,2,2,2,2,3,5,4,1,2
5732,4,5,4,3,1,4,1,1,5,3,3,1,1
82029,3,4,3,1,2,3,1,2,4,4,4,3,2
7720,2,2,2,2,4,4,4,5,5,5,5,3,3
54558,0,5,0,5,2,0,2,2,5,4,4,4,2
35219,2,2,2,2,5,5,5,5,4,3,3,4,5
34839,2,5,2,2,2,2,2,2,4,2,1,5,2
7850,2,2,2,2,2,2,2,2,1,5,2,4,2
15066,4,4,4,3,5,4,5,5,5,4,5,3,3
44116,2,5,0,2,2,4,4,3,3,0,2,4,3
69141,3,3,3,3,4,4,4,2,2,2,2,5,4
120390,1,1,1,1,3,5,4,5,5,5,5,5,4
84076,3,3,3,3,3,3,3,1,4,3,4,3,3
81864,3,4,3,4,5,5,4,3,3,3,3,5,5
27494,5,4,4,4,4,4,3,5,5,5,5,1,3
108150,2,3,3,2,2,5,4,4,4,3,4,1,5
48161,2,2,2,2,4,4,4,4,4,2,4,2,4
7710,3,1,1,1,2,4,3,3,3,3,3,2,1
8725,2,1,2,3,4,2,4,4,1,4,3,3,4
129621,1,1,1,1,5,5,4,5,5,5,5,4,3
110195,3,3,3,5,1,3,1,1,4,3,4,5,1
60343,2,2,2,2,2,2,2,2,1,1,3,4,2
114447,3,3,3,3,3,4,4,4,4,4,4,5,5
13425,4,3,3,3,5,3,3,4,4,4,4,4,3
51588,2,4,2,5,4,2,4,4,5,5,4,2,4
14970,5,3,3,3,4,3,2,5,5,5,5,1,4
53434,4,4,4,4,5,4,5,5,3,5,5,2,5
55197,2,5,2,3,1,2,1,1,5,2,3,5,1
42997,1,1,1,1,3,1,3,2,5,3,4,3,3
27031,3,4,4,4,3,3,3,3,4,2,4,5,3
75613,2,4,2,3,1,2,1,1,5,3,5,3,1
75917,4,4,4,4,2,4,4,5,5,5,5,3,3
4145,3,3,3,3,4,3,4,4,2,1,3,4,4
88212,1,1,1,1,2,5,5,5,5,5,5,5,4
74832,5,5,5,5,2,4,5,2,2,2,2,4,4
127419,3,1,3,3,2,3,2,2,2,5,3,1,2
87262,3,3,3,3,3,3,3,3,2,2,3,4,3
37769,4,4,4,4,4,4,4,4,1,5,5,3,4
106736,5,5,5,5,5,4,5,5,5,5,5,4,3
91736,4,1,1,1,4,4,4,4,3,1,3,3,4
97258,5,4,5,3,5,5,5,4,4,5,4,3,3
93246,3,4,3,1,3,5,5,4,4,3,4,4,3
60681,1,1,1,1,5,4,4,5,5,5,5,4,5
32122,4,4,4,4,3,2,5,5,5,5,5,3,2
104744,3,3,3,4,2,3,2,2,2,2,4,2,2
123668,3,3,3,1,3,3,3,3,5,2,5,3,3
35642,3,4,4,4,3,3,3,4,5,3,2,3,3
31917,1,4,1,3,4,1,5,4,2,4,3,1,4
47857,5,2,1,2,5,5,5,5,3,1,4,5,5
1487,4,4,4,4,2,4,4,5,5,5,5,4,3
126367,3,2,3,4,3,3,2,3,4,2,3,4,3
17668,3,3,3,5,5,3,5,5,3,2,5,5,5
84527,1,1,1,1,5,5,4,4,4,4,4,3,5
10353,3,3,3,3,5,5,5,5,4,3,4,4,5
115489,4,5,5,5,4,3,3,4,4,4,4,4,2
101061,2,2,5,2,2,5,4,5,5,5,5,4,5
126624,4,4,4,4,5,5,5,5,5,2,4,3,5
56816,5,5,5,5,4,4,4,4,4,5,5,5,4
56907,1,1,2,1,5,5,5,4,3,3,5,5,5
16454,2,3,3,4,5,3,3,5,1,1,4,3,5
98191,3,1,3,3,3,3,3,3,3,3,3,2,3
47513,4,3,4,4,4,4,4,4,2,4,4,1,4
61657,2,5,2,3,4,2,4,4,4,2,4,5,4
107070,1,1,1,4,5,1,5,5,2,1,3,3,5
96882,3,5,3,3,1,3,1,1,5,3,3,1,1
120713,2,1,4,1,3,2,3,3,4,5,4,4,3
43177,5,4,4,4,5,5,5,5,5,2,5,3,5
92968,3,5,3,2,2,3,2,2,5,1,3,2,2
103474,3,3,3,2,1,3,1,1,5,4,5,5,1
98479,3,2,5,2,3,4,3,3,3,3,3,4,2
112777,4,5,4,2,5,4,5,5,5,5,5,5,5
100150,4,4,4,4,5,4,5,5,1,5,4,4,5
120716,2,2,2,2,3,5,4,5,5,5,4,4,5
129002,2,2,2,2,4,5,5,3,4,3,4,5,5
72253,5,5,5,5,5,4,5,5,5,5,5,3,3
24078,3,2,3,4,5,3,3,5,3,4,4,1,5
33345,1,1,1,1,4,5,3,5,5,5,5,5,1
70459,3,3,4,3,2,5,5,4,4,4,4,4,3
5819,3,5,3,3,5,3,5,5,3,4,5,4,5
105668,2,1,1,1,4,3,4,2,2,2,2,1,1
7594,3,3,2,3,3,4,5,2,2,2,2,4,3
43403,4,3,4,3,2,4,3,2,5,5,3,1,2
128393,2,4,4,4,2,2,2,2,4,1,4,1,2
57756,2,2,3,2,4,4,4,5,3,4,4,4,4
117824,4,0,4,3,4,4,4,4,5,5,3,4,4
10219,1,1,1,1,4,4,5,4,4,4,4,4,4
96840,5,5,5,5,4,5,5,5,5,5,5,4,5
61646,3,3,3,3,3,5,5,4,4,3,4,3,3
74599,4,4,4,3,2,4,2,2,2,4,3,3,2
126293,3,4,3,2,5,5,4,4,4,3,4,4,3
49963,1,2,2,2,2,3,3,1,1,1,1,3,3
126427,3,5,5,5,3,3,1,3,3,5,4,2,3
97183,2,4,3,2,2,3,4,2,5,5,5,3,2
81871,3,5,3,3,2,4,4,5,5,5,5,4,4
89573,1,5,1,2,5,1,5,5,5,2,4,5,5
2747,1,1,1,4,5,1,5,5,1,5,3,1,5
54791,1,5,1,1,3,1,3,3,3,4,5,4,3
66836,2,2,2,2,1,3,4,2,2,2,2,1,2
109755,2,2,2,2,3,5,5,4,4,4,4,4,5
1934,1,5,5,5,5,3,3,1,1,1,1,3,3
95677,0,0,0,1,5,4,5,4,4,1,1,3,3
46697,1,3,1,1,3,1,2,3,4,4,5,2,3
50994,1,5,1,3,2,1,2,2,2,4,5,2,2
6062,1,4,1,1,1,5,5,3,4,4,5,5,5
83067,3,2,2,2,1,2,2,3,3,3,3,1,2
35305,4,2,2,2,1,5,4,4,4,4,4,1,5
25673,1,4,1,4,1,1,5,1,4,3,4,3,1
13996,2,5,5,5,2,2,2,2,1,1,3,2,2
22939,4,4,4,4,5,5,5,5,5,5,5,1,3
102176,2,2,2,3,4,2,4,4,5,3,4,3,4
71051,3,3,2,3,2,2,1,3,3,3,3,1,2
3193,2,2,2,2,5,4,5,5,2,2,2,5,5
115726,2,2,2,4,2,2,4,2,2,4,4,2,2
2365,2,4,4,4,2,2,2,2,3,5,4,3,2
89233,5,5,5,5,2,4,5,4,4,4,4,4,4
79682,4,4,4,5,2,4,2,2,3,3,5,4,2
101911,1,2,1,4,4,4,4,1,1,1,1,4,3
73017,1,2,1,4,1,1,1,1,1,2,3,4,1
23353,1,1,1,3,1,1,4,1,3,1,3,4,1
29926,0,0,0,1,4,1,1,4,3,2,5,1,4
120896,1,1,1,1,2,5,5,4,4,4,4,5,5
46547,4,4,4,4,5,1,4,4,4,4,4,4,1
3163,0,5,0,3,3,5,4,1,1,0,2,4,3
65378,2,2,2,2,2,3,2,4,4,4,4,1,4
16600,5,5,5,5,5,5,5,5,1,4,4,4,5
109263,3,3,3,1,4,3,4,4,4,4,5,5,4
101261,4,5,5,4,5,1,1,5,2,4,5,1,1
69907,2,2,2,1,2,2,2,2,3,3,3,4,2
2017,3,1,3,3,5,4,4,5,5,5,5,5,4
18182,5,5,5,5,5,5,5,5,5,2,4,5,5
98550,3,2,2,2,3,3,3,3,1,3,4,3,3
5091,3,3,3,3,3,4,1,5,5,5,3,5,1
39639,1,4,1,1,5,1,5,5,5,2,4,3,5
25720,4,5,5,5,1,3,4,2,2,2,4,4,3
77214,3,4,3,4,5,4,5,4,4,3,4,5,4
31819,3,3,3,3,5,5,5,3,4,4,4,5,5
79104,3,4,3,2,1,3,1,1,5,3,3,5,1
70130,4,4,4,4,4,4,4,4,4,2,5,4,4
100213,2,2,5,2,4,4,5,4,4,4,4,5,4
64208,2,5,2,2,3,5,4,4,4,4,4,4,4
101294,3,5,3,3,1,3,1,1,3,2,4,4,1
11452,2,2,2,2,4,4,4,5,5,5,5,5,3
82951,2,2,2,2,2,4,5,5,5,5,5,3,4
46413,4,2,2,2,4,4,4,4,1,4,1,4,4
89593,1,1,1,1,4,5,4,3,3,2,3,3,3
2659,2,2,2,2,3,5,4,2,2,2,2,5,4
41480,5,5,5,1,4,5,4,4,5,3,1,2,4
114696,3,3,3,3,3,5,4,4,4,4,4,3,3
43988,0,0,0,2,4,5,2,3,3,1,1,4,5
114248,2,2,2,3,1,2,1,1,2,4,3,1,1
110227,2,2,2,2,5,5,5,5,5,5,4,3,5
38102,3,3,3,3,1,3,1,1,4,2,4,4,1
111294,1,1,1,1,2,1,2,2,4,5,3,4,2
18065,4,4,4,4,5,4,5,5,1,2,1,4,5
83801,1,1,4,1,2,5,5,2,2,2,2,4,4
1043,5,2,5,2,5,5,5,5,4,5,5,2,5
46717,3,5,3,1,3,2,1,1,1,3,1,4,5
116903,2,2,2,2,5,5,5,5,5,5,5,3,5
121602,3,5,3,1,3,3,3,3,5,3,4,3,3
20501,4,0,4,1,3,5,5,4,4,4,4,5,3
11598,2,5,2,5,2,1,2,2,4,2,4,2,2
113037,5,5,5,5,2,4,5,5,5,5,5,5,4
18162,3,1,5,4,2,5,2,2,4,3,4,1,2
10240,5,5,5,4,5,5,5,5,5,3,4,5,5
49198,3,3,3,3,5,4,4,4,4,4,5,5,4
4036,3,3,3,3,4,2,1,5,5,5,5,2,5
65112,2,5,2,4,4,2,4,4,3,4,5,4,4
14966,1,1,2,1,4,1,5,3,3,3,3,3,3
83442,3,4,3,3,3,3,3,3,4,2,3,4,3
34468,5,5,5,5,1,3,1,5,5,5,5,3,4
23865,1,4,1,2,5,1,5,5,4,3,4,4,5
93079,5,5,5,5,4,4,4,4,4,4,4,3,5
112604,2,3,3,3,2,2,2,2,3,1,4,2,2
97855,1,1,1,1,5,5,5,4,4,4,4,4,5
78702,2,4,2,2,4,4,5,4,4,4,4,5,4
126516,3,3,3,3,4,4,3,3,3,3,3,4,2
60444,3,3,3,4,2,3,2,2,3,4,4,4,2
102529,1,5,2,3,3,2,3,3,5,4,1,2,3
125632,4,4,4,4,5,4,4,3,3,4,3,3,4
67640,4,4,4,4,2,4,4,5,5,4,5,3,3
95975,4,4,4,3,5,4,5,5,4,5,4,4,5
86935,2,5,2,3,2,2,2,2,3,5,4,4,2
2679,3,3,3,5,3,3,4,1,1,3,1,2,5
33441,4,4,4,1,4,3,2,4,4,3,5,2,2
14240,4,4,4,2,3,4,3,3,2,3,3,3,3
74065,1,1,1,1,3,4,4,5,5,5,5,5,4
88602,2,5,2,3,3,2,1,3,3,3,4,5,3
67955,3,3,3,3,5,5,5,5,4,3,4,4,5
22073,3,4,3,5,3,4,5,4,4,3,4,4,4
77732,1,5,5,5,2,4,4,1,1,1,1,4,1
88673,1,3,1,5,2,1,2,2,5,5,4,2,2
127569,3,3,3,4,5,3,5,5,2,4,4,2,5
67281,3,4,3,4,2,3,2,2,3,3,4,1,2
77253,4,5,4,3,3,4,3,3,5,3,4,5,3
97425,1,1,2,4,4,4,3,2,2,2,2,1,2
87766,5,0,5,4,3,5,3,3,5,2,4,4,3
118265,3,2,4,4,4,2,3,3,3,3,3,3,2
48874,5,5,5,5,4,2,5,4,4,4,4,3,3
108135,3,4,4,4,3,3,1,3,3,5,4,2,3
10782,5,5,5,5,5,4,4,5,5,5,5,3,4
14305,3,4,4,4,3,2,3,3,3,3,3,4,1
97194,4,4,3,2,1,3,1,1,4,2,4,5,1
30322,3,2,2,2,4,2,3,3,3,3,3,2,1
26577,2,4,2,1,1,2,1,1,4,4,3,3,1
28351,4,3,4,2,4,4,4,4,4,3,5,4,4
30487,2,3,3,3,2,4,4,2,2,2,2,1,2
67445,3,5,3,3,5,3,2,5,3,4,5,4,5
7996,1,5,5,5,3,3,3,3,3,3,1,1,4
129229,5,5,3,5,3,4,5,5,5,5,5,4,5
45250,1,4,1,1,2,2,3,2,2,1,2,5,5
98767,2,4,2,5,1,2,1,1,3,2,3,4,1
69531,5,5,5,5,4,4,4,3,4,4,4,4,4
99630,4,5,4,5,4,4,3,4,3,3,4,3,4
39218,0,4,0,1,5,5,5,5,5,4,1,1,5
22572,2,2,2,2,5,3,5,4,4,4,4,3,2
110743,2,2,2,2,5,4,5,4,4,4,4,5,3
1548,4,4,4,3,3,4,3,3,1,2,5,5,3
126235,4,0,4,3,5,4,5,5,2,3,2,5,5
2530,4,4,4,4,4,5,4,4,4,4,4,3,5
101447,2,2,2,4,2,2,1,2,3,4,5,4,2
124500,1,1,4,1,3,5,4,5,5,5,5,4,5
89963,1,4,1,3,1,1,1,1,3,2,4,5,1
7705,2,4,2,1,2,2,2,2,5,4,5,4,2
112009,2,5,2,3,5,2,5,5,5,4,5,4,5
20593,5,4,5,4,5,5,5,5,3,1,2,1,5
77827,3,0,3,3,1,3,5,1,1,5,1,5,1
32854,4,3,4,3,1,3,2,5,5,4,5,3,3
111024,2,3,3,3,2,2,2,2,3,2,3,2,2
60503,4,4,5,4,3,5,3,3,3,4,5,4,3
33829,4,4,4,5,2,4,2,2,4,2,3,4,2
61893,2,2,2,2,5,4,5,5,5,5,5,3,3
112924,0,5,0,3,2,0,2,2,3,2,4,3,2
93713,1,2,1,3,3,1,3,3,3,2,3,3,3
88987,1,3,1,3,5,4,4,4,4,1,4,2,1
35022,3,5,3,2,4,3,4,4,4,3,4,4,4
58192,1,1,1,1,3,5,4,4,4,4,4,5,3
2177,4,5,3,5,4,4,4,4,4,3,4,3,4
10302,3,3,3,3,4,4,5,4,4,4,5,5,5
29611,4,1,4,4,4,4,4,4,5,5,1,4,4
43771,3,3,4,3,2,4,2,2,4,3,4,2,2
50192,3,3,3,3,3,3,3,3,3,3,5,4,3
81645,4,4,4,4,2,4,5,3,3,2,3,5,5
82343,5,5,5,5,4,5,4,2,2,2,2,4,4
65168,5,2,0,2,1,2,3,5,5,0,5,3,4
27990,4,2,2,2,4,4,3,4,1,2,5,3,4
83133,2,5,2,2,3,2,3,3,3,2,4,3,3
86794,4,4,4,4,4,4,4,4,4,4,4,3,3
95926,4,4,4,3,1,4,1,1,3,5,4,3,1
42700,1,4,4,1,5,4,5,5,5,5,4,3,5
92113,3,5,2,2,3,2,3,3,5,5,5,5,3
76735,3,4,3,2,2,3,2,2,5,3,5,5,2
89815,2,2,2,2,2,2,2,2,4,3,3,1,2
123529,5,5,5,5,4,4,4,5,5,5,5,3,4
115354,2,5,5,5,2,2,2,2,4,3,4,2,2
57018,2,1,1,3,5,1,5,5,4,2,3,2,5
71092,2,5,5,5,2,2,2,2,2,5,3,2,2
117667,2,5,2,2,2,2,2,2,3,1,4,5,2
47240,1,4,1,1,3,5,5,3,3,1,3,2,3
31634,2,2,2,2,5,4,5,5,5,1,1,4,5
88741,2,4,2,3,1,2,1,1,3,4,5,5,1
69712,2,2,2,2,3,5,4,5,5,5,5,3,5
69871,2,4,2,3,3,5,5,3,3,2,2,3,4
6346,1,3,3,3,1,2,1,1,4,2,4,1,1
84272,5,5,5,5,5,5,5,5,5,4,4,4,5
129144,4,4,4,4,4,4,4,4,3,3,5,5,4
44466,2,0,2,4,2,2,2,2,2,4,1,5,2
34742,5,2,2,2,5,4,5,5,1,3,4,3,5
20670,1,1,1,1,1,4,3,1,1,1,1,4,1
75187,1,1,5,1,4,4,4,4,3,5,4,3,4
39485,3,2,2,1,1,4,1,1,1,1,4,1,1
6094,4,1,4,4,2,3,4,5,5,4,5,2,3
103860,5,5,5,4,4,5,5,4,4,1,5,5,4
82341,4,4,4,4,3,5,5,2,2,2,2,5,5
49597,3,3,3,3,3,4,5,4,4,4,3,1,2
19364,2,4,2,2,5,4,5,5,5,5,5,4,4
95811,1,4,1,2,3,1,3,3,3,3,5,4,3
69784,5,5,5,3,3,5,3,3,3,5,4,5,3
95636,1,5,1,4,3,4,5,5,5,1,5,5,5
50263,2,3,3,3,3,2,2,3,3,5,4,3,3
122841,3,3,3,3,4,5,4,5,5,5,5,3,4
36985,2,2,2,3,5,2,2,5,2,2,4,2,5
44403,1,5,1,5,4,1,4,4,3,4,5,1,4
97735,5,5,5,5,4,4,4,5,5,5,5,4,5
101112,1,1,1,1,2,5,4,4,4,4,4,4,3
68965,3,3,3,3,4,4,4,5,5,5,5,5,5
98688,1,5,1,1,5,5,5,5,5,1,5,4,4
66588,5,5,5,5,1,5,1,1,5,3,5,4,1
46818,5,5,5,5,5,5,5,5,5,1,5,2,5
87635,2,2,2,2,2,4,4,4,4,4,4,5,5
60638,3,3,3,3,2,4,5,4,4,4,4,4,5
92863,3,3,3,3,3,5,5,3,3,3,3,4,3
4731,2,2,2,2,3,5,4,4,4,4,4,4,4
18549,0,3,0,1,3,4,5,4,4,5,5,4,2
97646,3,3,3,3,5,3,4,3,3,3,3,3,1
115526,3,1,1,1,3,3,3,3,3,2,3,2,3
36926,4,5,5,5,4,4,4,4,1,1,3,3,4
75493,1,2,1,1,3,3,5,4,4,4,4,3,3
66970,5,5,5,5,5,5,4,4,4,4,4,3,3
92158,3,4,3,1,1,3,1,1,4,3,3,3,1
37878,4,1,1,1,4,4,4,4,4,2,4,5,4
95769,2,5,2,3,5,2,5,5,4,4,4,4,5
106937,2,4,4,4,4,2,2,2,2,2,2,1,4
73767,4,5,4,2,3,4,3,3,3,4,4,3,3
120854,2,1,2,3,1,2,1,1,4,4,3,2,1
52147,2,2,2,3,4,2,4,4,2,4,3,4,4
98864,1,2,1,2,4,3,2,5,5,1,5,3,4
81519,2,2,2,2,2,4,4,5,5,5,5,5,3
46466,4,4,4,4,2,4,4,4,4,4,5,5,5
58559,1,4,1,3,4,1,4,4,5,4,3,5,4
27463,2,2,2,3,4,2,4,4,2,5,4,3,4
106304,3,3,3,3,2,4,5,4,4,4,4,3,3
33671,4,2,4,4,5,4,3,1,1,4,1,4,2
114740,2,1,1,1,2,1,2,2,3,4,5,5,2
49797,1,2,2,2,1,1,1,1,4,2,4,1,1
15107,4,4,0,5,4,0,4,4,5,3,4,3,4
45294,4,4,4,4,4,4,3,1,4,3,4,3,3
13572,3,5,3,3,3,5,5,1,1,3,1,3,4
64148,1,1,4,1,5,4,4,4,4,4,4,5,3
27410,3,4,4,4,3,4,4,3,3,3,3,1,3
80373,3,0,3,4,4,3,4,4,4,5,4,4,4
4440,1,4,1,3,4,1,4,4,5,3,4,4,4
5323,3,5,3,1,3,3,4,3,3,3,4,4,3
37427,1,1,1,2,2,1,5,2,4,5,3,4,2
43255,3,5,3,3,5,3,1,5,4,1,4,5,5
103431,2,5,2,3,2,4,5,5,5,2,5,3,3
110893,3,3,3,3,4,4,4,4,4,4,4,3,5
68306,3,5,4,2,5,5,4,2,2,4,4,4,5
124079,1,1,0,1,5,0,2,5,2,1,1,1,5
15026,2,5,2,3,2,5,5,4,4,5,5,5,5
371,4,4,4,4,3,5,5,4,4,4,4,5,5
103907,1,1,1,3,4,1,4,4,4,1,2,3,4
39014,3,5,5,5,5,1,1,3,3,2,3,3,4
18122,0,3,0,2,4,1,3,4,4,4,4,5,3
65758,3,4,3,2,4,3,4,4,4,4,5,5,4
100047,0,4,0,3,4,0,4,4,4,3,4,4,4
122461,5,5,5,5,2,4,5,5,5,5,5,5,4
98115,4,4,4,4,4,5,4,5,5,5,5,4,5
42721,2,5,2,3,4,2,2,4,3,4,4,5,4
63897,3,3,3,3,3,3,3,3,2,1,3,1,3
119689,5,5,5,3,5,5,5,5,3,2,4,3,5
70035,3,0,3,1,4,3,4,4,3,5,4,4,4
89999,2,3,2,2,2,4,4,4,4,4,4,3,4
119621,1,1,1,1,1,1,1,1,2,4,2,2,1
77786,2,2,2,4,3,2,3,3,2,5,3,3,3
32404,4,3,3,3,5,2,4,4,4,4,4,1,1
19022,1,4,1,2,1,1,1,1,5,2,4,4,1
34119,0,3,0,4,4,0,5,4,4,5,5,4,4
49477,0,0,0,1,2,0,2,2,2,1,4,4,2
125246,4,0,4,4,3,4,5,3,5,4,4,4,3
36572,5,1,1,1,5,5,5,5,1,4,4,4,5
43303,5,3,3,3,5,5,5,5,3,3,4,4,5
14237,3,3,3,3,4,5,3,5,5,4,5,5,3
12754,4,4,4,2,1,4,2,1,5,5,2,5,1
110440,4,4,4,3,5,5,4,5,5,4,5,5,5
83585,2,3,2,3,5,2,1,5,2,2,3,4,5
33736,0,4,0,2,5,5,4,2,2,0,3,3,3
79469,1,5,1,1,3,1,3,3,5,4,4,3,3
113117,3,4,3,1,4,3,4,4,3,2,4,5,4
76580,2,3,3,3,2,2,2,2,3,4,4,1,2
67439,2,1,1,1,2,3,2,2,1,4,3,1,2
104522,1,1,1,1,5,5,4,4,4,4,4,3,3
115087,3,3,3,3,5,5,4,5,5,5,5,5,3
127513,4,4,3,4,4,5,5,4,4,5,4,4,4
10431,3,3,3,3,3,5,5,4,4,4,4,4,4
25956,5,4,4,4,5,5,3,5,1,2,1,3,5
19136,2,3,3,3,3,2,3,3,4,5,2,4,3
107238,0,0,0,1,3,3,3,3,5,3,4,5,3
99549,4,4,4,3,3,4,3,3,4,2,4,5,3
96310,3,3,3,3,5,4,5,4,4,4,4,3,3
20738,5,2,2,2,5,5,5,5,3,5,4,4,5
19624,0,0,0,4,3,5,5,3,3,3,3,3,4
110822,2,4,2,3,4,4,4,4,4,2,4,4,4
129324,1,4,2,4,5,4,4,1,1,1,1,1,2
116819,0,0,0,1,5,0,5,5,3,4,5,5,5
60577,2,2,2,2,4,2,4,4,3,1,2,4,4
3066,2,3,3,3,2,3,4,5,5,3,5,1,1
36394,1,2,2,2,2,2,4,1,1,1,1,1,1
78078,2,2,2,2,3,4,4,4,4,4,5,4,5
50299,1,4,1,3,1,1,1,1,2,2,4,4,1
81800,2,2,2,2,4,5,4,4,4,4,4,4,4
16493,3,5,4,5,3,3,4,1,1,1,3,1,3
95048,2,5,2,4,1,2,5,5,5,2,3,5,3
93697,4,4,4,4,4,4,4,4,1,3,4,3,4
87717,1,1,1,1,3,4,4,5,5,5,5,3,3
21300,2,4,2,1,3,4,5,5,5,2,5,3,4
111247,1,1,1,3,2,1,2,2,4,3,3,5,2
23920,2,1,2,3,4,4,3,5,5,2,5,3,1
14002,3,5,3,2,1,3,1,1,5,4,5,4,1
29227,5,2,2,2,3,5,1,5,5,5,5,2,2
78212,3,1,3,3,4,3,2,3,3,3,3,4,1
99926,4,4,4,4,5,5,4,2,2,2,2,3,3
124631,1,5,1,3,2,1,2,2,5,4,2,4,2
88370,1,1,1,1,5,4,4,3,3,3,3,3,3
97892,5,5,5,5,3,3,3,3,4,3,5,4,3
29182,4,0,4,4,2,4,4,2,2,5,1,5,2
85647,1,4,3,4,1,1,1,1,4,3,3,4,1
82785,1,1,1,3,3,1,3,3,2,3,3,3,3
35375,2,3,3,3,4,3,4,2,2,2,2,1,2
54503,2,2,2,3,5,2,5,5,3,1,5,3,5
84154,3,4,3,4,1,3,1,1,2,3,3,4,1
32559,4,1,4,1,5,2,3,4,4,4,4,1,5
113609,2,5,2,3,3,2,1,3,1,2,2,2,3
39043,3,5,3,4,5,3,1,5,5,5,5,3,5
115175,3,3,3,3,2,5,5,5,5,5,5,3,5
37815,2,4,2,3,4,5,5,3,3,2,3,5,5
1807,4,4,4,4,4,3,2,4,4,4,4,1,3
105244,3,4,4,4,3,3,3,3,4,1,4,1,3
18845,1,1,1,1,4,3,2,3,3,3,3,5,3
31177,5,5,5,5,4,3,2,4,4,4,4,3,3
119224,4,3,4,3,2,4,2,2,3,5,3,1,2
77942,3,3,3,3,4,5,5,4,4,4,4,4,4
112956,3,3,3,3,3,4,4,1,1,3,1,2,4
104663,5,5,5,5,4,5,4,4,3,2,5,5,4
25964,2,2,2,1,2,2,2,2,4,1,2,5,2
20417,1,1,1,1,5,3,3,1,1,1,1,4,4
122343,2,2,2,2,2,4,5,5,5,5,5,3,3
43489,2,2,2,3,2,2,2,2,2,5,3,1,2
108340,4,4,4,4,3,3,3,3,4,2,5,3,3
67924,3,4,4,2,5,4,1,5,4,2,5,3,5
82611,4,4,4,4,4,4,4,4,1,3,4,2,4
52176,1,3,1,4,2,1,2,2,5,5,5,2,2
47680,4,4,3,3,1,3,1,1,3,2,5,3,1
16747,3,3,3,3,1,2,3,4,4,4,4,5,4
80488,2,2,2,4,5,2,3,5,2,4,4,2,5
3498,3,5,3,4,3,3,3,3,3,4,5,4,3
81606,3,4,3,4,3,3,2,3,1,4,4,3,3
121246,2,2,2,2,2,2,2,2,2,3,3,2,2
63621,1,5,1,1,5,4,5,3,3,1,3,4,4
117518,1,1,1,1,5,4,4,4,4,4,4,4,5
112819,4,4,4,5,3,4,3,3,3,2,5,5,3
104970,3,3,3,3,5,5,5,4,4,4,4,4,3
70129,3,2,4,2,4,3,3,3,3,3,3,3,3
93895,1,4,1,4,3,3,3,2,2,1,2,3,4
15497,5,4,5,3,1,5,1,1,3,2,5,5,1
8021,1,1,1,1,3,4,4,5,5,5,5,3,3
108241,1,1,4,1,5,5,5,5,5,5,5,4,5
105943,2,1,2,1,1,2,1,2,2,2,2,3,3
66096,2,5,2,3,2,2,2,2,4,5,5,3,2
95843,3,3,3,3,3,4,4,4,4,4,4,4,3
129281,2,2,2,2,3,2,3,3,4,5,4,3,3
47301,4,4,4,4,4,3,3,5,5,5,5,2,2
96927,1,1,5,1,5,5,4,4,4,4,4,4,4
116699,2,1,2,3,2,2,2,2,1,2,2,1,2
78034,2,5,2,3,3,5,4,4,4,2,4,5,4
28862,4,4,3,4,4,4,4,4,4,2,1,1,4
59197,5,5,5,5,2,5,4,5,5,4,5,4,5
29381,5,5,5,5,4,4,4,4,1,4,3,4,4
77345,1,1,5,1,4,5,5,2,2,2,2,4,5
5634,3,3,3,4,5,3,4,5,3,4,3,2,5
30849,1,1,1,1,3,4,3,3,5,4,2,3,3
32159,5,5,5,5,1,2,4,4,4,4,5,4,5
77003,2,5,5,5,1,4,4,2,2,2,2,2,3
48473,1,4,4,4,3,3,4,1,1,1,1,4,2
58957,4,4,4,4,5,3,5,4,4,4,4,5,4
18633,3,5,0,1,3,4,4,1,1,0,1,3,4
78925,4,4,4,4,4,4,5,4,4,4,4,3,4
584,1,1,1,3,2,1,2,2,3,1,4,1,2
28683,4,3,4,4,4,4,3,3,3,4,3,3,2
118946,4,4,4,4,4,4,5,4,4,4,4,3,4
51238,3,5,5,5,3,3,3,3,1,1,1,3,3
93759,1,2,1,3,2,1,2,2,4,4,3,4,2
92489,2,1,3,1,2,2,2,2,1,3,3,4,2
99282,3,4,1,4,3,3,3,3,2,4,4,4,3
31192,1,1,1,1,3,4,3,4,4,4,4,4,3
113153,1,1,1,4,4,1,4,4,5,2,4,3,4
94204,0,5,0,4,4,5,5,4,4,4,4,5,3
100842,1,4,4,4,5,3,3,1,1,1,1,1,1
55943,5,5,5,5,2,4,5,3,3,3,3,5,4
88580,2,5,2,5,1,2,1,1,3,3,5,4,1
64608,4,5,5,4,4,4,4,4,5,3,5,5,4
88369,1,1,1,4,4,1,4,4,2,5,4,1,4
74489,3,3,3,3,5,4,5,5,5,5,5,4,4
108855,3,5,3,4,3,3,3,3,4,2,5,5,3
66542,0,0,0,2,4,4,4,5,5,5,5,4,4
102522,2,5,2,5,4,2,4,4,3,2,4,3,4
116166,2,4,2,2,3,2,3,3,3,5,5,3,3
81179,2,2,2,2,3,4,5,5,5,5,5,4,4
117503,2,4,2,2,4,5,5,4,4,2,1,4,5
80515,3,4,3,4,3,2,2,4,1,3,4,2,2
64841,2,2,2,2,3,4,4,5,5,5,5,4,4
78590,1,1,1,1,4,4,5,4,4,4,4,4,3
615,0,4,0,2,4,5,5,2,2,2,2,5,5
112434,2,2,2,3,3,2,3,3,5,5,4,5,3
127000,0,2,0,5,5,0,5,5,3,2,5,3,5
33150,4,2,4,4,5,4,4,1,1,4,1,4,4
102594,1,1,1,1,3,1,3,3,5,5,1,5,3
112672,3,3,3,3,2,5,5,4,4,5,4,3,5
79271,0,0,0,4,0,1,1,3,3,4,5,1,1
22234,4,4,4,4,5,5,5,5,5,2,5,3,5
80654,5,5,5,4,5,5,5,5,4,3,5,5,5
28251,4,3,3,3,2,1,2,4,4,4,4,1,1
97572,3,4,3,4,2,3,2,2,4,1,3,1,2
66075,1,5,1,4,1,1,1,1,3,2,5,3,1
57381,4,3,4,2,5,4,5,5,1,4,5,5,5
87757,4,0,4,2,5,4,5,5,4,3,5,5,5
69213,1,1,1,1,5,5,5,5,5,5,5,4,5
51551,5,4,4,4,5,5,4,5,5,4,2,5,5
99216,1,1,1,1,5,4,5,5,5,5,4,4,5
25865,1,1,1,4,2,1,2,2,5,2,4,1,2
102890,4,4,4,3,1,4,1,1,4,5,4,4,1
67473,3,2,3,3,4,3,4,4,4,4,4,2,4
85567,0,0,0,4,3,3,3,3,3,5,4,4,3
8185,3,1,3,2,4,3,4,4,3,2,2,1,4
5974,3,5,3,3,2,5,4,2,2,3,2,5,5
98206,4,0,4,3,5,4,5,5,3,4,5,5,5
16903,2,4,2,4,5,2,5,5,4,5,4,4,5
12729,5,1,5,3,3,5,3,3,4,2,4,2,3
104222,3,1,1,1,1,4,4,3,3,3,3,1,2
32408,5,3,3,3,2,3,4,5,5,5,5,4,1
51093,2,2,2,4,2,2,2,2,3,1,3,4,2
71816,2,2,2,2,5,5,5,5,5,5,3,3,5
125047,3,4,3,1,1,3,1,1,5,2,4,5,1
47273,5,5,5,5,5,5,4,5,5,5,5,3,2
117632,3,1,3,3,4,3,4,4,4,3,4,2,4
41921,3,3,3,3,3,3,3,3,2,2,2,3,3
123870,2,5,5,5,4,2,3,2,2,2,2,1,4
127043,3,3,3,3,3,3,5,3,4,2,4,3,3
19647,4,3,5,2,4,5,4,4,4,1,1,1,4
94863,1,5,1,1,4,4,4,4,3,4,5,4,4
121934,1,3,1,3,3,1,3,3,1,4,2,2,3
66775,3,2,3,4,3,3,3,3,1,3,3,2,3
121129,1,1,1,1,2,3,5,5,5,5,5,4,3
6761,4,4,4,4,5,4,5,5,5,5,5,3,3
1390,3,4,3,3,1,3,1,1,3,5,4,5,1
127541,2,2,2,4,5,2,5,5,4,3,4,2,5
96224,2,4,4,4,2,2,2,2,3,5,4,2,2
122870,0,4,0,1,5,0,5,5,3,2,4,4,5
5400,3,1,2,3,4,2,4,4,3,2,3,2,4
78768,3,4,2,2,1,4,4,3,3,2,3,2,3
7168,0,5,0,4,2,4,4,1,1,1,1,3,5
46761,4,4,4,4,4,3,2,4,4,4,4,3,2
66923,1,1,3,1,5,5,5,3,3,4,3,4,4
110241,2,2,2,2,4,5,5,5,5,5,5,4,5
79430,1,3,1,1,2,1,2,2,1,2,3,1,2
5948,2,4,2,2,2,2,2,2,4,5,5,5,2
85288,4,1,4,4,5,4,5,5,4,1,3,3,5
50896,1,4,4,3,3,4,3,3,5,5,5,4,3
80927,3,4,3,4,2,3,2,2,1,3,3,1,2
63198,5,5,5,5,4,4,5,4,4,4,4,5,4
73569,2,2,2,2,4,3,3,2,2,2,2,1,4
58189,3,3,3,1,4,3,4,4,4,2,5,3,4
8891,2,4,2,4,3,2,5,3,4,1,3,4,3
24901,2,2,2,2,1,4,3,2,2,2,2,2,1
36539,5,1,1,1,5,5,5,5,2,5,4,2,5
114170,2,2,2,2,4,4,4,4,4,4,4,3,4
113479,1,2,2,2,1,2,3,1,1,1,1,2,4
79285,5,5,5,5,4,4,4,5,3,5,5,4,4
30131,3,4,3,3,4,3,4,4,2,4,2,1,4
72611,1,1,1,3,2,4,4,2,2,1,2,3,3
112254,2,2,2,2,1,1,3,2,2,1,2,3,3
41269,5,1,5,3,5,5,5,5,3,1,3,3,5
121912,3,4,3,2,3,5,4,5,5,3,5,3,3
16801,1,1,1,4,3,1,2,3,3,3,4,1,3
121531,2,2,2,2,4,4,4,4,5,5,5,5,4
75523,2,2,3,2,2,5,5,4,4,4,4,4,5
47577,1,1,1,1,4,5,5,5,5,5,5,4,4
93836,3,3,3,3,3,3,3,3,2,4,3,2,3
90814,2,2,2,3,1,2,1,1,4,3,4,4,1
22043,1,5,5,5,1,1,1,1,1,2,3,2,1
68345,1,2,2,2,1,1,1,1,4,2,4,2,1
22262,3,5,3,2,2,3,2,2,3,5,2,2,2
54331,4,4,5,3,4,5,4,4,5,5,5,3,4
68469,4,4,4,1,1,4,1,1,4,5,5,3,1
49177,0,0,0,1,3,1,3,3,3,3,3,3,1
37113,2,2,2,4,4,2,4,4,5,5,1,4,4
92995,2,5,2,5,5,5,5,4,4,2,4,4,4
59399,1,2,1,3,5,1,5,5,2,4,3,3,5
20156,1,1,1,1,5,5,5,5,3,1,3,2,5
86828,3,3,3,4,3,3,3,3,4,1,4,2,3
110152,1,1,1,1,2,5,1,2,2,2,2,4,5
31568,5,5,5,1,4,5,4,4,2,3,3,5,4
69136,4,3,4,4,5,4,4,3,3,3,3,5,5
4435,5,5,5,5,4,4,4,4,3,3,2,2,4
102715,3,5,3,5,5,5,5,1,1,3,1,3,4
100803,3,5,4,3,1,4,1,5,5,4,5,3,1
75000,1,5,1,3,4,1,4,4,5,4,3,4,4
45525,0,4,0,3,1,4,1,1,3,2,5,3,1
3255,3,3,3,3,5,5,4,4,4,4,4,3,3
37532,2,2,2,2,2,4,3,2,2,2,2,4,4
64037,1,0,1,1,1,1,1,1,5,3,4,4,1
119795,2,2,2,4,2,2,2,2,3,3,5,5,2
11278,5,1,5,3,4,3,3,2,2,5,4,3,4
99726,2,2,2,2,3,5,4,4,4,4,4,4,3
99608,3,2,2,2,3,3,3,3,2,1,3,4,3
1847,1,5,1,2,4,1,4,4,5,2,4,4,4
55956,2,2,2,2,5,3,4,5,5,5,5,4,4
56666,0,3,0,2,3,0,3,3,3,3,2,2,3
68273,1,1,1,1,2,4,4,5,5,5,5,4,4
73375,3,3,3,3,1,3,1,1,2,1,3,2,1
30416,5,1,1,1,5,5,5,5,3,5,1,3,5
62701,2,2,2,2,4,4,4,3,5,4,5,4,4
19111,2,3,3,3,2,2,2,2,2,3,4,3,2
91898,2,2,2,2,4,4,4,5,5,5,5,5,3
109759,1,4,1,1,5,1,5,5,4,2,4,5,5
69762,3,4,3,1,4,3,4,4,3,2,5,3,4
127879,2,5,1,2,4,1,4,4,3,2,5,4,4
50497,5,4,5,4,5,4,5,1,1,5,1,5,4
41825,1,2,1,3,3,1,3,3,2,3,4,4,3
115239,5,5,5,5,3,4,4,5,5,5,5,3,4
82628,3,1,3,3,5,3,4,1,1,3,1,1,4
21472,2,2,2,2,2,2,2,2,2,2,2,3,4
93106,4,4,4,4,4,4,4,4,5,3,4,4,4
57579,3,3,3,3,3,4,4,3,3,4,3,3,4
8900,1,4,1,1,3,5,4,3,3,1,3,3,3
56645,2,3,3,3,3,2,1,2,2,2,2,4,3
54624,4,3,3,3,4,4,4,4,2,5,1,1,4
41428,3,4,3,3,2,3,2,2,3,3,3,1,2
110901,3,4,4,4,3,3,3,3,1,4,2,2,3
125853,3,3,3,3,1,3,1,1,5,3,4,4,1
64223,5,5,5,5,5,5,4,5,5,5,5,4,5
115924,5,4,4,4,5,5,5,5,4,2,1,5,5
47099,3,5,3,1,5,4,5,4,4,3,4,5,3
55477,5,5,1,5,2,5,5,4,4,4,4,4,5
62726,1,2,1,1,5,5,5,3,4,3,4,5,5
39386,3,3,3,3,4,4,4,4,2,5,4,1,4
12591,3,3,3,3,3,3,3,3,1,2,3,2,3
5866,2,2,2,2,5,4,5,5,4,3,4,5,5
80829,1,1,1,1,1,1,1,1,1,5,4,3,1
19512,1,4,1,4,4,1,2,4,3,4,4,4,4
21777,0,0,0,4,5,5,5,4,4,4,4,5,3
79187,2,5,2,4,2,3,3,4,4,4,5,3,3
24183,4,0,4,1,3,4,3,3,4,5,2,4,3
2063,1,2,2,2,5,4,3,1,1,2,1,2,1
118366,1,4,4,4,1,1,1,1,3,3,1,4,1
74304,4,4,4,4,5,4,4,5,5,5,5,4,4
25610,3,0,3,4,4,3,4,4,2,2,2,1,4
110685,4,2,4,3,1,2,2,4,4,4,4,4,4
127800,3,4,4,4,4,3,3,3,3,3,3,4,4
88225,4,4,4,4,4,4,5,4,4,4,4,3,5
1903,2,2,2,2,4,5,4,4,4,5,4,4,3
2940,3,2,3,3,2,3,2,2,3,2,4,2,2
104635,2,5,2,3,2,2,2,2,5,2,5,4,2
80375,4,5,3,3,4,3,2,4,4,4,4,4,3
116074,3,4,3,4,3,3,3,3,5,4,5,3,3
41485,4,4,4,4,4,4,4,4,2,1,4,5,4
46135,5,3,3,3,5,5,5,5,5,4,1,5,5
43243,1,1,1,1,4,4,4,3,3,3,3,4,5
9366,1,5,5,5,1,1,1,1,4,3,3,1,1
93455,3,2,3,3,1,4,4,1,1,3,1,2,1
51713,3,3,3,3,5,5,5,5,5,4,1,5,5
47762,4,5,5,5,5,4,5,5,5,5,3,3,5
65411,1,1,1,1,5,4,5,5,4,2,4,4,5
58958,1,1,1,1,4,4,5,5,5,5,5,3,5
116785,2,2,2,2,2,3,3,5,5,2,5,2,3
65723,2,2,2,3,1,2,1,1,4,3,3,4,1
78597,3,3,3,2,4,3,4,4,4,3,3,5,4
32857,2,5,2,4,5,2,5,5,2,3,4,2,5
76586,4,1,1,1,4,4,4,4,3,3,4,4,4
33273,1,5,1,4,4,5,1,5,5,1,4,2,2
108522,2,4,2,3,3,2,3,3,3,5,4,3,3
60492,1,5,1,1,3,1,3,3,3,4,5,3,3
93591,3,4,3,2,4,3,4,4,4,5,5,4,4
99545,5,5,5,3,1,5,1,1,3,2,4,4,1
44806,1,1,1,1,5,5,5,5,3,3,1,4,5
1365,1,1,1,1,3,5,4,4,4,4,5,4,3
102077,0,5,0,2,5,4,4,3,3,3,3,3,5
53955,2,2,2,3,4,2,4,4,2,3,3,3,4
112276,3,5,3,2,1,3,1,1,4,4,5,5,1
14036,3,5,3,3,1,3,1,1,5,4,5,5,1
20318,2,2,2,4,4,2,4,4,5,4,5,5,4
56929,2,2,2,2,2,2,2,5,3,5,5,2,2
52067,4,4,2,4,4,4,4,4,5,1,3,2,4
99497,2,4,2,4,3,2,2,3,4,3,5,4,3
12149,5,2,2,2,4,5,5,5,5,5,5,4,4
49579,4,4,4,4,4,4,4,4,1,1,1,2,4
7891,2,2,2,3,4,3,5,3,3,2,3,3,4
110759,2,2,2,2,1,2,1,1,5,5,4,4,1
26081,1,1,1,1,1,3,1,5,5,5,5,4,1
56280,2,2,2,3,2,2,2,2,2,1,2,1,2
20250,5,0,5,2,2,5,4,2,5,3,3,4,2
50517,2,5,2,1,2,3,3,1,1,2,1,5,4
45029,1,1,1,3,3,1,3,3,4,1,3,4,3
16645,2,1,2,3,4,2,4,4,1,1,3,1,4
50355,5,0,5,4,3,5,4,3,4,2,5,3,3
93339,3,3,3,3,5,4,4,5,5,5,5,5,3
93982,2,4,4,4,2,2,2,2,2,3,4,1,2
57146,2,1,3,4,4,3,4,4,1,1,3,3,4
67139,3,3,3,3,4,3,1,4,1,1,3,3,4
86131,1,1,1,1,2,5,5,2,2,2,2,4,3
74042,0,0,0,3,1,0,1,1,5,4,5,5,1
27278,2,4,2,1,2,2,2,2,5,5,5,3,2
106975,3,4,3,3,3,1,2,3,3,3,3,5,5
4549,5,5,5,5,4,4,5,5,5,5,5,4,5
25545,5,4,4,4,5,5,4,5,2,1,2,5,5
127988,3,1,2,3,2,2,2,2,1,3,4,1,2
36981,2,2,2,2,4,5,4,4,5,5,4,2,4
8365,4,4,4,4,4,5,5,5,5,5,5,3,5
91448,3,3,3,3,4,4,4,4,3,3,4,5,4
126385,4,2,5,3,1,5,1,1,3,5,3,3,1
118655,3,1,3,2,3,2,2,4,1,2,2,2,2
103920,1,1,1,1,3,5,5,3,3,3,3,3,3
5237,2,2,2,4,3,2,3,3,5,5,4,4,3
16340,4,3,3,3,4,4,4,4,3,2,1,3,4
34830,2,2,2,2,2,2,2,2,4,3,2,2,2
90003,2,2,2,4,1,2,1,1,3,2,3,4,1
115715,2,4,4,4,2,2,2,2,2,4,3,2,2
115038,0,0,0,2,5,4,4,4,4,4,5,3,5
11962,4,4,4,4,4,5,4,5,5,5,5,5,3
6936,1,1,1,1,2,4,5,5,5,5,5,4,4
65417,3,4,3,2,5,5,5,4,4,3,4,3,3
6527,4,3,4,3,4,4,4,4,5,1,5,4,4
7964,3,5,3,5,1,3,4,4,4,3,4,2,5
104200,2,3,3,4,4,3,4,4,5,3,4,5,4
70518,2,2,2,2,3,4,4,5,5,5,5,3,3
42855,3,0,3,3,2,3,2,2,4,3,5,4,2
9407,3,4,4,4,2,4,3,2,2,1,4,1,2
17532,3,3,3,3,3,3,2,3,3,3,3,2,1
124691,2,5,5,5,4,3,2,2,2,2,2,3,4
108949,5,0,5,2,5,5,5,5,3,5,4,3,5
2666,5,5,5,5,5,5,5,5,5,4,4,4,5
48125,4,4,4,4,2,3,2,4,4,4,4,5,4
36794,3,5,3,3,3,3,2,4,5,4,4,2,2
99937,2,4,1,4,2,2,2,2,1,2,3,1,2
25973,1,2,1,2,2,1,2,2,2,5,2,3,2
4970,3,4,1,1,3,3,3,3,2,5,3,2,3
91313,0,0,0,1,5,4,4,5,5,5,5,3,3
44295,3,5,5,5,3,3,3,3,1,5,3,1,3
122287,3,3,3,4,3,1,5,5,5,3,5,2,1
12181,3,3,3,3,4,3,4,4,1,1,4,1,4
4353,1,1,1,1,3,5,5,5,5,5,5,3,4
93676,3,0,3,3,3,3,1,3,4,2,3,5,3
123264,1,5,1,3,3,1,1,3,5,4,5,4,3
72248,3,3,3,3,3,3,3,3,3,4,5,5,3
10898,4,4,4,4,1,4,3,2,2,2,4,3,2
35536,2,4,2,1,2,2,2,2,5,3,5,3,2
23422,4,4,3,3,5,3,5,5,5,2,4,5,5
15721,3,4,4,4,3,3,3,3,4,5,4,2,3
55124,4,3,4,4,5,4,5,5,2,1,4,5,5
15423,2,4,2,3,5,2,5,5,5,2,1,1,5
58622,1,2,2,2,1,1,1,1,3,3,3,2,1
68121,4,2,4,3,4,4,4,4,4,4,4,2,4
57372,2,4,2,2,3,3,3,1,1,2,1,3,3
120041,3,1,1,1,3,3,3,3,4,2,4,4,3
23800,2,3,3,3,1,3,3,2,2,2,2,1,1
74948,2,2,5,2,4,4,4,4,3,2,3,3,4
36598,1,1,1,1,3,1,3,3,3,5,5,2,3
70890,3,5,3,2,3,3,3,4,4,4,5,3,3
53600,4,5,4,1,4,4,4,3,3,4,4,4,4
49302,0,4,1,2,2,4,4,4,4,4,4,1,2
2334,1,4,1,5,2,5,5,2,2,1,2,4,5
39580,3,4,4,4,3,2,1,3,3,3,3,5,1
1514,3,3,3,3,4,5,5,5,5,5,5,4,5
116703,2,2,2,4,3,2,3,3,3,2,4,2,3
20701,4,5,1,1,2,3,4,4,4,4,4,4,3
2222,2,2,2,3,3,2,3,3,2,4,3,3,3
41829,5,4,4,4,5,5,4,5,4,2,2,2,5
72665,2,4,2,4,3,2,3,3,4,4,3,3,3
113535,4,0,5,3,4,5,4,4,3,4,5,5,4
70463,4,4,4,4,3,5,5,4,4,4,4,4,3
83915,4,4,4,4,4,4,4,4,3,1,4,1,4
32867,4,5,4,2,4,4,4,5,5,4,1,3,3
78470,5,5,5,5,5,5,4,4,4,4,4,3,4
120888,4,1,4,3,1,4,1,1,1,5,4,3,1
2004,5,5,5,4,3,5,3,3,5,3,5,3,3
75768,4,1,4,2,4,2,2,4,4,4,4,2,4
43749,1,0,1,1,1,1,1,1,2,5,1,4,1
52364,1,4,0,4,5,0,5,5,2,3,3,3,5
60131,5,5,5,5,5,5,4,4,4,4,4,4,4
33242,3,2,3,3,3,3,3,3,4,1,4,4,3
92742,0,5,0,1,4,0,4,4,5,2,5,4,4
113402,1,1,1,5,3,1,3,3,3,5,5,3,3
44120,5,5,5,5,5,5,5,5,2,3,1,5,5
51334,2,5,5,5,2,2,2,2,2,3,4,2,2
52914,3,3,3,3,1,1,2,5,5,5,5,3,4
41647,3,3,3,3,3,3,1,5,5,5,5,5,4
19703,2,4,5,4,3,4,4,2,2,2,2,3,2
4714,2,4,2,4,3,4,5,5,5,2,5,5,4
56915,2,4,4,4,2,2,2,4,4,3,4,2,2
22131,2,2,2,2,5,5,5,5,4,3,1,4,5
126729,3,3,3,4,4,3,2,4,4,1,3,3,4
119891,2,1,2,4,4,2,4,4,1,1,3,4,4
105130,0,0,0,2,5,4,5,5,5,4,4,3,3
10768,1,1,1,1,2,5,5,4,4,4,5,5,3
96538,2,2,5,3,4,5,4,4,4,1,2,4,4
8387,4,4,3,4,5,5,4,4,4,4,4,5,5
6748,3,5,3,3,3,4,5,4,4,3,4,3,5
127609,3,3,3,3,4,3,5,4,4,4,4,5,3
113308,5,5,5,5,2,5,5,4,4,4,5,3,3
65480,3,5,5,5,4,4,3,3,3,2,3,4,2
31558,1,5,1,4,4,1,4,4,4,4,5,4,4
46228,2,2,2,3,2,2,4,2,5,5,1,1,2
68721,4,4,4,2,3,4,3,3,5,2,4,5,3
28700,5,4,5,4,2,3,5,5,5,5,5,4,4
125769,2,2,2,2,3,2,3,3,3,5,5,3,3
90300,1,5,1,3,3,4,4,3,3,1,3,5,4
124521,2,2,2,2,5,5,4,5,5,5,5,5,3
20185,5,4,4,4,3,3,3,5,5,5,5,2,4
95536,4,1,4,3,4,4,4,4,3,4,3,1,4
15199,2,4,2,4,4,4,3,5,5,2,5,2,2
127147,2,1,3,2,4,3,2,4,3,2,2,2,4
74780,3,0,3,3,5,3,5,5,3,5,4,4,5
65913,4,2,4,4,5,4,5,5,4,3,4,4,5
109135,3,3,3,3,5,5,5,4,4,4,4,3,3
89725,3,3,3,4,4,3,1,5,5,3,5,3,2
97631,1,3,3,3,1,2,1,1,2,2,4,4,1
39417,4,2,4,4,5,4,5,5,4,5,3,1,5
119163,5,0,5,2,5,5,5,5,3,2,5,4,5
122351,4,4,4,4,5,4,5,5,5,5,5,4,3
29548,3,3,3,3,1,3,1,4,4,4,4,4,5
47418,1,4,4,4,1,1,1,1,1,1,1,1,1
16905,4,4,4,2,3,5,4,5,5,4,5,4,4
71208,5,5,5,5,5,5,5,4,4,4,4,5,3
35814,5,5,5,5,3,4,3,3,3,1,4,1,3
43353,2,0,2,1,2,2,2,2,3,5,4,2,2
10493,5,5,5,5,3,4,4,4,4,4,5,4,3
26886,5,5,5,5,2,3,1,4,4,4,4,4,1
54384,2,0,2,1,3,2,3,3,2,3,4,1,3
114777,1,1,1,1,4,4,4,5,5,4,5,3,4
8181,2,2,2,2,2,2,2,2,3,4,2,4,2
61503,4,2,2,2,5,4,3,4,4,4,4,4,4
98207,1,0,5,3,5,5,5,5,2,2,2,3,5
16121,2,4,4,4,2,2,2,2,1,1,4,1,2
78919,1,1,1,1,5,5,5,5,4,5,5,5,5
61309,1,1,1,1,2,2,2,2,5,4,4,3,2
6297,2,4,4,4,2,1,2,1,4,2,3,2,2
102020,3,3,3,3,4,5,5,5,5,5,4,3,5
23309,5,2,2,2,5,5,5,5,2,1,3,3,5
36120,5,5,5,5,1,3,4,5,5,5,5,4,4
47967,1,4,1,3,5,1,3,5,1,1,3,3,5
88523,5,5,0,1,2,0,2,2,3,4,5,4,2
110362,3,3,3,3,5,4,5,5,5,5,5,4,4
35289,1,1,1,1,4,4,4,4,1,4,4,3,4
5421,1,5,1,3,3,1,3,3,4,5,5,4,3
62973,1,2,2,2,1,1,1,1,4,2,3,1,1
63774,3,3,3,3,3,3,4,4,4,4,4,5,3
67522,3,3,3,3,5,5,4,4,4,4,4,4,4
114992,4,2,4,5,2,4,2,2,4,3,5,3,2
69152,3,3,3,3,4,4,4,5,5,5,5,4,3
81478,4,3,3,3,4,4,3,4,4,4,4,2,4
129447,3,5,3,3,3,1,4,4,4,3,4,4,3
105909,4,4,4,4,2,3,3,4,4,4,4,4,3
97253,3,1,5,5,3,3,3,3,1,4,4,3,3
4976,3,1,5,1,4,3,4,3,3,3,3,4,1
3424,4,2,4,4,1,4,1,1,1,2,3,3,1
15324,2,3,2,3,1,3,3,3,3,2,3,2,3
112290,4,4,4,4,4,3,5,5,5,5,5,5,5
127627,3,4,4,4,4,4,3,3,3,3,3,2,1
91571,5,5,5,2,3,5,3,3,5,3,5,4,3
2570,2,4,4,4,2,2,2,2,2,2,2,4,3
10248,3,5,3,2,3,4,4,5,5,3,5,4,3
87505,2,4,2,3,5,2,4,5,5,4,5,5,5
21022,5,3,3,3,5,5,5,5,2,4,5,2,5
15476,3,2,3,3,2,3,1,2,2,5,3,4,2
112676,1,4,4,4,1,1,1,1,4,3,3,4,1
122460,2,2,2,2,5,5,4,4,4,4,4,3,5
15832,3,5,5,5,1,4,4,1,1,1,3,3,2
8870,3,3,3,3,3,3,2,3,2,2,3,2,3
124676,4,5,4,4,3,5,5,5,5,5,5,4,3
31287,4,5,4,3,2,4,2,2,5,4,4,4,2
98606,3,3,3,3,5,5,5,5,5,5,5,5,5
93405,4,4,4,4,3,4,3,3,5,4,5,3,3
115680,3,1,1,1,3,3,3,3,4,5,3,3,3
65762,1,1,1,2,1,1,2,1,2,4,1,4,1
103478,5,5,5,5,3,4,4,2,2,2,2,3,5
36939,2,2,2,4,5,2,4,5,5,2,2,3,5
47408,4,5,5,5,4,4,4,2,3,3,3,4,4
128128,2,4,2,2,3,2,3,3,3,2,3,4,3
42297,4,3,4,3,5,4,5,5,4,2,3,4,5
128570,2,2,2,2,5,4,4,4,4,5,4,5,3
6321,3,3,5,3,4,5,5,5,5,5,5,5,3
100989,4,4,4,4,2,5,5,5,5,5,5,4,4
69522,4,4,4,4,2,2,2,5,4,5,5,2,2
128161,1,1,1,1,2,4,5,2,2,2,2,3,4
35968,1,5,1,1,4,1,2,4,5,4,5,3,4
64650,5,5,5,5,2,4,5,5,5,5,5,3,4
85404,3,3,5,3,2,4,5,4,4,4,5,3,5
64481,3,3,3,3,5,4,5,5,5,5,4,4,4
88372,1,2,2,2,5,4,3,1,1,2,1,4,1
117787,4,4,4,4,4,4,4,5,5,5,5,4,5
47798,5,3,3,3,2,1,3,4,4,5,4,2,1
116545,3,3,3,4,3,3,3,3,3,3,3,1,3
103271,1,2,1,4,4,1,4,4,2,1,3,3,4
34652,2,4,2,4,2,3,4,5,2,3,4,4,4
53725,2,1,2,3,1,2,1,1,4,1,3,3,1
1959,0,0,0,4,5,1,3,1,1,1,1,2,4
24127,3,4,3,4,5,3,5,5,4,5,5,3,5
55229,4,4,4,1,5,4,5,5,5,5,4,4,5
4379,3,5,3,2,4,3,4,4,5,5,1,5,4
94877,1,5,5,5,3,3,2,1,1,1,1,1,1
50094,4,2,4,4,1,4,1,1,4,5,3,3,1
93216,1,1,1,1,3,1,2,3,4,3,5,4,3
44687,5,5,3,5,3,5,3,4,4,4,4,1,5
48269,3,1,4,1,3,3,3,3,4,3,3,3,3
34924,2,1,1,1,3,3,3,2,2,2,2,1,4
84353,2,2,2,2,4,5,4,5,5,5,5,3,4
100522,0,4,0,4,4,0,4,4,3,4,4,5,4
57395,4,5,4,3,5,1,2,2,2,4,4,5,1
65448,4,4,4,3,3,4,3,3,5,4,4,5,3
107406,4,4,4,4,5,5,5,5,3,5,4,3,5
61725,4,2,1,2,4,4,4,4,4,1,5,1,4
83857,4,0,4,3,1,4,1,1,5,3,5,5,1
110811,4,5,4,1,4,4,5,3,3,4,3,5,3
74158,3,3,3,3,4,3,1,4,4,3,3,5,4
107358,1,1,1,4,2,1,2,2,1,4,4,3,2
90194,4,4,4,1,2,4,2,2,3,2,5,3,2
119933,1,1,1,1,2,4,5,5,5,4,5,5,3
101180,3,2,3,3,5,3,5,5,4,3,4,1,5
123180,0,4,0,3,3,0,3,3,3,5,4,1,3
15945,1,4,0,3,3,0,4,3,3,5,5,3,3
113943,3,3,3,3,4,4,4,4,3,3,3,4,4
35631,3,3,4,3,4,4,4,4,4,5,4,1,4
105349,2,5,2,5,1,2,1,1,2,5,2,4,1
38099,3,3,3,3,2,5,5,2,2,2,2,2,1
57294,3,3,3,3,3,4,4,4,4,4,4,3,3
110365,1,1,1,1,5,5,5,5,5,4,5,3,5
27623,2,0,2,2,2,2,2,2,5,3,2,2,2
120189,2,2,2,2,5,4,4,4,4,4,4,5,3
109103,3,5,3,4,5,3,5,5,3,3,4,5,5
120274,3,3,3,3,4,5,4,4,4,4,4,4,5
30170,4,3,0,2,1,0,1,1,2,4,4,2,1
43153,2,2,2,1,1,2,1,1,1,3,3,5,1
111401,5,4,5,4,5,5,5,5,3,1,4,4,5
111822,1,1,1,2,3,1,3,3,5,2,3,3,3
53035,1,2,1,3,2,1,2,2,2,2,3,3,2
31719,1,5,1,2,1,1,1,1,4,3,5,4,1
64105,2,3,3,3,2,2,2,2,3,1,4,1,2
121397,3,4,3,4,2,4,5,2,2,3,2,5,5
20692,5,5,5,5,5,5,5,5,1,3,5,5,5
62515,3,3,3,3,4,4,4,4,4,5,4,5,3
129011,4,4,4,2,4,4,4,4,3,4,4,4,4
89224,1,1,1,3,4,3,4,1,1,1,5,2,4
23579,5,3,4,4,5,5,5,5,3,4,3,4,5
28395,5,5,5,5,5,5,5,5,4,5,4,4,5
18253,1,4,1,3,2,1,2,2,3,4,5,5,2
129597,3,3,3,3,4,5,4,4,4,4,4,3,3
20579,2,5,2,1,2,2,3,2,3,4,4,5,2
83907,1,1,1,1,4,4,4,4,4,4,4,4,3
104320,3,4,4,4,5,3,4,3,3,3,3,1,2
126717,5,5,5,5,4,5,4,4,3,3,4,4,4
59343,4,4,4,3,5,4,4,5,1,2,3,2,5
61583,5,2,5,3,2,5,2,2,3,5,4,2,2
11225,3,1,3,1,3,3,3,3,3,5,1,3,3
89544,2,2,2,2,2,4,5,4,4,4,4,3,4
84177,3,5,3,3,5,3,3,5,4,2,5,5,5
23208,1,5,1,4,2,3,4,1,1,1,1,1,2
108465,4,4,3,2,2,3,2,2,4,3,4,5,2
121204,5,3,3,3,5,5,5,4,3,2,1,5,5
95210,3,4,3,2,3,3,3,3,4,2,4,3,3
9878,1,1,1,1,1,1,1,4,5,1,1,1,1
120629,3,3,3,3,4,4,4,5,5,5,5,3,4
3329,0,0,0,1,5,5,5,5,4,5,5,4,5
117811,1,4,0,3,3,0,2,3,2,3,4,1,3
24030,3,4,4,4,3,3,3,3,3,3,3,1,4
48664,4,4,4,4,3,5,4,5,5,5,5,3,5
106042,4,4,4,4,4,4,4,4,3,4,4,4,4
28809,5,5,2,5,2,2,3,5,5,5,5,3,5
37090,4,2,2,2,3,2,2,5,5,4,5,5,4
71506,5,5,2,5,3,5,4,5,5,5,5,5,5
123515,2,1,2,3,1,2,1,1,2,1,3,1,1
85085,2,4,2,2,4,4,4,4,3,5,4,4,4
73157,2,5,2,2,4,4,5,3,3,2,3,4,5
56025,2,3,2,2,5,5,5,5,5,3,4,5,5
49387,3,4,3,2,5,3,5,5,2,4,3,2,5
85726,4,4,4,4,4,3,4,1,1,1,4,4,4
101435,3,3,3,3,4,5,4,4,4,5,4,4,5
18288,3,4,4,4,3,4,5,3,5,1,5,4,3
33764,3,0,3,4,3,3,5,3,2,1,4,3,3
49318,2,2,2,2,5,4,1,5,5,5,5,4,3
121573,5,5,5,5,4,4,4,4,3,5,5,5,4
97921,2,2,2,2,3,4,4,5,5,5,5,5,3
53343,2,1,2,2,3,2,3,4,4,4,4,3,3
5999,4,4,4,4,3,5,4,4,4,4,4,4,5
98092,2,4,2,3,1,2,1,1,3,2,5,3,1
18544,2,0,2,4,4,2,5,4,4,1,1,5,4
37264,5,5,5,5,5,5,5,5,3,3,5,1,5
9156,2,2,2,2,5,5,5,5,5,5,5,5,4
3033,3,3,3,4,5,3,5,5,3,1,3,1,5
100610,1,1,1,1,2,4,4,4,4,4,4,5,3
60716,2,2,4,4,2,2,2,2,4,1,1,4,2
128258,4,2,4,4,4,5,4,4,4,2,4,3,4
28756,3,3,3,3,3,3,3,3,3,1,3,4,3
95058,3,5,0,3,3,0,3,3,5,2,4,3,3
24331,2,4,2,2,2,2,2,2,3,5,5,5,2
31677,3,3,3,2,1,3,1,1,3,1,2,3,1
98673,1,5,2,4,1,2,1,1,5,5,5,5,1
6700,1,1,1,1,5,4,2,5,5,5,5,1,1
83343,5,5,5,5,4,4,5,4,3,5,4,4,4
50073,3,5,5,5,3,3,3,1,1,1,3,2,1
91432,3,0,3,1,3,3,4,3,4,3,4,3,3
49830,1,3,3,3,1,1,1,1,1,1,3,2,1
21596,5,5,5,5,5,5,5,5,1,1,3,3,5
8568,4,4,4,4,3,4,5,4,4,4,4,4,4
4918,5,0,5,1,3,5,3,3,3,5,4,5,3
126553,2,5,3,3,4,3,4,4,2,4,2,1,4
124779,3,3,3,3,2,5,4,5,5,5,5,3,4
90403,1,4,1,2,4,5,4,3,3,1,3,4,4
47899,4,4,4,4,4,2,5,5,5,5,3,2,1
123939,2,5,1,5,5,4,2,3,3,1,2,5,3
10799,1,1,1,1,4,4,4,5,5,5,5,3,5
15774,3,5,5,5,3,4,4,3,3,3,3,2,1
83418,3,2,2,2,3,3,3,3,4,5,4,1,3
70020,4,5,5,4,2,5,2,2,3,4,4,4,2
95047,4,4,4,3,3,4,3,3,3,4,4,4,3
76826,4,4,4,1,5,4,5,5,4,3,5,4,5
17454,3,2,2,2,3,2,4,3,2,2,4,3,3
83496,4,4,4,4,4,3,3,4,4,4,4,2,1
109522,2,2,2,2,5,4,5,5,5,5,5,4,5
61912,5,5,5,5,3,4,5,4,4,4,4,3,4
28048,4,1,1,1,1,4,4,4,4,4,4,2,3
23918,2,1,2,4,3,4,4,5,5,2,5,4,2
41396,1,1,1,1,4,4,4,4,4,2,5,1,4
9500,1,2,2,2,1,1,1,1,2,4,4,2,1
17556,3,4,4,3,4,4,4,4,4,3,5,4,4
86992,2,5,2,2,2,2,5,2,3,4,5,4,2
18175,5,5,5,5,5,5,5,5,4,1,1,1,5
127557,3,2,3,3,2,3,2,2,3,2,3,1,2
71074,4,4,4,2,5,4,2,5,1,2,5,4,5
94242,4,4,4,3,4,4,1,4,3,4,5,4,4
34815,2,1,2,3,4,2,4,4,3,2,3,2,4
125848,2,2,2,2,3,2,3,3,2,1,3,1,3
88027,3,5,3,3,5,3,5,5,3,2,4,4,5
128308,4,3,3,3,2,3,2,2,5,4,5,4,2
96190,3,3,3,4,2,3,2,2,1,2,4,1,2
69309,4,4,4,4,2,4,5,5,5,5,5,5,5
52603,4,1,1,1,5,4,5,5,4,5,3,3,5
10049,2,5,5,5,2,4,3,2,2,2,2,2,3
75392,1,1,1,1,3,3,3,3,4,2,4,3,3
7893,2,4,3,3,4,3,4,4,5,1,5,3,4
121096,1,4,1,1,3,1,3,3,5,5,3,4,3
129356,1,1,1,1,5,5,5,5,5,3,4,3,5
122349,4,5,4,4,4,4,4,4,5,2,5,3,4
28241,4,5,4,3,1,4,1,1,3,5,5,3,1
74731,4,1,3,4,3,3,3,3,3,1,4,3,3
61015,3,3,3,3,4,4,4,3,5,5,4,4,4
92832,3,5,3,4,5,3,2,5,3,5,3,3,5
105109,2,5,5,5,2,2,2,2,4,2,4,1,2
75994,5,4,5,3,4,5,4,4,3,5,5,3,4
126772,5,5,5,5,3,4,4,4,4,4,4,3,5
17642,3,3,3,3,4,4,4,4,3,5,3,3,4
111297,1,1,1,1,5,5,5,5,5,5,5,3,5
125890,2,5,2,4,3,2,3,3,4,3,4,4,3
20295,1,4,0,4,3,0,3,3,2,3,1,2,3
59611,4,4,4,4,4,4,5,5,5,5,5,4,4
24093,5,5,5,5,5,5,5,5,1,2,1,2,5
57929,3,4,4,4,3,3,1,3,4,1,3,3,3
23070,2,1,1,3,4,2,2,4,3,3,2,1,4
6512,1,1,1,3,3,1,3,3,3,4,4,5,3
58652,4,4,4,2,1,4,1,1,4,4,1,4,1
42462,4,3,3,3,4,4,5,4,2,2,2,1,4
1950,3,4,4,4,1,4,3,4,4,3,4,1,1
110521,3,3,3,3,5,5,5,5,5,2,4,3,5
106507,3,3,2,3,5,4,3,4,4,2,4,4,2
29730,2,4,2,3,2,5,5,4,4,4,4,5,5
76552,5,5,5,5,5,5,5,5,3,2,5,4,5
10081,4,2,4,3,4,4,2,4,1,1,3,1,4
116934,5,5,5,5,2,5,4,5,5,5,5,4,4
16012,2,1,1,1,2,2,2,2,4,1,3,2,2
115240,2,4,2,3,2,2,2,2,4,4,4,1,2
114868,4,4,4,4,4,5,5,4,4,4,4,3,4
31104,5,2,2,2,5,5,5,5,5,1,3,4,5
23859,3,0,3,1,2,3,2,2,1,2,4,5,2
20665,5,5,5,5,4,4,4,4,2,1,2,1,4
118096,4,4,4,4,5,4,5,5,4,5,4,5,5
42791,5,1,1,1,5,2,5,5,5,5,5,2,3
119247,3,5,3,1,1,3,1,1,1,1,1,2,1
34216,3,5,3,4,1,3,1,1,2,1,5,5,1
107163,5,5,5,5,5,5,5,5,5,5,5,4,3
2100,2,5,2,1,2,5,4,2,2,2,1,4,5
85356,5,5,5,1,5,5,5,5,3,4,4,3,5
103576,1,5,1,4,4,5,5,5,5,1,5,3,5
71110,1,1,1,2,2,1,2,2,4,3,3,4,2
64177,1,1,1,1,4,4,4,4,4,4,4,4,5
5716,3,5,3,4,4,4,4,3,3,3,3,5,3
22831,2,2,2,2,5,4,5,5,5,5,5,2,4
54600,1,0,0,2,4,3,3,5,5,0,5,1,4
105992,5,5,5,5,5,5,5,4,4,4,4,5,4
9721,3,5,3,4,3,3,3,4,2,5,4,3,3
17720,3,3,3,3,4,3,2,4,4,4,4,2,4
107142,1,1,1,1,4,5,4,4,4,4,4,3,4
35609,2,5,2,1,2,4,5,4,4,2,4,5,4
106993,1,5,1,2,3,1,3,3,4,5,5,4,3
20834,1,3,5,3,1,1,1,1,1,5,3,2,1
122568,3,3,3,3,2,4,5,5,5,5,5,5,4
116240,3,1,3,3,4,3,2,3,3,3,3,4,3
60595,1,3,0,3,2,0,1,2,4,2,4,4,2
37964,1,1,1,1,3,5,5,3,3,4,3,5,4
10198,1,1,3,1,5,5,5,5,2,5,4,5,5
29265,5,3,3,3,5,5,5,5,4,2,5,1,5
108711,2,1,2,4,5,2,5,5,3,1,3,1,5
31996,3,4,3,4,4,5,5,5,5,3,5,4,4
64752,0,0,0,2,4,4,4,2,2,2,2,4,5
25555,4,4,4,4,5,5,5,5,5,2,5,5,5
47913,2,4,2,1,4,2,4,4,3,5,5,5,4
1872,3,4,4,4,2,3,3,3,3,3,3,4,1
111764,5,5,5,5,3,5,4,4,4,4,4,4,3
19425,3,2,4,3,1,4,1,1,1,2,3,4,1
91300,4,4,4,4,5,5,5,4,4,4,4,5,5
103348,1,1,1,1,5,5,5,3,3,4,4,5,5
31858,2,1,2,3,5,2,5,5,4,3,2,3,5
47697,1,5,1,2,5,4,4,4,4,1,3,4,3
121244,3,3,3,3,4,4,4,4,5,4,4,4,4
109925,2,5,2,3,5,2,5,5,5,3,4,3,5
37562,3,2,2,2,3,3,3,3,2,2,4,4,3
78776,1,1,1,1,5,4,5,5,3,2,5,4,5
37099,1,1,1,1,4,4,4,4,2,3,4,4,4
86883,1,1,1,3,4,1,4,4,1,5,2,1,4
119102,4,4,1,4,4,4,4,4,1,5,2,1,4
113876,3,4,3,3,3,3,3,3,2,1,3,2,3
53088,1,1,2,2,1,1,2,5,5,2,5,4,2
21012,2,2,2,2,4,5,4,5,5,5,5,3,4
104255,2,2,2,2,3,5,4,4,4,4,4,4,3
106399,4,0,4,2,3,4,3,3,5,3,2,2,3
104345,2,4,2,1,2,5,5,1,1,2,2,3,5
61989,4,4,4,4,4,5,4,5,5,5,5,4,4
119659,1,1,1,1,5,3,4,1,1,1,1,3,3
100558,4,5,5,5,4,3,4,4,4,3,3,4,4
69798,4,3,3,3,4,4,4,4,3,2,3,2,4
97237,0,0,0,2,4,5,5,3,3,4,4,5,4
125050,3,3,3,4,3,5,3,3,2,3,3,3,3
1457,2,4,4,4,4,3,3,2,2,2,2,4,4
97287,1,1,1,1,5,4,4,4,4,4,4,4,3
1965,1,1,1,3,1,1,4,1,2,3,3,3,1
76667,4,5,4,3,1,4,1,1,3,5,4,4,1
58685,3,3,3,3,2,4,4,4,4,5,4,3,5
28633,1,1,1,1,5,5,5,5,3,3,5,2,5
83481,1,3,1,3,4,4,3,1,1,1,1,3,2
12943,3,1,3,3,2,3,2,2,3,2,2,1,2
119179,5,5,5,5,4,5,5,4,4,4,4,4,4
50965,3,4,0,1,3,0,3,3,5,5,4,3,3
14423,3,5,3,3,3,3,3,3,5,3,4,5,3
46601,1,1,5,1,5,5,2,4,4,4,4,3,5
101607,4,4,4,4,4,4,4,4,4,2,4,3,4
4299,1,3,1,3,4,3,2,2,2,1,2,4,4
35677,4,5,5,5,3,4,4,1,3,4,3,4,4
88579,1,4,4,3,3,4,3,3,5,5,4,3,3
107319,4,3,3,3,4,4,3,3,3,4,3,4,4
79263,3,2,3,4,3,3,3,3,1,3,3,1,3
51971,5,1,1,1,4,4,3,5,5,4,5,2,1
63746,1,4,1,4,5,1,5,5,4,3,5,4,5
20397,3,4,3,4,3,3,3,3,4,2,2,3,3
40431,3,3,3,3,1,5,5,3,3,4,4,4,1
77221,3,3,3,3,2,5,4,4,4,4,4,3,3
22404,3,3,3,3,3,3,3,2,2,3,3,3,3
7170,2,2,5,2,3,4,5,5,5,5,4,4,4
127095,3,2,3,3,3,3,3,3,1,5,4,1,3
404,4,5,4,4,2,3,3,2,2,1,4,1,2
53748,5,4,5,4,2,5,2,2,4,5,5,4,2
91287,3,3,3,3,4,4,4,3,3,4,3,5,5
93053,5,5,5,3,2,5,2,2,5,2,4,4,2
10009,2,5,2,1,4,2,4,4,5,2,5,4,4
117161,2,3,2,1,4,2,5,2,2,2,4,5,5
25644,2,4,2,4,2,2,2,2,4,4,4,2,2
60820,2,4,2,3,5,2,5,5,3,4,5,5,5
100571,1,1,1,1,5,4,4,4,4,4,4,3,4
14582,1,1,1,3,5,1,3,5,5,5,5,4,5
99018,3,3,3,3,3,3,3,3,2,5,4,2,3
83809,4,4,3,4,4,5,4,5,5,5,5,4,3
85842,2,5,2,3,2,2,2,2,4,5,3,5,2
110679,5,2,5,3,1,5,4,1,2,2,4,3,1
8560,5,5,4,5,2,4,5,4,4,4,4,5,3
105314,1,1,4,1,5,5,4,4,4,4,4,5,4
89019,2,3,3,3,2,2,3,2,2,2,2,3,3
100875,3,3,3,3,4,4,4,4,3,3,5,5,4
51086,3,3,3,4,4,4,4,5,5,3,5,4,3
59258,2,2,2,2,4,4,4,5,2,3,5,4,4
59377,2,2,2,4,5,2,5,5,2,3,4,3,5
65591,3,3,3,3,4,4,4,4,4,4,5,5,4
87632,2,2,2,3,1,2,1,1,3,2,4,3,1
129836,4,5,4,3,5,4,4,5,5,4,5,5,4
111167,3,5,3,3,2,3,4,2,4,2,4,5,2
102617,2,5,2,3,1,2,1,1,3,2,5,5,1
47721,3,3,3,3,4,4,5,5,5,5,5,4,3
21433,4,3,3,3,4,3,4,4,4,3,4,4,2
105703,2,2,2,2,2,3,2,2,1,3,4,1,2
72019,3,3,3,3,5,5,5,4,5,4,4,5,5
64188,3,1,3,3,1,3,1,1,4,1,4,1,1
79315,3,4,3,4,3,3,3,5,5,3,3,4,3
12332,3,3,3,3,1,3,1,1,3,5,4,4,1
32126,4,2,5,2,4,4,4,4,1,1,3,4,4
28186,1,4,2,3,3,2,3,3,3,3,5,5,3
30518,2,4,2,3,5,2,4,5,3,3,4,1,5
70418,1,5,1,4,1,1,1,1,5,5,5,3,1
71317,5,5,5,5,4,4,4,4,3,3,5,4,4
54595,5,0,5,4,3,5,3,3,5,2,5,5,3
77206,4,4,4,3,4,2,2,3,5,4,4,2,2
24775,2,4,3,4,3,3,1,3,4,5,3,3,3
24023,2,4,4,4,2,2,2,2,4,4,4,1,2
122211,1,1,1,1,4,5,5,4,4,5,4,5,4
116649,2,4,2,3,2,5,5,1,5,4,3,5,5
22871,4,3,4,3,3,4,3,3,2,5,2,2,3
97998,2,2,2,2,4,4,5,4,4,4,4,5,5
19817,5,4,5,4,5,4,5,5,3,5,3,4,5
50411,1,0,1,5,5,1,5,5,1,5,3,4,5
69620,2,5,2,5,2,5,5,5,4,4,5,5,5
90436,1,1,1,1,4,4,5,5,5,4,5,4,5
82185,2,3,2,2,3,4,4,4,4,4,4,3,3
108178,2,5,2,2,3,2,3,3,3,2,5,3,3
48110,2,2,2,2,2,3,2,5,5,5,4,4,3
94717,1,5,5,5,1,2,1,1,4,5,4,3,1
29606,1,2,2,2,1,2,1,1,2,3,4,2,1
28924,3,2,2,2,4,2,4,3,3,3,3,2,3
124134,4,4,4,5,5,4,5,5,3,2,4,3,5
101487,2,2,2,2,4,5,5,5,5,5,5,5,4
27202,4,4,4,4,3,2,3,4,4,4,4,1,1
47313,0,0,0,1,4,0,2,4,4,1,2,4,4
39311,4,3,4,3,4,4,4,4,1,5,4,2,4
74427,2,2,2,2,2,5,4,5,5,5,5,4,5
16650,0,3,0,2,5,0,5,5,4,3,2,5,5
103311,5,5,5,5,4,4,4,4,3,2,5,4,4
73956,1,2,1,2,1,1,1,5,5,1,5,4,4
88392,1,2,1,2,5,1,5,5,4,1,3,4,5
50390,4,3,3,3,4,4,4,4,1,5,4,1,4
102972,3,5,3,1,2,3,5,2,3,2,4,4,2
121547,3,4,3,3,4,4,5,4,4,4,4,3,3
45467,5,5,5,5,4,4,4,4,4,2,3,4,4
105391,2,3,2,1,5,3,3,4,4,2,4,1,4
25322,3,1,3,4,4,4,4,2,2,3,2,3,1
26458,3,1,1,1,3,1,2,3,3,3,3,2,3
107470,3,4,3,5,4,3,4,4,3,2,4,5,4
31117,4,3,3,3,4,4,4,4,5,1,2,4,4
110725,5,5,5,5,3,5,4,4,4,4,4,5,5
62267,1,4,1,1,2,4,5,1,1,1,1,5,5
118439,4,4,4,4,4,4,4,4,4,5,4,5,3
32080,5,4,4,4,5,5,5,5,5,1,2,4,5
54913,4,4,4,4,5,4,5,5,5,5,5,4,4
1645,2,2,2,2,5,5,4,3,3,4,3,4,5
35967,2,4,2,4,4,2,4,4,1,4,4,3,4
20874,5,3,3,3,5,5,5,5,3,5,4,3,5
8753,2,2,4,2,5,4,5,5,5,5,5,3,4
2593,3,3,3,4,3,3,3,3,2,4,4,2,3
70580,0,4,0,5,4,0,4,4,3,4,5,5,4
111557,1,1,1,1,4,4,4,4,4,4,4,5,4
108517,1,4,2,2,4,2,4,4,5,4,5,4,4
62866,3,4,4,4,3,3,3,3,2,2,3,2,3
14307,1,1,1,1,4,4,1,5,5,5,5,4,1
43234,2,2,2,2,3,5,4,5,5,5,5,4,3
51067,1,1,1,3,3,3,4,4,4,1,4,3,1
83183,4,0,4,2,4,4,4,4,3,4,5,5,4
64877,5,5,5,5,3,4,5,5,5,5,5,4,3
7532,2,2,2,2,4,4,4,4,5,4,4,3,4
45493,4,4,2,2,1,1,5,5,5,2,5,1,1
18028,3,0,2,5,3,2,3,3,3,4,3,5,3
51759,3,4,3,1,3,1,4,5,5,3,5,2,5
3121,5,4,4,1,3,4,3,3,3,5,1,1,3
37385,4,3,3,3,5,3,5,5,5,2,4,3,5
55654,3,3,2,3,4,5,5,4,4,4,4,4,5
92998,2,2,2,3,4,2,3,4,2,3,3,3,4
20585,2,5,2,3,5,2,5,5,4,5,5,3,5
121012,1,4,1,3,5,4,3,4,4,1,4,2,1
42338,2,2,2,3,3,1,2,3,3,2,3,2,1
24255,2,5,2,3,2,4,4,5,5,2,5,4,4
68774,5,5,2,5,2,4,5,5,5,5,5,3,5
89195,5,2,5,3,4,4,4,2,2,5,2,1,1
115702,1,4,1,4,1,1,1,1,3,2,4,2,1
105498,1,3,1,1,3,3,2,3,3,1,3,4,1
65031,3,5,3,1,5,3,5,5,3,2,5,4,5
6714,3,5,3,3,5,4,5,3,3,3,4,3,3
95711,3,4,4,4,3,3,3,3,4,2,3,2,3
8249,3,4,3,3,1,3,1,1,5,5,4,5,1
32819,1,2,0,3,4,0,3,4,2,3,3,2,4
33906,3,4,3,4,5,3,5,5,2,4,4,2,5
2256,1,1,1,1,2,5,4,5,5,5,5,4,5
50318,5,5,5,5,2,2,3,5,5,5,5,2,5
35391,5,5,5,5,4,4,4,4,3,3,5,3,4
18609,4,4,4,4,4,5,4,4,5,4,4,5,4
20000,4,2,2,2,4,4,4,4,5,4,4,4,4
94331,5,5,5,5,2,5,4,4,4,4,4,4,3
90406,5,5,5,5,3,4,4,5,5,5,5,4,5
20459,2,4,2,5,5,2,5,5,1,1,3,4,5
114570,1,5,1,2,5,1,5,1,1,1,1,1,4
127033,5,1,1,1,4,2,2,5,5,4,5,2,3
13011,5,4,5,5,4,5,4,4,3,2,5,3,4
99440,1,5,1,3,5,3,2,2,2,1,2,3,2
91449,1,1,4,1,5,4,5,2,2,2,2,3,4
9495,3,3,3,3,2,3,2,2,3,3,3,4,2
127690,1,1,1,4,3,1,3,3,4,3,3,5,3
90750,2,1,1,1,3,1,3,3,3,5,5,3,3
104919,3,2,2,2,3,3,3,3,2,1,3,2,3
57051,2,2,2,2,5,4,4,5,5,5,5,4,5
74635,2,5,5,5,2,2,2,2,3,3,1,3,2
10942,2,5,1,5,5,4,4,2,2,2,2,1,3
128853,4,2,4,3,4,5,5,1,1,2,2,5,5
55822,4,4,4,4,5,4,4,3,3,3,3,5,3
5086,1,1,1,1,1,5,4,4,4,4,4,3,3
52020,4,0,4,1,3,4,3,3,3,1,3,4,3
27228,2,1,5,1,3,3,4,2,2,2,2,1,3
128271,1,1,5,1,4,5,5,4,4,4,4,5,5
609,2,2,2,2,4,4,4,4,4,4,4,3,4
61058,2,2,2,2,2,4,4,4,4,4,4,3,4
105990,0,4,0,4,1,0,1,1,3,5,5,4,1
29301,2,0,2,3,3,2,3,3,5,4,4,4,3
62176,1,3,3,3,2,3,4,1,1,1,1,1,4
82786,2,2,2,3,3,2,4,3,3,3,3,1,3
50121,2,4,4,4,2,2,2,2,2,2,3,2,2
122744,2,1,1,1,1,4,3,2,2,2,2,1,2
44215,3,3,3,3,1,4,1,5,5,5,4,2,4
118108,1,4,1,2,5,4,4,2,2,1,2,5,5
121987,3,3,3,2,2,3,2,2,3,4,4,3,2
56785,5,3,5,2,3,4,4,1,1,5,1,5,2
80702,4,4,4,2,5,4,5,5,5,2,4,4,5
75740,1,3,3,3,1,3,4,1,1,1,1,4,4
70043,3,5,3,3,2,5,5,4,4,3,4,4,4
42419,2,2,2,3,4,3,2,1,1,2,1,4,4
121515,2,2,2,2,2,4,4,2,2,2,2,5,3
81578,1,4,1,3,2,1,2,2,4,4,4,4,2
103973,4,3,1,3,4,4,4,4,2,2,2,5,4
100651,2,4,2,4,1,3,4,2,2,2,2,1,4
101023,3,2,3,4,3,3,3,3,3,5,3,2,3
101702,4,4,1,4,2,3,4,5,5,4,5,3,3
103499,3,3,3,3,4,5,4,4,4,2,4,3,4
31591,2,3,2,2,2,3,2,2,2,2,2,2,2
96835,1,2,1,2,1,4,3,1,1,1,1,1,2
16479,2,4,2,2,2,3,3,3,5,4,5,3,3
39892,3,0,3,5,1,3,1,1,5,3,4,3,1
121305,4,4,4,4,5,5,4,3,3,2,3,5,4
53354,3,5,5,5,3,3,3,3,3,4,2,3,3
93645,5,3,5,5,3,5,5,4,4,4,4,4,3
98330,3,3,5,3,5,4,4,4,4,4,4,5,4
17338,5,5,5,5,2,3,4,4,4,4,4,2,5
91007,2,4,2,3,1,2,1,1,3,3,5,5,1
118562,1,1,1,1,3,3,3,3,5,3,5,4,3
72985,1,1,1,4,4,1,4,4,1,3,4,3,4
29888,3,3,3,3,1,3,2,5,5,5,3,4,3
72850,1,5,0,1,5,0,5,5,3,5,4,4,5
119088,4,4,4,4,4,5,4,5,5,5,5,5,5
68382,1,1,1,1,4,4,4,4,4,3,5,3,4
15375,4,3,2,2,4,1,1,4,4,4,4,3,5
43055,5,5,5,5,4,1,3,5,5,5,3,2,5
104886,1,0,1,2,5,5,5,3,3,1,3,4,4
46537,1,2,4,2,1,1,1,1,1,4,3,3,1
72539,3,3,3,3,2,4,4,3,3,3,3,3,5
49045,3,4,4,4,4,3,4,4,4,5,5,2,4
71677,4,2,4,3,4,4,4,4,1,1,2,3,4
74707,1,3,1,2,1,4,1,1,1,1,1,3,1
35118,3,5,5,5,3,4,3,3,4,1,3,4,3
33545,2,4,2,5,2,2,2,2,4,5,4,3,2
65037,3,5,3,4,5,4,4,4,4,3,5,5,3
80581,5,4,5,1,1,5,1,1,5,2,5,5,1
89728,1,3,1,4,4,1,4,4,5,2,4,5,4
37210,5,5,5,1,4,4,4,1,1,5,1,4,5
18617,1,5,1,3,2,1,3,2,3,4,4,4,2
27795,4,2,2,2,1,5,3,4,4,4,4,3,3
106302,5,5,5,5,5,5,5,4,4,4,4,5,4
17035,3,3,3,4,3,3,3,3,5,1,1,1,3
80594,2,2,4,2,3,4,5,2,2,2,2,4,4
55566,2,2,2,2,2,3,2,2,2,2,2,4,3
122755,3,0,3,1,2,5,5,4,4,3,4,5,3
40833,3,1,4,3,2,4,1,2,1,4,3,1,2
91486,2,4,2,4,3,4,5,2,2,2,2,4,3
33565,3,3,3,3,3,3,3,3,2,5,3,4,3
115202,4,4,4,4,2,4,5,5,5,5,5,4,5
74778,4,4,4,4,4,4,4,5,5,5,5,3,5
29049,0,4,0,2,4,4,4,4,4,2,5,5,4
42396,4,5,5,5,4,4,4,4,2,2,4,2,4
121148,5,5,2,5,2,4,4,4,4,4,4,4,5
60566,2,1,2,2,1,2,1,1,2,1,1,1,1
90861,3,3,3,3,5,3,5,5,4,5,4,5,5
118298,3,3,3,3,5,5,5,5,3,3,4,4,5
67110,2,3,3,3,2,2,2,2,2,2,2,3,3
53879,4,1,0,3,2,0,2,2,1,4,4,2,2
88476,3,3,3,3,5,3,4,3,3,3,3,2,4
48192,2,1,2,1,2,2,2,2,5,3,1,5,2
20288,3,5,3,5,4,5,5,1,1,3,1,5,5
85802,4,2,2,2,3,4,3,3,1,4,3,2,3
13892,5,1,1,1,5,5,3,5,4,2,4,3,5
78664,3,3,3,3,5,5,5,5,4,2,5,5,5
69131,2,2,2,2,2,5,4,4,4,4,4,3,3
25049,3,5,5,5,2,1,2,3,3,3,3,4,3
99521,2,2,2,2,1,2,1,1,3,2,4,1,1
42853,4,2,4,3,3,4,3,3,3,2,3,1,3
74163,4,4,4,3,1,4,1,1,3,5,5,5,1
4237,3,5,5,5,3,3,3,3,4,2,4,2,3
101710,2,2,2,4,4,2,4,4,2,5,4,4,4
898,2,3,3,4,4,3,4,4,2,1,4,3,4
17690,4,4,5,4,5,5,5,5,2,5,4,3,5
72913,2,2,2,1,5,2,5,5,3,3,4,4,5
95173,3,5,3,2,4,1,3,4,4,3,4,4,4
51751,1,1,1,4,4,4,4,1,1,1,1,4,1
90066,3,0,3,2,4,3,4,4,3,4,4,5,4
25486,4,3,4,4,4,4,4,4,4,3,3,4,4
83215,2,2,2,3,2,2,2,2,3,3,4,4,2
46593,1,5,5,5,3,3,1,3,3,2,3,4,3
106690,3,3,3,3,5,4,5,5,5,5,5,5,3
69239,3,2,2,2,3,3,3,2,5,4,4,3,3
24133,4,4,4,2,3,4,3,3,3,3,5,5,3
122639,2,2,2,3,1,2,1,1,3,4,4,2,1
84480,1,1,1,1,5,3,5,5,5,5,5,4,4
87146,3,1,3,2,1,2,2,2,2,3,2,3,2
119332,2,4,2,1,4,1,4,3,3,2,3,5,2
129455,1,1,1,1,3,4,5,2,2,2,2,4,3
98569,4,4,3,4,5,5,4,4,4,5,4,3,3
31849,1,1,1,3,4,1,4,4,2,5,4,4,4
50509,3,2,3,3,2,3,2,2,2,2,3,2,2
36834,3,1,4,4,3,3,3,3,3,3,3,4,3
100291,3,3,2,3,2,4,4,4,4,4,4,4,4
15444,2,5,5,5,2,2,2,2,3,5,3,4,2
80888,3,2,3,2,3,3,3,3,1,3,4,4,3
11763,0,0,0,3,2,3,2,2,3,4,4,1,2
109360,5,5,5,4,5,1,1,5,4,4,5,1,1
84818,3,3,3,3,4,4,4,4,4,4,4,5,4
104027,4,4,4,4,2,5,5,5,5,4,5,5,4
107475,2,2,2,2,5,5,5,4,4,4,4,5,4
112221,4,5,5,5,2,4,4,4,4,4,4,1,3
45301,3,3,3,3,1,3,1,5,5,5,5,1,5
37050,5,3,5,3,3,3,3,3,4,4,4,3,3
124630,2,3,2,4,2,2,2,2,2,4,4,3,2
55325,3,3,3,3,3,3,3,3,2,2,4,2,3
84699,4,4,4,4,2,4,5,4,4,4,4,3,5
116534,1,5,2,3,1,2,1,1,4,2,3,5,1
356,4,4,4,4,2,5,4,4,4,4,5,4,5
82222,2,4,4,4,1,4,3,2,2,2,2,3,4
3279,2,0,2,2,5,2,5,5,5,5,5,4,5
86510,3,2,3,3,4,3,4,4,2,1,4,3,4
79627,2,2,2,3,1,2,1,1,3,4,4,4,1
12315,2,2,2,2,5,1,1,4,4,4,4,4,4
55299,4,4,4,4,4,4,4,4,4,4,1,3,4
32745,3,5,3,3,3,3,3,3,4,2,4,5,3
49536,5,4,4,4,5,5,5,5,2,2,1,1,5
4609,5,5,5,2,2,5,2,2,4,2,5,4,2
34953,2,5,0,4,5,0,5,5,3,2,4,3,5
110355,1,1,1,1,3,4,4,5,5,5,5,4,5
111432,1,1,1,4,5,1,5,5,3,3,3,1,5
35664,3,3,3,3,4,4,4,1,4,4,3,4,4
129247,1,4,1,4,1,3,3,3,5,3,5,3,3
86641,4,4,4,4,4,5,4,4,3,3,5,5,4
24558,3,2,2,2,3,3,3,3,4,5,3,4,3
21706,3,5,3,3,5,3,5,5,1,4,2,2,5
70007,1,4,1,1,3,1,3,3,5,3,4,4,3
79719,2,5,2,2,3,2,3,3,4,3,4,5,3
38352,2,2,2,2,1,3,1,5,5,5,5,1,4
12036,4,2,2,2,4,4,4,4,1,1,3,2,4
30483,2,2,2,2,2,2,2,2,1,2,2,5,2
50478,3,2,3,4,2,3,2,2,4,4,4,1,2
107918,5,5,5,4,2,5,2,2,4,3,5,4,2
13257,3,5,5,5,3,3,3,3,3,2,4,2,3
29513,0,3,0,1,4,0,4,4,1,4,5,2,4
97397,4,0,3,1,4,5,5,2,2,3,5,3,4
83958,0,0,0,3,5,4,4,5,5,5,5,4,3
75803,1,1,1,1,4,5,5,5,5,5,5,5,3
43560,3,4,3,4,4,3,4,4,1,5,5,1,4
95420,2,0,1,1,5,1,5,5,3,2,4,4,5
125567,2,4,2,4,3,2,5,3,5,5,5,5,3
61088,3,5,3,2,3,5,4,4,4,3,1,3,3
95933,2,3,2,3,3,2,5,3,2,1,3,1,3
92327,5,5,5,3,5,5,5,3,2,4,5,5,5
67424,1,1,1,3,5,1,5,5,4,3,5,3,5
120325,3,0,3,4,5,3,5,5,4,2,4,3,5
73086,2,1,1,1,2,2,2,2,1,1,4,1,2
11450,2,2,2,2,4,5,5,5,5,5,5,3,5
120181,3,3,3,3,3,4,4,2,2,2,2,4,3
88276,2,3,3,3,3,3,4,2,2,1,2,3,4
82352,1,5,3,3,5,3,4,1,1,1,1,1,4
88223,4,5,5,5,4,4,4,4,1,2,3,1,4
32325,3,0,3,3,3,3,3,3,5,5,2,5,3
59233,2,3,2,3,5,2,5,5,2,3,2,1,5
71559,5,1,1,1,5,4,5,5,2,5,4,2,5
51158,4,4,4,3,1,4,1,1,4,2,5,5,1
104539,4,4,4,2,5,4,5,5,5,2,5,3,5
19751,1,1,5,1,2,2,5,4,4,5,4,2,2
28882,5,5,5,5,4,1,4,5,5,5,5,3,3
91928,4,4,4,4,5,4,4,4,4,4,4,3,4
99419,1,3,1,2,4,1,4,4,3,4,1,5,4
51991,4,3,4,4,3,2,3,3,3,4,3,3,5
86523,5,5,5,5,5,5,5,5,5,3,4,3,5
70393,1,3,3,3,1,1,1,1,3,4,3,2,1
53563,1,1,1,1,4,4,4,4,1,1,4,3,4
52268,3,2,2,2,4,3,2,3,3,3,3,1,3
127371,0,5,0,1,3,0,4,3,4,2,5,4,3
91866,2,2,2,2,3,4,5,4,4,4,4,4,3
82992,4,4,4,4,2,5,5,4,4,4,4,4,5
92783,4,5,4,4,2,4,2,2,1,1,2,3,2
67787,4,4,4,4,5,5,5,5,4,5,4,4,5
82897,3,4,3,2,4,3,4,4,5,2,5,3,4
36922,2,2,2,2,4,1,1,2,2,2,2,3,4
120874,3,3,3,1,3,3,3,3,5,4,5,3,3
24652,3,3,5,3,2,4,2,3,3,4,3,2,1
72101,2,3,2,1,5,2,5,5,1,1,5,5,5
122194,2,2,2,1,4,2,4,4,3,3,5,4,4
77109,2,2,2,3,3,2,3,3,4,3,5,5,3
111465,2,5,1,3,1,3,3,5,1,3,3,3,3
89072,4,4,4,4,2,2,2,2,4,4,4,5,2
100340,4,4,3,3,5,3,5,5,4,2,3,1,5
43678,5,1,5,4,4,5,3,4,2,2,3,1,4
82493,2,4,2,4,4,2,4,4,1,2,4,3,4
120811,3,3,3,3,1,4,4,4,4,4,4,3,2
43985,4,4,4,4,3,4,1,3,3,3,2,4,3
22808,2,2,5,2,3,4,3,4,4,4,3,1,3
117228,1,4,1,3,4,1,4,4,3,5,5,5,4
88960,2,5,5,5,2,2,2,2,2,4,4,3,2
127076,5,5,5,5,5,5,4,4,4,4,4,4,3
24753,5,5,5,5,3,5,2,2,2,2,2,1,2
45193,4,4,4,4,4,4,4,4,4,5,3,4,4
23637,3,4,3,3,2,3,2,2,4,3,4,3,2
64903,3,2,2,2,3,3,3,3,2,2,4,4,3
124614,3,3,4,3,3,4,4,4,4,4,4,3,5
60247,3,5,3,4,2,3,2,2,4,4,4,4,2
6942,4,4,4,4,2,5,4,4,4,4,4,3,4
113851,2,1,1,1,2,2,2,2,3,4,4,4,2
99298,4,5,5,5,5,4,3,4,4,3,4,1,2
60457,4,4,4,4,3,4,5,5,5,5,5,4,5
85280,2,4,2,5,1,2,1,1,3,3,4,5,1
101480,3,3,3,3,5,4,5,4,4,4,4,4,4
92418,2,2,2,2,5,4,5,4,4,4,4,3,3
71847,3,3,3,4,5,3,5,5,3,5,5,5,5
76017,4,4,4,4,3,4,5,5,5,5,5,3,5
58824,2,5,2,1,3,2,3,3,1,3,4,3,3
26872,5,5,4,5,3,4,3,5,5,5,5,2,5
51833,1,0,0,2,1,1,1,1,3,2,2,3,1
110819,1,5,1,5,3,1,3,3,5,5,5,5,3
51653,1,5,5,5,1,1,1,1,2,4,4,2,1
12327,4,4,4,1,4,4,4,4,4,3,2,3,4
7977,2,2,5,2,5,4,4,5,5,5,5,3,3
128374,0,0,0,4,4,4,5,1,1,1,1,4,5
14199,3,4,4,4,3,3,2,3,3,5,4,3,3
36816,2,5,2,3,2,3,3,4,4,5,5,3,3
87489,2,2,2,2,2,3,4,2,2,2,2,1,3
98046,3,3,3,3,5,3,5,5,5,5,5,4,3
53155,1,1,1,1,3,4,4,4,4,4,4,5,4
85438,2,2,2,2,3,4,5,5,5,4,4,3,3
54662,2,2,2,2,5,2,5,5,3,5,2,1,5
53822,3,3,3,3,4,4,3,4,4,4,3,1,4
99366,2,2,2,3,3,2,3,3,4,3,3,2,3
16359,4,2,2,2,2,3,3,4,4,4,4,5,2
103114,3,3,3,1,1,3,1,1,2,4,4,5,1
108188,3,3,3,3,2,5,5,5,5,5,5,4,4
22679,4,4,4,4,3,1,5,4,4,4,4,3,1
44035,1,1,1,4,5,1,5,5,4,3,3,3,5
11956,2,2,2,2,5,5,5,2,2,2,2,3,5
108724,4,3,3,3,4,3,4,4,3,3,3,3,4
9269,5,5,4,5,5,4,4,5,5,5,5,4,3
43238,5,5,5,5,3,4,4,4,4,5,4,4,3
17610,2,5,2,4,2,2,2,2,5,3,4,4,2
95214,4,4,4,5,1,4,4,1,5,5,4,1,1
51739,2,0,2,3,4,2,4,4,3,5,4,3,4
53921,2,2,2,4,4,2,4,4,3,5,4,2,4
69149,3,1,3,3,2,4,3,4,4,3,4,2,4
103691,0,3,0,2,5,0,5,5,1,3,4,3,5
16276,4,1,4,3,5,4,5,5,1,5,4,1,5
119916,3,5,5,5,2,2,3,3,3,3,3,2,2
4542,4,4,4,4,4,4,4,4,3,4,5,4,4
93773,2,2,2,2,5,5,4,4,4,4,4,3,4
37883,3,1,1,1,3,3,3,3,4,4,3,2,3
116904,4,4,4,4,5,5,4,3,3,3,3,5,5
91323,3,2,3,4,5,3,5,5,2,4,4,4,5
68629,5,5,5,5,4,5,4,3,3,4,3,5,5
76143,3,3,3,2,2,3,2,2,4,4,4,3,2
29181,4,5,5,5,4,5,5,4,4,4,4,1,5
112962,2,5,3,4,4,3,4,4,5,4,5,5,4
14158,1,1,1,1,5,5,5,3,3,4,3,3,5
128801,4,4,4,4,5,5,5,5,2,4,4,5,5
89122,1,5,4,5,1,1,1,1,2,2,3,3,1
51915,1,5,1,1,2,1,2,2,4,5,5,5,2
93654,3,3,3,3,4,4,4,4,5,2,4,5,4
34162,3,3,3,3,4,3,4,4,4,1,3,1,4
88475,1,4,4,4,3,4,4,1,1,1,1,3,1
6377,3,2,2,2,4,3,4,4,3,1,4,3,4
72515,3,5,2,5,1,1,1,3,3,3,3,1,1
27649,3,5,3,2,4,3,2,4,4,5,4,5,4
12144,5,4,5,5,2,1,2,3,3,4,3,3,1
120092,1,1,1,1,3,5,5,5,5,5,5,5,3
17109,2,2,2,4,1,2,1,1,3,5,4,1,1
18996,3,5,5,2,1,5,1,1,3,1,4,3,1
39826,1,1,1,1,1,4,4,5,5,4,5,1,5
113682,3,4,0,2,4,0,3,4,3,2,5,3,4
115123,3,1,3,3,5,5,5,5,3,5,4,3,5
38226,4,4,4,4,4,4,5,4,4,4,2,1,4
103450,1,1,1,1,5,4,5,5,5,5,5,5,5
119612,2,1,2,3,5,2,5,5,4,2,4,2,5
77104,3,3,3,3,3,5,4,5,5,5,5,5,4
67643,3,3,3,3,2,5,4,2,2,2,2,5,5
1062,5,2,5,3,4,5,4,4,1,1,4,1,4
122728,1,1,1,1,3,4,5,4,4,4,4,4,3
19283,5,3,3,3,5,5,5,5,1,3,1,5,5
29001,2,1,1,1,2,2,2,2,3,1,4,4,2
59987,2,5,2,4,2,5,5,2,2,2,2,5,4
11630,1,4,2,4,5,2,3,5,5,2,5,2,5
92591,1,1,1,1,4,4,5,5,5,5,5,5,5
77616,5,5,5,5,4,5,4,4,4,4,4,4,5
78041,3,4,4,2,1,4,1,1,4,5,4,4,1
71811,3,5,5,5,3,3,3,3,1,5,2,1,3
112851,3,3,3,3,4,5,4,4,4,4,4,3,4
19447,4,2,5,2,5,1,4,4,4,4,4,1,4
15667,3,4,3,3,4,3,4,4,1,3,4,2,4
118962,3,3,3,1,2,3,2,2,4,4,4,5,2
78953,2,0,1,2,4,1,4,4,4,3,4,3,4
53556,1,1,1,1,3,5,4,5,5,5,5,3,5
72689,4,3,4,3,4,4,4,4,2,4,4,4,4
106963,2,1,1,4,5,1,5,5,4,2,4,5,5
42703,2,3,2,4,5,2,5,5,1,5,4,2,5
113156,1,3,3,3,4,3,3,1,1,1,1,1,1
58551,4,5,5,5,4,5,1,4,4,4,3,3,4
30177,4,2,2,2,4,4,4,4,4,4,5,4,4
96521,3,1,3,4,3,3,3,3,3,2,4,2,3
28552,1,4,1,3,5,1,5,5,5,5,4,4,5
82388,0,0,0,4,3,0,3,3,3,5,4,4,3
66397,1,4,4,4,4,4,3,1,1,1,1,2,1
24204,0,0,1,1,5,1,5,5,1,3,5,3,5
27168,3,3,3,3,3,5,5,4,4,4,4,5,5
3305,1,1,1,4,1,1,1,1,2,3,4,4,1
22411,2,3,2,1,5,2,5,5,1,3,5,5,5
102109,4,4,4,4,5,4,4,4,4,4,4,5,4
48167,1,0,0,3,0,3,3,5,3,5,3,3,3
116361,3,4,3,3,2,3,1,2,5,4,5,3,2
51865,1,1,4,4,2,4,2,2,4,4,3,3,2
23966,5,2,2,2,4,1,3,5,5,5,5,2,2
120579,2,2,2,3,5,2,5,5,3,2,4,5,5
78814,2,2,2,3,3,2,3,3,3,3,4,1,3
92118,2,2,2,3,1,2,1,1,1,2,4,2,1
6518,3,5,5,5,3,2,3,3,2,2,4,3,3
102019,3,3,3,3,4,4,4,4,4,4,4,5,4
54437,0,5,0,4,3,0,4,3,5,1,1,3,3
35965,0,5,0,4,2,0,3,2,3,5,3,4,2
61188,4,4,4,4,5,5,5,5,4,3,4,4,5
90260,1,1,1,1,5,5,5,5,5,5,5,5,5
72298,2,5,2,3,3,2,3,3,2,4,1,3,3
52294,4,2,4,4,5,4,5,5,2,4,3,3,5
113140,1,1,1,1,4,4,5,5,5,5,5,4,5
1179,1,1,1,2,4,1,2,4,4,2,1,2,4
13140,1,4,2,3,1,2,1,1,3,5,3,3,1
42288,0,0,0,1,5,1,2,2,2,2,2,2,2
120780,3,5,3,2,1,3,1,1,4,4,5,5,1
47906,1,3,3,3,5,3,3,1,1,1,1,3,2
81953,1,1,1,1,5,5,5,5,5,5,5,5,3
123608,2,2,2,2,2,3,5,5,5,4,5,3,5
17224,5,1,1,1,5,5,5,5,4,3,3,5,5
79696,2,4,2,2,5,2,5,5,3,5,5,3,5
49791,4,4,4,4,1,2,4,3,3,3,3,5,4
128919,2,2,2,2,5,4,4,5,5,5,5,5,3
11854,3,3,3,3,2,4,4,4,4,4,4,3,5
38019,3,3,3,4,3,3,3,3,1,5,3,2,3
101495,4,4,4,4,4,3,4,4,2,2,3,3,4
23222,3,3,3,1,4,4,2,5,5,3,5,3,4
89421,1,5,1,2,4,1,4,4,4,1,1,3,4
15164,3,5,3,1,1,3,1,1,4,4,4,4,1
40717,1,1,2,1,5,4,5,5,5,2,4,3,5
8762,2,5,2,1,3,2,5,3,3,2,3,4,3
112667,5,5,5,5,2,5,5,4,4,4,4,4,3
107117,3,3,1,3,2,2,2,5,3,5,5,2,2
71659,4,2,4,3,1,4,1,1,3,5,3,1,1
127306,4,4,4,3,3,4,3,3,5,5,3,4,3
121944,4,4,4,4,3,4,5,5,5,5,5,5,4
19191,1,3,3,3,2,4,3,1,1,1,1,1,2
111377,4,4,4,4,4,5,5,4,4,4,4,5,4
116194,4,4,4,3,3,5,4,3,3,4,5,4,3
19629,3,3,3,3,4,4,4,4,5,4,2,4,4
123038,1,4,1,3,2,1,4,2,4,2,3,4,2
81629,1,1,1,3,1,1,1,1,4,4,4,2,1
63722,4,4,4,3,3,4,1,3,5,3,3,5,3
27609,3,2,3,4,3,3,3,3,3,3,3,1,3
84667,2,2,2,3,4,2,4,4,2,5,3,1,4
102691,2,2,2,2,4,5,4,4,4,2,4,3,4
73215,2,2,2,2,2,5,4,4,4,4,4,4,4
5470,1,3,0,3,4,0,4,4,4,5,4,2,4
83417,4,5,5,5,4,4,3,4,4,4,4,2,5
62085,1,4,1,3,5,5,4,1,1,1,1,4,3
122091,3,4,3,2,4,3,4,4,4,3,4,4,4
64696,4,4,4,4,2,5,5,4,4,4,4,4,5
95922,4,2,4,2,3,4,3,3,1,3,2,1,3
3315,1,1,1,1,2,4,5,5,5,5,5,4,5
31323,3,4,3,2,1,3,2,1,5,5,4,4,1
74822,1,5,1,2,5,1,5,5,5,3,5,5,5
43577,4,4,4,4,1,4,1,1,3,2,3,4,1
88338,2,2,3,2,3,4,4,5,5,4,5,4,4
54955,2,2,2,2,5,3,4,2,2,2,2,4,3
125120,3,4,3,1,5,4,4,2,2,3,5,5,3
122495,2,2,2,2,2,4,5,4,4,4,4,4,5
32428,2,1,2,3,1,2,1,1,4,5,4,2,1
81640,5,4,5,2,5,5,5,5,4,5,5,4,5
51613,4,5,5,5,4,3,4,4,4,4,4,2,3
104104,1,1,1,1,3,4,1,4,4,4,4,5,3
51882,5,5,5,5,3,5,5,4,4,4,4,4,4
100203,1,5,3,4,5,5,5,1,1,3,1,3,5
69975,1,1,1,1,5,5,4,5,5,5,5,4,3
96157,0,0,0,2,5,5,5,5,5,5,5,3,5
61632,4,3,3,3,1,4,1,1,3,4,5,4,1
28835,2,2,2,2,1,1,2,4,4,4,4,3,4
102056,3,4,3,2,3,5,5,3,3,3,3,4,4
93074,2,4,4,4,2,2,4,2,2,4,3,1,2
57379,2,2,2,3,3,2,3,3,3,1,3,2,3
289,2,5,3,5,4,3,4,4,3,3,4,5,4
121168,4,4,4,1,4,1,1,3,5,4,5,1,1
43154,5,5,2,5,5,5,5,5,5,2,1,1,5
117453,1,5,1,4,5,1,5,5,4,5,4,4,5
46902,4,4,4,4,5,4,1,5,5,5,5,4,2
3779,5,4,5,5,4,4,5,5,5,5,5,3,3
103389,0,0,0,2,5,4,5,2,2,2,2,4,3
22360,3,3,3,3,2,2,4,4,4,4,5,3,3
119768,3,3,2,3,4,5,4,4,4,4,4,4,3
29292,4,2,2,2,4,4,4,4,2,5,2,4,4
14215,3,5,3,1,2,3,2,2,4,4,5,3,2
50929,3,5,3,1,5,4,5,4,4,3,4,5,5
38323,4,4,4,4,1,4,2,1,1,5,3,1,1
85578,1,4,4,4,4,4,3,1,1,1,1,4,2
7644,1,1,2,1,3,4,4,5,5,5,5,3,3
25556,2,1,1,1,1,4,4,2,2,2,2,3,2
95900,3,3,3,3,4,3,4,4,2,2,3,1,4
105900,2,0,2,2,5,2,4,5,3,3,5,5,5
80658,2,3,3,3,2,1,4,2,2,1,4,1,2
123791,5,5,5,5,2,5,4,4,4,4,4,4,4
81056,0,3,0,2,4,0,4,4,1,2,2,4,4
101215,2,4,2,1,5,2,5,5,3,3,4,4,5
76054,2,0,2,2,5,2,5,5,3,2,5,3,5
14319,2,2,2,2,3,5,1,5,5,5,5,2,1
26538,2,5,2,1,1,2,1,1,4,3,4,3,1
27440,4,4,4,3,3,4,3,3,1,2,5,3,3
11748,0,0,0,4,3,0,3,3,5,4,5,5,3
37753,4,4,4,4,2,4,1,2,5,5,5,3,2
7080,1,3,4,3,4,2,2,2,2,2,1,4,2
5749,3,3,3,3,1,4,3,3,3,3,3,4,4
36409,2,2,2,2,1,1,1,5,5,5,5,1,1
54165,5,3,3,3,5,5,5,5,2,4,2,2,5
80716,2,2,2,3,4,2,4,4,4,4,5,3,4
53627,4,2,2,2,4,3,5,4,4,4,4,2,2
64910,4,1,4,2,4,4,4,4,3,5,2,3,4
70274,2,2,2,2,4,4,5,4,4,4,4,5,3
97064,1,2,2,3,3,1,2,3,4,5,4,4,3
49565,3,0,3,3,1,3,1,1,5,4,1,4,1
10901,2,2,4,2,2,2,2,2,4,5,1,4,2
79683,1,4,1,4,4,5,5,1,1,1,1,5,4
125817,3,3,3,4,3,2,2,3,1,4,3,2,2
53773,0,0,0,4,5,0,5,5,1,4,4,4,5
35101,1,1,1,1,2,1,3,4,4,4,4,1,2
12401,3,3,3,3,3,5,5,4,4,4,4,3,2
22099,2,4,2,5,2,2,3,4,3,4,5,3,3
117176,2,4,2,4,5,2,5,5,1,3,2,3,5
19880,1,2,1,1,4,4,5,5,5,5,5,3,3
100930,2,5,2,1,5,2,2,5,4,4,5,5,5
116272,1,1,1,4,3,1,3,3,3,5,3,2,3
125156,5,5,1,5,2,4,5,2,2,2,2,5,3
28456,3,3,3,3,3,2,2,2,4,2,3,2,2
13403,3,3,3,3,4,4,4,4,4,4,4,4,5
114771,4,4,4,4,5,5,5,5,4,5,4,3,5
56077,3,1,3,3,3,3,3,3,1,2,4,3,3
66238,2,2,2,2,4,4,4,4,3,5,3,3,4
73585,5,5,5,5,3,5,4,3,3,4,5,5,5
51618,3,3,3,3,5,3,1,4,4,4,4,4,4
110672,2,3,3,3,2,2,2,2,1,5,4,3,2
5384,3,1,3,2,2,3,3,2,4,5,2,2,2
73460,3,5,3,3,4,3,4,4,2,5,5,4,4
108451,1,4,4,4,2,2,1,1,1,1,1,1,4
79569,2,2,2,2,1,2,1,1,4,5,4,4,1
85053,1,1,1,1,4,5,4,4,4,4,4,4,4
115180,2,2,2,3,5,2,5,5,5,4,4,4,5
99363,3,5,5,5,3,3,3,3,4,2,4,4,3
49954,3,3,3,3,5,4,3,3,3,3,3,2,4
66015,3,3,3,3,3,5,5,4,4,4,4,5,3
101883,5,5,5,3,4,5,4,4,5,2,3,4,4
115987,4,4,4,1,5,5,5,5,5,4,3,5,4
57253,3,1,1,1,3,3,3,3,3,4,4,3,3
63877,4,5,5,5,4,4,2,4,4,4,3,2,4
98312,2,2,2,3,2,2,2,2,3,5,4,3,2
99413,2,0,2,3,5,2,5,5,2,3,3,1,5
91190,2,1,2,1,1,2,1,3,3,2,5,4,4
106857,2,2,2,3,1,4,4,4,4,2,4,1,1
53013,3,3,3,3,4,3,5,4,2,2,4,3,4
89103,1,1,1,1,5,5,4,4,4,4,4,5,3
120361,1,1,1,1,3,4,5,5,5,5,5,5,4
34853,1,4,4,4,1,1,1,1,2,1,3,3,1
36679,3,4,3,4,4,3,4,4,4,2,3,3,4
52075,3,0,3,5,4,3,4,4,1,4,3,2,4
68729,3,5,3,2,5,3,5,5,3,3,4,5,5
43150,2,4,1,4,2,1,2,2,1,5,5,1,2
124605,2,4,4,4,2,2,2,2,1,1,3,3,2
90274,1,5,5,5,5,4,4,1,1,1,1,3,4
27810,1,1,1,1,4,4,4,4,5,3,5,4,4
70719,3,3,3,3,2,3,2,2,2,2,4,2,2
95302,1,2,1,2,2,1,1,2,1,1,2,2,2
45740,2,2,2,2,2,4,4,4,4,4,4,3,4
76606,3,3,1,3,4,4,5,5,5,5,5,5,5
65732,4,4,4,4,5,5,5,5,3,4,4,4,5
102809,3,3,3,3,2,4,5,4,4,4,4,3,4
98770,4,5,3,1,1,3,2,1,4,3,4,4,1
101823,0,1,0,3,4,0,3,4,1,2,3,1,4
77577,2,3,3,3,1,2,2,2,2,2,2,3,3
118312,5,5,1,5,5,4,4,5,5,5,5,5,5
94227,5,5,5,5,2,4,4,4,4,4,4,5,5
72632,1,4,1,3,2,1,4,2,5,2,4,5,2
75900,2,1,4,4,3,2,2,1,5,4,4,2,2
16028,2,1,2,3,4,2,4,4,3,2,3,1,4
41142,1,5,1,1,3,1,1,3,4,5,4,4,3
4073,2,2,2,2,2,2,2,2,3,2,2,1,2
113882,3,4,3,3,4,3,4,4,5,2,4,3,4
31181,2,1,1,1,3,3,3,2,2,2,2,3,4
123460,3,3,3,4,1,3,1,1,4,3,5,3,1
118968,3,4,3,5,2,3,2,2,3,5,5,5,2
99012,2,0,2,3,5,2,5,5,4,4,4,5,5
9485,5,5,5,5,5,4,5,5,5,5,5,4,4
61820,2,5,2,1,5,3,5,2,2,2,4,1,2
110056,4,5,4,5,3,4,3,3,4,3,4,4,3
83267,4,4,4,4,2,4,3,4,4,4,4,1,2
40964,2,2,2,2,3,2,1,5,5,5,5,4,4
101298,1,4,4,4,5,5,5,2,2,4,1,4,5
91377,3,5,5,5,3,3,3,3,2,3,4,3,3
78642,2,2,4,2,5,5,5,4,4,5,4,3,4
57840,3,1,1,1,3,3,3,3,3,1,3,4,3
103115,3,3,3,3,2,4,3,2,2,3,2,3,2
114732,1,1,1,1,4,4,5,4,4,4,4,4,3
120907,3,3,3,3,1,2,1,1,3,5,4,3,1
49550,4,4,4,5,4,4,4,4,3,5,3,1,4
98663,3,2,3,3,1,3,1,1,2,3,3,3,1
13515,4,4,4,4,4,4,4,4,3,2,1,1,4
43830,2,4,2,5,2,2,2,2,1,5,1,2,2
14878,1,1,1,2,2,1,4,2,1,3,3,4,2
80837,3,4,4,4,3,3,3,3,1,5,3,1,3
39726,3,3,3,3,5,4,3,3,3,3,3,3,4
105315,4,4,4,4,4,5,5,4,4,4,4,5,4
21018,3,3,3,3,5,1,3,5,5,5,5,2,4
80988,0,0,0,3,4,2,3,5,5,5,5,2,3
49775,1,3,3,3,5,3,4,1,1,1,1,3,4
126583,3,5,3,5,3,5,4,1,1,3,1,3,4
129258,3,3,3,3,5,5,5,4,4,4,4,5,4
43843,5,4,4,4,3,2,3,5,5,5,5,1,4
82373,3,3,3,3,2,3,5,2,2,4,3,2,2
5942,3,4,4,4,3,3,3,3,2,3,2,2,3
129082,5,0,5,3,2,5,2,2,5,3,5,5,2
69245,3,3,3,3,3,5,4,5,5,5,5,5,5
73089,3,4,4,5,3,4,2,3,3,2,5,4,3
98972,2,4,2,4,1,2,2,1,1,4,3,2,1
27130,4,4,5,4,5,4,4,3,2,4,5,4,4
21826,2,4,2,4,2,2,2,2,2,3,3,3,2
31816,3,1,3,2,3,1,1,2,5,2,3,1,1
115181,3,3,3,3,2,5,4,4,4,4,4,5,3
87329,3,4,3,5,4,3,4,4,2,4,4,3,4
119285,4,5,4,4,3,5,4,5,5,5,4,3,4
92304,3,1,3,3,2,3,2,2,2,5,2,1,2
123314,1,1,1,1,1,1,2,1,1,2,4,1,1
79737,3,1,3,1,3,4,4,3,3,3,3,2,4
85161,2,1,1,1,3,2,3,2,2,2,2,3,3
114279,2,5,2,2,3,2,3,3,4,2,4,5,3
28317,2,2,2,2,3,1,2,5,5,5,5,4,4
123232,2,4,2,2,4,2,4,4,1,5,5,1,4
121985,1,1,1,1,5,5,5,5,4,4,4,5,5
126395,2,1,2,4,3,3,4,2,2,2,2,1,2
66122,1,5,5,5,2,3,3,1,1,1,1,4,3
3419,1,4,1,1,5,4,4,4,4,1,4,3,3
85598,2,2,2,3,1,2,1,1,3,1,4,4,1
55973,2,4,2,5,4,2,1,4,5,3,4,4,4
37602,5,4,5,4,5,1,1,3,2,5,5,1,1
49708,1,5,5,5,4,2,3,1,1,1,1,4,3
124047,5,2,2,2,5,4,3,5,1,1,4,2,5
95998,4,4,4,4,2,4,5,4,4,4,4,4,5
116979,1,1,1,1,4,5,4,4,4,5,4,5,4
64079,2,4,2,1,2,2,2,2,3,2,4,3,2
78347,2,5,3,3,3,3,1,3,3,5,4,4,3
99144,2,2,2,2,2,4,3,2,2,2,2,2,1
25629,2,2,2,2,2,2,2,2,4,4,3,1,2
81786,4,4,4,4,3,5,5,5,5,5,5,4,5
1204,3,3,5,3,3,5,3,3,3,2,3,2,3
49405,3,4,4,4,3,3,4,3,3,3,3,4,3
42022,0,4,0,2,5,4,1,2,2,2,2,1,1
16204,2,5,2,3,2,3,2,4,2,5,4,2,2
58677,4,4,4,4,2,5,4,2,2,2,2,5,4
55288,4,2,5,2,3,4,3,4,4,4,4,3,2
28688,1,3,0,4,3,0,1,3,3,1,3,2,3
64531,1,1,1,1,5,5,5,5,5,5,5,3,3
120771,2,4,5,5,2,2,2,2,1,3,3,2,2
33600,1,1,1,1,2,4,5,3,3,4,3,5,3
2962,4,4,4,2,1,4,1,1,4,2,5,5,1
46594,2,2,3,2,3,2,3,4,4,4,5,4,5
97780,3,3,3,1,4,3,4,4,5,2,4,4,4
73032,1,2,1,3,5,2,3,3,3,1,3,4,4
54644,1,1,1,1,5,5,5,5,2,4,1,4,5
49619,1,1,1,1,5,1,4,4,4,4,5,5,1
37291,4,2,2,2,4,4,4,4,4,1,5,4,4
117324,4,3,4,2,1,4,1,1,5,3,2,5,1
27291,5,1,1,1,5,5,5,5,2,2,1,3,5
103747,4,0,4,5,5,4,5,5,3,2,5,5,5
79384,2,2,2,2,3,4,4,4,4,4,4,5,4
92289,5,5,5,5,4,5,4,2,2,2,2,3,5
53892,2,3,2,1,5,2,4,5,2,2,1,3,5
126602,2,2,2,2,4,4,4,4,3,3,5,3,4
110912,3,4,4,4,3,3,3,3,4,5,1,4,3
17721,4,4,4,4,5,5,5,5,4,5,1,5,5
112740,2,2,2,2,4,4,4,4,3,4,5,3,4
106367,3,4,5,4,3,3,3,3,1,3,4,3,3
97526,3,3,2,3,5,3,4,3,3,3,3,3,2
52881,4,3,4,4,5,4,5,5,3,2,4,3,5
7601,4,4,4,4,4,4,4,4,3,4,5,3,4
77566,5,5,5,2,2,5,1,2,4,4,4,3,2
119797,2,2,2,2,4,4,4,4,4,4,4,3,4
109865,2,4,4,4,2,2,2,2,3,5,3,1,2
71600,2,2,3,2,2,2,2,2,3,5,3,2,2
7128,2,2,2,2,5,5,5,5,5,5,4,5,4
104117,3,5,3,3,2,3,2,2,5,5,4,5,2
7939,3,3,3,2,2,3,2,2,3,2,4,5,2
122661,3,3,3,3,3,4,4,5,5,5,5,3,4
33912,4,4,4,4,3,2,4,4,4,4,4,2,1
106741,3,2,2,2,2,2,1,2,3,2,3,4,2
2271,3,4,4,1,2,4,2,2,3,2,4,5,2
4262,5,4,5,2,1,5,1,1,5,3,5,5,1
124026,2,3,2,4,5,2,5,5,3,3,3,2,5
128378,2,2,2,2,4,4,4,4,3,3,5,4,4
125648,1,2,2,2,1,1,1,1,2,4,3,2,1
75821,5,5,5,3,5,5,5,5,4,5,4,4,5
85479,3,5,3,3,3,3,3,3,3,3,2,3,3
101145,2,1,1,1,2,2,2,2,1,3,4,4,2
83810,1,5,1,3,2,1,1,2,5,4,4,5,2
38502,4,2,2,2,3,4,4,4,4,4,4,3,2
87123,2,5,2,2,5,2,5,5,2,1,3,2,5
115214,2,2,2,2,5,5,5,5,5,4,5,5,5
85957,0,4,0,3,4,0,3,4,5,4,5,3,4
50641,1,4,1,4,5,1,5,5,2,1,3,1,5
122539,3,3,3,3,4,4,4,4,4,5,4,5,3
88969,5,5,5,5,5,5,5,5,4,5,5,3,5
120407,3,4,4,4,4,3,2,3,3,3,3,1,2
80611,3,3,3,3,4,5,4,5,5,5,5,5,5
27786,4,1,5,5,2,1,5,4,4,4,4,3,1
82843,1,1,2,1,5,4,5,5,5,5,5,5,4
44492,2,4,2,5,5,2,5,5,3,3,2,4,5
120999,1,2,1,3,5,1,5,5,1,4,4,1,5
61926,3,5,3,4,5,3,5,5,3,2,4,4,5
82108,2,4,2,5,4,2,4,4,5,1,5,1,4
36099,2,4,2,2,2,4,4,1,1,2,1,3,3
80836,4,1,1,1,4,4,4,4,3,3,3,2,4
47025,2,2,2,2,3,4,4,4,4,4,4,3,4
77015,2,2,2,2,3,4,4,4,4,4,4,5,3
56775,1,5,1,1,3,5,2,4,4,1,3,4,2
84393,3,4,4,4,2,4,4,3,3,3,3,1,1
50796,2,5,0,3,1,0,1,1,5,2,4,5,1
36055,3,5,5,5,3,3,4,3,3,3,3,1,2
106776,3,4,3,5,3,3,3,3,3,5,1,2,3
110976,0,0,0,5,5,0,5,5,4,5,4,4,5
25359,4,4,1,4,5,5,3,1,1,2,1,5,2
47470,3,4,3,1,5,4,5,3,3,3,3,4,4
101619,2,3,2,4,5,2,2,5,1,2,4,1,5
74788,5,0,5,3,4,5,4,4,3,5,4,3,4
43364,2,4,2,3,1,2,1,1,4,4,5,4,1
25858,1,4,1,1,3,1,3,3,3,5,4,4,3
29085,1,4,0,1,2,0,2,2,5,4,4,3,2
113716,4,1,4,4,2,4,2,2,4,4,3,4,2
24198,3,4,4,4,3,3,3,3,4,5,3,3,3
76253,2,4,2,3,3,2,3,3,3,4,3,3,3
40043,0,0,0,4,1,0,1,1,1,1,3,4,1
38756,5,2,2,2,1,2,4,5,5,5,5,5,4
9656,2,4,3,4,3,3,1,3,1,4,3,2,3
14239,2,2,3,2,3,3,3,3,4,2,4,3,3
87956,5,5,5,5,5,5,4,4,4,4,4,3,5
92983,3,3,3,3,5,4,5,4,4,4,4,5,4
86194,5,5,5,5,3,5,5,4,4,4,4,3,3
95056,1,3,0,4,4,0,4,4,2,1,3,1,4
100115,2,2,2,2,2,2,2,2,5,5,4,4,2
80947,0,1,1,1,4,4,5,1,1,1,1,5,5
121472,3,2,3,4,4,3,4,4,1,1,3,4,4
16501,3,1,1,1,5,3,3,3,3,3,3,2,1
2244,3,3,3,5,2,3,2,2,4,2,4,5,2
24456,5,3,3,3,5,5,5,5,2,3,4,4,5
19422,4,1,4,1,4,4,4,4,4,2,2,3,4
58361,3,5,3,3,3,3,3,3,2,4,5,2,3
63856,2,2,3,2,3,4,4,5,5,5,5,5,4
73382,5,5,5,5,5,4,4,4,4,4,4,5,4
2794,3,3,4,4,3,3,3,3,5,3,3,5,3
39405,1,1,2,3,4,4,3,4,4,2,4,3,4
68867,2,1,3,3,5,4,3,2,2,2,2,3,3
108754,1,1,1,1,5,5,5,5,3,3,4,5,5
74231,3,3,3,3,5,5,5,5,4,3,4,5,5
44313,2,3,2,3,5,4,3,1,1,2,2,2,2
62685,3,3,3,3,3,3,3,3,3,4,4,4,3
97306,4,4,4,4,3,4,5,3,3,4,3,3,3
42744,3,4,3,3,4,3,4,4,5,5,5,5,4
38858,3,4,4,4,3,5,3,3,5,1,3,4,3
127144,3,5,3,4,1,3,1,1,5,4,4,3,1
89586,2,2,2,2,2,2,2,2,5,5,4,3,2
104976,3,5,5,5,5,4,4,3,3,3,3,2,3
10773,2,5,5,5,5,4,3,2,2,2,2,3,3
29851,0,4,1,4,5,2,4,4,4,4,4,5,3
12161,3,2,2,1,3,2,3,3,5,5,5,4,3
1356,2,2,2,2,3,4,3,2,2,2,2,3,4
25762,1,5,1,2,3,5,5,1,1,1,1,4,4
39197,1,5,1,3,3,1,3,3,4,1,2,1,3
114596,1,1,1,1,3,4,4,5,5,5,5,3,4
45634,2,0,2,3,1,2,1,1,2,4,1,3,1
88180,1,1,1,1,4,5,5,4,4,4,4,5,4
19165,4,1,1,1,4,3,4,4,2,4,3,1,4
62967,5,5,5,5,4,4,4,4,3,4,5,5,4
106253,0,4,0,2,3,4,5,5,5,4,1,5,3
77493,4,4,4,4,5,4,5,5,2,5,3,4,5
54972,1,1,1,1,3,4,5,4,4,5,4,3,5
83138,4,5,4,2,3,4,3,3,5,2,4,4,3
15504,3,5,3,5,4,3,5,4,3,5,4,4,4
65125,4,2,4,3,5,4,5,5,1,2,3,3,5
71140,3,1,1,1,3,3,3,3,2,5,4,2,3
124437,3,3,3,3,2,3,2,2,5,2,4,4,2
101803,3,4,4,4,3,3,3,3,4,5,3,2,3
71276,3,1,3,3,2,3,2,2,4,2,4,3,2
120016,3,2,3,4,4,3,4,4,4,1,3,4,4
16551,5,5,5,5,4,4,2,4,4,4,4,3,3
4959,3,2,2,2,3,3,3,3,4,4,3,2,3
93326,2,2,4,2,3,5,4,5,5,5,5,5,3
45057,4,5,5,5,3,1,4,4,4,4,4,5,5
54186,0,1,0,3,4,0,4,4,4,3,3,1,4
123604,2,3,2,4,2,3,4,2,2,2,2,2,1
6020,2,4,4,4,4,3,3,2,2,2,2,4,1
7131,2,2,2,2,3,5,5,3,3,4,5,3,5
36456,3,2,2,2,1,4,3,3,3,3,3,2,2
62361,2,4,2,1,5,5,5,1,1,2,1,5,4
12328,3,3,5,5,3,2,3,3,3,2,4,3,3
64490,3,5,3,2,5,3,5,5,5,4,5,3,5
607,4,4,4,3,3,4,3,3,4,3,4,5,3
125815,2,2,2,1,1,2,1,1,4,2,5,3,1
15334,4,3,4,4,1,4,1,1,2,2,2,1,1
14084,2,1,2,3,1,2,1,1,1,2,3,3,1
74201,1,5,4,5,1,1,3,1,3,2,3,2,1
92110,1,5,2,1,5,2,3,5,4,5,4,5,5
47496,4,4,4,5,5,4,5,5,1,3,4,3,5
105497,2,5,2,1,2,2,2,4,2,5,4,2,2
26943,2,2,2,2,5,3,4,2,2,2,2,1,1
54176,2,2,2,2,1,1,1,5,5,5,5,3,1
120507,4,2,2,2,4,4,4,4,2,3,4,2,4
117615,1,2,2,2,1,4,4,1,1,1,1,3,1
41855,3,4,3,4,5,3,3,5,1,1,3,2,5
118416,2,2,2,2,5,4,5,5,5,5,5,3,5
117264,2,4,2,1,2,4,5,4,4,2,4,3,5
32293,4,4,4,4,3,2,3,4,4,4,5,4,2
37473,4,4,4,4,5,4,5,5,5,5,5,1,3
25294,4,3,4,5,1,4,1,1,4,3,5,5,1
53982,3,4,3,1,4,3,4,4,5,4,5,4,4
81140,4,3,1,1,1,3,2,4,4,4,4,1,3
44082,2,3,3,3,2,2,2,2,1,1,4,4,2
83278,2,5,2,3,2,5,3,5,3,1,3,3,3
33037,4,4,4,5,4,4,4,4,5,3,4,5,4
122386,4,4,4,1,2,4,2,2,5,5,4,5,2
95401,1,5,1,2,5,1,2,5,5,2,4,5,5
46178,0,0,0,3,2,0,2,2,2,2,3,1,2
33137,5,4,5,5,3,5,3,3,5,5,5,4,3
117306,1,1,1,1,4,4,4,5,5,4,5,4,4
44446,3,4,3,4,2,3,2,2,4,2,5,5,2
26650,3,4,4,4,3,3,3,3,3,2,4,3,3
52148,3,3,3,3,2,5,5,4,4,4,4,5,4
1572,3,0,3,1,2,3,2,2,3,2,5,3,2
97623,4,4,4,4,3,5,4,4,4,4,4,5,4
40031,2,2,5,3,3,5,3,3,4,1,3,2,3
126540,5,5,5,5,2,5,5,3,3,3,3,4,4
63907,3,3,3,3,4,5,3,3,3,4,3,3,3
46853,3,3,3,3,3,3,3,3,1,3,3,5,3
6818,0,4,0,3,1,0,1,1,3,1,5,5,1
24058,1,4,5,3,3,5,3,3,2,4,3,3,3
29547,5,1,3,1,1,3,4,5,5,5,5,4,5
69106,3,2,2,2,4,4,3,3,3,3,3,2,4
59464,2,2,2,3,3,2,3,3,5,3,5,3,3
106760,2,4,1,2,4,1,4,4,3,4,5,3,4
29715,4,3,3,3,5,4,5,5,3,5,5,3,5
122518,5,4,5,5,2,4,5,5,5,5,5,3,3
127888,5,5,3,5,3,5,5,3,3,3,3,5,3
107771,2,4,1,4,1,3,4,3,3,2,3,1,4
78304,2,5,2,4,1,2,1,1,5,3,5,3,1
18921,2,4,2,1,2,2,2,2,3,2,5,4,2
96144,3,3,3,3,4,5,4,4,4,5,4,4,3
28514,3,3,2,3,4,5,4,5,5,5,5,3,4
20194,2,5,2,5,3,2,3,3,5,2,2,1,3
6917,2,2,0,3,5,2,3,4,4,0,4,2,1
68224,5,0,5,3,4,5,4,4,3,5,4,4,4
42667,2,2,2,2,3,1,5,4,4,4,4,1,5
108110,3,3,3,3,5,4,4,4,4,4,4,5,5
46986,3,4,3,3,3,5,4,1,1,3,5,5,3
52247,3,2,2,2,3,3,4,3,3,3,3,4,3
14116,4,4,4,4,5,4,5,5,5,5,5,5,3
72181,2,2,2,3,1,2,1,1,4,2,4,3,1
85833,3,4,3,5,3,2,2,1,1,3,1,4,4
13117,3,3,3,3,1,5,5,4,4,4,4,1,4
113676,2,5,2,5,4,2,3,2,2,2,2,5,4
86668,2,4,2,2,4,2,4,4,5,2,4,3,4
112842,2,2,2,2,2,4,5,4,4,4,4,3,3
13420,2,0,2,3,5,2,5,5,1,2,3,4,5
119243,3,3,3,3,2,3,2,2,5,3,5,4,2
93627,1,3,4,3,4,3,4,1,1,1,1,4,2
33876,5,5,3,5,5,5,5,5,5,2,5,1,5
7657,2,2,2,2,5,4,4,3,3,3,3,4,5
48522,2,2,2,2,4,2,4,4,4,4,4,2,4
2858,2,1,2,2,3,4,3,2,2,2,2,1,2
54846,3,2,3,3,2,4,5,5,5,5,5,5,4
7094,4,1,5,5,4,4,4,4,4,3,2,1,4
75505,2,5,2,5,3,4,4,3,3,2,3,5,5
58407,1,5,5,5,1,3,4,1,1,2,1,1,1
69765,1,4,1,3,3,1,4,3,4,3,5,5,3
102421,2,4,2,4,1,2,1,1,1,2,4,1,1
95066,2,4,2,1,4,2,4,4,4,5,4,3,4
20821,5,3,5,5,5,5,5,5,2,3,1,3,5
74580,4,5,4,3,5,4,5,5,3,2,4,5,5
14188,4,5,4,4,3,4,3,3,2,1,4,5,3
13458,3,4,3,1,3,3,3,3,1,1,4,2,3
55597,5,5,5,5,3,4,5,4,4,4,4,5,4
49388,3,0,3,1,5,3,1,5,3,4,1,4,5
121117,4,4,4,4,4,3,5,4,4,4,4,3,5
28287,4,4,4,4,3,5,5,4,4,4,4,4,5
100760,4,4,4,4,5,5,5,5,5,5,5,5,3
5330,3,1,3,4,5,3,2,5,2,5,3,2,5
70494,4,2,2,2,5,1,3,5,5,4,5,1,5
44300,2,2,2,1,3,2,3,3,3,3,5,4,3
3692,1,2,2,2,5,4,4,1,1,1,1,3,1
124747,4,0,4,2,4,4,5,4,5,3,4,3,4
119389,2,5,2,2,5,5,5,4,4,4,4,3,5
7702,4,4,4,3,3,4,3,3,3,2,4,3,3
63419,3,5,5,4,5,5,5,5,3,5,4,5,5
53663,3,3,3,3,3,3,1,3,3,3,2,3,3
39261,4,3,4,2,2,4,2,2,3,4,4,1,2
12292,5,4,4,4,5,5,5,5,4,4,5,5,5
127681,5,5,5,5,2,4,4,4,4,4,4,4,3
42693,2,4,2,4,2,2,2,2,5,3,4,3,2
10632,2,2,2,2,4,5,4,5,5,5,5,3,3
1591,4,0,4,5,2,4,2,2,3,5,5,4,2
79306,3,1,3,3,5,5,5,4,5,3,5,5,5
112402,3,2,2,4,3,2,3,3,4,2,4,5,3
52481,5,4,5,4,4,5,4,4,4,3,4,4,4
100676,3,3,3,3,2,5,5,5,5,4,5,5,3
3394,5,0,5,3,1,5,1,1,4,2,5,4,1
49134,3,0,3,3,3,3,2,3,4,5,3,5,3
68466,1,1,1,1,2,5,4,3,3,4,3,4,5
40170,4,4,4,4,5,5,5,5,5,5,1,2,5
118657,3,5,5,5,5,3,2,3,3,3,3,1,3
28848,2,5,5,5,3,2,3,3,3,5,4,5,3
75592,4,1,1,1,2,1,1,4,4,4,4,5,3
119980,2,4,2,3,4,2,4,4,1,2,4,3,4
20284,2,1,0,2,2,0,2,2,3,1,3,4,2
47507,3,2,3,4,4,3,3,2,2,3,2,1,2
62206,2,4,2,3,4,4,4,4,4,2,4,5,5
101920,2,2,2,2,2,2,3,2,4,1,3,3,2
14921,4,5,5,5,4,4,4,4,4,4,4,3,4
67398,1,1,1,3,4,1,4,4,1,3,4,3,4
103726,4,4,4,4,4,4,4,4,3,3,4,3,4
125772,3,3,3,3,5,4,4,4,4,5,4,3,3
65187,4,4,4,3,1,4,1,1,4,5,4,4,1
18615,2,4,2,2,2,2,2,2,1,1,2,5,2
117089,1,3,3,3,1,1,1,1,1,2,4,3,1
86030,4,5,4,1,2,4,2,2,4,5,4,2,2
68919,5,5,5,3,2,5,2,2,2,1,1,4,2
112263,4,4,4,4,2,5,5,4,4,4,4,3,5
116926,2,1,1,1,4,2,2,2,2,2,2,2,2
73983,2,4,4,4,2,2,2,3,2,2,3,2,2
39012,4,4,4,4,4,4,4,4,5,3,2,4,4
70682,2,5,1,1,4,1,4,5,5,1,5,4,4
23972,1,4,4,4,1,1,1,1,4,1,4,4,1
120617,5,5,5,2,4,5,4,4,3,2,4,5,4
8929,2,1,1,1,2,2,2,2,2,5,2,3,2
53146,3,5,5,2,1,5,1,1,4,4,5,5,1
120296,2,0,2,1,4,2,5,4,4,3,5,4,4
104154,1,1,1,4,4,1,2,4,2,2,3,2,4
38199,5,5,5,5,2,2,3,4,4,5,4,4,1
29234,4,5,3,5,4,4,4,4,4,2,4,4,4
33492,3,5,3,4,1,3,3,1,5,3,3,3,1
11942,1,3,3,3,1,1,2,1,1,2,4,4,1
48360,3,3,3,3,1,3,2,1,2,5,4,2,1
74251,2,4,4,4,1,2,4,2,2,2,2,1,3
128936,3,3,1,3,3,5,5,5,5,4,5,3,4
12200,0,5,0,5,3,5,5,5,5,5,5,3,4
16161,4,4,4,4,3,3,1,5,5,5,5,1,2
28036,3,3,3,3,1,4,5,4,4,4,4,4,3
108580,4,0,4,3,5,4,5,5,4,4,4,4,5
58815,2,1,1,2,2,1,2,4,4,1,4,1,3
96924,3,3,2,3,4,5,4,5,5,5,5,5,5
118599,1,1,1,2,4,1,5,4,3,2,4,5,4
18126,3,4,4,4,2,3,3,3,3,3,3,2,1
7682,4,2,2,2,4,4,4,4,5,2,2,2,4
81795,2,2,2,4,3,2,3,3,2,2,3,1,3
100694,1,1,1,3,4,1,4,4,4,5,4,2,4
37496,1,3,3,3,1,1,1,1,3,2,2,4,1
69834,1,1,1,3,1,1,1,1,2,5,5,1,1
56283,3,3,3,3,5,5,4,4,4,4,4,3,5
120260,4,4,4,2,3,4,3,3,4,4,5,4,3
38693,5,5,4,5,5,5,5,5,1,1,3,5,5
61101,3,2,3,3,5,3,5,5,2,5,3,2,5
46561,0,4,0,1,1,1,1,3,5,3,2,1,1
104668,3,5,2,3,5,2,2,5,3,3,2,2,5
94085,2,0,3,2,3,3,3,3,4,3,4,4,3
20251,4,5,5,5,4,4,3,2,2,2,4,4,3
17185,3,5,3,1,3,4,5,2,2,3,2,4,5
110133,2,2,2,2,4,5,5,5,5,5,5,5,3
94226,1,1,1,1,4,5,4,5,5,5,4,5,5
120546,3,3,3,3,3,5,4,4,4,4,4,3,3
95372,2,4,2,2,1,2,1,1,3,4,4,3,1
17147,4,4,4,4,2,2,2,2,3,4,2,5,2
31115,4,3,3,3,4,4,4,4,5,3,4,4,4
120934,3,3,3,3,5,3,5,5,4,5,5,5,5
79536,1,1,1,1,4,4,4,5,5,5,5,4,4
116302,1,3,4,3,1,2,2,4,4,4,1,1,1
66125,2,0,3,1,4,3,4,4,4,2,3,3,4
122403,1,4,1,3,1,1,1,1,4,2,5,5,1
45819,3,5,3,2,3,5,4,1,1,3,1,3,5
68624,2,1,1,2,4,1,4,4,5,5,5,5,4
21687,4,3,3,3,5,3,5,5,3,3,4,2,5
88026,3,3,3,3,3,5,5,3,3,4,3,4,4
40211,2,2,5,2,4,4,4,4,2,2,1,2,4
29936,1,3,4,3,1,1,1,1,4,4,4,3,1
74192,4,5,4,2,2,5,4,4,4,4,4,4,3
101568,2,3,2,4,3,2,3,3,3,5,4,3,3
109595,5,5,5,5,3,4,4,5,5,5,5,5,4
64905,4,4,5,5,4,4,4,4,1,4,3,1,4
87057,3,3,3,3,3,4,4,5,5,5,5,5,4
1482,4,3,4,1,1,4,1,1,2,3,1,1,1
28735,2,2,2,2,5,5,5,5,3,5,5,5,5
60228,3,3,3,4,1,3,1,1,2,4,3,4,1
19206,3,5,3,3,3,3,3,3,4,3,3,2,3
90770,1,1,1,1,3,5,5,5,5,5,5,5,5
78971,1,1,1,1,4,4,4,3,3,4,3,4,5
49325,3,3,2,3,3,1,3,5,5,5,3,4,2
7693,3,5,4,4,4,4,3,4,4,3,5,5,4
99640,3,0,4,2,2,4,1,4,4,4,3,5,1
58601,4,5,4,2,4,4,4,4,5,5,5,4,4
52787,3,1,1,1,3,3,3,3,2,5,3,3,3
48535,4,0,4,1,1,4,1,1,4,1,5,2,1
78832,3,5,3,4,5,5,5,3,3,3,3,5,4
42093,4,3,3,3,4,4,5,4,3,3,1,1,4
59098,3,2,4,3,4,4,4,4,1,1,3,1,4
618,0,0,0,4,5,0,5,5,4,5,5,5,5
66852,1,5,1,4,4,1,4,4,1,4,2,3,4
119968,1,5,1,5,1,4,4,5,5,1,5,1,1
85797,2,3,2,2,5,3,3,3,3,3,2,2,3
33900,1,3,1,3,3,5,2,1,1,1,1,5,1
102700,1,1,1,1,3,5,4,5,5,5,5,4,5
67542,2,5,2,1,4,2,4,4,4,5,5,5,4
65713,3,4,4,4,5,3,2,3,3,3,3,3,3
82978,5,5,5,5,3,4,4,5,5,5,5,4,5
112174,1,4,1,5,3,1,3,3,4,3,5,4,3
7564,1,5,1,2,4,1,4,4,5,2,4,3,4
77653,4,4,4,4,5,5,4,4,4,4,4,5,5
12683,5,5,5,5,4,4,4,4,5,5,4,4,4
108928,0,5,0,4,5,0,5,5,4,5,4,2,5
105386,2,2,5,2,4,4,4,4,2,5,2,5,4
6345,0,0,0,2,5,5,5,4,4,4,4,3,5
65106,3,4,3,2,3,5,5,5,5,3,5,5,3
38075,5,4,4,4,5,5,5,5,3,2,4,4,5
19247,3,4,3,1,5,3,5,5,5,4,4,5,5
5551,4,5,4,3,2,4,4,2,2,4,2,4,5
82268,3,3,3,3,5,3,5,5,4,2,4,4,5
89325,2,2,2,2,3,4,5,5,5,5,5,4,3
87770,4,4,4,4,4,4,5,4,4,4,4,3,4
78491,2,5,5,5,2,2,2,2,2,4,3,1,2
80619,2,4,2,4,3,2,3,3,3,3,5,4,3
91514,1,1,1,1,4,4,4,4,4,2,1,3,4
68983,3,3,3,3,5,3,5,5,2,2,3,1,5
437,3,4,3,2,4,5,5,5,5,3,5,3,5
95891,1,5,2,4,2,2,2,2,4,4,5,3,2
46598,3,1,1,1,5,4,4,3,3,3,3,3,4
45780,3,1,1,1,3,3,3,3,2,1,2,1,3
100049,3,5,3,1,4,3,1,2,2,3,2,1,3
94971,4,5,5,5,4,3,3,2,2,2,4,2,1
20332,4,4,4,4,4,5,2,4,4,4,4,5,1
108453,3,3,3,1,1,3,1,1,5,2,4,3,1
107349,2,2,2,2,2,2,2,2,4,3,4,4,2
9275,1,1,1,1,3,4,4,2,2,3,2,4,5
65211,1,1,1,1,5,5,5,5,3,2,4,4,5
97629,4,3,4,4,4,4,4,4,5,3,5,4,4
49667,3,4,4,4,3,3,3,3,1,4,3,1,3
95288,1,4,1,4,5,3,3,3,3,1,3,1,2
49625,5,1,1,1,5,5,5,5,4,5,3,2,5
28919,3,4,4,4,3,3,3,3,1,1,4,4,3
43001,5,5,5,4,1,5,1,1,3,2,2,4,1
55563,2,0,2,5,2,2,2,2,5,3,5,5,2
124862,2,2,2,2,5,5,4,5,5,5,5,5,5
117371,2,2,3,2,5,4,4,5,5,5,5,3,3
94349,1,1,4,1,3,4,5,4,4,4,4,4,5
38954,3,3,3,3,1,3,1,1,4,5,3,3,1
12531,2,2,2,4,2,2,1,2,4,4,5,1,2
43780,2,5,2,4,4,2,4,4,5,3,5,5,4
116094,2,2,2,2,3,2,3,3,4,1,3,3,3
27507,1,1,1,1,5,5,5,5,5,5,5,4,3
41602,4,5,4,5,1,4,1,1,3,5,3,3,1
87971,5,5,5,1,4,5,5,4,3,3,4,5,4
63083,4,4,4,2,4,4,3,4,5,3,4,3,4
51674,1,0,1,3,4,1,4,4,5,5,1,4,4
84417,1,4,1,2,3,1,3,3,3,2,5,5,3
50771,4,4,4,2,5,4,5,5,5,3,4,3,5
22502,2,4,2,1,1,2,1,1,5,3,5,4,1
22569,4,4,4,4,4,2,5,5,5,5,5,1,3
113650,4,5,0,5,4,4,2,4,4,0,4,5,5
86644,1,0,2,3,3,2,3,3,4,3,4,5,3
18628,1,2,1,3,5,1,5,5,3,4,4,1,5
106178,2,5,3,4,5,3,5,5,4,2,5,5,5
77392,3,4,3,4,2,3,2,2,5,5,4,3,2
125077,1,1,1,1,4,5,4,4,4,4,4,3,3
27352,2,1,1,1,3,3,3,2,2,2,2,1,3
50419,5,0,4,4,3,4,3,3,2,1,3,1,3
4105,2,2,5,2,4,4,4,4,5,3,5,3,4
117726,3,2,2,2,2,3,2,2,3,4,4,1,2
18542,3,1,1,1,1,3,4,3,3,3,3,4,4
26927,1,3,1,4,3,1,1,3,3,4,3,4,3
26334,1,1,1,1,4,4,4,4,2,4,3,5,4
62770,3,3,3,4,1,3,1,1,1,2,3,2,1
12627,1,1,1,1,3,5,5,3,3,4,3,5,4
11805,3,3,3,3,5,3,5,5,5,2,2,5,5
52352,1,5,1,3,3,1,3,3,4,4,4,4,3
128102,3,3,3,3,4,4,4,3,2,4,5,4,4
22263,1,1,1,1,2,1,3,5,5,4,5,2,2
85070,2,2,2,2,3,4,4,4,4,4,4,5,3
112297,3,3,3,3,4,3,5,1,1,2,1,5,4
58905,3,3,3,3,4,3,4,4,3,2,4,2,4
59218,1,5,1,5,4,1,4,4,3,5,5,5,4
113778,4,4,4,1,5,4,4,4,4,4,4,5,4
47197,2,1,1,1,3,3,4,2,2,2,2,2,1
55995,3,3,3,3,4,5,5,4,5,4,4,5,5
117318,2,4,2,3,2,2,2,2,1,2,3,2,2
7082,2,3,3,3,4,2,2,2,2,2,2,1,1
30611,3,4,3,3,3,3,3,3,3,2,5,5,3
70152,3,2,3,4,1,3,1,1,4,2,2,1,1
57849,1,1,1,1,5,5,5,4,4,4,4,4,4
44690,4,0,4,4,3,4,3,3,4,2,5,1,3
69986,3,2,4,2,2,4,4,3,3,3,3,1,2
114532,1,5,5,5,2,5,4,4,4,5,3,4,4
102612,1,1,1,1,4,5,5,4,4,4,4,3,5
128165,1,1,1,1,4,5,4,4,4,2,5,4,4
97886,4,4,4,4,4,4,4,4,4,4,4,5,4
75079,3,1,5,1,3,3,3,3,4,1,3,3,3
91468,1,5,4,5,1,1,1,1,4,4,4,3,1
64839,3,3,3,3,4,5,5,5,5,5,5,5,3
4806,3,5,3,3,5,4,5,1,1,3,1,4,3
70458,4,4,4,4,3,4,5,4,4,4,4,5,5
118659,5,5,5,5,4,4,4,4,4,5,4,3,4
58255,1,1,1,1,2,4,5,4,4,4,4,3,5
23649,3,0,3,4,3,3,4,3,3,5,5,5,3
22169,2,5,5,5,2,2,1,2,1,3,4,2,2
21139,1,3,1,3,4,1,4,4,4,5,4,4,4
20698,5,5,5,5,5,5,5,5,4,2,2,1,5
75810,4,4,4,4,4,5,4,4,4,4,5,5,4
45650,1,3,1,2,1,1,1,1,4,1,2,1,1
45714,2,2,2,4,3,2,5,3,4,2,4,3,3
102089,5,5,5,5,2,4,4,4,4,4,4,3,3
128709,2,2,2,2,5,5,5,5,4,3,4,3,5
11560,1,1,3,1,5,5,4,4,4,4,4,5,5
95077,3,4,3,3,2,3,2,2,5,5,5,5,2
73749,3,2,3,4,2,3,2,2,3,5,3,3,2
48963,1,1,1,1,3,2,2,4,4,4,3,5,3
98846,5,5,2,5,4,4,4,2,2,2,2,4,4
109834,1,1,4,1,4,4,4,4,5,3,4,4,4
48910,5,0,5,4,2,5,1,2,5,4,5,5,2
3395,2,2,5,5,4,4,3,2,2,2,2,2,4
116438,1,2,1,4,4,1,4,4,2,3,4,2,4
118753,0,4,0,4,5,0,5,5,1,3,3,3,5
83078,1,1,5,1,5,5,1,5,5,5,5,3,4
20989,1,4,1,4,3,1,3,3,1,1,3,3,3
113733,3,5,5,2,5,5,4,2,2,5,2,5,3
68651,5,4,4,2,1,5,1,1,5,3,4,4,1
15892,0,0,0,1,5,0,5,5,4,1,4,2,5
8597,3,4,3,4,4,4,4,3,3,3,3,1,4
23114,4,4,4,4,4,4,3,5,5,5,5,3,1
96285,4,4,4,2,5,4,5,5,3,5,5,4,5
38214,5,3,3,3,5,5,5,5,4,5,3,1,5
8233,5,4,5,3,2,5,2,2,5,5,3,4,2
108143,3,3,3,4,2,3,2,2,2,1,4,1,2
2449,1,3,1,1,1,1,1,1,4,2,1,1,1
111380,3,3,3,3,3,3,3,3,4,2,2,3,3
39733,5,5,5,3,4,5,4,4,1,3,4,1,4
95354,4,3,4,4,3,4,3,3,1,4,4,3,3
70242,4,4,4,4,3,5,4,5,5,5,5,3,5
95447,4,4,4,3,2,4,2,2,3,2,5,3,2
57506,5,5,5,3,5,5,5,5,5,4,5,5,5
26988,4,3,3,3,4,4,4,4,5,4,4,5,4
38503,5,5,5,5,4,4,4,4,4,4,4,5,4
56274,2,4,4,4,3,2,3,2,2,2,2,1,3
81759,1,1,1,1,5,5,4,4,4,4,4,3,3
87074,2,2,2,2,3,4,5,4,4,4,4,3,3
63305,3,4,4,4,3,3,3,3,4,5,2,4,3
117490,2,3,3,3,3,2,3,3,1,4,4,3,3
87931,2,2,2,2,2,5,4,4,4,4,4,4,3
68220,4,4,4,4,2,4,3,4,4,4,4,4,3
12202,0,0,0,3,2,0,2,2,5,4,4,3,2
24359,5,1,1,1,5,5,5,5,2,2,5,4,5
80121,3,3,5,3,4,4,4,4,2,4,5,4,4
57797,2,2,2,2,4,4,4,5,5,5,5,5,3
107457,1,4,1,3,2,1,3,2,3,5,5,3,2
109351,2,4,4,4,2,2,3,2,2,2,2,3,2
56045,2,2,2,4,2,3,3,3,5,4,3,3,3
102519,3,4,3,3,4,3,4,4,4,4,5,3,4
122573,4,4,4,4,3,4,4,5,5,5,5,5,5
50838,3,0,3,3,5,3,5,5,3,2,5,3,5
70772,3,3,3,3,2,5,4,5,5,5,5,5,3
47180,5,5,5,5,5,5,5,5,4,3,1,4,5
92693,1,1,2,4,2,2,2,2,1,4,3,4,2
60448,4,4,4,4,3,4,5,4,4,5,4,5,3
96417,2,4,1,4,3,1,3,3,2,4,2,2,3
58808,2,4,1,2,4,1,4,4,4,3,3,1,4
12628,2,2,2,2,1,2,1,1,4,2,4,3,1
91581,3,4,3,5,2,5,4,3,3,3,3,4,4
60702,2,4,4,4,2,2,2,2,3,1,3,2,2
40006,1,5,1,1,4,1,3,5,5,5,5,1,4
71016,3,1,1,1,4,4,4,3,3,3,3,4,1
97043,3,4,3,3,5,3,5,5,4,3,3,5,5
94991,3,5,3,2,4,3,4,4,5,3,4,5,4
81099,4,4,4,4,3,4,5,5,5,5,5,5,5
88825,4,1,4,4,4,4,4,4,1,2,2,2,4
42129,4,4,4,4,5,4,4,5,5,5,4,1,5
53033,3,2,2,2,1,4,4,3,3,3,3,1,4
35832,1,1,1,1,3,3,3,3,5,1,3,5,3
126973,1,4,4,4,3,4,4,1,1,1,1,2,2
39619,2,5,2,1,3,2,3,3,5,3,5,4,3
119687,2,2,3,2,3,4,5,5,5,5,5,4,4
122008,0,4,0,4,2,4,4,1,1,1,1,5,3
116001,3,4,3,3,2,5,1,5,5,3,5,5,1
2938,3,3,3,3,4,5,5,5,5,5,5,5,5
108720,5,4,5,5,5,4,5,5,3,2,5,4,5
56732,4,2,3,4,2,3,2,2,3,5,3,2,2
24450,2,5,2,2,5,5,5,5,1,5,1,1,5
9225,2,5,5,5,2,3,4,1,1,1,2,4,3
25335,0,4,0,3,4,0,4,4,4,3,4,5,4
6960,1,1,1,1,4,4,5,4,4,4,4,4,5
46371,3,5,5,5,3,3,4,3,2,2,3,2,3
15987,5,5,5,5,4,4,4,4,1,2,5,2,4
21398,2,0,3,2,4,3,4,4,1,2,1,2,4
59437,5,5,5,5,3,5,4,5,5,5,5,3,5
33296,1,4,1,4,5,5,4,3,3,1,3,4,5
69997,2,3,2,3,1,3,4,1,1,2,1,2,4
87230,5,5,5,5,5,4,5,5,5,5,5,5,5
90544,5,5,5,5,4,4,5,4,4,4,4,3,4
46591,5,1,5,5,4,5,3,5,5,5,4,5,2
82002,1,1,1,4,1,1,1,1,3,5,3,3,1
33456,1,4,1,3,1,1,1,1,2,1,4,4,1
41005,4,4,4,3,4,4,4,4,4,3,3,4,4
107985,5,5,5,3,2,5,1,2,4,2,4,5,2
60910,1,2,1,4,4,1,1,4,4,3,3,4,4
17696,2,2,2,1,2,2,2,2,5,5,4,1,2
42716,5,4,4,4,5,5,5,5,2,4,1,2,5
120693,2,3,2,3,1,2,1,1,3,2,3,4,1
22238,2,0,2,3,3,2,3,3,4,4,4,5,3
9987,3,4,3,2,3,3,3,3,4,3,4,3,3
12909,5,3,3,3,5,3,2,5,5,4,5,3,3
35291,2,3,3,3,2,2,2,2,4,5,4,1,2
75739,1,5,5,5,1,1,1,1,3,3,4,3,1
50474,3,3,3,4,2,3,5,2,3,1,4,1,2
116322,3,5,3,5,5,5,5,2,2,3,2,1,5
19500,2,4,4,4,2,2,2,2,3,3,1,2,2
64027,3,3,3,3,2,4,4,4,4,4,4,3,3
65688,2,2,2,3,1,2,1,1,4,3,3,3,1
120979,3,3,3,3,4,3,3,4,1,2,3,3,4
30307,1,5,1,4,2,3,5,1,1,1,1,3,5
63084,2,4,2,2,3,5,4,2,2,2,2,4,4
107184,2,1,2,3,3,2,3,3,1,4,4,3,3
119650,1,4,1,4,1,1,1,1,2,2,3,3,1
9845,4,4,4,4,2,4,4,4,4,4,4,4,4
113135,3,5,5,5,4,5,4,4,5,4,5,5,4
35702,4,2,4,3,4,3,3,4,5,3,4,3,3
54512,3,3,3,1,3,3,5,3,1,2,2,1,3
18842,3,3,3,3,1,2,2,4,4,4,4,5,4
9900,2,0,2,3,1,2,1,1,5,4,5,3,1
31507,2,4,4,4,2,2,2,2,2,2,4,4,2
59480,2,2,2,4,2,2,2,2,4,2,4,4,2
91104,3,5,2,2,4,2,4,4,4,2,4,4,4
8593,2,4,2,3,3,2,3,3,4,4,5,3,3
104899,4,4,4,4,3,4,3,3,4,3,4,4,3
107212,2,2,2,2,4,5,4,4,4,4,4,4,5
65317,3,3,3,3,2,5,4,4,4,4,4,4,3
96865,2,4,1,1,2,3,3,2,2,2,2,3,3
44114,3,3,3,3,5,3,5,5,3,3,4,5,5
7515,3,3,3,3,2,5,5,5,5,5,5,5,5
46486,2,2,2,2,4,4,3,4,5,3,5,3,4
48322,3,5,3,5,3,3,3,3,4,1,3,3,3
38789,4,3,3,1,2,3,2,2,4,5,4,5,2
115679,3,4,4,4,3,3,3,3,3,4,3,3,3
69552,1,5,2,5,1,1,1,2,5,1,2,1,1
33329,3,3,3,2,5,3,5,5,3,3,4,4,5
113690,4,2,4,3,1,4,1,1,3,1,4,1,1
26825,5,4,4,4,2,5,1,5,5,5,5,3,5
90932,5,5,5,5,4,4,4,4,4,5,1,1,4
37298,4,5,5,5,2,5,5,4,4,4,4,2,5
124761,1,1,1,1,5,5,5,5,5,5,5,3,5
61450,2,2,2,2,2,4,5,4,4,4,4,3,3
14392,1,5,4,4,1,1,1,1,1,1,4,2,1
115806,0,0,0,3,4,5,5,3,3,3,3,5,3
48325,2,4,2,2,2,4,5,4,4,5,4,5,3
108187,3,3,3,3,4,4,4,3,3,4,3,5,4
25701,5,2,2,2,5,5,5,5,1,1,2,1,5
66242,5,5,2,5,5,5,5,5,2,5,5,5,5
34296,4,5,4,3,4,3,3,3,4,4,5,3,3
110550,4,4,4,4,4,4,5,5,5,5,5,4,5
123676,3,1,4,2,3,4,3,3,2,3,2,2,3
79116,2,5,2,3,4,2,4,4,5,5,3,2,4
102303,2,4,4,4,2,2,2,2,2,5,3,1,2
74776,1,5,1,2,4,1,4,4,3,3,5,3,4
114099,2,5,2,3,2,4,4,5,4,3,4,4,4
109342,5,5,5,5,3,5,4,5,5,5,5,5,3
99340,2,2,2,2,1,2,1,1,5,5,5,3,1
127970,5,5,5,5,5,4,4,2,2,2,2,5,4
60656,1,1,1,1,4,4,4,1,1,1,1,4,3
17343,4,4,4,4,2,3,5,4,4,4,4,5,1
78716,4,4,4,4,4,4,5,5,5,5,5,4,3
85550,3,3,3,3,4,5,5,5,5,5,5,3,3
93252,0,0,0,4,5,0,5,5,5,2,5,3,5
126391,2,4,2,5,5,2,5,5,5,2,4,3,5
92625,2,2,2,2,2,4,5,4,4,4,4,4,4
40980,3,4,3,3,4,4,2,3,3,3,3,4,2
12359,4,4,4,4,4,4,4,4,2,2,3,1,4
80567,1,5,5,5,3,2,3,1,1,1,1,2,4
129868,3,4,4,4,4,3,4,4,2,5,3,1,4
67880,2,4,1,3,2,1,1,2,3,5,1,5,2
44151,5,2,1,2,5,5,5,5,3,5,1,1,5
37692,3,4,3,4,3,3,3,3,5,5,5,4,3
64011,4,4,4,4,2,5,4,5,5,5,5,4,3
70515,3,1,2,4,2,2,2,2,4,5,4,3,2
26790,4,4,4,1,3,4,5,3,4,2,3,1,3
101034,4,5,5,4,1,5,1,1,5,3,4,2,1
114591,1,1,1,1,4,5,4,5,5,5,5,4,3
20008,3,4,2,1,2,2,2,2,3,3,4,1,2
94904,3,3,3,4,3,3,3,3,4,2,4,2,3
12823,4,4,4,4,1,2,4,4,4,4,4,3,3
60998,3,3,3,3,2,4,4,3,3,3,3,3,3
10801,3,3,3,3,2,5,5,4,4,4,5,4,5
74830,4,4,4,5,1,4,1,1,3,5,4,5,1
32443,0,5,0,4,2,4,4,5,5,5,5,3,3
109616,3,3,2,3,3,5,4,4,4,4,4,5,3
54007,4,5,4,2,5,4,5,5,5,5,1,2,5
114179,5,5,5,4,5,5,5,5,4,5,4,5,5
112669,3,3,3,3,3,4,4,4,4,4,4,4,4
38459,1,1,1,3,1,1,1,1,1,4,2,4,1
116615,2,2,2,1,4,2,4,4,5,2,4,4,4
58951,2,5,2,3,3,4,5,5,5,2,5,3,5
89509,4,4,4,3,4,4,4,4,3,3,4,5,4
124541,4,4,4,4,4,4,4,4,5,3,5,3,4
69988,2,4,4,4,2,2,2,2,1,1,4,1,2
107081,1,1,1,1,3,4,5,4,4,4,4,4,4
79658,4,4,4,3,3,4,3,3,4,5,4,1,3
125855,3,2,2,2,3,3,1,3,4,3,1,4,3
88571,4,4,4,3,5,4,5,5,2,4,3,2,5
100583,5,5,5,5,1,2,1,4,4,5,4,1,3
55160,3,3,3,5,5,5,3,4,4,3,4,1,5
107110,1,1,1,1,4,5,4,4,4,4,4,3,3
60665,2,4,2,3,5,5,4,3,3,2,3,5,5
106354,4,0,3,2,3,3,3,5,5,5,5,3,3
6695,3,1,1,1,3,3,3,3,3,2,4,3,3
128371,4,4,4,4,2,5,4,4,4,4,4,5,3
3484,2,2,2,4,5,2,5,5,3,1,4,1,5
9462,2,4,2,3,1,2,1,1,3,4,5,3,1
11969,4,3,4,4,3,5,4,4,4,4,4,5,4
102071,4,4,4,4,5,5,4,4,4,4,4,3,3
111035,3,2,3,4,1,3,1,1,3,3,3,1,1
116483,2,3,2,2,1,2,1,1,1,5,5,4,1
8996,5,5,5,5,2,4,5,4,4,4,4,4,3
82330,3,2,3,4,4,3,1,4,1,3,3,1,4
125089,5,5,5,5,5,5,4,4,4,4,4,5,5
128294,2,2,2,2,2,4,4,4,4,4,4,5,5
43416,3,4,4,4,3,2,3,3,3,1,3,1,3
111870,2,0,2,4,2,2,2,2,3,3,5,5,2
1699,3,3,5,3,3,5,5,5,5,5,5,4,3
53911,2,5,2,2,4,2,4,4,5,4,5,5,4
5810,5,2,2,2,5,4,5,5,3,1,3,1,5
111120,5,5,4,5,5,5,4,3,3,3,3,4,3
17927,5,5,5,5,5,5,5,5,4,3,3,3,5
105159,2,0,2,5,5,2,5,5,4,2,5,5,5
42727,2,2,2,2,2,5,4,3,3,3,3,3,3
100394,2,5,2,3,4,1,5,5,5,2,5,4,5
87755,3,3,3,1,5,3,4,5,4,2,5,5,5
74191,3,5,3,2,4,3,4,4,4,2,5,5,4
46931,3,3,3,5,3,3,3,3,1,5,3,3,3
20469,2,2,2,3,3,3,3,3,3,2,2,4,1
101340,3,4,3,3,1,3,1,1,1,5,4,3,1
49365,2,5,2,5,2,2,2,2,2,5,1,3,2
85692,4,4,4,4,2,4,4,3,3,3,3,4,5
47724,3,3,4,3,3,5,5,4,4,4,4,3,5
111485,3,2,3,3,3,3,3,3,3,2,3,4,3
1910,3,5,5,5,2,4,4,3,3,3,3,1,3
4457,1,3,1,3,3,1,2,3,1,2,3,4,3
67086,4,3,3,2,4,3,4,4,2,4,2,2,4
120262,1,2,2,2,5,2,2,1,1,2,1,1,3
114419,5,5,2,5,4,5,4,5,5,5,5,4,5
100385,2,1,2,2,5,2,5,5,4,4,2,1,5
96089,4,4,4,2,1,4,1,1,4,1,4,1,1
106167,3,5,3,2,5,3,5,5,4,2,4,3,5
35985,2,2,2,2,5,5,5,1,1,3,3,5,5
27484,3,1,1,1,3,3,3,3,4,1,3,2,3
122566,4,3,2,4,2,3,3,4,4,2,4,1,4
113755,2,5,2,3,5,4,4,1,1,2,5,3,5
73294,1,1,1,1,3,5,5,5,5,5,5,3,5
102869,5,4,4,2,5,5,5,5,5,2,4,3,5
113604,2,2,2,4,4,2,4,4,1,1,4,4,4
48195,3,4,3,4,4,3,4,4,3,3,3,2,4
72856,3,3,3,3,4,5,4,5,5,5,5,4,3
92450,3,3,2,3,5,3,5,4,4,4,4,3,5
53199,4,5,5,5,4,4,4,4,1,3,2,4,4
2527,3,3,3,2,5,3,5,5,5,4,5,3,5
21401,4,5,5,5,4,4,4,4,5,3,2,4,4
86139,0,0,0,2,4,4,5,2,2,5,5,3,4
56923,4,4,4,3,4,4,4,4,5,3,5,5,4
58448,2,2,2,4,5,2,5,5,1,1,3,3,5
78898,2,5,2,4,2,2,2,2,3,3,4,3,2
23511,2,2,2,2,3,2,3,3,1,5,1,3,3
125138,1,1,1,1,3,4,5,4,4,4,4,3,4
10616,5,5,5,3,4,5,4,4,3,5,4,5,4
57517,5,5,5,5,4,5,5,5,5,5,5,5,3
45910,4,1,1,1,4,4,4,4,3,4,5,2,4
42368,3,5,5,2,4,5,4,4,2,5,5,5,4
81662,2,2,2,3,1,2,1,1,5,2,4,3,1
89136,2,5,2,2,5,4,5,5,5,5,5,5,4
61064,3,3,3,4,2,3,2,2,4,1,3,3,2
45388,1,4,1,5,1,1,1,1,3,3,5,5,1
67489,3,3,3,3,3,3,3,3,4,5,3,3,3
71020,1,1,5,1,1,3,4,1,1,1,1,1,4
88784,0,0,0,3,4,5,5,4,4,2,2,4,4
84408,3,4,3,3,1,3,1,1,5,4,4,4,1
117705,4,4,4,3,2,4,2,2,5,2,4,5,2
62415,1,1,1,1,5,5,5,4,2,3,4,5,5
13618,5,5,5,5,3,4,4,4,4,4,4,3,3
13493,3,3,3,3,5,4,5,5,4,3,3,3,5
99636,1,1,1,4,3,1,4,3,2,1,3,2,3
38119,4,1,2,2,5,2,2,4,4,4,4,1,3
55594,1,1,3,1,2,4,4,3,3,3,3,5,4
65446,3,3,3,3,3,4,5,4,4,4,4,4,5
48497,1,1,5,1,5,5,5,5,1,3,5,1,5
60095,5,5,5,5,3,3,3,3,3,5,4,4,3
56400,3,3,3,2,2,3,2,2,4,4,4,5,2
52897,4,4,4,4,5,3,5,4,4,4,4,1,1
60106,3,3,3,4,5,3,5,5,4,3,4,3,5
121219,5,4,5,5,4,4,4,4,3,3,4,5,4
17984,3,3,3,3,5,2,3,5,5,5,5,5,5
101429,2,4,5,4,4,4,3,2,2,2,2,2,3
88978,1,1,1,3,1,1,1,1,2,1,3,3,1
67277,1,4,1,1,2,1,2,2,4,5,5,4,2
81009,0,0,0,3,4,4,5,5,5,5,5,4,3
77278,3,1,1,1,3,1,2,3,3,3,3,1,4
63981,4,4,4,1,5,4,5,5,3,5,3,4,5
12209,2,2,4,2,5,5,5,5,5,5,4,5,3
54073,1,2,2,2,2,2,2,1,1,1,1,4,1
102601,3,4,3,1,5,4,5,3,3,3,3,5,4
85224,5,2,5,5,3,4,2,5,5,5,5,1,4
29095,1,5,1,1,5,5,4,2,2,1,2,3,5
68942,4,1,4,3,5,2,3,3,3,4,3,2,3
108637,0,4,0,3,4,0,4,4,3,3,4,5,4
126989,5,5,5,5,4,4,4,4,4,4,5,5,4
45378,3,5,5,5,3,3,3,3,1,2,2,3,3
89973,3,4,3,5,2,3,2,2,3,5,5,3,2
12693,3,3,3,3,2,2,2,2,1,2,1,4,2
33815,3,3,3,3,3,4,3,3,3,3,3,1,5
34631,3,0,3,4,3,3,3,3,1,4,1,4,3
113810,5,0,5,2,4,0,4,4,4,3,5,4,4
13156,4,5,4,2,2,4,2,2,4,2,5,5,2
119194,3,3,3,3,5,4,4,4,4,4,4,4,3
9877,3,4,3,4,3,3,3,3,3,3,3,1,3
40328,4,3,3,3,4,4,5,4,1,5,4,5,4
129209,2,5,2,3,1,5,3,1,1,2,1,4,1
60711,2,2,2,2,5,2,2,2,2,2,2,3,3
117385,3,3,3,4,3,3,3,3,3,4,5,4,3
97761,1,4,1,1,2,1,2,2,5,4,4,3,2
3264,5,5,5,5,4,5,5,4,4,4,4,5,5
103711,5,5,0,2,2,0,2,2,5,5,4,5,2
62373,5,5,5,5,5,3,5,5,5,5,5,5,3
48283,1,5,0,1,0,3,3,3,1,3,4,3,3
122344,1,1,1,1,2,5,5,4,4,4,4,5,3
104110,3,4,3,2,3,3,3,3,3,5,4,5,3
1760,2,2,2,2,1,4,4,2,2,2,2,1,4
6674,1,1,1,1,5,5,5,4,4,4,4,5,4
55590,5,5,5,5,4,4,5,4,4,4,4,3,3
122964,4,4,4,4,5,5,5,5,3,4,4,3,5
49400,3,3,4,3,5,5,3,5,5,5,4,5,2
8275,4,4,4,2,4,2,3,5,5,4,3,3,2
91584,3,5,3,3,3,4,4,5,3,5,4,4,4
97144,2,2,2,4,1,2,1,1,2,1,3,2,1
100293,2,5,4,5,2,2,2,2,2,1,4,4,2
55304,5,4,4,2,4,4,5,4,4,5,3,5,4
85138,5,5,5,5,2,5,4,5,5,5,5,5,5
89012,1,1,1,1,2,5,5,4,4,4,4,3,3
88374,1,2,1,2,1,1,1,1,2,5,2,4,1
43326,4,0,4,3,2,4,3,2,1,4,3,3,2
80854,2,4,2,3,1,4,3,5,5,2,1,2,1
97450,1,5,1,4,5,5,5,2,2,1,2,3,3
59187,4,4,4,2,4,4,1,4,3,4,4,3,4
101742,5,5,3,5,4,5,4,4,4,4,4,4,4
11004,3,3,3,3,2,3,1,5,5,5,5,5,1
108666,3,3,3,3,2,4,5,5,5,4,5,4,5
12248,5,1,5,5,5,3,3,4,4,4,5,2,5
99724,3,3,3,3,5,4,5,5,5,5,5,4,3
73454,4,4,3,1,3,3,3,3,4,2,4,5,3
96175,2,2,5,2,2,2,2,2,3,1,4,4,2
85309,3,5,3,5,4,3,4,4,4,5,4,5,4
94878,3,4,5,4,3,3,3,3,3,4,4,1,3
19437,2,2,2,3,2,3,3,4,4,2,2,2,4
26774,3,3,3,3,3,1,1,3,3,3,3,5,3
56778,1,3,1,2,2,1,2,2,3,1,1,5,2
55414,1,1,1,1,5,5,5,5,2,4,5,5,5
95656,3,4,4,4,3,3,4,3,3,3,3,3,4
20921,3,2,2,2,3,3,3,3,4,2,2,3,3
14917,2,3,2,4,4,2,4,4,4,2,4,3,4
18581,3,2,2,4,4,2,4,4,2,5,3,1,4
42277,3,3,3,3,4,4,4,4,2,1,4,3,4
10749,4,4,4,4,5,5,4,5,5,5,5,5,3
102714,4,5,4,4,3,4,1,3,3,3,5,5,3
36380,2,5,5,5,5,2,3,2,2,2,2,2,2
89392,1,2,2,2,3,2,2,1,1,1,1,3,4
74805,2,2,3,2,3,4,5,4,4,4,4,5,5
54416,4,3,2,3,4,4,4,4,3,1,3,5,4
84977,2,2,2,2,5,3,4,2,2,2,2,4,3
61613,1,1,5,1,3,4,4,2,2,2,2,3,4
19739,3,4,3,3,4,3,4,4,4,3,2,2,4
121109,3,5,3,4,1,3,1,1,3,4,5,5,1
101311,2,5,2,4,3,5,5,4,4,2,4,4,5
37317,1,1,1,1,1,2,2,4,4,4,4,1,1
14108,2,2,2,3,5,2,4,5,2,1,3,4,5
98977,2,3,2,3,1,4,4,2,2,2,2,4,1
116401,1,1,1,4,2,1,2,2,4,1,4,2,2
73353,3,5,5,5,3,3,3,3,3,5,3,2,3
71599,3,2,2,2,3,3,3,3,3,3,3,1,3
112156,5,3,3,3,2,3,4,5,5,4,5,4,4
20960,5,5,5,5,2,5,4,5,5,5,5,2,3
70879,2,4,2,2,4,4,5,3,3,2,4,4,4
25121,2,4,2,2,1,2,1,1,4,4,2,2,1
101093,3,3,3,3,5,4,5,5,5,5,5,4,4
74839,3,4,4,4,2,3,4,3,3,3,3,2,2
85781,4,4,4,4,3,4,5,2,2,2,2,4,5
39435,4,1,1,1,4,5,4,4,1,3,2,4,4
26602,3,5,3,4,1,3,2,1,3,2,2,1,1
51115,0,5,0,2,4,0,4,4,4,3,5,3,4
129479,1,1,1,1,3,3,4,4,4,4,4,4,3
124730,1,1,1,3,5,1,5,5,3,5,4,1,5
23369,2,2,2,2,2,2,2,2,3,4,3,4,2
36163,3,4,4,4,2,5,2,3,3,3,3,3,4
64252,4,4,4,1,3,4,4,5,5,4,5,5,3
65626,1,5,1,5,4,1,4,4,5,4,5,3,4
23709,0,4,0,3,2,0,2,2,4,2,5,5,2
65520,3,3,3,3,4,5,4,4,4,4,4,3,5
116104,3,2,3,4,2,3,1,2,4,2,3,4,2
72650,2,4,2,1,3,2,4,3,4,3,5,4,3
87305,3,4,3,3,5,5,4,3,3,3,3,5,5
42452,1,1,1,5,3,1,3,3,1,3,5,2,3
105620,2,2,2,3,2,2,3,2,5,3,4,5,2
41831,3,3,3,3,5,3,5,5,1,3,5,1,5
58003,1,1,4,1,2,4,5,5,5,4,5,4,3
68326,2,1,1,1,2,2,2,2,1,2,1,4,2
77007,4,4,4,4,3,5,5,4,4,4,4,5,3
68346,3,3,3,2,1,3,1,1,4,4,3,5,1
113204,4,4,4,4,5,4,4,4,4,4,4,5,3
2008,1,3,1,3,3,1,4,3,1,1,2,4,3
5022,2,2,2,2,3,5,4,4,4,4,5,5,5
11390,2,2,2,3,2,2,2,2,4,3,5,3,2
25313,1,3,1,3,2,1,2,2,3,3,4,1,2
10093,2,4,4,4,5,3,3,2,2,2,2,3,1
74113,1,2,0,3,0,1,1,2,2,4,4,1,1
7397,2,2,2,2,3,4,5,4,4,4,4,4,5
52415,4,2,4,3,4,4,4,4,2,3,4,4,4
34482,2,0,2,4,3,2,3,3,4,3,4,5,3
99426,3,4,4,3,4,4,4,4,4,3,5,4,4
83116,3,5,4,4,3,4,3,3,4,2,5,4,3
82671,3,3,3,1,2,3,2,2,5,5,4,4,2
13653,2,2,2,2,2,2,2,2,3,4,3,4,2
12062,4,4,4,4,5,4,5,5,1,2,4,2,5
31327,5,5,4,3,2,4,2,2,4,3,5,5,2
84451,2,2,4,2,3,5,5,5,5,5,5,5,5
603,4,0,4,3,4,4,4,4,5,4,5,4,4
10330,1,1,1,1,3,5,4,4,4,4,4,5,5
33498,2,5,2,4,5,2,5,5,2,1,5,3,5
7876,2,2,2,4,5,2,5,5,4,4,4,2,5
39847,5,5,4,5,2,4,1,4,4,5,4,1,4
40252,3,1,1,1,3,3,3,3,4,2,4,3,3
73333,5,5,5,5,3,5,4,4,4,4,4,4,5
122819,2,2,2,4,1,2,1,1,4,2,4,3,1
35253,4,3,3,3,5,4,5,5,3,3,4,2,5
33992,4,4,4,4,5,5,5,5,3,5,5,3,5
12042,2,0,2,5,3,2,1,3,5,2,2,4,3
6026,0,0,0,4,3,0,3,3,3,4,5,5,3
100983,1,5,1,3,5,1,5,5,3,4,3,4,5
107252,3,3,3,4,5,3,5,5,4,5,5,5,5
115234,1,2,1,3,1,1,1,1,4,5,3,4,1
45686,2,2,2,2,4,4,4,4,2,2,2,4,4
104596,2,3,2,4,4,2,4,4,1,5,4,1,4
78897,1,1,1,1,1,1,1,1,1,4,2,2,1
83298,3,4,3,3,4,4,4,4,3,2,3,3,4
112554,2,3,5,5,2,3,4,3,3,2,3,3,4
16222,3,0,3,2,3,5,4,2,2,3,2,4,4
84091,2,5,2,5,3,5,5,2,2,2,3,4,5
54592,4,4,3,3,2,3,2,2,4,5,4,4,2
12621,1,5,1,3,2,1,2,2,2,3,4,4,2
68955,3,4,3,3,2,5,4,1,1,3,1,3,5
87974,2,2,2,4,4,2,4,4,5,2,5,5,4
127288,1,1,4,1,4,4,5,5,5,5,5,3,4
21665,2,2,2,5,1,2,1,1,2,2,5,3,1
13886,3,5,3,5,1,3,1,1,3,2,4,5,1
37095,1,1,1,3,5,1,5,5,5,3,4,3,5
5601,1,1,1,1,3,4,3,3,3,2,5,3,3
16424,5,2,2,2,5,5,5,5,1,4,5,5,5
54237,4,4,4,4,3,5,5,5,5,5,5,4,2
103479,1,1,1,1,3,4,5,4,4,4,4,3,3
76283,2,5,2,2,1,2,1,1,4,3,5,4,1
96566,1,1,1,1,2,5,5,4,4,4,4,3,4
17913,4,4,4,4,5,5,5,5,2,5,4,1,5
51923,5,2,2,2,5,5,5,5,1,5,1,5,5
81424,3,1,1,1,1,3,3,3,3,3,3,1,3
64675,2,2,2,2,5,5,4,5,3,2,4,5,5
54816,0,0,0,2,5,0,5,5,2,2,2,5,5
62850,2,1,2,3,3,3,2,3,3,2,4,4,4
92594,2,2,2,2,4,3,5,5,5,5,5,3,5
84292,2,2,2,3,1,2,1,1,4,5,4,3,1
102225,3,4,4,3,1,3,1,1,4,5,5,5,1
88183,1,1,1,1,2,2,2,5,3,5,5,2,2
124195,3,3,3,3,4,4,4,4,2,5,4,4,4
71444,4,4,4,3,3,4,3,3,5,5,5,5,3
112695,3,3,3,4,2,3,2,2,4,5,5,4,2
56415,3,3,4,3,5,5,4,4,4,4,4,5,3
90694,4,4,5,4,4,4,4,4,5,5,4,4,4
3173,5,5,5,5,3,4,4,4,4,4,4,5,5
82891,5,5,5,2,4,4,5,4,4,5,4,3,4
69079,4,5,4,2,5,5,5,4,4,4,4,4,4
41148,4,4,4,5,5,1,2,4,4,4,4,3,4
112430,1,1,1,1,2,5,4,4,4,4,4,3,4
67391,0,0,0,2,3,0,3,3,4,2,5,4,3
3898,1,5,3,3,3,2,1,1,1,1,1,3,1
18446,3,3,3,3,3,5,4,5,5,5,5,4,4
12986,4,3,3,3,1,3,1,4,4,4,4,2,2
12226,2,1,0,2,3,0,3,3,3,3,2,4,3
3750,1,1,1,1,1,1,1,1,3,2,1,3,1
86379,4,4,4,4,4,5,4,5,5,5,5,3,3
19985,2,2,2,2,1,2,1,4,4,4,4,3,2
74184,3,4,3,4,4,4,4,2,2,3,2,5,3
115547,3,4,4,4,3,3,3,3,2,5,3,1,3
108579,3,3,3,3,5,4,5,3,3,3,3,5,3
14391,5,5,5,3,4,5,4,4,2,4,3,3,4
9063,2,1,2,4,4,2,4,4,2,5,4,2,4
23252,1,1,1,1,3,3,3,4,4,4,4,1,1
51889,3,5,5,5,2,1,5,3,3,3,3,3,3
47523,2,4,2,3,4,3,3,2,2,2,2,1,2
43088,3,5,3,3,1,3,1,1,3,2,4,3,1
47092,1,2,1,4,4,4,3,1,1,1,1,1,3
103149,2,1,1,1,1,1,1,1,4,3,5,4,1
23862,1,4,1,1,2,1,2,2,4,5,4,5,2
118458,2,2,2,4,3,2,3,3,4,3,4,5,3
97373,2,4,2,3,4,2,4,4,4,4,5,5,4
44105,3,3,3,4,2,3,2,2,4,4,3,2,2
7428,1,3,3,3,1,1,3,1,3,2,4,1,1
95684,2,4,2,1,5,4,5,5,5,2,5,4,3
64662,0,0,0,4,2,4,5,2,2,2,2,5,3
100209,5,5,5,5,2,4,5,5,5,4,5,3,4
79594,5,5,5,5,2,5,5,4,4,4,4,3,4
89356,4,1,4,1,3,4,3,3,3,3,2,4,3
109119,2,3,2,1,1,2,1,1,5,5,5,4,1
54887,2,1,2,3,1,2,1,1,4,3,3,2,1
98627,1,1,3,1,1,1,1,1,3,5,3,1,1
42249,3,3,3,3,4,3,4,4,4,3,3,2,4
104516,1,1,1,1,4,4,4,1,1,1,1,3,2
107171,3,5,5,5,3,4,3,3,2,2,4,4,3
48837,2,1,0,3,3,4,3,1,1,0,1,3,4
100674,3,4,4,4,3,3,3,3,4,3,3,2,3
100204,3,3,3,3,4,4,4,4,4,5,4,4,5
18979,2,5,5,5,2,2,2,2,2,3,3,1,2
16925,4,4,4,4,4,4,4,4,2,3,2,4,4
94794,3,3,3,3,3,4,3,3,3,3,3,3,1
109410,1,1,1,1,3,4,3,3,3,3,4,4,3
67736,3,2,2,2,1,3,1,1,2,2,1,4,1
51273,4,4,4,3,3,4,3,3,1,5,1,1,3
48561,2,1,2,4,5,2,5,5,3,4,4,2,5
74894,1,1,3,1,5,5,4,4,4,4,4,5,5
14963,1,1,1,1,3,5,3,3,4,1,1,5,3
38882,5,5,3,5,4,4,4,4,4,3,3,2,4
129760,1,4,4,4,1,1,1,1,2,4,3,3,1
122554,0,5,0,1,2,0,2,2,5,2,4,5,2
3745,1,2,5,3,2,3,4,2,2,5,2,1,1
39771,2,4,4,4,2,2,2,2,2,1,3,4,2
60496,2,2,2,3,3,2,3,3,4,5,5,4,3
93512,3,3,3,3,5,4,4,3,3,3,3,2,4
29096,4,5,4,2,4,4,1,4,4,4,4,3,4
27594,2,3,2,3,3,2,2,3,5,3,2,5,3
20474,4,3,4,2,2,4,2,2,5,2,1,4,2
111385,2,3,3,3,5,4,4,2,2,2,2,4,3
85157,2,2,2,2,5,4,5,5,5,5,5,5,5
14919,3,4,3,5,4,3,4,4,3,5,4,4,4
62219,4,2,4,3,3,4,3,3,3,5,3,4,3
22729,5,5,5,5,4,5,2,5,5,5,3,1,3
72535,3,5,5,5,3,3,3,3,4,2,3,3,3
121369,4,2,4,4,4,4,4,4,2,5,4,4,4
98163,1,4,1,1,5,5,5,1,1,1,1,5,5
57488,5,5,5,5,4,5,5,2,2,2,2,3,3
125355,1,2,1,2,5,1,5,5,1,5,3,1,5
9289,2,4,3,3,2,3,2,2,5,4,5,4,2
87450,2,2,2,2,5,4,5,4,4,4,4,5,4
46992,4,1,1,1,4,4,4,4,1,4,2,5,4
13736,2,3,4,3,2,2,2,2,5,2,1,2,2
2850,3,1,1,1,3,2,3,3,1,5,4,2,3
127433,1,5,2,4,2,2,2,2,2,3,1,4,2
15862,4,4,4,4,4,2,4,4,4,4,4,2,5
1165,2,5,2,1,3,2,5,1,1,2,5,2,5
35802,4,4,4,4,5,4,4,5,5,5,5,3,4
55680,1,1,1,1,2,5,5,4,4,4,4,5,3
6638,4,4,4,5,4,4,4,4,3,5,4,5,4
44317,4,4,4,3,2,4,2,2,4,5,5,5,2
33591,5,4,4,4,5,5,5,5,5,2,3,2,5
10684,2,2,2,2,2,2,2,2,4,4,2,4,2
6829,2,5,2,5,2,5,5,5,5,5,4,5,5
123912,3,4,3,2,4,3,4,4,3,4,5,1,4
103045,3,4,3,3,2,3,2,2,3,1,4,4,2
92897,1,0,1,5,5,1,5,5,3,4,4,4,5
17183,3,5,3,3,2,3,4,2,5,4,5,4,2
77789,4,4,4,4,1,4,1,1,1,4,3,4,1
83815,4,4,4,4,2,4,5,5,5,5,5,5,4
84676,3,3,3,4,4,3,3,4,3,5,4,2,4
90179,2,4,1,1,1,1,1,1,5,2,3,3,1
126910,1,1,1,4,1,1,1,1,3,4,5,3,1
66849,3,2,3,3,4,3,4,4,2,4,3,4,4
51549,5,3,3,3,3,1,1,4,4,5,4,5,1
54588,5,5,5,5,3,5,5,5,5,5,5,4,3
122300,3,4,3,1,1,2,2,4,4,3,4,5,4
25086,1,1,1,1,1,2,3,4,4,4,4,2,5
73770,3,4,0,2,1,0,1,1,5,5,4,3,1
28168,2,2,2,4,1,2,1,1,3,1,3,3,1
94319,0,0,0,1,2,4,5,2,2,2,2,4,4
2798,2,5,2,4,4,2,4,4,2,1,3,3,4
114737,3,3,3,3,3,4,5,5,5,5,5,4,3
56597,2,2,2,2,5,4,5,5,5,5,5,5,3
108316,3,3,2,3,5,4,5,5,5,5,5,3,4
35165,4,3,3,3,4,5,5,4,2,1,1,5,5
10734,3,3,3,3,3,4,4,5,5,5,5,4,4
62723,2,2,2,2,5,5,5,5,3,5,4,3,5
14533,4,4,4,4,4,4,4,4,1,3,4,1,4
29997,1,5,5,5,3,4,3,4,4,4,1,4,4
119385,1,1,1,1,2,4,4,4,4,4,4,5,4
94241,4,4,4,4,4,4,5,4,4,5,4,3,5
66265,2,0,2,2,4,2,1,5,5,2,5,2,3
127562,1,1,1,1,4,3,4,2,2,2,2,3,5
128084,3,4,4,4,3,3,3,1,5,1,3,3,3
90786,2,3,3,3,2,2,2,2,1,5,4,1,2
22726,3,3,5,3,4,4,4,4,4,2,4,4,4
27519,1,4,1,2,3,1,3,3,4,3,4,4,3
96414,1,4,1,1,5,1,5,5,3,5,4,4,5
63908,3,3,3,3,4,3,3,4,4,5,4,2,1
42746,4,3,4,3,3,4,4,4,4,4,4,1,3
12215,2,2,2,2,5,4,4,4,4,5,5,5,5
81502,1,4,1,5,3,1,3,3,3,3,4,4,3
40309,3,2,5,1,3,5,3,3,3,3,2,4,3
113097,4,4,4,2,3,4,3,3,4,2,5,3,3
18429,2,2,2,2,2,4,4,4,4,4,5,3,3
56084,4,3,4,4,5,5,5,3,5,5,5,5,5
104584,4,5,5,5,3,4,3,4,4,4,4,4,2
27196,4,5,5,5,4,4,4,4,3,3,3,2,4
86393,3,3,3,3,4,5,4,5,5,5,5,3,5
18350,2,5,2,2,4,2,4,4,2,2,1,3,4
5090,4,4,4,4,4,4,4,4,5,2,5,2,4
94363,5,5,3,5,2,4,5,4,4,4,4,4,3
595,5,5,5,5,3,5,4,5,5,5,5,5,5
50616,3,2,3,4,3,3,3,3,4,5,3,3,3
708,1,4,4,4,3,2,3,3,3,3,1,1,4
75473,2,1,2,2,5,2,5,5,2,1,2,4,5
114608,2,2,2,2,3,4,5,5,5,5,5,4,4
4623,2,2,2,2,5,4,4,2,2,2,2,3,4
33898,2,3,2,3,2,3,3,4,4,4,4,3,3
23841,5,4,4,4,5,5,5,5,1,5,5,3,5
129877,3,5,3,4,2,3,2,2,5,5,5,5,2
47934,3,2,3,1,5,3,5,5,2,4,1,3,5
97544,4,4,4,4,4,4,4,4,4,4,1,5,4
10971,3,3,3,3,5,3,5,5,4,2,4,4,5
61323,4,3,5,4,2,5,3,2,1,5,3,2,2
20313,2,5,2,1,4,2,4,4,4,5,3,1,4
21939,1,0,1,3,3,1,1,3,2,2,3,2,3
37654,2,3,2,3,2,2,3,2,3,5,3,2,2
45068,3,4,3,3,3,4,5,3,3,3,3,5,5
84624,1,5,0,2,3,0,1,3,4,3,5,4,3
122762,5,5,4,5,2,5,5,5,5,5,5,4,5
27558,3,3,4,4,2,4,2,2,4,5,3,1,2
11098,1,5,1,5,3,5,4,2,2,1,2,5,4
95565,3,3,3,1,2,3,2,2,1,2,3,5,2
22967,2,5,5,5,2,2,2,2,4,4,2,3,2
9470,2,2,2,2,2,2,2,2,4,1,4,2,2
69516,5,5,5,5,3,3,3,4,3,4,5,3,3
78019,0,1,1,3,3,1,3,2,2,4,4,1,3
46380,2,3,3,3,5,3,5,5,2,3,2,5,5
67387,1,1,1,1,3,5,5,4,4,4,4,3,4
98494,1,1,1,1,3,3,3,5,4,4,5,3,3
23314,1,3,3,3,4,2,3,1,1,1,1,4,3
11865,1,1,1,1,3,5,5,5,5,4,5,5,3
93888,3,5,5,5,2,4,4,3,3,3,3,1,1
64041,3,3,3,2,4,3,5,4,5,5,5,4,4
45007,2,1,1,1,4,3,4,2,2,2,2,2,3
75076,2,2,2,4,2,2,2,2,3,3,2,1,2
73610,1,3,1,4,4,1,4,4,2,1,3,1,4
66324,1,4,2,3,3,2,2,3,5,5,5,4,3
44499,4,1,1,1,4,4,4,4,1,1,5,1,4
4170,2,4,2,4,3,2,3,3,1,5,4,4,3
173,1,1,1,1,2,5,4,5,5,5,5,4,4
61847,1,4,4,4,1,1,1,1,2,4,4,4,1
14490,3,4,3,3,4,3,3,4,3,4,4,4,4
124507,4,4,4,5,2,4,2,2,5,2,4,3,2
111467,2,4,2,3,4,2,2,4,3,4,4,5,4
2895,3,1,3,1,5,3,4,5,3,4,1,1,5
101222,5,5,5,5,3,4,5,4,4,4,4,4,5
17018,2,2,2,3,2,2,2,2,4,1,4,2,2
20618,1,5,1,1,5,1,3,5,5,5,4,4,5
12703,1,2,2,2,5,4,3,1,1,1,1,1,4
21851,2,1,2,3,1,2,1,1,2,5,3,2,1
23495,3,5,3,5,4,3,4,4,5,2,4,5,4
21600,2,2,2,2,4,2,4,4,1,2,4,5,4
5919,2,5,2,3,2,1,3,4,5,5,1,3,3
33238,4,4,4,4,4,4,4,4,3,5,1,2,4
19093,0,2,0,3,5,2,3,1,1,0,1,4,4
93571,3,3,3,3,5,5,4,5,5,5,4,5,5
102038,2,2,2,2,5,5,5,5,3,3,5,4,5
88891,2,3,5,3,2,2,3,2,2,1,4,1,2
98868,1,1,1,1,4,4,4,4,4,5,4,3,4
10216,2,2,2,2,5,4,5,5,4,2,5,3,5
43217,3,3,3,3,3,3,3,3,3,2,2,4,3
123215,3,4,4,3,5,4,5,5,1,1,4,1,5
54481,3,3,3,3,4,3,4,3,3,3,3,3,3
101273,2,2,2,2,4,4,4,4,5,2,4,3,4
107357,2,0,3,2,4,3,4,4,1,4,5,4,4
71820,1,1,1,2,5,1,5,5,1,4,1,3,5
90298,2,5,1,3,4,1,4,4,4,3,4,5,4
30112,2,1,2,3,3,3,4,5,5,2,5,3,3
49518,3,0,3,1,5,3,2,5,4,5,5,1,5
95689,2,2,2,4,3,2,3,3,4,2,4,5,3
3877,2,2,2,2,3,5,5,5,5,5,5,3,4
100197,4,4,4,4,4,4,4,4,5,5,4,3,4
85444,2,2,2,4,2,2,2,2,3,5,4,5,2
63494,3,1,3,4,3,3,3,3,1,5,4,4,3
122457,5,0,5,4,4,5,4,4,5,5,5,3,4
84604,4,4,4,4,2,4,2,2,4,2,4,1,2
97047,3,5,3,5,2,3,2,2,4,5,5,3,2
22057,3,1,4,4,5,4,4,3,3,3,3,4,3
17846,3,3,3,3,2,3,2,2,1,4,3,1,2
61345,5,5,5,5,4,5,5,5,5,5,5,4,5
2960,5,5,5,5,3,5,3,3,5,5,4,3,3
101522,3,3,3,3,2,3,2,2,3,1,3,5,2
89462,2,0,0,2,5,0,5,5,5,2,3,5,5
12636,2,5,5,5,2,2,2,2,3,3,3,4,2
127730,2,3,3,3,2,2,2,2,2,5,4,1,2
113543,4,2,2,2,3,3,3,4,4,3,4,1,4
5721,1,5,1,4,3,1,3,3,3,2,5,4,3
88494,5,4,5,1,2,5,2,2,4,5,2,5,2
19603,3,2,3,3,4,3,4,4,4,5,4,2,4
69027,1,1,1,1,3,4,4,5,5,5,5,3,5
22934,4,5,5,5,4,4,4,4,5,1,5,5,4
23391,3,3,3,3,5,5,4,5,5,5,5,5,3
55301,3,5,5,5,2,3,2,3,3,3,3,4,3
106083,1,1,1,1,2,5,5,5,5,5,5,3,5
14818,4,4,5,4,4,4,4,4,1,1,5,2,4
116453,4,4,4,4,2,4,2,2,2,4,4,4,2
58234,2,4,2,5,2,2,2,2,3,3,4,5,2
46203,3,3,3,3,2,5,4,4,4,4,4,4,5
49766,2,2,3,2,1,3,2,4,4,4,4,1,2
88150,4,4,4,4,3,4,5,5,5,4,5,3,5
46173,2,4,2,4,4,5,4,1,1,2,1,4,4
53496,4,3,4,4,4,5,3,4,2,4,4,3,3
86769,1,0,1,4,4,1,4,4,4,2,5,4,4
17322,1,4,1,3,3,1,4,3,4,5,5,3,3
29720,2,4,2,3,2,3,5,3,5,3,3,5,5
18895,2,2,2,2,3,4,4,2,2,2,2,2,4
54647,5,5,5,5,5,5,5,4,4,4,4,3,5
9428,2,2,2,2,3,4,4,4,4,4,4,5,4
123249,2,0,2,1,4,2,3,4,5,4,5,4,4
75455,1,3,3,3,1,4,3,1,1,1,1,1,4
12684,3,3,3,3,3,3,3,3,2,4,3,5,3
27491,0,5,0,1,4,1,2,1,1,1,1,3,2
16331,1,5,1,2,5,1,5,5,3,4,4,3,5
98424,1,1,1,1,4,4,4,5,5,5,5,3,3
81250,4,4,4,1,1,4,1,1,5,2,5,3,1
11610,2,4,2,4,1,2,5,1,2,4,2,5,1
64979,4,0,4,3,1,4,1,1,3,2,1,2,1
74502,5,1,5,4,4,5,4,4,3,2,4,5,4
100996,3,3,3,3,4,4,4,5,5,5,5,4,5
103657,4,4,4,4,4,5,4,4,4,4,4,4,5
82409,5,5,5,5,3,5,4,5,5,5,5,3,5
30475,3,4,3,5,2,3,5,2,4,1,4,2,2
5302,3,4,3,2,4,5,5,5,5,3,3,5,5
95277,4,1,4,4,2,4,4,2,1,3,4,1,2
30204,4,4,4,4,4,4,5,4,1,4,4,5,4
117065,3,3,3,3,5,5,5,5,3,5,5,5,5
125216,2,5,2,2,4,2,4,4,4,2,4,2,4
69367,3,3,5,3,2,4,4,4,4,4,4,4,4
93159,4,2,2,2,5,2,2,4,4,4,4,3,4
121215,2,5,2,1,3,2,3,3,2,5,5,2,3
75555,3,3,3,3,4,4,4,5,5,5,5,4,4
119455,4,4,4,1,5,4,5,5,4,5,5,4,5
120286,4,4,4,4,3,3,5,5,5,5,5,5,3
82082,4,4,4,4,4,4,4,4,1,3,3,4,4
12266,5,2,2,2,5,5,5,5,5,3,4,5,5
43302,5,5,5,5,5,2,1,5,5,5,5,3,1
101416,2,4,2,3,5,2,5,5,4,4,5,4,5
100005,4,4,4,4,3,4,5,5,5,5,4,5,4
119004,3,4,3,3,3,3,3,3,3,5,5,4,3
48574,2,3,2,4,2,2,2,2,2,2,2,4,2
49377,0,3,0,3,2,2,3,5,5,5,5,1,2
76363,3,3,3,3,5,4,5,4,4,5,4,4,5
18859,4,5,5,5,4,5,4,4,5,5,3,2,4
72316,4,4,4,5,2,4,2,2,5,4,3,3,2
14482,0,3,0,4,3,0,3,3,3,5,5,4,3
2393,3,3,3,3,4,3,4,4,4,4,4,4,4
112071,1,1,1,1,4,4,4,2,2,2,2,3,4
123131,4,3,3,3,4,4,4,4,3,5,3,2,4
4856,4,4,4,4,5,5,5,5,1,1,2,2,5
34984,3,4,3,1,3,3,3,3,3,3,5,5,3
32391,3,2,3,3,4,3,4,4,2,5,4,1,4
66874,1,1,1,1,5,4,4,5,5,5,5,3,5
45799,2,3,5,3,2,2,2,2,1,1,3,3,2
9067,2,4,2,3,4,2,4,4,3,1,3,4,4
29283,3,2,2,2,3,3,3,3,1,5,4,3,3
74260,4,4,4,4,4,4,4,4,4,4,4,3,5
129779,4,5,4,2,3,4,4,3,3,3,3,2,3
99681,1,1,5,1,2,4,4,4,4,4,4,3,3
46497,2,4,4,4,5,3,2,2,2,2,2,3,3
81710,2,1,1,1,4,1,4,4,3,3,4,4,4
11271,4,3,4,3,2,4,4,3,3,4,3,5,4
122417,2,3,3,3,1,2,1,2,2,3,2,1,1
38112,4,4,5,5,4,3,4,4,4,3,4,3,4
22181,3,5,4,4,4,4,4,3,3,3,3,1,4
71778,2,1,1,1,5,1,3,5,3,4,4,3,5
47671,4,4,4,1,3,4,5,4,4,4,4,5,5
40132,5,3,1,3,5,5,5,5,2,2,2,2,5
110781,3,2,2,2,3,3,3,3,2,2,4,3,3
20135,2,5,2,2,2,2,2,2,5,2,5,1,2
50173,2,5,5,5,3,4,3,3,3,3,2,2,4
53246,4,5,5,5,4,4,4,4,3,2,1,1,4
88810,2,2,2,4,3,2,3,3,4,4,4,3,3
59823,1,1,1,1,4,5,4,3,3,4,3,3,5
37491,5,4,4,4,5,5,5,5,3,5,1,5,5
96589,5,5,4,5,4,5,4,4,4,4,4,5,5
86232,2,1,2,4,3,2,3,3,3,3,3,4,3
115506,2,5,5,5,2,2,2,2,3,2,2,3,2
29592,5,5,5,5,1,3,4,5,5,5,5,1,3
88611,2,3,2,4,1,2,1,1,5,4,2,2,1
91646,4,3,4,1,3,4,3,3,3,3,5,5,3
112356,2,2,2,2,4,4,4,4,5,2,5,5,4
60636,1,1,1,1,4,4,4,5,5,5,5,3,4
35861,4,2,4,3,1,4,3,3,3,4,3,1,4
10919,3,2,2,2,3,3,3,3,4,2,2,3,3
97747,1,1,1,1,2,5,4,3,3,3,3,5,3
48722,3,3,3,3,5,5,4,5,4,4,5,4,5
90953,3,0,3,2,1,3,4,1,4,5,2,4,1
106034,3,5,3,1,4,5,4,5,5,3,3,3,3
97461,4,4,4,4,2,5,4,4,4,4,4,3,5
7906,1,1,2,1,4,5,4,5,5,5,5,5,3
89076,2,3,2,3,1,3,2,2,2,2,2,4,3
71537,1,1,1,1,4,4,4,4,4,3,5,3,4
22674,5,3,3,3,5,5,5,5,4,5,3,5,5
71576,5,5,5,5,5,5,5,4,4,4,4,4,4
66651,2,5,2,2,4,4,4,4,3,3,4,5,4
57663,3,4,3,3,3,2,4,3,1,2,1,4,4
79858,3,3,3,3,2,5,4,5,5,5,5,5,3
44221,2,5,5,5,2,2,2,2,2,5,4,2,2
115543,1,1,1,3,5,1,5,5,1,5,3,3,5
66024,5,5,3,5,3,3,3,3,4,4,5,4,3
89744,4,2,4,4,3,4,2,3,4,4,3,3,3
103099,2,5,2,2,2,2,2,2,3,2,4,3,2
14717,4,3,4,2,1,4,1,1,3,2,5,5,1
2874,3,2,3,2,3,3,3,1,5,2,2,3,3
125974,4,2,4,4,3,5,4,5,5,4,5,5,4
12900,1,2,2,2,1,1,1,1,2,2,4,4,1
112343,3,3,3,3,4,5,5,5,5,5,5,3,3
90774,2,4,4,4,3,3,4,2,2,2,2,3,1
32540,4,4,4,4,4,2,2,4,4,4,4,2,4
21718,3,1,1,1,3,3,3,3,3,2,4,4,3
129062,3,3,3,4,3,2,2,3,1,4,3,2,2
121176,2,4,2,1,3,2,3,3,3,4,4,5,3
22298,5,3,5,1,3,5,3,3,5,4,3,4,3
124367,1,1,2,1,5,5,4,4,4,4,4,3,4
4113,4,4,5,2,3,5,3,3,4,3,5,4,3
20940,1,1,1,4,3,1,3,3,2,2,3,3,3
104397,1,1,1,3,1,1,1,1,4,4,4,4,1
54881,2,5,2,4,2,2,2,2,5,3,4,5,2
14590,3,5,4,3,1,4,1,1,4,5,4,5,1
8265,2,4,3,2,2,3,2,2,5,2,4,3,2
99557,4,4,4,4,4,4,1,4,2,2,4,1,4
4329,1,1,1,1,5,4,4,2,2,2,2,3,4
22827,0,0,0,4,4,0,5,4,1,2,1,5,4
54988,5,5,5,5,4,5,4,5,5,5,5,5,3
46950,3,4,3,3,4,3,4,4,4,5,4,3,4
25445,3,2,2,4,5,2,2,5,4,3,2,4,5
3526,1,2,2,2,2,4,3,1,1,1,1,2,3
73931,3,1,1,1,3,3,3,4,2,2,3,3,3
84324,2,2,2,5,3,2,3,3,5,3,4,4,3
125376,4,0,4,1,4,4,4,4,3,4,5,4,4
79324,1,1,1,1,3,5,4,5,5,5,5,3,5
75184,3,3,3,2,1,3,1,1,3,3,2,2,1
79038,2,3,3,3,2,2,2,2,4,1,3,3,2
83057,3,5,5,5,4,3,2,3,3,3,3,4,1
75271,4,5,4,1,2,4,3,2,1,5,3,3,2
93486,2,2,2,2,4,5,5,5,5,5,5,5,4
15103,2,3,0,3,3,0,3,3,2,3,2,2,3
100581,2,5,5,5,2,2,2,2,4,1,3,2,2
69890,3,3,3,3,2,4,5,5,5,5,5,4,5
119294,2,3,3,3,2,2,2,2,3,1,4,1,2
8023,0,0,0,4,3,4,4,1,1,1,1,5,5
8703,4,3,4,3,3,4,3,3,2,4,5,2,3
82734,1,1,1,1,4,4,5,4,4,5,4,4,3
47650,2,5,5,5,2,2,2,2,4,4,4,2,2
107818,2,2,2,2,1,4,3,2,2,2,2,3,4
61146,5,5,5,1,2,5,2,2,3,2,5,3,2
108597,1,1,1,1,3,5,4,4,4,4,4,4,4
50666,2,4,2,4,4,3,3,2,2,2,2,2,4
69345,5,5,5,5,4,4,4,4,3,4,4,5,4
125075,1,1,1,1,2,5,5,5,5,5,5,4,5
94956,4,4,1,4,3,3,4,4,4,4,4,5,3
43614,2,2,2,2,3,2,3,3,3,4,1,3,3
15022,1,5,1,2,4,1,4,4,3,4,4,1,4
121458,1,1,1,1,2,5,3,5,5,5,5,1,5
118984,1,1,1,1,5,4,5,4,4,5,4,5,3
78845,1,1,1,1,3,4,4,3,3,3,3,5,5
127858,1,1,1,1,2,4,4,5,5,5,5,5,5
49420,1,0,1,3,3,1,2,3,3,5,1,3,3
27673,3,4,4,4,3,3,3,3,3,2,4,1,3
54954,1,1,4,1,2,5,4,4,4,4,4,3,5
45320,4,4,4,4,2,4,1,5,5,5,5,1,1
46120,3,3,3,3,5,5,5,5,3,2,1,3,5
120020,4,4,4,4,3,4,3,3,2,1,4,1,3
108763,4,4,4,4,4,5,5,3,3,3,3,4,4
21916,2,2,2,3,3,2,3,3,3,1,3,1,3
112005,1,3,3,3,1,1,1,1,3,2,4,1,1
124389,1,1,1,3,2,4,4,4,4,1,4,1,3
90159,5,4,5,5,3,4,4,2,2,5,2,4,3
49,4,5,4,1,5,4,3,5,5,4,5,5,5
2542,0,0,0,3,5,4,4,2,2,2,5,4,3
59162,2,4,2,4,2,2,2,2,4,5,2,4,2
13192,1,0,1,2,3,1,3,3,3,4,2,1,3
40282,2,5,2,1,2,2,1,2,4,2,5,3,2
7925,4,1,5,4,3,5,3,3,1,3,3,2,3
67053,2,2,2,3,4,2,4,4,4,3,5,4,4
46901,2,1,1,1,2,2,2,2,4,4,3,1,2
105715,4,4,4,4,2,5,5,4,4,4,4,4,3
119245,2,2,3,2,5,5,5,5,5,5,5,5,5
102286,3,3,3,3,4,4,5,5,5,5,5,4,5
114142,2,2,2,2,4,4,4,4,4,2,5,4,4
109533,2,2,2,4,5,2,5,5,2,2,3,3,5
40149,5,5,5,5,2,4,4,4,4,4,4,5,5
96660,2,5,2,1,5,2,5,5,3,3,4,4,5
108038,2,1,2,2,5,3,2,3,3,2,3,1,2
106715,5,3,5,5,4,4,4,5,5,5,5,3,3
32983,2,5,2,5,2,5,4,5,5,2,5,2,1
112546,3,3,3,3,1,3,1,1,3,3,5,4,1
86971,3,5,5,5,3,3,3,3,3,5,4,4,3
12156,3,3,3,4,3,3,3,3,3,1,2,4,3
80552,1,1,1,1,5,4,4,4,4,5,4,4,3
81646,4,4,4,4,2,4,4,5,5,5,5,4,4
110330,4,4,4,4,2,4,4,5,5,5,5,4,3
122596,2,2,3,2,4,4,4,4,3,3,4,3,4
37363,3,3,3,4,5,3,5,5,2,2,5,5,5
86810,5,5,2,5,5,5,4,3,3,4,3,3,4
39383,4,4,4,4,4,4,4,4,1,3,3,5,4
79556,5,2,5,5,5,4,4,5,5,5,5,3,4
99707,2,3,2,4,2,2,2,2,2,4,5,5,2
5941,2,1,1,1,2,2,2,2,4,4,3,4,2
25258,1,1,1,1,2,1,3,4,4,5,4,4,1
122169,1,1,1,1,4,5,5,2,2,3,2,3,3
8283,1,4,5,4,2,5,5,4,4,5,4,4,4
27206,2,2,2,3,2,3,3,4,3,2,2,3,3
26733,0,4,0,2,4,0,4,4,1,5,5,2,4
20792,3,1,1,1,2,4,3,3,3,3,3,2,5
68267,2,4,2,3,2,2,2,2,5,3,5,5,2
121486,0,1,0,1,4,0,4,4,3,5,2,3,4
98839,2,4,2,1,5,2,5,5,5,2,5,5,5
9052,2,0,1,4,4,1,4,4,3,2,4,3,4
74747,3,2,3,3,4,3,2,1,1,3,1,4,4
22616,2,4,2,1,2,2,4,2,4,2,5,5,2
86494,1,5,1,3,1,1,1,1,4,2,5,3,1
25766,4,5,4,3,3,4,3,3,1,5,3,5,3
125992,3,4,3,2,3,3,2,5,5,3,5,2,2
61594,4,4,4,4,4,3,4,4,4,4,4,5,3
63406,3,1,3,3,3,2,4,2,1,4,3,4,4
55453,3,3,3,1,3,3,3,3,3,2,4,4,3
81221,1,5,1,5,2,1,4,2,3,4,4,3,2
116011,3,5,3,3,1,3,1,1,4,2,5,5,1
66789,1,2,1,2,1,1,2,3,5,1,2,2,2
36973,3,4,4,4,3,3,3,3,3,2,4,1,3
27914,0,1,1,3,3,1,3,3,3,1,4,3,3
67644,4,4,4,4,3,4,4,4,4,4,4,4,5
39691,3,3,3,4,2,3,4,2,3,2,3,3,2
50531,0,1,0,3,1,0,1,1,3,1,4,1,1
15866,4,1,1,1,4,4,4,4,1,3,5,2,4
126942,4,4,4,4,3,4,5,4,4,4,4,3,4
13849,3,2,2,2,3,3,3,3,1,1,2,3,3
3131,5,5,5,5,5,5,4,4,4,4,4,5,5
6193,1,1,1,1,2,4,4,3,3,3,3,5,4
7074,2,2,2,2,4,4,5,5,5,5,5,5,5
70271,4,4,4,4,2,5,4,5,5,5,5,4,5
65849,5,1,1,1,5,5,5,5,5,2,3,2,5
16742,5,3,4,3,5,5,5,5,1,3,3,3,5
11501,2,5,2,3,3,2,3,3,4,3,1,5,3
115025,5,5,5,5,2,4,4,4,4,4,4,4,4
119760,2,2,2,3,1,3,3,2,2,2,2,2,4
129083,4,4,4,4,5,4,4,4,4,4,4,4,5
1148,2,4,2,4,1,2,1,1,4,3,4,5,1
90424,1,1,3,1,2,4,4,5,5,5,5,3,5
106037,3,3,3,4,5,3,5,5,5,2,4,4,5
48255,2,2,2,1,5,2,5,5,3,1,1,1,5
53974,3,5,3,4,1,3,1,1,5,2,3,5,1
23856,0,0,0,4,4,0,4,4,4,4,5,2,4
89179,1,4,2,3,3,2,3,3,5,4,4,4,3
126382,3,4,3,3,4,3,4,4,4,4,3,1,4
76210,0,2,0,3,3,0,2,3,1,2,1,1,3
124596,1,4,4,4,4,4,4,3,3,4,4,5,5
88506,0,0,0,4,3,0,3,3,3,4,3,3,3
53317,2,4,2,4,3,2,3,3,3,3,3,4,3
15212,2,1,2,3,4,2,4,4,3,2,3,1,4
103041,3,3,3,3,3,3,2,3,2,4,3,3,3
129190,3,3,3,3,2,5,5,5,5,5,5,3,5
14484,4,4,4,4,5,5,5,5,1,2,5,2,5
33049,3,0,3,4,1,3,1,1,5,3,3,3,1
94195,4,4,4,4,5,5,5,5,3,2,4,5,5
9387,5,4,5,3,1,5,1,1,3,3,5,5,1
50080,2,2,2,2,4,4,4,4,1,5,1,2,4
33541,2,2,2,3,2,2,2,2,2,3,3,1,2
59306,1,1,1,1,4,4,4,4,4,2,4,3,4
93,1,2,2,2,2,3,3,1,1,1,1,2,1
25384,2,1,2,3,3,2,3,3,3,5,2,2,3
20642,3,2,3,4,4,3,4,4,1,5,3,3,4
69636,1,1,1,1,3,5,4,3,3,4,3,5,3
44884,3,0,4,3,1,4,4,1,2,4,3,4,1
31106,4,4,4,4,4,4,4,4,5,4,2,3,4
96405,4,4,4,4,5,4,5,5,4,2,5,5,5
54161,2,1,2,1,4,3,3,2,2,2,2,2,1
41127,2,5,5,5,4,4,2,4,2,4,4,2,4
72862,3,3,3,3,5,3,5,5,4,2,3,2,5
72909,2,2,4,2,4,4,4,4,5,3,4,4,4
17114,1,3,1,3,1,1,1,1,2,1,2,4,1
92979,5,5,5,5,5,4,4,1,1,2,1,4,3
36624,3,3,3,4,4,3,4,4,1,4,4,3,4
40994,2,2,2,2,4,4,5,3,3,3,3,5,4
105299,3,1,1,1,3,3,3,3,1,1,3,2,3
11711,4,4,4,4,2,5,4,4,4,4,4,5,3
47520,4,5,5,5,5,5,4,4,4,5,4,5,3
115970,4,4,1,4,2,1,2,2,1,3,3,2,2
21238,3,4,3,3,2,3,2,2,5,5,5,3,2
128624,3,4,4,4,3,3,3,1,4,3,2,3,3
16296,4,4,4,4,3,1,3,4,4,4,4,5,5
56043,2,2,2,2,2,2,2,4,3,2,2,2,2
78407,2,3,3,1,4,2,4,4,3,4,4,5,4
49360,4,1,1,1,1,2,2,4,4,4,4,4,4
113425,5,5,5,5,4,4,5,4,4,4,4,5,3
105202,3,5,3,1,2,3,2,2,4,4,5,3,2
28696,2,2,2,2,1,2,1,1,1,2,2,3,1
113653,4,5,4,2,4,4,4,4,4,3,4,3,4
15308,5,2,2,2,5,2,5,5,5,5,5,4,3
40339,2,4,2,5,5,2,5,5,3,2,5,3,5
105610,2,4,3,1,4,5,5,5,5,3,4,5,4
101827,2,5,2,1,3,2,5,3,3,5,3,4,3
61855,2,2,2,3,5,2,5,5,2,3,2,1,5
21739,4,4,4,4,2,2,2,4,4,4,4,1,1
122092,0,5,0,4,4,0,4,4,2,5,1,4,4
29423,5,4,5,3,1,5,1,1,5,2,4,4,1
57975,4,4,4,3,4,5,4,3,3,4,3,2,3
37244,4,5,4,3,2,5,4,2,2,4,2,3,3
23622,3,4,3,1,4,3,4,4,4,3,4,3,4
38133,4,4,4,1,1,4,1,1,1,2,3,2,1
77551,3,3,3,3,4,3,2,2,2,2,2,5,1
52156,1,1,3,1,2,2,4,5,5,5,5,2,3
61728,2,5,5,5,2,2,2,2,1,5,3,3,2
122591,3,2,2,3,5,2,1,5,4,2,5,3,5
46961,2,3,2,3,5,2,5,5,1,2,2,5,5
110243,2,2,5,2,2,5,5,5,5,5,5,5,4
83288,2,4,2,4,2,1,1,2,1,5,5,1,1
12709,3,4,4,4,3,3,3,3,1,3,4,1,3
16496,5,5,5,5,3,1,4,4,4,4,4,2,4
6476,1,5,5,2,3,5,4,4,4,5,4,5,1
16567,3,3,3,2,3,3,3,3,2,4,5,1,3
42074,2,5,2,5,5,2,5,5,5,4,4,4,5
25781,5,2,2,2,5,5,5,5,3,1,2,3,5
102450,2,4,2,4,3,2,3,3,2,5,4,4,3
24463,4,1,1,1,5,2,3,4,4,4,4,4,4
5865,4,4,4,2,4,4,4,4,5,3,5,4,4
108862,4,2,4,4,2,4,2,2,4,4,4,4,2
21640,2,2,2,1,5,1,1,1,1,2,1,2,4
35142,2,1,1,1,5,3,3,2,2,2,2,2,3
7495,3,4,3,4,4,3,2,4,5,2,4,5,4
98171,4,0,4,3,4,4,4,4,3,3,4,5,4
12888,2,2,2,2,4,2,1,5,5,5,5,5,3
66879,5,5,5,5,2,5,4,5,5,5,5,4,3
124788,0,0,0,4,3,4,5,3,3,3,3,3,4
89184,3,3,3,4,5,3,5,5,3,4,3,5,5
61106,4,2,4,4,5,4,5,5,4,1,3,4,5
23846,3,4,3,4,5,3,5,5,5,1,4,5,5
92811,1,1,1,3,4,1,4,4,3,2,4,4,4
122685,4,0,4,4,1,4,1,1,2,3,4,2,1
115931,2,2,5,5,1,3,3,2,2,2,2,1,1
53276,3,3,3,3,3,5,1,4,4,4,4,5,2
65486,3,4,2,2,3,2,3,3,4,2,4,3,3
14813,2,1,0,2,3,0,5,3,1,3,2,1,3
82684,1,1,1,1,4,5,4,4,4,2,5,3,4
71568,4,5,5,5,3,3,4,4,4,3,4,3,3
64069,5,2,2,2,5,5,5,5,3,2,3,5,5
15045,2,0,2,4,4,2,4,4,5,4,5,2,4
59519,1,5,1,3,1,1,2,1,5,3,5,4,1
28147,1,1,1,1,1,1,1,1,3,2,3,3,1
83031,3,2,2,2,3,3,3,3,3,3,4,3,3
39583,3,3,3,4,4,3,4,4,2,4,4,4,4
110885,4,3,3,3,4,4,3,4,4,4,4,1,1
123071,4,4,4,4,2,4,5,2,3,2,5,3,2
118378,3,3,3,3,3,5,5,5,5,5,5,3,5
40734,1,1,2,3,1,2,1,1,4,2,4,3,1
40946,4,5,4,4,4,4,4,4,3,2,5,4,4
77372,4,2,2,2,5,3,3,3,3,4,3,4,2
32979,4,5,0,4,2,0,2,2,3,1,2,1,2
76345,2,2,5,2,4,4,5,5,5,4,5,5,4
12404,1,2,1,3,5,1,5,5,3,3,3,4,5
47098,3,5,3,4,4,5,4,5,5,3,2,4,5
60546,2,5,2,4,3,5,5,2,2,2,2,3,3
118455,4,1,4,4,2,4,5,4,4,4,4,3,3
37187,2,3,2,3,4,2,4,4,2,2,3,4,4
54356,4,5,5,5,2,3,3,4,4,4,4,2,2
30751,2,4,2,1,2,2,2,2,3,4,4,4,2
124643,1,2,2,2,4,1,4,4,4,5,5,3,4
27277,3,5,3,1,1,5,2,4,4,3,4,4,3
49710,0,5,0,1,5,3,5,3,3,3,3,2,1
92424,5,5,5,3,3,5,3,3,4,4,3,3,3
119133,2,1,1,1,4,2,2,2,2,2,2,2,1
105713,2,2,2,3,4,2,4,4,4,3,3,4,4
100434,3,3,3,3,2,4,4,4,4,4,4,5,3
24071,3,2,5,5,4,3,1,3,3,3,3,1,5
113182,2,3,2,4,2,2,2,2,2,4,3,1,2
33609,3,4,4,4,5,3,2,3,3,3,3,2,2
106748,1,1,1,2,1,1,1,1,5,3,4,3,1
10185,2,2,2,2,3,4,4,5,5,5,5,5,4
40912,1,3,2,5,5,2,5,5,4,5,4,2,5
39945,3,5,3,4,4,4,5,1,1,3,1,3,3
52060,4,5,5,5,5,3,4,4,4,4,4,5,2
129716,3,3,3,4,4,3,4,4,3,2,4,3,4
100020,2,2,5,2,2,2,2,2,3,1,3,4,2
33592,4,4,4,4,1,4,3,5,5,5,5,3,3
106745,3,3,3,3,4,4,4,4,3,5,5,3,4
10529,2,2,2,2,5,4,4,4,4,4,4,4,3
88438,1,2,1,4,2,1,5,2,3,3,3,2,2
97308,5,5,5,5,3,5,3,3,5,5,5,4,3
36994,5,5,5,5,5,5,5,5,4,3,3,5,5
73404,3,5,5,5,4,2,2,3,3,3,3,4,2
42168,2,2,4,2,5,4,5,5,4,2,3,1,5
21111,4,5,4,1,2,4,3,2,5,4,4,3,2
48062,3,3,3,3,5,5,4,4,4,4,4,4,4
16181,2,4,4,4,2,2,2,2,3,3,4,1,2
77088,2,2,2,2,2,2,2,2,4,4,5,4,2
95594,2,2,2,5,5,2,5,5,3,2,4,4,5
84040,2,2,2,1,5,2,1,5,3,4,4,4,5
60594,2,2,2,3,3,2,3,3,1,3,2,4,3
121207,4,1,4,4,4,4,4,2,1,4,3,4,4
111271,5,5,5,5,2,5,4,5,5,5,5,3,4
63107,2,5,2,1,2,1,1,5,3,4,5,1,1
33918,1,5,1,5,2,4,4,2,2,1,2,4,4
65597,3,3,3,3,3,3,4,3,3,3,3,2,3
53292,2,2,3,2,4,2,4,5,5,5,5,1,2
93940,5,5,3,5,2,3,3,5,5,5,5,4,4
77173,2,2,2,4,2,2,2,2,1,2,3,3,2
26013,1,0,1,5,3,1,3,3,5,4,3,1,3
101103,2,2,2,5,5,2,4,5,4,4,4,5,5
4403,2,5,2,5,2,2,3,2,4,5,3,4,2
108839,3,3,3,3,2,5,4,5,5,5,5,5,5
61555,4,4,4,4,5,4,5,4,4,4,4,4,3
57901,1,5,2,5,1,1,1,1,1,1,1,4,4
127699,3,3,3,1,5,3,5,5,3,3,4,3,5
124642,4,0,4,2,3,4,3,3,5,4,5,5,3
110647,3,3,3,3,1,3,1,1,3,4,5,4,1
128950,1,1,1,1,2,4,4,4,4,4,4,5,4
25286,1,1,5,1,5,4,2,5,5,5,5,1,4
41649,3,3,3,3,3,1,5,3,3,5,3,1,4
86105,4,4,4,4,2,5,4,4,4,4,4,5,4
100329,1,1,1,1,1,1,1,1,4,5,3,3,1
4652,3,3,3,3,3,5,4,5,5,5,5,4,5
51705,5,4,4,4,1,2,2,1,1,2,5,1,1
74891,1,5,1,1,4,3,5,5,5,1,5,4,5
125500,5,5,2,5,3,5,4,5,5,5,5,4,4
13731,2,0,2,4,4,2,4,4,2,1,2,5,4
112508,3,4,3,3,1,3,1,1,4,2,4,3,1
36885,1,4,1,3,4,1,4,4,5,4,3,3,4
111939,2,2,2,2,3,5,4,4,4,4,4,5,5
101346,3,5,3,4,5,3,5,5,4,4,5,5,5
115254,2,2,2,2,4,4,4,4,5,4,4,4,4
95111,4,4,4,1,4,4,2,4,3,5,5,1,4
68838,4,5,4,1,3,4,3,3,5,3,5,4,3
57166,5,3,5,5,5,4,4,4,4,4,4,4,3
55327,4,1,1,1,5,4,3,4,4,4,4,3,3
72756,5,5,5,5,4,4,4,4,4,2,5,5,4
114046,3,4,3,3,4,3,4,4,4,4,5,5,4
13189,3,3,3,3,1,2,5,4,4,5,4,3,2
50047,0,3,0,2,5,5,5,1,1,1,1,4,2
112046,1,1,1,4,2,1,5,2,3,1,3,3,2
4394,3,1,3,3,2,3,2,2,4,4,3,1,2
69066,1,1,1,1,4,5,4,4,4,4,4,3,5
109796,4,3,3,2,4,3,4,4,3,4,4,5,4
44786,2,4,5,4,1,4,3,2,2,2,2,3,4
62015,3,3,3,3,1,3,3,3,3,3,3,2,4
17870,3,1,2,4,4,2,4,4,2,3,3,4,4
119761,1,4,2,2,2,3,5,4,4,2,3,4,3
86790,3,3,3,3,5,4,5,5,5,5,5,5,5
61573,5,5,5,5,3,5,4,4,4,4,4,4,3
95088,4,4,4,3,3,4,3,3,1,1,3,2,3
51330,1,5,5,5,1,1,1,1,3,5,4,1,1
60458,2,2,2,2,4,4,4,3,3,3,3,4,4
26146,3,0,3,3,5,3,5,5,4,5,4,2,5
61456,4,4,4,4,2,3,5,4,4,5,4,4,5
116519,2,2,2,4,5,2,5,5,3,1,4,4,5
14081,3,3,3,3,3,5,5,4,4,4,4,1,5
15979,3,3,3,3,3,3,3,3,5,5,4,4,3
52030,2,0,2,4,4,2,4,4,3,2,4,4,4
447,1,1,1,1,5,5,5,5,5,5,5,5,5
686,4,4,4,2,1,4,1,1,4,5,5,5,1
92004,1,1,1,1,3,4,5,3,3,3,3,3,5
31270,5,5,2,5,4,4,4,4,4,2,3,5,4
42960,5,3,4,1,2,4,2,2,5,5,2,4,2
93989,2,5,2,4,1,2,1,1,5,2,3,3,1
3771,5,5,5,5,4,5,4,5,5,4,5,5,3
121736,5,5,5,5,2,4,3,5,5,5,5,3,4
49885,3,3,3,3,2,3,4,4,4,3,4,1,3
113177,4,4,4,2,1,4,1,1,5,2,4,4,1
4153,1,4,1,4,5,1,5,5,3,5,3,3,5
125180,3,3,3,3,5,5,5,5,5,5,5,5,3
52580,3,4,4,4,1,4,3,3,3,3,3,2,2
44085,4,4,4,4,4,4,4,3,3,4,3,4,5
96725,3,4,3,3,5,3,5,5,3,5,4,3,5
58810,2,4,1,3,3,1,3,3,3,5,4,1,3
82922,2,2,2,2,4,4,4,4,5,3,4,5,4
56547,4,5,5,3,3,5,3,3,5,3,5,3,3
87032,3,3,3,3,5,5,5,3,3,3,3,5,5
69482,1,1,1,1,2,4,5,3,3,4,3,5,4
10390,4,3,3,5,2,3,5,2,3,2,4,3,2
92690,1,5,5,5,4,5,4,4,4,3,4,4,4
98722,3,5,2,4,3,2,3,3,4,4,4,5,3
72145,2,2,2,3,4,2,1,4,1,3,3,4,4
42091,5,4,2,4,5,5,5,5,4,2,1,5,5
46040,2,1,4,1,4,3,3,2,2,2,2,1,4
32679,2,4,4,4,3,3,3,4,4,4,2,3,4
43320,1,3,3,3,1,1,1,1,3,4,4,1,1
110197,4,4,4,4,3,5,5,4,4,4,4,4,4
79385,5,5,5,5,3,4,3,3,5,2,4,3,3
62730,3,3,3,3,3,3,3,3,2,4,4,4,3
98077,2,1,2,4,3,3,4,4,4,2,4,2,2
37230,1,1,1,5,3,1,3,3,3,3,5,5,3
115328,3,3,3,3,5,5,5,5,5,5,5,5,5
25059,2,2,2,2,2,5,1,5,5,5,5,5,5
41770,3,4,4,3,1,4,1,1,1,1,2,3,1
40726,5,2,2,2,5,5,5,5,4,5,4,1,5
63987,1,1,5,1,4,4,4,4,5,3,5,4,4
24299,4,1,1,1,4,4,2,4,4,4,4,1,4
126681,3,3,3,4,2,3,2,2,3,3,4,4,2
58700,3,3,3,3,5,5,5,3,5,3,5,5,5
27467,5,1,3,1,5,2,2,5,5,5,5,3,3
88864,5,5,5,5,2,4,5,5,5,4,5,5,3
64600,3,3,5,3,5,5,4,4,4,4,4,3,4
115785,1,1,1,1,2,5,5,5,5,4,5,3,5
108691,2,3,3,3,3,2,3,3,2,5,2,1,3
76108,3,5,3,1,4,3,4,4,4,5,5,5,4
56411,1,1,1,1,5,5,5,5,4,2,5,3,5
110303,5,3,5,5,4,5,4,5,5,5,5,4,5
72404,3,3,3,3,4,5,5,4,4,4,4,5,4
96394,4,4,4,3,3,4,2,3,4,5,5,5,3
20563,2,3,3,3,2,3,2,2,2,3,2,4,2
1490,5,0,5,3,5,5,5,5,3,4,4,5,5
45278,3,3,3,3,5,2,2,5,5,5,5,3,2
59897,2,2,2,2,3,5,4,4,4,5,4,3,3
8697,1,0,1,3,4,1,4,4,2,4,2,1,4
129487,2,5,2,2,4,2,4,4,4,3,5,4,4
97053,2,1,2,2,5,4,5,5,4,4,5,5,5
10933,2,4,4,4,4,4,3,1,1,1,2,3,1
30102,1,1,1,4,3,1,5,3,4,5,4,2,3
51535,4,4,4,4,3,1,3,5,5,5,5,2,1
121338,5,5,5,5,4,5,5,2,2,2,2,4,3
91734,3,1,2,1,2,1,1,3,3,3,3,4,3
35964,3,3,3,4,3,2,2,1,3,3,3,2,2
99210,1,1,1,1,5,5,5,4,4,4,4,4,5
125584,3,3,3,2,4,3,4,4,5,4,4,3,4
21612,3,3,3,3,4,1,3,5,5,5,5,5,2
80598,2,4,4,4,2,2,2,2,1,5,3,2,2
86136,3,3,3,3,5,4,4,4,4,4,4,3,3
106611,3,5,3,3,4,3,4,4,5,4,5,5,4
48775,1,1,1,4,5,1,5,5,4,3,3,3,5
59196,5,5,5,5,4,4,4,4,4,5,4,4,4
44402,1,2,2,2,1,3,4,1,1,2,1,2,4
85685,4,4,4,4,3,4,4,5,5,5,5,3,3
99696,2,5,2,3,2,2,3,2,4,3,5,2,2
12677,5,5,5,5,1,5,4,4,4,4,4,4,1
1388,2,5,2,3,2,3,1,3,3,2,3,1,4
38794,3,2,3,3,2,3,2,2,2,1,4,2,2
95563,2,4,2,4,4,2,4,4,2,3,4,3,4
96452,1,1,1,1,3,4,4,5,5,5,5,3,5
127559,5,5,2,5,3,4,5,4,4,4,4,5,4
48713,1,2,2,4,1,2,1,1,2,1,3,1,1
33878,0,0,0,5,2,0,2,2,2,4,5,1,2
122016,5,0,5,2,5,5,5,5,3,2,5,3,5
88359,1,1,1,1,4,4,4,5,5,5,5,5,4
119186,3,3,3,3,4,4,4,4,4,4,4,4,3
40863,5,5,5,5,2,5,2,2,3,2,5,5,2
76374,4,4,4,4,5,4,5,5,5,5,5,5,5
80144,1,1,1,1,5,5,5,4,2,4,4,5,5
92091,3,3,3,3,3,3,3,3,4,5,4,1,3
109973,2,4,2,5,3,2,3,3,5,4,4,5,3
87204,1,2,2,4,3,2,3,3,2,4,3,1,3
60674,2,2,2,2,2,5,5,5,5,5,5,3,4
12718,5,5,5,5,5,5,5,5,2,4,5,4,5
28131,5,5,5,5,5,5,5,5,3,1,4,2,5
53601,1,5,1,1,1,4,4,3,4,3,5,4,4
3934,2,4,3,4,2,4,4,2,2,2,2,3,3
2409,2,1,2,2,1,2,1,1,3,2,4,4,1
22632,2,4,4,2,1,4,1,1,3,3,4,4,1
87272,1,3,2,2,1,1,1,1,1,4,3,3,1
42677,2,3,5,5,2,2,2,2,2,1,4,1,2
42798,1,1,1,1,4,3,3,1,1,2,1,1,3
38679,1,5,2,4,2,2,2,2,5,4,3,5,2
63933,3,3,3,3,4,3,4,4,1,5,2,4,4
36671,3,3,3,3,1,3,1,1,1,5,5,1,1
7065,5,5,5,5,2,4,5,5,5,5,5,4,3
127923,5,5,5,4,5,5,5,5,3,5,3,5,5
853,3,3,3,3,5,3,5,5,4,3,4,1,5
124438,1,1,1,1,1,2,1,1,3,4,3,2,1
45937,2,2,1,4,2,3,3,2,2,1,2,2,1
66873,4,1,4,3,2,4,2,2,1,1,3,1,2
118059,5,5,5,5,5,3,5,5,5,5,5,4,1
15876,4,3,3,3,4,4,4,4,4,3,3,5,4
58404,1,1,1,5,3,1,3,3,5,3,5,5,3
121768,1,1,1,1,5,4,5,4,4,4,4,5,5
117996,3,4,3,3,5,3,5,5,3,4,4,5,5
3746,2,5,2,5,2,2,2,2,4,4,5,4,2
25544,2,3,2,3,2,2,1,2,2,2,4,5,2
87130,5,3,5,2,2,5,2,2,2,5,1,3,2
48226,3,4,3,5,4,3,4,4,5,3,5,4,4
106006,4,3,3,3,1,4,3,4,4,4,4,2,4
6891,2,3,1,3,2,2,2,2,1,2,4,4,2
122497,2,2,2,2,3,5,4,5,5,5,5,5,4
77479,4,2,4,2,2,2,1,5,5,4,5,4,4
49076,4,1,1,1,2,5,4,4,4,4,4,1,3
15481,4,4,4,5,4,4,4,4,3,4,4,5,4
2581,3,3,3,3,1,2,5,4,4,4,4,5,4
69349,2,2,2,2,3,3,3,3,5,2,5,4,3
119232,2,2,2,3,1,4,4,2,2,2,2,2,4
57077,4,4,4,4,2,4,4,5,5,5,5,3,3
10087,2,2,2,3,4,2,4,4,4,3,2,4,4
101876,2,4,2,3,1,2,1,1,4,5,4,3,1
57963,2,4,2,4,2,2,2,2,3,2,4,1,2
16545,2,5,3,1,3,3,3,3,5,5,4,4,3
12453,2,4,2,3,2,2,2,4,5,4,5,2,2
109146,4,4,4,4,2,4,5,5,5,5,5,3,4
46163,3,1,3,4,3,1,1,1,5,4,3,1,1
34340,5,5,5,5,3,2,3,4,4,4,4,5,5
71065,3,2,3,3,2,3,2,2,2,3,4,4,2
31745,2,3,5,5,4,2,3,2,2,2,2,1,5
114073,1,0,0,3,1,1,1,1,3,4,4,2,1
116901,3,4,4,4,1,3,1,1,5,4,4,4,1
106446,2,5,2,4,2,1,1,3,5,4,4,1,1
93219,3,3,3,1,2,3,2,2,3,2,5,5,2
376,0,1,1,4,3,4,4,4,4,4,4,4,4
30811,2,4,2,5,3,4,1,2,2,2,2,1,3
97982,2,2,2,3,2,2,2,2,4,3,3,2,2
82059,3,3,3,3,3,4,4,2,2,2,2,3,5
36773,3,3,3,3,3,3,3,2,5,3,2,3,3
47407,3,1,3,4,5,3,5,5,2,5,3,1,5
89620,4,4,4,2,3,4,3,3,5,2,4,5,3
43087,2,4,2,3,3,5,5,3,3,2,3,5,4
101759,3,4,3,3,3,3,3,3,4,4,4,4,3
39636,4,5,4,4,5,4,5,2,2,4,2,5,4
41344,1,3,1,4,3,1,5,3,3,1,3,3,2
116702,2,2,5,2,5,4,4,4,4,4,4,4,3
77246,2,2,2,3,4,2,4,4,3,4,3,3,4
5557,2,2,2,4,5,2,5,5,2,2,4,2,5
94994,3,1,3,4,4,3,4,4,1,1,4,4,4
67370,4,4,2,4,4,4,5,4,4,4,4,3,5
1003,1,1,1,4,3,1,3,3,4,1,3,3,3
122112,2,5,0,2,5,0,5,5,5,3,5,5,5
41673,4,4,4,2,5,4,5,5,4,2,3,2,5
53913,1,4,1,4,3,1,3,3,4,2,4,5,3
79381,5,5,5,5,3,5,4,4,4,4,4,4,3
90514,1,1,1,3,2,1,2,2,3,3,5,5,2
86830,2,4,4,4,4,4,4,2,2,2,2,2,2
56184,3,1,3,2,1,3,1,1,2,1,2,2,1
15704,4,0,4,3,2,4,2,2,1,1,3,4,2
47759,0,0,0,5,1,0,1,1,3,4,2,4,1
3263,4,3,4,4,3,4,3,3,3,1,3,4,3
52249,3,3,3,3,5,4,2,3,3,4,3,1,1
89429,0,0,0,3,3,3,3,3,3,0,1,2,5
7404,5,5,5,5,2,5,4,5,5,5,5,5,3
62722,2,2,2,2,4,4,4,5,4,4,4,4,4
118573,2,2,2,2,5,4,4,2,2,2,2,2,1
91776,3,3,4,3,5,4,3,5,2,4,1,3,5
21611,4,4,4,4,4,4,4,4,5,4,4,4,4
59092,1,5,1,1,3,1,3,3,3,5,5,3,3
45700,4,3,3,3,4,4,4,4,3,5,3,3,4
117670,1,1,0,2,0,4,4,3,4,3,2,4,4
45915,2,1,1,1,2,2,2,2,2,1,2,2,2
13503,5,5,1,1,5,5,5,5,3,2,5,4,5
67040,3,3,3,4,4,3,3,4,2,3,3,4,4
81933,3,3,3,3,5,5,5,5,5,5,4,4,5
21495,3,4,3,1,4,3,4,4,5,4,5,3,4
76499,2,3,2,2,3,5,4,3,3,3,3,5,5
82706,5,3,5,3,1,5,1,1,4,4,3,2,1
120219,3,5,5,5,3,3,3,3,1,2,4,4,3
22327,5,3,3,3,5,5,5,5,5,3,5,1,5
105072,5,5,5,1,5,5,5,5,3,2,4,4,5
53625,4,0,4,1,1,4,1,1,5,3,3,3,1
17919,4,3,3,3,4,4,4,4,5,3,2,4,4
93504,1,4,1,3,4,1,4,4,3,2,4,5,4
96511,0,5,0,2,4,5,5,4,4,0,4,5,4
104613,2,3,2,3,2,2,2,2,2,5,4,4,2
869,5,0,5,1,5,5,5,5,4,4,5,4,5
56989,2,3,2,3,2,1,1,4,2,3,4,1,1
32697,3,3,3,3,2,2,3,4,4,4,3,5,3
21347,2,2,2,3,1,2,1,1,2,5,4,4,1
37829,5,1,1,1,5,5,5,5,3,1,2,4,5
47628,5,5,5,4,2,5,2,2,4,2,2,3,2
58426,5,4,4,4,5,5,5,5,5,2,4,2,5
100465,3,3,3,3,2,5,4,5,5,5,5,3,3
12244,3,4,3,3,2,3,2,2,4,4,5,1,2
81692,2,5,2,1,2,2,2,2,5,3,5,3,2
79224,3,2,2,2,4,3,4,3,3,3,3,4,4
106244,3,3,3,3,4,4,4,5,5,5,5,5,3
71415,1,1,1,1,5,5,5,4,4,4,4,5,3
4389,2,5,3,3,4,3,4,4,5,3,5,5,4
28660,2,4,2,1,5,4,4,1,1,2,1,5,3
120825,4,4,4,4,2,5,4,5,5,5,5,4,3
21452,2,0,2,5,3,2,3,3,3,5,2,5,3
94277,5,0,4,2,5,4,5,5,5,2,4,4,5
5707,1,5,0,4,2,0,2,2,3,5,4,5,2
22683,5,5,5,5,3,3,3,3,4,2,2,5,3
16098,4,5,4,2,4,4,5,4,5,3,4,5,4
112674,5,5,5,3,4,5,4,4,5,4,5,4,4
84913,2,5,2,3,2,2,2,2,2,3,1,2,2
78031,2,4,0,5,2,0,2,2,3,2,4,4,2
30950,3,3,3,1,5,3,4,5,2,1,2,2,5
92219,4,4,4,2,5,4,5,5,4,3,5,3,5
67302,3,3,3,4,3,3,3,3,2,2,3,1,3
49001,1,1,1,1,3,3,1,4,4,4,4,3,3
57718,5,5,5,5,3,5,4,5,5,5,5,5,5
56996,2,5,2,5,2,2,2,2,3,4,5,4,2
119158,2,3,2,3,1,1,2,5,5,2,3,3,5
82390,5,5,5,5,2,4,5,5,5,5,5,3,3
110575,1,1,1,1,4,4,5,4,4,4,4,3,4
94429,5,5,5,5,2,4,5,4,4,4,4,4,4
51413,1,4,1,3,4,1,4,4,3,3,5,4,4
783,3,3,3,3,2,5,5,4,4,5,5,5,5
88189,3,3,3,3,2,5,5,5,5,5,5,3,4
76731,4,3,4,5,5,4,5,5,2,4,5,1,5
98825,5,3,5,3,1,5,1,1,2,4,3,1,1
66865,4,4,4,2,3,4,3,3,5,4,5,5,3
27867,4,5,5,5,4,4,5,4,3,2,3,1,4
46145,1,2,1,4,1,3,3,1,5,3,4,3,3
54532,3,4,4,4,1,4,1,1,5,5,4,4,1
85618,3,4,3,5,5,3,5,5,2,5,5,1,5
73247,4,4,4,3,1,4,1,1,4,5,5,3,1
129701,4,5,2,2,4,4,4,4,1,1,3,1,4
58706,1,4,1,4,1,2,3,3,2,3,5,3,3
27294,2,5,2,5,2,2,2,2,1,3,3,4,2
58653,2,3,2,3,3,2,3,3,1,3,3,2,3
83369,5,4,4,4,3,2,3,5,5,4,5,1,4
39191,0,0,0,3,4,2,4,1,1,1,1,1,4
57274,2,5,2,3,1,2,1,1,3,4,5,5,1
20369,2,4,2,4,5,2,5,5,2,1,4,2,5
17408,4,2,2,2,5,2,4,4,4,4,4,5,5
76134,3,3,3,3,2,4,5,4,4,4,4,5,4
98800,3,3,3,4,2,3,4,2,4,2,4,5,2
46603,2,2,2,4,2,2,2,2,1,5,3,2,2
49585,5,1,1,1,3,1,2,5,5,5,5,4,4
60234,2,2,2,3,5,2,4,5,1,3,3,5,5
16149,4,4,4,4,4,4,4,4,3,4,2,4,4
91706,5,0,5,3,3,0,3,3,4,2,4,3,3
62502,3,4,4,2,3,3,3,3,5,4,3,3,3
69845,4,4,4,2,4,4,4,4,3,2,4,3,4
49497,4,5,5,5,4,4,4,4,1,3,3,5,4
68613,0,4,0,4,2,4,4,5,5,5,5,5,4
105719,2,4,5,4,4,4,3,2,2,2,2,2,2
102934,2,4,2,3,4,4,4,4,4,2,4,3,4
33322,2,2,2,2,3,3,3,5,5,5,5,1,4
73298,3,3,3,3,5,4,4,4,4,4,4,4,5
464,5,5,5,5,4,4,4,4,4,4,5,4,4
58678,0,2,0,4,5,0,5,5,3,2,4,4,5
102632,4,4,4,2,4,4,1,4,5,4,5,5,4
18326,2,4,2,2,2,2,5,2,5,2,4,4,2
42876,5,1,5,4,3,5,4,3,1,5,4,3,3
2407,2,1,2,4,5,2,5,5,3,2,4,3,5
29796,1,1,1,1,2,4,2,4,4,4,4,1,5
16292,2,4,2,3,3,2,3,3,4,4,1,4,3
2438,1,4,1,5,2,1,2,2,2,2,5,3,2
12996,1,1,1,1,4,5,4,4,4,4,4,3,4
120184,4,5,1,5,5,3,4,4,4,3,4,3,2
38619,3,3,3,3,4,4,4,4,4,3,5,4,4
73808,2,5,2,2,1,2,1,1,2,3,1,1,1
28564,3,2,2,2,4,3,4,4,2,4,4,5,4
128893,1,1,1,1,5,5,5,2,2,3,2,5,5
35389,1,0,1,4,2,1,5,2,4,3,5,1,2
24000,4,5,5,5,4,4,4,5,1,5,3,4,4
39393,4,4,4,4,5,5,5,5,4,2,2,1,5
1241,5,4,5,4,5,5,5,5,5,4,5,5,5
72748,5,5,5,5,2,4,5,4,4,4,4,3,4
50287,2,2,2,2,2,2,5,5,5,5,4,3,4
40865,1,4,1,2,2,5,5,3,3,1,3,4,5
27700,5,5,5,5,5,5,5,5,2,3,1,2,5
91882,4,4,4,3,2,4,2,2,3,3,3,3,2
109737,3,1,2,4,2,4,4,3,3,2,3,1,2
32605,2,4,4,4,2,2,2,2,2,3,3,1,2
592,1,1,1,4,3,1,3,3,5,5,4,5,3
49014,0,0,0,2,1,2,4,3,3,3,3,2,3
87544,4,4,4,4,1,4,5,1,3,4,2,3,1
98771,1,4,2,5,4,2,4,4,5,5,5,4,4
73743,4,5,4,2,1,4,1,1,2,3,1,3,1
25934,1,5,1,1,3,4,4,2,2,1,2,5,3
14179,4,4,4,4,4,4,4,4,4,4,4,3,4
28283,5,3,5,5,5,5,5,5,3,3,1,5,5
17571,2,2,2,1,3,2,1,3,2,4,3,1,3
81183,2,4,3,4,2,2,2,2,4,2,4,2,2
23032,2,2,2,3,4,2,4,4,2,1,4,1,4
70836,4,4,4,4,4,5,4,5,5,5,5,5,3
24724,3,0,3,1,3,3,2,3,3,1,2,1,3
125241,3,5,3,2,2,4,5,1,1,3,1,5,3
10900,2,1,1,1,2,3,3,2,2,2,2,4,4
90139,2,2,2,2,5,4,5,4,4,5,4,4,3
5817,2,1,2,3,4,3,2,2,2,2,2,2,2
87804,2,2,2,2,5,5,4,5,5,5,5,5,4
111440,4,4,5,4,2,5,5,5,5,5,5,5,4
88621,2,5,2,1,1,2,1,1,5,4,5,5,1
44846,2,5,2,2,5,4,5,4,4,2,4,4,3
101656,2,2,2,4,4,2,4,4,2,3,4,2,4
52713,2,5,2,3,3,2,3,3,4,2,4,3,3
80967,3,3,3,3,4,4,4,5,5,5,5,3,5
121537,5,5,5,5,4,5,4,4,3,4,5,5,4
20024,1,5,1,2,2,1,2,2,2,5,2,4,2
122028,1,1,1,1,4,5,4,4,4,4,4,5,5
98583,5,5,5,5,5,5,5,5,4,2,4,4,5
83515,3,2,3,3,2,3,3,2,2,3,2,2,2
86104,2,2,2,2,3,4,4,5,5,5,5,4,4
2691,3,3,3,3,2,1,2,3,3,2,3,2,2
14831,2,4,2,2,2,3,3,4,4,5,4,3,5
108656,2,4,4,4,5,2,3,2,2,2,2,4,1
24769,4,2,2,2,1,2,2,4,4,4,4,3,3
63699,3,1,3,2,1,3,1,1,1,3,2,2,1
119039,2,3,3,3,4,3,3,2,2,2,2,2,1
46553,0,0,0,3,5,0,5,5,4,4,4,2,5
119972,3,2,3,4,4,3,2,4,3,4,4,3,4
111022,3,1,3,2,3,3,3,3,3,1,2,3,3
80527,3,4,3,4,1,3,1,1,3,3,3,4,1
108518,5,3,5,3,3,1,3,4,4,5,4,1,1
103490,3,5,4,3,1,2,2,1,1,4,1,2,2
4365,2,2,2,2,4,5,5,4,4,4,4,3,5
110215,3,5,3,4,5,3,5,5,5,3,4,4,5
58288,4,4,4,2,4,4,4,4,4,2,4,3,4
107897,3,3,3,3,5,5,5,4,4,4,4,3,3
15538,2,2,2,2,4,5,2,5,5,4,5,3,3
115821,0,0,0,1,3,4,3,3,3,3,3,1,1
41241,1,1,1,1,5,5,3,3,3,3,3,5,1
74131,3,5,5,5,4,4,3,3,3,4,3,4,1
35453,2,4,1,2,1,1,5,1,3,4,1,5,1
438,3,4,4,2,5,5,3,1,1,4,1,5,1
34370,1,5,5,5,1,1,1,1,2,5,3,1,1
43660,2,2,2,2,2,2,2,2,3,5,3,1,2
95756,0,1,0,2,5,0,3,5,4,4,2,3,5
124411,4,4,4,4,5,5,4,5,5,5,5,4,5
33254,2,5,5,5,2,2,2,2,1,4,4,1,2
117458,4,2,3,3,5,3,4,5,2,3,3,1,5
72700,4,4,4,3,2,4,2,2,5,4,4,5,2
113613,3,3,1,2,5,1,5,5,4,5,4,5,5
43178,4,2,2,2,2,2,5,4,4,4,4,1,5
66114,3,3,3,3,5,5,5,4,4,4,4,5,4
8512,3,5,5,5,3,3,3,3,4,3,3,2,3
90566,3,0,3,1,4,3,4,4,4,2,4,4,4
5374,3,2,2,2,5,3,3,3,3,3,3,4,1
94775,2,3,3,3,2,3,2,2,1,2,4,3,2
124200,3,3,4,3,4,2,3,3,3,3,3,3,2
102633,4,4,4,4,5,5,5,5,5,5,5,3,5
68366,5,5,5,5,4,3,5,5,5,5,5,3,4
86791,4,4,4,4,4,4,4,4,4,5,4,4,4
65017,5,5,5,5,5,4,5,5,2,5,3,3,5
3973,4,4,4,3,2,4,5,3,3,4,3,5,5
41576,3,4,4,1,3,4,3,3,4,4,4,5,3
88376,1,2,4,4,1,1,1,1,1,1,3,2,1
23172,2,4,2,3,3,2,3,3,3,2,4,4,3
75186,1,1,1,1,4,3,4,4,4,4,4,4,4
112441,3,2,2,2,3,3,3,3,1,4,4,2,3
79869,4,5,4,4,2,5,5,4,4,4,4,5,5
54026,3,2,3,4,2,3,1,2,3,3,4,1,2
24658,2,5,5,5,2,2,2,2,2,2,4,1,2
86768,1,1,4,1,3,4,3,3,5,4,5,5,3
10738,1,2,0,3,3,0,2,3,3,3,3,2,3
93000,4,5,4,4,5,4,5,5,4,3,4,4,5
4087,2,2,2,4,3,2,3,3,1,4,4,3,3
66811,2,1,1,2,1,2,1,1,3,5,5,4,1
101133,2,2,2,4,5,2,3,5,4,5,4,3,5
41324,3,5,2,4,4,5,3,4,4,2,3,4,3
87878,4,4,4,4,4,4,4,4,4,2,3,4,4
12033,4,5,3,5,4,4,4,4,3,2,3,1,4
4923,2,4,2,3,5,2,5,5,2,3,4,2,5
91975,3,3,3,3,5,5,5,5,4,4,3,3,5
37155,4,5,5,5,1,3,3,4,4,4,4,2,1
111627,3,3,4,3,5,5,4,5,5,4,5,3,4
60077,4,4,4,4,5,4,5,4,4,4,4,5,5
128497,1,5,1,2,2,1,2,2,5,2,5,5,2
93976,5,4,4,3,5,4,5,5,3,2,4,5,5
85146,1,0,0,3,4,4,4,1,1,0,1,3,2
73540,0,5,0,3,3,0,3,3,3,4,2,1,3
35575,5,4,4,4,5,5,5,5,5,4,5,3,5
87065,1,1,4,1,4,5,4,4,4,4,4,4,5
40315,2,4,2,4,4,2,4,4,3,3,5,5,4
32003,3,4,3,2,5,3,5,4,4,3,4,5,2
94351,2,2,2,2,5,4,5,4,4,4,4,5,4
75550,5,4,5,3,2,5,2,2,4,3,4,3,2
108331,5,5,5,5,2,5,4,3,3,2,3,5,5
127063,3,3,3,3,4,4,5,5,5,5,5,3,5
98657,4,4,4,3,3,4,5,5,5,4,5,3,3
78810,2,3,2,2,4,2,4,4,1,4,2,4,4
111569,2,1,1,1,2,2,2,2,3,5,3,4,2
111165,1,1,1,1,5,4,5,4,4,4,4,3,4
109690,3,5,3,3,2,5,4,4,4,3,4,2,2
20199,4,1,1,1,4,4,4,4,1,1,4,4,4
49303,2,5,2,4,3,2,3,3,5,4,5,1,3
110222,2,2,3,2,2,4,5,3,3,3,3,3,5
1565,3,3,3,3,3,5,4,5,5,5,5,5,5
30545,5,5,5,5,3,4,3,3,4,2,2,2,3
30309,4,3,3,1,2,3,1,2,4,2,3,1,2
126954,3,3,3,3,3,4,5,5,5,5,5,4,3
1162,4,3,4,1,2,4,2,2,1,1,1,2,2
70089,3,3,3,3,4,5,4,4,3,4,5,4,4
8712,3,4,0,1,3,0,2,3,5,5,2,2,3
102187,5,5,5,5,3,4,4,5,5,5,5,4,3
58095,2,1,1,1,2,2,2,2,4,4,4,4,2
31131,2,4,4,4,2,2,2,2,4,4,4,3,2
81149,2,4,2,3,2,2,2,2,3,4,3,1,2
119319,3,0,3,1,1,3,1,1,5,4,4,5,1
75267,2,2,3,3,2,3,2,2,3,3,3,2,2
66034,5,5,5,5,3,5,5,5,5,5,5,5,5
49162,4,0,4,1,5,4,2,5,1,1,5,2,5
100011,4,4,4,3,5,4,5,5,5,3,4,3,5
19551,4,4,4,3,5,4,5,5,2,3,2,3,5
71168,5,5,5,5,3,4,4,4,4,4,4,3,3
719,2,2,2,3,1,2,1,1,2,1,3,1,1
25894,3,4,3,3,2,4,4,5,5,3,5,3,3
4225,3,5,5,5,3,3,2,3,2,5,3,2,3
87344,3,3,3,3,4,5,4,4,4,4,4,5,5
111719,2,4,2,4,5,5,5,1,1,2,1,3,3
102143,4,4,4,4,3,5,5,5,5,5,5,5,3
110264,5,5,1,5,4,5,5,4,4,4,4,5,4
127194,5,5,5,5,4,4,5,4,4,4,4,5,3
100876,3,3,3,3,4,5,4,4,4,3,4,4,4
69782,3,3,3,3,4,4,4,4,5,3,4,4,4
103910,5,4,5,4,4,4,5,1,1,5,1,4,3
41211,3,5,1,5,5,2,3,3,3,3,3,1,3
87398,3,2,3,3,1,3,5,1,4,1,4,3,1
18802,4,2,2,2,4,4,4,4,3,4,1,5,4
90727,1,1,1,1,3,5,4,5,5,5,5,3,4
73458,4,4,4,1,4,4,4,4,3,5,5,5,4
15725,4,2,2,2,3,3,4,4,4,4,4,4,1
111856,2,2,2,2,5,4,5,5,5,5,5,3,3
62447,2,2,2,2,4,4,4,5,5,4,5,3,5
87571,2,1,1,1,2,2,2,2,2,3,2,3,2
16020,2,4,2,4,5,2,4,5,3,2,4,5,5
43336,3,4,4,4,3,3,3,3,3,3,3,1,3
66294,4,4,4,4,3,4,4,5,5,5,5,5,5
123700,3,2,0,2,3,0,3,3,2,3,1,1,3
100400,1,2,1,1,5,4,5,5,5,5,5,4,5
8177,2,4,4,4,2,2,2,2,1,4,3,2,2
80512,2,4,2,4,5,2,3,5,2,2,4,1,5
62953,2,3,2,2,3,5,4,4,4,4,4,4,3
82482,5,5,5,5,3,5,5,5,5,5,5,3,5
8107,3,3,3,3,5,5,5,5,4,3,4,4,5
36511,2,2,2,3,2,2,2,2,1,1,2,2,2
117383,4,2,4,2,4,4,4,4,1,2,2,2,4
39258,4,1,1,1,4,4,3,3,3,3,4,1,3
97005,4,4,4,4,1,4,1,1,2,5,4,4,1
44028,3,5,3,3,5,5,5,5,5,4,2,4,5
48780,4,3,4,4,3,3,4,3,3,5,3,3,3
88703,1,5,2,2,4,4,4,4,4,2,4,4,5
70645,1,1,1,1,5,5,5,5,5,4,4,5,5
35569,4,3,3,3,4,4,4,4,2,5,5,5,4
9502,5,4,0,3,2,0,2,2,5,5,5,5,2
22123,1,4,1,4,2,1,5,2,3,4,4,3,2
17237,3,3,3,3,4,3,5,4,1,1,3,1,4
57256,4,4,4,3,4,4,1,4,3,2,4,1,4
23261,3,3,4,3,3,4,3,3,1,5,1,5,3
35,2,2,2,2,5,4,5,3,3,4,5,5,5
36335,2,4,2,3,3,2,3,3,4,4,5,4,3
104805,2,5,2,2,3,4,5,2,2,2,2,3,4
6838,3,5,0,3,3,0,2,3,5,5,5,5,3
126607,2,4,4,4,1,3,4,2,2,2,2,3,1
112090,3,0,2,1,5,2,5,5,5,3,5,5,5
111652,3,4,4,4,3,3,2,3,2,1,4,1,3
53407,3,5,4,3,4,3,3,3,4,5,5,3,3
7903,2,1,1,1,2,2,2,2,3,5,2,3,2
32051,4,3,3,3,4,4,4,4,2,1,2,2,4
124611,1,1,1,5,4,1,4,4,4,4,4,3,4
85471,3,5,5,5,2,2,3,2,1,5,3,1,2
67937,2,4,2,3,3,4,4,4,4,2,4,2,2
44783,3,3,3,4,2,3,2,2,4,3,4,4,2
51723,1,0,1,4,2,1,2,2,5,3,4,3,2
44343,4,1,1,1,4,4,4,4,3,4,4,5,4
94862,3,1,3,3,1,3,1,1,4,4,4,3,1
104054,2,4,1,5,1,1,1,1,3,3,5,5,1
74626,3,3,3,4,3,3,3,3,1,1,4,2,3
127204,0,0,0,4,5,0,5,5,1,1,5,5,5
66422,3,3,3,4,4,3,4,4,4,1,3,2,4
20106,4,4,4,4,4,4,4,4,3,5,3,3,4
47904,1,2,2,2,1,1,1,1,4,3,3,3,1
40100,1,3,1,2,3,1,3,3,3,2,4,4,3
35890,1,5,1,3,4,4,4,4,4,1,4,4,3
41476,1,1,1,3,4,1,4,4,4,2,3,3,4
27079,4,4,4,4,1,3,4,5,5,5,5,5,4
123720,4,4,5,4,4,5,4,3,3,4,5,5,5
37442,4,4,4,4,2,1,2,5,5,5,5,2,5
104891,2,1,2,4,2,2,2,2,1,5,3,3,2
8596,1,1,1,1,2,4,5,4,4,4,4,4,3
65507,3,4,3,2,2,3,2,2,4,4,3,4,2
93775,1,0,0,2,5,0,5,5,3,5,2,3,5
20662,5,3,2,2,5,5,5,5,3,5,5,4,5
123079,4,4,4,4,5,5,4,4,4,4,4,4,3
118264,1,1,1,1,3,4,4,4,4,4,4,3,3
46254,3,4,3,5,1,3,1,1,4,4,5,4,1
91212,3,0,3,3,5,3,5,5,5,5,5,3,5
8605,4,4,4,2,4,4,4,4,4,5,4,3,4
117308,4,3,3,3,4,4,4,4,4,2,3,1,4
38847,1,1,1,4,4,1,4,4,4,5,3,1,4
16825,3,4,3,4,1,3,1,1,1,2,4,2,1
103628,3,4,3,3,4,3,4,4,4,2,4,3,4
61152,2,2,2,2,5,5,4,4,4,4,4,5,4
56098,5,5,5,4,5,1,1,4,2,4,4,1,1
36056,0,0,0,1,4,0,4,4,2,3,5,5,4
82400,4,4,4,4,1,4,1,1,3,3,4,3,1
6880,5,3,5,5,2,4,4,5,5,5,5,5,5
109866,3,2,2,2,3,3,3,3,1,5,3,3,3
124336,3,5,1,5,1,2,2,3,3,3,3,4,4
109297,5,5,5,5,5,5,1,5,5,3,5,3,5
77902,2,2,2,2,2,2,3,5,5,5,5,4,4
21590,4,4,4,3,3,4,4,3,5,1,2,2,3
58430,2,2,2,2,1,5,2,4,4,4,4,3,3
40949,3,5,2,4,3,5,4,3,3,2,3,4,3
115103,4,4,4,4,2,5,4,5,5,4,5,3,5
101403,2,3,2,3,5,2,5,5,3,4,2,3,5
19287,3,2,2,2,5,3,4,3,3,4,3,4,2
80990,1,1,1,1,4,1,2,5,5,4,5,4,3
27913,3,1,3,2,5,3,5,5,4,5,1,1,5
44017,2,4,2,2,3,2,5,3,5,4,4,3,3
34980,3,2,2,2,1,3,4,3,3,3,3,2,1
75133,3,4,4,3,1,4,1,1,4,3,4,3,1
52652,1,1,1,2,5,1,3,5,2,1,2,1,5
106118,2,2,2,2,3,4,4,5,5,5,5,3,3
74986,5,5,5,5,4,3,5,4,4,4,4,4,5
15988,4,4,4,4,2,3,4,4,4,4,4,1,2
89678,4,3,3,3,3,3,3,4,4,4,4,4,3
30217,2,4,2,3,3,2,3,3,3,2,4,4,3
16977,5,5,5,5,5,5,5,5,1,1,1,2,5
129612,3,4,3,4,5,3,5,5,5,4,5,3,5
28820,4,4,4,4,4,3,3,3,3,3,3,4,5
6686,5,5,5,5,4,5,4,4,4,4,4,5,4
124708,2,4,2,1,4,5,5,5,5,2,5,3,5
39143,2,4,2,3,4,4,4,5,5,2,5,4,4
103380,5,2,5,5,3,4,4,5,5,5,5,5,4
90272,4,4,4,4,4,4,4,4,4,2,5,4,4
73278,4,2,4,3,4,3,4,4,4,4,1,1,4
58749,5,5,5,2,2,5,2,2,4,4,4,3,2
70563,2,4,5,5,2,2,2,2,1,3,3,2,2
123918,1,5,1,1,2,1,2,2,5,2,5,5,2
59419,2,5,2,3,4,2,5,4,3,4,4,3,4
116160,2,3,2,4,5,2,5,5,4,4,4,2,5
112758,2,2,2,2,2,5,4,4,4,5,4,3,5
93543,2,2,2,2,4,4,4,4,5,3,5,4,4
80696,3,3,2,3,4,4,4,4,5,2,5,4,4
102192,2,2,2,2,2,5,4,2,2,3,2,5,4
92288,3,3,3,3,3,3,4,3,3,3,3,3,5
37983,3,1,2,3,3,4,4,2,2,2,2,4,4
69437,1,3,1,1,2,1,2,2,1,4,2,4,2
40852,3,5,3,2,1,3,1,1,3,3,4,4,1
49057,5,1,1,1,5,5,5,5,2,2,4,5,5
74592,2,1,1,1,2,4,4,2,2,2,2,4,3
55644,4,2,4,3,1,3,4,1,1,4,1,2,1
126679,3,3,3,5,1,3,1,1,5,2,4,5,1
60928,3,3,3,2,1,3,3,1,4,3,5,4,1
45281,4,4,4,4,4,4,4,5,5,5,5,1,1
85278,2,1,2,2,3,2,3,2,2,2,2,2,2
47056,3,2,2,2,3,3,3,3,2,2,3,2,3
46875,2,2,2,2,5,5,5,5,2,3,5,1,5
115968,3,5,3,1,1,3,2,1,3,2,4,3,1
41089,2,2,2,2,4,4,3,5,5,4,4,2,5
55653,0,0,0,3,5,5,4,2,2,1,1,3,5
54338,2,4,3,3,2,3,3,2,4,2,5,3,2
40093,5,4,4,4,5,5,5,5,2,1,1,4,5
30371,2,2,2,3,4,2,4,4,4,5,3,4,4
95109,3,4,3,1,5,3,5,5,4,4,4,5,5
114232,5,5,5,5,3,4,5,4,4,4,4,4,4
123029,2,2,2,2,4,4,4,4,5,5,5,5,4
108355,3,3,3,3,3,3,3,3,4,4,3,3,3
100579,1,3,1,3,3,1,3,3,3,1,2,2,3
24831,2,2,2,4,3,2,3,3,2,2,2,2,3
53278,5,5,5,2,5,5,5,5,4,4,5,4,5
123965,5,5,5,5,2,4,5,4,4,5,5,3,5
58631,5,5,5,5,3,3,3,3,3,4,5,5,3
112768,2,3,4,4,2,3,2,2,4,3,4,3,2
67270,3,5,3,2,3,3,3,3,5,4,5,3,3
19575,4,4,4,4,3,1,3,4,4,4,4,3,2
88487,2,2,2,2,2,1,3,5,5,5,5,4,2
80374,2,4,1,2,5,1,3,5,4,2,5,3,5
3399,1,1,1,1,4,1,5,4,4,4,4,2,3
99181,2,5,5,5,2,4,3,2,2,2,2,4,4
82023,2,4,2,5,2,2,2,2,2,4,2,5,2
82321,3,3,3,3,3,4,5,3,3,3,3,3,5
87763,5,5,5,5,3,4,5,4,4,4,5,5,3
45832,4,1,4,4,4,4,4,4,3,4,3,2,4
30931,4,4,4,4,5,5,5,4,5,5,3,5,5
94690,1,1,1,4,1,1,1,1,2,3,4,1,1
54702,5,5,4,5,1,5,2,4,4,4,4,4,2
115412,4,3,3,3,4,4,4,4,3,4,2,2,4
8619,0,0,0,4,2,5,5,5,5,5,5,4,4
42718,1,1,1,1,2,1,2,2,4,5,3,2,2
27376,4,4,5,4,1,2,4,3,3,3,3,4,1
101525,3,4,3,5,2,5,4,2,2,3,3,3,3
68091,2,3,3,3,4,3,3,2,2,1,2,2,3
26970,5,5,2,2,5,5,5,5,1,5,3,1,5
55,1,1,1,1,1,3,3,3,3,3,1,4,2
1659,1,1,1,1,2,3,1,5,5,5,5,2,3
89657,4,4,4,4,5,5,5,5,5,5,5,3,5
37943,3,3,3,3,5,3,5,5,3,3,3,1,5
22753,5,2,3,2,5,5,5,5,1,5,2,3,5
127052,3,1,3,4,3,3,3,3,4,4,3,4,3
89366,4,4,4,3,2,4,2,2,5,2,4,4,2
61081,3,3,3,3,3,3,2,3,2,1,3,4,3
41382,5,4,4,4,4,5,4,4,1,2,3,2,4
3812,1,1,2,1,3,5,5,3,3,2,3,3,3
79157,1,3,3,3,1,4,4,1,1,1,1,2,1
82060,3,5,5,5,4,3,2,3,3,4,3,1,3
86445,3,3,5,3,5,5,5,5,5,5,5,5,5
63104,2,2,2,3,4,2,2,4,1,3,3,3,4
124278,0,0,0,4,5,4,5,1,1,1,1,5,3
41070,4,2,2,2,5,4,3,4,4,4,4,4,2
107685,4,4,4,4,5,5,5,5,5,5,5,4,3
70194,3,3,3,3,2,5,4,4,4,4,4,3,5
77929,0,0,0,2,2,5,5,4,4,4,4,4,5
33285,2,3,0,4,3,0,3,3,4,1,4,3,3
114847,1,1,1,1,5,4,4,3,3,3,3,3,4
25106,3,3,3,3,5,5,5,5,5,2,5,4,5
62359,5,5,5,5,4,4,4,4,4,3,3,5,4
111398,2,4,2,3,4,4,4,4,4,2,1,4,3
9369,4,4,4,4,5,4,4,4,4,4,4,4,3
59290,4,4,4,4,5,4,4,5,5,5,5,5,3
119694,4,4,4,3,4,4,4,4,5,4,4,5,4
95647,3,3,1,3,5,4,4,4,4,4,4,5,5
68817,1,1,1,1,1,1,1,1,3,4,4,4,1
85108,5,4,5,3,4,5,1,4,4,5,5,3,4
25734,2,4,2,4,2,2,2,2,3,2,4,4,2
41419,2,4,2,3,4,5,5,1,1,2,1,3,3
37896,5,2,2,2,5,4,3,5,5,5,5,5,3
90367,4,4,4,4,4,3,3,1,1,2,4,4,2
128325,2,2,2,4,4,2,4,4,4,4,4,5,4
63846,4,3,4,4,2,5,5,5,5,5,5,4,4
35725,3,5,3,1,3,1,1,5,3,3,4,1,1
121636,4,5,5,5,4,4,4,4,1,2,3,2,4
40823,3,0,3,3,2,3,2,2,4,3,3,2,2
116760,1,3,1,3,1,1,1,1,5,1,3,2,1
45917,2,2,2,2,4,3,4,4,1,2,5,1,4
36146,1,0,0,3,5,0,5,5,5,4,5,1,5
19533,1,3,4,3,3,4,3,3,3,3,1,3,4
59832,1,1,1,2,2,1,2,2,5,2,5,5,2
27632,1,2,2,2,1,1,1,1,4,2,2,2,1
95626,4,4,4,5,5,5,5,3,3,4,3,3,3
22065,5,5,5,5,5,5,5,5,2,5,2,3,5
40317,3,4,3,1,5,3,5,5,5,2,5,3,5
42735,5,5,5,5,5,5,5,5,3,3,4,1,5
98285,5,5,5,4,5,5,5,5,4,2,4,3,5
84412,1,5,1,2,5,1,5,5,4,2,5,3,5
104385,3,5,3,2,1,5,5,3,3,3,3,1,1
31513,3,2,2,2,1,2,3,4,4,3,4,4,1
80573,3,3,1,3,3,4,5,5,5,5,5,4,5
17326,1,1,1,2,1,1,1,1,2,4,2,2,1
110793,4,3,3,3,3,5,2,3,3,4,3,3,4
49347,0,4,0,4,2,3,2,2,2,2,2,5,5
78769,2,1,2,3,4,2,4,4,3,5,4,3,4
56020,1,2,2,2,1,2,2,2,2,1,3,2,2
118720,2,4,2,4,2,2,2,2,4,4,5,4,2
100948,2,4,2,4,2,2,2,2,4,1,4,2,2
3923,2,5,2,4,2,2,1,2,4,5,4,3,2
65454,5,5,5,2,3,5,2,3,5,2,5,5,3
43196,2,1,2,4,1,2,1,1,3,1,3,1,1
91622,1,1,1,1,4,4,4,4,3,5,4,3,4
25168,3,2,2,2,3,3,3,3,1,1,2,5,3
120326,2,5,0,3,1,0,1,1,5,5,1,2,1
55733,1,1,1,1,3,3,4,5,5,4,5,4,3
46462,2,2,2,2,5,5,4,5,5,2,5,3,5
49888,1,3,4,3,4,3,3,1,1,1,1,2,2
67837,1,3,3,3,1,3,3,1,1,1,1,4,2
76875,2,5,2,5,3,2,2,2,2,2,2,3,3
117379,5,5,5,5,4,4,5,3,3,3,3,3,3
109414,2,2,2,2,2,5,5,4,4,4,4,4,3
63835,4,4,4,4,3,4,4,4,4,5,4,3,5
24544,3,3,5,3,5,5,4,5,5,4,5,2,5
2658,0,5,0,3,5,0,2,5,3,3,5,4,5
123797,1,1,1,1,2,4,4,4,4,4,4,3,3
17639,3,3,1,3,5,5,4,4,4,4,4,3,3
11807,3,1,2,4,3,2,2,3,1,3,3,4,3
96717,3,3,3,4,2,3,2,2,1,3,4,2,2
47445,2,2,2,4,1,2,1,1,4,2,3,2,1
4744,5,3,5,1,2,5,2,2,5,3,3,3,2
2104,1,4,1,3,2,1,2,2,3,2,5,3,2
59394,1,5,0,4,4,3,5,1,1,0,1,3,3
121070,3,3,3,3,3,4,5,5,5,5,5,4,5
64678,4,4,4,4,4,4,4,5,5,5,5,3,5
18824,4,0,4,3,4,4,4,4,1,1,3,2,4
123549,4,4,4,4,4,3,5,5,5,5,5,4,4
67082,2,2,2,2,4,4,4,5,5,5,5,5,3
108619,3,5,3,2,1,3,2,1,4,2,5,5,1
16163,3,3,3,3,5,1,3,4,4,4,5,5,5
9916,2,2,2,2,5,5,5,5,3,4,5,5,5
2621,5,5,5,5,3,5,5,4,4,4,4,5,4
103660,4,4,4,4,3,4,4,3,3,3,3,3,3
19837,3,3,3,2,3,3,1,3,2,4,2,4,3
105550,2,5,2,1,2,3,4,1,1,2,1,3,2
122182,1,1,1,1,5,4,4,5,5,5,5,3,3
59036,2,2,2,2,2,5,4,5,5,5,5,3,5
76600,4,3,3,3,3,3,3,4,4,4,4,4,4
84074,3,5,5,5,3,4,4,3,1,4,4,1,3
68271,2,4,2,5,2,2,2,2,5,4,4,4,2
25771,4,4,4,3,2,4,3,2,5,3,5,3,2
97790,3,1,1,1,1,4,3,3,3,3,3,2,4
58661,3,1,3,2,2,3,2,2,4,3,1,4,2
36505,3,5,5,5,4,3,4,4,2,4,1,1,4
35795,2,1,2,3,2,2,2,2,3,1,3,3,2
101694,3,4,3,5,5,3,5,5,4,4,4,3,5
45622,2,3,3,3,1,3,3,2,2,2,2,2,2
104823,5,5,5,5,3,5,3,3,3,4,5,5,3
11340,0,5,0,3,2,4,5,3,3,0,1,4,4
111736,3,3,3,3,4,5,4,4,5,2,4,4,4
34445,2,2,4,2,2,5,4,5,5,5,5,3,1
123467,1,1,1,1,2,3,5,5,5,5,5,4,5
123828,5,0,5,1,5,1,1,4,3,4,4,1,1
104851,2,2,2,2,3,5,5,5,5,5,5,3,5
67588,4,4,4,3,3,4,3,3,3,2,4,5,3
12243,5,5,5,5,5,5,5,5,4,3,2,2,5
127976,3,3,3,3,4,4,4,4,4,4,4,4,3
115899,0,0,0,2,5,3,1,4,4,5,5,2,5
58996,2,2,2,2,5,5,5,3,3,3,3,3,3
23527,1,5,5,5,2,1,2,2,2,4,3,1,2
62975,3,2,2,2,5,3,2,3,3,3,3,4,1
34723,0,4,0,1,4,2,2,4,4,4,4,3,1
34291,5,0,5,1,5,5,5,5,3,1,2,5,5
41506,4,4,4,4,4,4,4,4,4,2,4,2,4
52816,3,3,3,3,2,1,4,5,5,5,5,5,4
38223,3,1,3,3,3,3,5,3,1,3,2,3,3
118842,5,2,2,2,5,5,5,5,1,4,4,1,5
128420,2,1,3,4,2,3,2,2,1,2,3,4,2
84909,1,4,1,3,2,1,2,2,3,4,5,3,2
89592,3,3,3,3,3,5,5,5,5,5,5,3,3
34933,3,5,4,3,3,5,5,4,4,4,4,5,3
90913,3,3,3,4,5,3,2,5,1,2,4,3,5
119976,1,5,1,5,2,1,2,2,1,4,2,1,2
23780,2,4,2,4,5,2,1,5,5,3,3,3,5
44730,2,5,2,5,4,2,4,4,4,3,5,5,4
80685,3,3,3,3,2,4,4,5,5,5,5,5,3
67017,2,2,2,2,4,2,2,4,4,2,4,3,4
46106,2,2,2,2,2,2,2,2,4,1,3,2,2
15232,4,4,4,4,1,1,1,5,5,5,5,4,2
90344,4,4,4,5,1,4,1,1,5,5,4,3,1
80435,3,5,3,3,4,3,4,4,4,4,5,3,4
80021,3,5,3,1,3,5,4,1,1,3,1,4,5
35970,1,1,0,4,1,0,1,1,1,5,4,4,1
19352,1,1,1,1,5,5,4,4,4,4,4,2,5
13748,0,5,0,4,3,0,2,3,5,4,4,3,3
22694,1,5,5,5,1,1,1,1,3,1,4,4,1
101350,2,4,2,2,4,5,4,2,2,2,2,5,4
46129,4,2,2,2,4,4,4,4,4,4,5,2,4
73830,3,1,3,3,3,2,2,3,1,1,3,2,2
69675,2,4,2,2,4,2,4,4,4,2,5,4,4
68112,2,4,2,2,3,2,3,3,4,3,5,2,3
41153,2,1,2,4,5,2,3,5,1,3,4,2,5
37522,5,3,3,3,5,5,5,2,5,5,5,5,5
123027,4,5,4,1,3,4,3,3,4,3,5,3,3
51546,1,1,1,1,4,4,4,4,5,2,4,4,4
46693,1,3,1,3,5,1,5,5,5,3,1,5,5
38261,2,2,2,2,2,3,1,4,4,4,4,2,5
5663,2,2,2,2,5,5,5,5,5,5,5,4,4
68761,4,4,4,4,3,5,5,3,3,4,3,4,5
97530,3,3,3,2,2,3,2,2,1,3,1,1,2
52107,3,1,3,4,5,3,5,5,4,2,3,3,5
26922,2,1,1,3,1,4,4,1,1,1,1,4,3
2644,4,4,4,4,2,3,2,2,5,2,4,4,2
115371,5,0,4,5,4,4,4,4,5,2,4,5,4
83475,5,5,5,2,5,5,5,5,3,4,5,3,5
27268,5,5,1,5,3,4,4,4,4,4,4,3,3
27746,4,2,2,2,4,4,5,4,5,3,5,1,4
59070,2,2,2,4,3,2,3,3,1,4,2,3,3
105123,1,5,1,3,1,1,1,1,5,2,4,4,1
19281,1,1,1,1,2,4,3,1,1,1,1,1,2
45923,3,3,3,3,4,4,4,3,3,3,3,1,2
116170,1,0,1,4,5,1,2,5,4,3,4,5,5
16820,0,3,0,2,2,0,2,2,2,2,4,3,2
14068,3,4,3,4,4,3,4,4,4,5,4,3,4
98781,2,2,2,2,3,4,5,4,4,4,4,4,4
90560,1,1,1,1,4,4,4,5,5,5,5,5,5
5332,3,3,3,3,5,5,5,5,5,5,4,3,5
17123,4,4,3,4,5,5,5,5,5,5,5,3,5
114831,5,5,5,5,2,4,5,4,4,4,4,5,4
113561,2,1,1,1,2,2,2,2,4,5,2,1,2
85273,1,1,1,3,3,1,2,3,3,4,3,1,3
120571,3,3,3,1,1,3,1,1,5,1,3,5,1
93520,3,3,3,3,5,5,4,4,4,4,4,3,4
62403,2,5,2,4,2,2,4,2,1,1,4,5,2
82142,3,3,3,3,5,4,4,5,5,5,5,3,5
31418,5,5,5,5,5,5,5,5,2,3,2,2,5
100715,3,3,3,3,3,5,4,4,4,4,4,5,3
102359,3,5,5,5,4,3,2,3,3,3,3,4,1
95833,4,4,4,1,2,4,2,2,4,5,5,3,2
23907,1,3,1,2,5,1,5,5,2,3,2,2,5
15699,2,5,2,4,5,1,4,5,5,2,5,5,1
22025,4,5,4,2,2,4,2,2,1,4,5,3,2
102619,2,4,2,3,4,2,4,4,1,4,2,4,4
10548,4,4,4,4,5,4,5,5,5,5,5,5,5
16094,0,0,0,2,2,1,1,5,5,5,5,2,4
81742,3,2,2,2,4,4,3,3,3,3,3,2,3
72082,3,5,5,5,3,3,4,3,3,3,3,4,2
60278,2,2,2,2,3,2,3,3,3,2,2,2,3
56350,2,2,2,2,2,2,2,2,3,2,4,3,2
55093,1,1,1,3,5,1,3,5,4,1,3,2,5
20803,2,2,5,2,3,4,3,3,2,4,1,3,3
98881,4,4,3,3,2,1,3,3,3,3,3,2,2
105794,1,4,1,3,2,1,2,2,5,5,1,5,2
28776,5,5,5,2,3,5,2,3,4,4,4,5,3
110730,5,5,2,5,2,5,5,5,5,5,5,5,3
8212,3,2,3,3,2,3,2,2,2,3,4,2,2
21996,3,2,3,4,4,4,3,1,1,3,1,3,1
66935,2,2,2,2,4,4,5,4,4,4,4,4,3
96815,3,3,3,3,2,4,4,5,5,5,5,4,5
97485,5,5,5,5,3,5,4,5,5,5,5,3,5
52487,3,1,3,4,2,3,2,2,1,3,4,1,2
2003,1,1,1,1,5,5,5,5,5,5,5,4,3
63190,5,1,1,4,5,5,5,5,4,4,5,5,5
122164,2,2,2,2,3,3,3,3,3,3,5,3,3
117820,2,0,2,1,2,2,5,2,3,2,5,4,2
106185,1,3,1,3,2,1,2,2,4,2,3,1,2
126126,3,5,5,5,2,4,4,3,3,2,3,2,3
7405,3,3,3,3,4,4,4,4,3,2,5,3,4
41086,5,5,5,5,5,5,5,5,1,3,4,5,5
58915,2,3,2,4,1,2,1,1,2,5,3,4,1
102510,4,1,4,3,2,4,3,1,1,4,1,3,1
9244,2,1,2,3,4,2,4,4,3,2,4,2,4
70623,3,4,4,4,2,3,3,3,3,3,3,4,1
846,4,3,3,3,2,3,4,3,3,4,4,2,4
44636,5,5,5,5,3,5,4,5,5,5,4,1,5
95977,1,1,1,2,5,1,5,5,5,3,4,3,5
43107,3,4,3,3,3,4,5,4,4,3,4,3,3
57072,1,1,2,1,5,4,5,5,5,5,5,5,4
7391,3,3,3,3,3,5,5,4,4,4,4,5,5
81296,1,3,1,3,1,1,1,1,2,1,3,1,1
108337,0,0,0,1,3,0,3,3,4,4,3,3,3
26011,4,1,1,1,4,3,3,4,4,4,4,4,1
31872,1,1,1,1,4,4,4,1,3,5,5,4,4
40538,3,4,3,3,3,3,3,3,3,5,1,1,3
99116,3,2,3,3,4,3,4,4,3,1,3,1,4
17401,3,2,2,2,3,3,3,1,3,1,3,3,3
53075,5,5,5,5,5,5,5,5,3,3,2,2,5
115938,3,3,5,3,4,4,4,4,1,4,3,4,4
36353,1,5,1,3,5,1,5,5,5,1,2,1,5
20865,2,5,2,2,4,2,4,4,3,1,2,4,4
120800,1,1,1,1,4,4,4,3,3,4,3,5,4
124077,2,2,2,2,3,2,2,1,3,3,3,2,2
42839,3,3,3,3,4,5,4,4,2,5,3,3,4
52518,5,5,5,5,2,4,3,5,5,5,5,1,2
67268,2,5,2,4,2,2,2,2,3,3,5,5,2
85789,3,2,3,4,2,3,2,2,2,2,4,2,2
58686,3,5,3,3,4,3,4,4,4,3,4,5,4
14797,5,5,5,5,5,3,2,5,5,5,5,2,5
56425,2,5,5,5,5,4,3,2,2,2,2,3,1
99266,5,5,5,5,5,5,5,4,4,4,4,4,3
21208,3,5,5,5,5,4,4,3,3,3,3,1,4
129713,2,2,2,2,4,4,4,4,4,4,4,3,4
64652,0,5,0,1,4,4,4,4,5,2,5,4,4
13324,4,5,5,5,4,4,3,4,4,3,4,3,1
125781,2,2,2,4,3,2,2,3,2,3,3,3,3
30529,4,3,3,3,5,4,3,2,2,2,4,2,1
7261,1,0,0,3,3,5,4,3,3,0,3,4,4
73684,0,4,0,1,5,4,5,1,1,1,1,5,3
123048,5,5,5,5,2,5,4,4,4,4,4,4,3
47383,4,2,4,4,1,4,1,1,1,2,4,1,1
34859,1,1,1,1,5,5,5,5,5,5,4,5,5
79591,4,4,4,4,5,5,5,5,4,3,4,5,5
16790,2,4,2,2,2,2,2,2,5,4,4,3,2
36675,2,4,2,2,4,2,4,4,3,3,5,3,4
54038,1,1,1,3,3,1,3,3,1,4,5,3,3
73807,3,5,3,4,2,5,5,5,5,3,5,5,3
97947,3,1,1,1,3,3,3,2,2,4,4,3,3
105768,3,0,3,1,3,3,3,3,1,2,5,5,3
6956,2,4,2,4,3,2,3,3,4,5,5,4,3
36275,3,5,3,4,4,3,4,4,4,5,5,4,4
77734,5,5,5,3,2,5,2,2,4,2,4,4,2
41792,1,1,1,1,5,1,1,5,5,5,5,2,3
129184,2,2,2,5,4,2,4,4,3,2,3,4,4
123373,2,4,1,4,1,1,1,1,3,4,2,3,1
5504,1,4,1,3,4,1,4,4,3,4,5,3,4
53497,1,4,1,3,1,1,1,3,5,4,4,1,1
63646,1,1,1,1,5,5,5,5,5,5,5,4,5
82610,4,3,4,4,2,3,3,4,4,4,4,3,4
48675,5,1,5,5,4,5,5,5,5,5,5,4,5
3470,3,5,3,5,2,3,2,2,4,2,5,4,2
116158,4,5,4,4,5,4,5,2,2,4,2,4,5
103150,5,1,5,5,3,4,5,5,5,5,5,4,3
8319,4,4,4,1,2,4,2,2,5,5,5,3,2
23975,5,0,5,4,4,5,4,4,3,1,1,2,4
63477,2,5,3,4,4,3,5,1,1,3,1,1,5
27819,1,1,1,1,2,4,4,1,1,1,1,1,4
38555,2,4,2,3,4,4,4,5,5,2,3,5,4
19468,1,1,1,1,3,4,2,5,5,5,5,5,5
75484,1,4,1,3,4,3,2,2,2,1,2,5,5
46859,2,3,3,3,2,2,2,4,3,4,3,2,2
126170,1,3,3,3,1,1,1,1,1,2,3,2,1
81509,3,5,3,2,2,3,4,2,4,5,5,4,2
45793,1,0,1,2,1,1,1,1,3,1,5,5,1
120846,1,3,3,3,1,1,1,1,2,2,2,1,1
43856,4,1,1,1,5,1,1,4,4,4,4,4,4
80808,3,3,3,3,3,5,5,5,5,5,5,5,4
43800,3,4,4,5,2,4,2,2,5,3,5,4,2
35466,0,4,0,1,3,0,3,3,5,2,5,5,3
15857,0,0,0,3,5,3,3,5,5,1,4,3,5
14498,1,1,1,1,4,4,4,5,5,5,5,4,5
27329,3,3,3,3,2,3,4,4,4,4,4,2,4
26641,2,2,2,4,4,2,4,4,3,5,4,1,4
118817,1,1,1,1,4,5,4,4,4,5,4,5,3
31126,2,2,2,2,5,2,5,5,4,5,3,2,5
121019,3,4,3,1,4,3,3,4,4,5,4,3,4
84786,5,5,1,5,4,4,4,4,3,5,5,3,4
109336,5,4,5,3,4,5,1,4,4,2,3,1,4
56898,1,1,1,1,4,4,4,4,2,4,5,4,4
101761,4,4,4,1,2,4,2,2,5,2,3,4,2
63365,5,0,5,1,4,5,4,4,4,4,5,5,4
75092,3,3,3,3,2,2,3,3,3,2,3,3,3
107837,5,1,5,3,4,4,4,5,5,5,5,1,1
21107,1,5,1,4,4,5,5,3,3,1,3,3,5
21250,3,4,3,4,3,3,3,3,1,4,4,2,3
2074,1,1,1,3,1,1,1,1,3,3,4,1,1
65325,3,3,3,3,3,5,4,5,5,5,5,5,3
115404,2,4,5,5,2,2,2,2,2,3,4,1,2
74117,1,1,1,1,4,4,4,4,4,4,4,5,4
56563,4,4,4,4,3,5,5,4,4,4,4,3,5
118095,4,4,4,4,3,5,4,4,4,4,4,3,5
69235,2,3,3,3,5,3,5,5,5,3,4,5,5
17283,1,1,1,1,4,1,5,5,5,5,5,4,3
107419,4,4,4,3,3,4,3,3,1,1,3,1,3
57952,2,2,2,2,3,5,5,5,5,5,5,4,5
40528,5,5,5,5,2,5,4,5,5,5,5,5,4
87672,2,3,3,3,2,2,3,2,1,2,3,3,2
96648,2,5,5,5,2,2,2,2,1,3,3,3,2
49870,5,3,5,5,5,5,5,5,4,2,2,1,5
57410,3,2,3,4,3,3,3,3,3,3,4,1,3
39295,3,5,3,4,3,4,4,4,4,3,4,4,3
67923,4,4,4,4,1,4,1,1,4,4,4,3,1
72106,3,2,3,4,2,3,2,2,3,4,3,4,2
125188,5,5,5,5,3,5,5,5,5,5,5,5,3
99605,4,4,4,4,5,5,5,4,4,4,4,5,5
21425,3,1,1,1,2,2,5,3,3,3,3,4,1
72093,3,5,3,3,2,3,2,2,5,4,4,3,2
21244,5,3,3,3,5,5,5,5,2,5,2,3,5
112307,4,4,4,4,2,5,4,3,3,3,3,3,4
44589,1,3,1,1,4,1,4,4,4,5,2,2,4
60429,2,2,2,2,2,4,5,4,4,3,4,3,3
22869,5,1,5,3,4,5,4,4,1,2,2,3,4
63295,5,4,5,5,4,5,5,4,4,4,4,4,4
11525,4,5,4,4,5,4,5,5,3,2,5,4,5
13726,4,2,2,2,2,2,2,4,4,4,4,1,3
86429,2,2,2,2,5,5,5,4,4,4,4,4,4
77435,4,2,4,4,3,3,4,2,2,4,2,2,4
91991,1,4,3,4,1,1,1,1,2,2,3,2,1
128199,3,3,3,3,5,4,5,4,4,4,4,4,4
44813,4,2,4,2,3,4,3,3,2,4,3,4,3
21605,5,1,1,1,5,5,5,5,5,5,3,1,5
66468,2,3,2,3,3,2,3,3,2,5,4,1,3
47128,1,1,1,1,4,4,4,4,4,4,4,3,3
61225,5,5,5,5,3,4,5,5,5,4,5,3,5
124618,3,3,2,3,5,5,5,5,5,2,3,4,5
100720,2,2,2,2,3,5,5,5,5,5,5,5,3
54500,2,1,2,1,2,3,3,2,2,2,2,4,1
81680,4,5,5,3,3,5,3,3,4,5,5,3,3
116213,4,1,4,4,3,4,3,3,2,3,4,3,3
76343,3,3,3,2,4,3,4,4,2,3,3,3,4
33885,3,4,3,3,2,3,2,2,5,3,5,3,2
56838,2,2,2,3,1,2,1,1,3,5,3,3,1
80467,2,4,4,4,4,3,2,2,2,2,2,1,1
61712,4,2,2,2,4,4,4,4,4,4,1,3,4
2148,4,0,4,5,1,4,1,1,4,5,4,4,1
75168,2,2,2,4,2,2,2,2,3,3,2,2,2
100627,1,1,1,1,3,5,5,5,5,4,5,4,4
30524,2,2,2,2,2,3,4,2,2,1,2,4,2
38578,3,1,2,3,1,2,1,1,2,5,4,2,1
108614,3,1,3,4,1,3,1,1,2,3,3,3,1
120704,3,4,3,4,2,3,2,2,5,3,5,3,2
103455,4,3,3,3,2,3,4,4,4,4,4,2,2
86989,1,4,1,3,1,5,5,3,3,4,5,5,5
37624,2,4,1,3,2,1,2,2,5,4,5,3,2
102845,3,3,3,3,4,5,4,4,4,5,4,5,4
22052,4,1,1,1,4,4,4,4,1,3,4,3,4
25601,2,4,2,1,3,3,4,2,2,2,2,1,5
21689,4,1,4,4,1,4,1,1,1,2,3,2,1
83115,2,3,1,3,1,1,1,1,2,2,3,1,1
63902,2,2,2,2,4,4,4,4,4,5,4,3,4
54110,2,2,2,2,3,4,4,4,4,4,4,4,4
933,1,1,1,1,2,4,4,3,3,3,1,2,2
43011,5,5,5,5,5,5,5,5,4,4,4,5,5
55895,4,2,4,3,5,4,5,5,4,4,3,3,5
92160,2,5,2,4,4,2,4,4,4,4,4,3,4
52792,4,4,4,3,1,4,1,1,2,5,4,1,1
91825,5,5,5,2,2,5,2,2,4,3,5,3,2
75366,5,3,5,2,5,4,4,5,2,3,4,4,4
27967,3,5,3,4,5,3,5,5,5,5,5,5,5
32212,5,3,3,3,5,5,5,5,3,3,3,3,5
10202,3,1,3,3,4,5,5,5,5,5,5,5,3
108747,4,4,4,4,5,4,4,5,5,5,5,4,4
114628,3,3,3,3,4,5,5,5,5,5,5,3,3
26984,4,4,4,4,2,5,5,4,4,4,4,2,5
44616,2,5,2,4,2,2,2,2,4,4,4,4,2
46137,4,5,5,5,4,4,4,4,1,2,4,4,4
40923,2,3,2,4,1,2,3,1,1,5,4,4,1
129692,1,1,1,1,3,5,5,4,4,4,4,4,5
35542,1,4,1,4,5,1,1,5,3,3,3,3,5
125590,4,4,4,4,4,4,5,5,5,5,5,5,3
55920,1,2,1,4,5,1,1,5,4,2,4,1,5
129699,4,4,4,1,1,4,1,1,5,4,4,5,1
77273,1,1,1,1,4,4,5,5,5,5,5,4,3
20793,4,2,2,2,3,4,1,4,4,4,4,1,3
83209,3,4,3,3,3,3,5,3,4,2,4,3,3
106203,4,2,3,2,4,4,4,4,1,2,3,1,4
12992,2,5,2,4,2,5,5,5,1,4,3,5,5
30431,4,4,4,3,5,4,5,5,5,1,2,1,5
55872,5,5,5,5,4,5,4,5,5,5,5,3,3
51901,2,3,2,1,3,2,3,3,5,4,2,1,3
109126,1,1,1,1,5,5,5,5,5,3,4,4,5
1380,2,2,2,2,2,2,2,2,2,1,3,1,2
39606,4,5,4,4,2,4,2,2,5,4,4,3,2
116067,2,5,2,2,1,2,1,1,4,3,2,5,1
38218,4,1,4,3,4,2,2,1,1,4,1,4,4
5678,4,4,4,1,3,4,3,3,5,5,4,5,3
93377,2,2,2,2,2,4,5,5,5,5,5,3,5
110483,4,5,4,3,3,4,3,3,5,4,5,5,3
45192,3,4,4,4,4,2,2,3,3,3,3,4,1
95286,2,4,2,3,2,2,2,2,3,2,5,5,2
97138,1,1,1,3,5,1,5,5,4,4,5,5,5
54678,1,2,2,3,2,2,2,2,3,5,3,2,2
18030,0,3,0,4,5,0,5,5,5,4,5,4,5
19718,4,1,4,3,4,4,4,4,2,3,3,1,4
7853,2,4,4,4,2,3,4,2,2,2,2,2,3
24554,2,4,4,4,4,4,3,2,2,2,2,1,4
84288,1,3,4,4,1,1,5,5,5,4,3,2,5
20561,2,0,2,4,3,2,2,3,2,4,3,4,3
72788,3,0,3,3,1,3,1,1,4,5,1,5,1
109864,4,4,2,4,3,3,3,3,4,3,4,3,3
18487,1,1,2,1,5,4,3,5,5,5,5,4,3
23002,2,3,2,4,1,2,1,1,2,1,3,2,1
11202,2,5,2,3,3,2,3,3,3,2,5,3,3
15277,2,1,1,1,2,2,2,2,1,1,4,4,2
109665,2,1,1,1,2,2,2,2,2,2,4,2,2
125184,5,5,5,5,4,5,4,5,5,5,5,4,5
80334,0,4,0,5,3,4,3,3,5,2,5,5,3
12780,4,4,4,4,5,4,4,4,4,4,4,4,3
77296,5,2,3,2,5,5,5,5,4,3,5,5,5
91105,3,5,3,2,2,3,1,2,3,1,5,5,2
57191,5,5,5,5,3,5,4,4,4,4,4,5,3
87500,2,3,3,3,2,2,2,2,4,5,4,2,2
71037,2,2,2,4,4,2,4,4,2,5,4,4,4
19325,3,2,2,2,2,3,2,2,1,1,4,3,2
99438,2,2,2,4,1,2,1,1,2,3,3,4,1
72207,2,3,2,3,2,2,2,1,3,4,3,2,2
99473,4,3,3,3,4,4,4,4,1,3,4,4,4
89957,3,5,3,5,4,3,5,4,3,4,5,3,4
7763,2,2,2,1,1,2,1,1,4,4,4,3,1
7228,4,5,5,5,4,4,4,4,2,2,1,5,4
72783,3,2,3,3,4,5,5,4,4,4,4,4,3
109325,2,4,2,2,5,2,5,5,3,2,4,4,5
129234,2,2,2,2,4,5,5,5,5,5,5,5,3
39270,2,2,5,2,5,2,2,1,1,1,2,2,4
81310,4,4,4,4,3,5,5,5,5,5,5,5,3
33407,3,3,3,4,5,3,5,5,5,2,3,3,5
14446,4,4,4,2,5,4,5,5,2,5,3,4,5
77078,3,3,3,3,2,2,4,3,3,2,3,2,2
58477,3,3,4,3,3,4,5,5,5,5,5,3,3
120838,3,3,3,3,2,3,2,2,3,5,5,3,2
67547,3,1,3,1,4,2,2,4,4,3,4,3,4
102799,2,5,2,3,4,2,4,4,3,2,5,4,4
56200,2,2,2,3,4,2,4,4,2,5,2,4,4
78800,3,4,3,3,5,3,5,5,3,5,5,4,5
83395,5,5,5,4,2,5,2,2,4,5,5,5,2
103563,2,2,2,3,5,2,5,5,3,2,5,3,5
101641,0,0,0,4,1,0,1,1,5,2,3,4,1
63041,1,3,2,3,4,2,5,4,2,4,3,4,4
39441,1,2,1,3,3,1,3,3,2,4,4,1,3
126289,1,5,1,2,5,4,4,3,3,1,3,5,4
13631,1,1,1,4,3,1,3,3,4,2,3,4,3
79727,2,5,2,4,2,3,3,5,2,5,5,3,3
121123,4,4,4,4,5,5,5,4,3,4,4,5,5
99059,4,4,4,4,2,5,5,5,5,5,5,3,5
83922,1,1,1,4,5,1,5,5,3,2,5,3,5
124055,3,3,2,3,2,5,4,5,5,5,5,4,3
62296,4,5,4,4,2,4,2,2,3,2,4,4,2
97977,3,5,3,3,1,3,1,1,3,1,4,5,1
61477,3,4,4,4,3,3,3,3,3,2,4,3,3
49125,2,2,5,2,5,2,3,4,4,4,5,4,4
70943,2,5,2,3,5,2,5,5,3,4,1,3,5
113441,1,2,4,2,1,3,2,1,1,1,1,1,3
97453,2,2,2,2,4,4,4,4,4,4,4,4,3
32463,3,4,4,4,3,3,3,3,2,3,2,3,3
19674,2,4,2,3,3,2,4,3,1,1,2,4,3
109730,1,3,3,3,4,3,3,1,1,1,1,4,3
117710,4,4,4,4,4,4,4,4,4,4,4,4,4
31810,1,3,1,2,1,5,5,2,1,3,3,5,5
57549,2,5,2,2,4,2,3,4,4,3,4,4,4
32185,2,2,2,2,5,1,5,5,5,5,4,5,3
77752,2,2,2,4,4,2,4,4,3,1,4,4,4
49290,4,0,4,5,2,4,2,2,3,4,2,5,2
41751,4,4,2,4,4,4,4,4,5,4,2,4,4
74167,4,3,3,4,3,3,3,3,2,5,3,1,3
97955,5,5,5,4,4,5,4,4,5,3,4,3,4
10543,4,0,5,1,2,5,2,2,5,5,5,3,2
119146,1,3,1,3,1,3,2,5,5,1,5,3,5
88822,5,1,1,1,5,5,4,5,1,1,4,1,5
48633,0,1,1,4,5,4,4,4,4,4,4,5,4
81885,1,1,1,1,4,4,5,4,4,4,4,3,4
116321,0,4,0,3,4,4,4,1,1,0,1,3,3
93640,4,2,4,4,1,4,2,1,1,1,3,3,1
95669,5,5,4,5,5,4,5,5,2,3,4,2,5
17152,4,5,5,3,3,5,3,3,5,5,4,5,3
109466,3,3,3,4,2,3,2,2,5,5,5,4,2
128840,3,3,3,4,3,1,1,2,2,4,2,1,1
122640,2,4,4,4,3,4,4,2,2,2,2,1,4
104328,3,1,1,1,5,3,3,3,3,3,3,4,4
76785,5,4,5,4,2,5,2,2,5,2,4,3,2
66311,3,5,3,3,3,3,3,3,4,5,4,5,3
19583,3,4,3,5,3,3,3,3,5,5,4,4,3
80047,4,4,5,4,3,3,3,2,2,5,2,3,4
69794,5,5,5,5,5,5,5,5,5,4,4,5,5
32209,5,3,3,3,5,5,5,5,1,2,5,3,5
1252,2,5,2,2,2,2,1,2,4,5,2,4,2
124585,2,2,2,2,2,5,4,5,5,4,5,5,4
82327,2,1,2,4,1,2,1,1,3,4,3,1,1
24159,0,4,0,4,1,1,5,3,3,3,3,5,4
31581,4,4,4,4,4,1,4,4,4,4,4,1,1
88269,4,1,1,1,2,3,4,4,4,4,4,2,2
10004,3,2,3,3,1,3,1,1,1,2,4,1,1
2434,2,5,3,5,4,4,4,4,4,3,4,5,3
26788,2,2,2,1,5,2,5,5,2,3,1,2,5
79334,3,3,4,3,5,5,5,5,3,2,4,4,5
111449,3,3,3,1,4,3,4,4,5,2,4,3,4
119656,3,3,3,3,2,4,5,4,4,4,4,5,4
46600,4,4,4,4,3,4,3,3,4,4,3,2,3
51992,4,5,3,5,4,4,4,4,3,1,3,3,4
120783,2,4,2,2,1,2,1,1,4,2,5,5,1
2886,1,5,1,1,4,1,4,4,4,1,1,3,4
124645,4,4,4,4,4,4,5,2,2,2,2,3,4
67673,5,5,5,5,2,5,5,5,5,5,5,4,4
37700,2,5,2,5,5,2,5,5,1,3,3,2,5
75906,4,4,4,4,2,3,2,4,4,4,3,1,2
74794,1,0,1,3,4,1,4,4,3,4,5,5,4
89274,4,4,4,3,1,4,1,1,4,2,5,3,1
48388,1,4,1,1,3,1,3,3,4,4,5,3,3
17759,3,5,5,5,3,3,2,3,3,4,3,1,3
27756,2,2,2,2,2,2,5,2,2,2,2,2,5
21466,3,4,4,4,3,3,3,3,3,3,3,1,3
91575,4,3,3,3,4,4,4,4,5,4,3,4,4
118833,4,5,5,3,4,5,4,4,3,4,5,3,4
127876,1,2,1,3,1,1,1,1,4,3,3,2,1
87205,2,4,4,4,2,2,2,2,3,2,3,4,2
76309,2,1,2,1,3,2,4,2,2,2,2,3,2
8838,3,5,5,5,3,3,3,3,3,5,2,1,3
39935,5,5,5,5,2,2,2,2,5,5,4,4,2
76217,0,0,0,2,3,0,3,3,4,5,5,3,3
41112,3,1,1,1,3,2,3,3,4,4,3,3,3
20,3,3,3,4,1,3,4,1,1,3,1,3,3
90375,3,3,3,2,3,3,1,3,3,5,2,4,3
101998,2,1,1,4,1,1,1,3,2,4,4,1,1
7256,2,4,2,1,2,2,2,2,2,1,5,2,2
94089,1,5,1,1,1,5,2,5,5,1,5,1,4
54877,3,2,3,4,4,3,4,4,3,2,3,2,4
98399,4,4,4,4,4,4,4,4,5,4,4,3,4
24267,3,3,3,4,2,3,2,2,1,4,3,4,2
5550,3,3,2,3,2,4,4,5,5,5,5,4,4
4852,4,1,1,1,4,3,4,4,4,3,4,3,4
125537,0,0,0,3,4,4,5,5,5,5,5,5,3
53038,1,5,5,5,4,4,4,1,1,2,1,1,3
6051,4,5,4,1,5,4,1,5,4,5,5,4,5
53118,2,2,2,2,3,3,5,4,4,4,4,1,4
56482,2,4,2,2,2,3,3,4,5,4,3,3,3
255,4,4,4,4,3,3,3,3,5,5,5,3,3
60586,3,5,5,5,5,3,3,3,3,4,3,2,2
58572,1,1,1,1,5,4,5,4,4,4,4,4,3
106555,4,2,2,2,4,4,4,4,4,3,4,3,4
3572,1,4,1,3,4,1,4,4,3,5,5,4,4
59910,3,3,3,3,5,5,4,5,5,5,5,5,3
61318,4,4,4,2,1,4,5,1,4,3,5,4,1
5321,1,1,4,3,5,4,5,5,2,4,3,2,5
126956,4,4,4,4,2,5,5,5,5,5,5,3,4
5214,5,5,4,5,4,5,4,4,4,5,4,5,5
48127,4,4,4,4,5,5,1,4,4,4,4,1,4
127301,2,2,2,2,3,5,4,2,2,2,2,5,5
11543,1,1,1,1,5,5,5,5,5,5,5,3,4
60153,2,3,2,4,3,2,4,3,3,5,3,2,3
80510,2,3,3,3,2,2,2,2,1,5,2,1,2
94176,2,2,3,2,5,4,4,5,5,5,5,5,4
100794,1,1,1,1,5,5,5,5,5,3,4,5,5
96217,1,1,1,1,3,5,4,4,4,4,4,3,4
11550,2,2,5,2,2,5,5,5,5,5,5,5,3
103758,1,1,1,1,4,2,2,5,5,5,5,1,4
15003,1,1,1,3,4,1,4,4,4,3,3,2,4
67198,3,5,3,2,1,3,1,1,3,4,5,5,1
12861,4,3,3,3,3,2,3,4,4,4,4,1,4
31815,4,1,1,1,4,4,4,2,5,2,3,4,4
102059,2,4,2,4,4,4,5,4,4,2,4,3,4
125963,5,0,5,3,3,5,3,3,5,3,5,4,3
73670,1,2,2,2,1,1,1,1,4,5,3,4,1
64750,2,1,2,3,5,2,5,5,3,1,4,3,5
92200,3,1,1,1,3,3,3,3,4,2,3,2,3
127773,1,3,1,3,5,1,2,5,2,2,4,1,5
58725,1,1,1,1,2,5,4,5,5,5,5,3,5
39352,4,5,4,1,3,5,4,5,5,4,3,5,4
49288,5,3,3,3,5,5,5,5,1,5,2,3,5
115961,2,1,2,4,3,4,4,1,1,2,3,3,2
8110,0,0,0,3,2,4,4,1,1,1,1,5,3
6661,4,4,2,1,5,5,4,5,5,2,5,5,4
48861,4,0,4,3,5,4,5,5,3,3,2,5,5
82269,4,4,4,4,4,4,4,4,3,3,4,5,4
114195,4,4,4,4,4,5,5,4,4,5,4,5,3
66746,2,1,2,3,1,2,1,1,3,5,3,4,1
119416,2,5,5,5,2,1,2,2,4,3,3,1,2
59559,4,1,4,4,5,5,5,3,3,3,3,3,3
40750,0,0,0,2,4,0,4,4,4,4,1,5,4
68596,4,5,4,4,2,3,5,5,5,4,5,4,3
126999,3,3,3,3,5,5,5,5,3,5,4,5,5
10447,1,0,1,5,2,1,1,2,3,5,5,3,2
102295,3,3,3,3,3,3,3,3,4,3,5,3,3
37188,2,2,2,2,2,2,2,2,2,3,1,4,2
38996,4,2,2,2,4,3,3,4,4,4,4,3,1
1508,3,4,3,3,3,3,4,3,4,5,5,3,3
116295,1,4,4,1,3,4,3,3,5,3,4,4,3
16052,1,1,1,5,2,1,2,2,5,5,4,3,2
70284,2,3,3,3,2,2,2,2,2,1,3,3,2
40449,3,3,3,3,2,3,3,2,2,2,3,4,2
32053,0,5,0,2,1,2,4,1,1,1,1,3,3
106114,3,3,3,3,4,5,5,4,4,4,4,3,5
31421,1,2,2,2,1,1,1,1,3,3,3,4,1
30019,3,2,4,4,2,4,2,2,1,4,4,4,2
7030,2,5,0,5,4,0,4,4,5,4,4,5,4
72876,3,4,3,3,2,5,5,4,4,4,4,4,5
33905,4,4,3,4,2,3,4,2,2,3,2,4,4
120126,4,4,4,1,1,4,1,1,3,5,5,5,1
112718,3,1,3,3,1,3,1,1,1,2,4,1,1
94973,2,2,2,2,1,3,4,2,2,2,2,1,1
116733,3,4,2,3,5,2,5,5,5,5,5,4,5
5430,2,2,2,3,4,2,4,4,5,3,4,4,4
104776,4,1,1,1,4,4,4,4,1,2,3,4,4
126051,2,2,3,2,3,5,4,4,4,4,4,3,4
69484,2,3,4,4,2,2,3,2,2,1,4,2,2
89590,4,4,4,4,4,5,4,4,4,4,4,5,5
20398,3,4,5,4,2,5,2,2,5,3,4,3,2
69327,2,2,2,2,4,4,5,4,4,4,4,3,4
107071,2,3,2,3,3,2,3,3,3,2,3,3,3
52513,0,4,0,3,5,2,2,4,4,4,2,2,2
71686,2,3,2,4,1,4,1,1,1,2,1,1,2
104857,4,4,4,4,5,4,5,5,5,5,5,3,5
58094,5,2,2,2,5,1,2,5,5,5,5,1,4
52685,3,5,3,4,2,3,2,2,2,5,2,5,2
16422,3,3,3,3,4,3,3,4,4,4,4,4,2
19145,1,1,1,1,5,5,5,5,3,4,5,5,5
28544,1,4,1,1,3,4,5,2,2,1,5,3,5
54344,2,2,2,2,2,2,2,2,1,1,4,1,2
100663,4,4,4,4,5,5,5,5,5,2,5,5,5
57483,2,5,2,2,5,5,5,5,3,4,4,4,5
128095,2,3,2,3,2,2,2,3,3,3,3,2,2
102887,3,3,3,3,3,5,5,4,4,4,4,4,5
17851,4,4,4,4,4,1,1,3,4,3,3,1,1
46089,2,4,2,3,4,2,4,4,2,2,4,2,4
66884,2,2,2,2,4,4,4,5,5,5,5,3,4
37992,0,0,0,1,5,0,5,5,4,3,5,3,5
94405,1,2,1,3,3,1,3,3,4,1,4,2,3
5765,3,4,3,2,2,3,2,2,3,2,4,5,2
88414,3,3,3,3,2,5,5,5,5,5,5,5,3
61159,0,0,0,4,5,0,1,5,5,4,5,3,5
46072,3,3,5,3,5,5,5,5,4,3,4,2,5
12150,5,5,5,5,3,5,2,2,2,2,2,1,1
111016,0,0,0,1,4,5,4,4,4,4,4,3,5
20426,3,5,3,3,4,3,4,4,3,2,5,4,4
41398,2,3,1,3,5,3,3,2,2,2,2,1,1
87412,2,4,2,3,4,2,4,4,3,5,5,5,4
45375,5,2,2,2,5,5,5,5,5,4,3,2,5
24857,3,5,5,5,1,4,4,3,3,3,3,1,3
31210,5,5,2,5,2,1,5,3,3,2,3,2,3
121197,3,0,3,1,3,2,2,4,3,5,4,2,2
36609,1,1,1,4,5,1,5,5,4,4,4,1,5
78896,4,3,3,4,2,4,2,2,3,3,2,4,2
16465,2,5,2,3,4,2,4,4,4,4,4,5,4
89686,2,2,1,2,5,5,5,5,3,4,2,5,5
17857,3,2,3,3,5,3,5,5,2,3,3,3,5
107908,1,1,1,4,3,1,5,3,4,2,5,5,3
38040,4,4,2,4,5,1,1,5,5,5,5,5,1
10647,4,4,4,2,3,4,3,3,3,2,5,3,3
12020,1,5,0,3,5,0,5,5,4,2,5,3,5
69960,1,2,1,4,5,1,2,5,3,3,2,4,5
99809,5,4,5,2,2,5,2,2,3,5,4,4,2
58931,2,1,2,4,2,2,5,2,3,4,3,3,2
36004,5,4,5,4,1,5,4,5,5,5,5,2,2
63921,5,1,5,4,4,5,4,4,3,1,3,3,4
69804,4,0,4,2,5,4,5,5,3,4,5,4,5
30168,2,1,1,3,1,3,4,3,3,1,3,3,1
128682,2,4,2,2,2,1,1,3,2,4,5,1,1
90327,2,2,2,2,5,5,4,4,4,4,4,5,5
44921,2,5,5,5,3,4,4,2,2,2,2,1,4
113696,3,4,3,4,4,3,4,4,3,5,5,4,4
126455,4,4,4,4,5,5,5,4,4,4,4,4,4
46237,3,5,5,5,3,3,3,4,1,4,3,3,3
71329,4,3,3,4,1,4,1,1,4,4,5,3,1
28714,1,1,1,1,4,4,4,5,4,3,4,4,4
9009,1,0,1,3,3,1,3,3,4,2,4,5,3
116709,3,2,2,2,3,4,3,3,3,2,4,2,3
88929,5,5,5,5,4,4,4,3,3,3,3,3,5
43534,2,2,3,2,2,2,2,2,3,4,2,1,2
95180,1,3,1,4,1,1,1,1,1,2,4,3,1
17022,5,5,5,5,2,5,4,3,3,3,3,4,5
62797,1,3,1,4,1,3,3,2,1,3,4,3,3
118231,1,1,1,1,3,5,4,5,5,5,5,4,5
124001,5,5,5,5,2,5,5,4,4,4,5,3,3
82280,4,4,4,2,4,4,4,4,3,2,3,4,4
34236,3,4,3,5,4,3,4,4,3,2,2,1,4
84845,2,1,2,3,4,2,4,4,1,2,4,2,4
12465,2,4,0,3,2,0,2,2,2,2,4,4,2
80027,2,1,2,3,4,2,3,4,4,3,3,3,4
56947,3,2,2,2,3,3,3,3,3,4,3,3,3
61604,5,5,5,5,2,4,4,4,4,4,4,3,5
115296,4,3,3,2,2,4,2,2,3,3,5,3,2
129088,3,3,3,3,4,4,4,4,2,3,4,4,4
92412,4,4,4,4,4,4,4,4,5,3,5,3,4
113734,3,4,3,5,1,3,1,1,5,2,5,5,1
53361,4,4,4,1,2,4,2,2,4,4,1,3,2
102846,3,4,4,4,3,3,3,3,4,1,3,3,3
127383,2,3,3,3,1,3,4,2,2,2,2,4,2
119507,2,5,5,5,2,2,2,2,1,2,3,1,2
109061,4,5,5,5,4,4,4,4,4,2,3,3,4
116336,2,5,2,3,4,3,3,2,2,2,2,2,3
103655,2,2,2,4,5,2,5,5,4,3,4,5,5
4200,3,1,3,3,5,3,5,5,2,1,3,1,5
20751,2,4,2,2,2,2,2,2,4,3,4,3,2
105303,2,1,2,4,5,2,4,5,3,1,3,1,5
71330,4,4,4,4,5,5,5,5,5,4,5,3,4
124202,4,4,4,4,5,5,5,5,4,3,4,5,5
3776,3,4,3,4,3,5,5,3,2,4,5,5,5
42412,5,2,2,2,5,5,5,5,3,5,5,2,5
21713,3,4,3,5,1,3,2,1,5,4,4,4,1
34144,5,2,2,2,5,5,5,5,3,1,2,5,5
129483,2,2,2,3,5,2,5,5,1,4,3,2,5
25671,2,2,2,4,3,2,3,3,3,4,4,4,3
96807,3,3,3,1,5,3,5,5,4,2,5,3,5
27186,1,3,1,3,1,3,3,2,4,4,3,3,3
51831,1,1,1,3,3,1,4,3,2,5,3,1,3
62774,3,3,3,2,4,3,4,4,2,4,2,3,4
81724,5,0,5,1,5,5,5,5,3,3,4,5,5
67207,3,5,4,2,3,4,3,3,3,4,5,4,3
39748,1,1,1,1,5,5,5,4,4,4,4,3,5
80732,1,1,1,2,5,1,5,5,3,2,5,4,5
45961,3,4,3,1,5,4,5,1,1,3,1,5,4
81385,3,3,3,3,2,3,2,2,2,3,3,4,2
50407,3,3,3,3,5,4,5,5,5,1,4,4,5
25461,5,2,5,4,4,5,4,4,3,3,4,5,4
33732,1,1,1,3,1,1,4,1,3,2,2,2,1
49185,2,2,2,2,1,4,2,5,5,5,4,5,2
7614,4,1,4,2,4,4,4,4,2,1,2,2,4
53735,2,5,2,2,5,2,5,5,3,3,3,4,5
126277,3,1,3,4,4,3,4,4,1,3,3,4,4
88629,4,5,4,1,3,4,3,3,4,3,5,5,3
17196,2,3,3,3,2,2,2,2,4,5,4,4,2
71159,3,0,3,2,4,3,3,4,5,4,4,2,4
66336,3,5,5,5,2,1,1,3,3,3,3,3,1
114735,2,2,2,2,2,4,4,4,4,4,4,3,5
31511,3,2,2,2,3,3,3,3,2,2,2,1,3
99061,4,4,4,4,5,4,5,4,4,4,4,5,3
46249,4,0,4,2,1,4,1,1,4,4,2,2,1
128350,1,1,1,1,2,5,5,5,5,5,5,4,5
50801,2,4,2,4,4,2,4,4,1,2,4,2,4
94816,3,2,2,2,1,3,3,3,3,3,3,1,4
109133,3,3,3,3,2,4,4,4,4,4,4,3,4
121996,2,2,3,2,4,5,4,4,4,5,4,3,3
39528,1,5,1,3,2,1,2,2,3,5,4,5,2
42554,2,5,2,2,3,2,3,3,3,3,5,4,3
80052,4,3,4,3,4,4,3,4,4,5,1,5,4
91751,5,5,5,3,1,5,1,1,3,3,5,4,1
55975,2,5,2,2,4,5,5,3,3,2,3,3,5
1424,0,4,0,2,3,5,4,4,4,4,4,5,3
106751,4,3,4,3,4,4,4,4,1,5,3,1,4
76959,2,1,1,1,2,1,2,2,1,2,4,4,2
76425,1,1,1,1,5,5,4,4,4,4,4,4,5
12162,3,4,2,4,3,3,3,3,3,5,2,4,3
42078,5,2,2,2,2,1,1,5,5,5,5,2,5
66417,2,5,2,1,4,2,3,4,5,5,5,4,4
118085,4,1,1,1,2,4,4,4,4,4,4,3,3
112757,2,1,1,1,2,2,2,2,2,4,3,3,2
108415,1,1,4,1,5,4,4,4,4,4,4,4,4
15756,4,4,4,5,4,4,1,4,1,1,2,3,4
129388,3,3,3,2,1,3,5,1,4,5,4,3,1
23833,2,2,2,4,4,2,4,4,5,4,5,5,4
115222,0,0,0,1,2,4,5,1,1,1,1,5,4
79218,4,2,5,3,3,5,3,3,1,2,3,3,3
1642,3,2,2,5,4,2,4,4,3,3,4,4,4
12951,1,4,1,4,2,1,2,2,3,2,4,3,2
5480,2,1,0,3,3,0,3,3,4,4,3,1,3
119371,3,3,3,3,2,4,5,4,4,4,4,5,3
126930,2,2,2,2,4,4,4,4,5,5,5,4,4
79616,4,4,2,4,2,4,5,4,4,4,4,3,4
100747,4,1,4,1,4,2,1,1,1,4,1,3,2
24441,5,5,5,5,2,5,4,3,3,3,3,4,5
48766,3,3,3,3,3,5,4,4,4,4,4,3,4
39159,5,2,5,5,4,2,4,5,5,5,5,3,3
67323,2,5,2,4,3,2,3,3,3,4,4,4,3
119863,2,4,2,4,2,2,2,2,5,3,4,5,2
20833,2,1,2,2,3,2,5,3,4,3,2,4,3
101035,3,4,3,4,5,2,4,5,5,3,5,5,1
93116,2,2,2,2,4,4,4,4,5,4,5,5,4
114201,4,4,4,4,2,5,5,2,2,2,2,4,5
14557,3,3,4,3,3,3,3,3,1,3,4,3,3
26193,3,1,1,1,3,3,3,3,2,1,3,3,3
50446,4,3,3,3,5,3,4,4,4,3,4,2,4
125575,4,5,4,5,5,4,5,5,5,4,4,3,5
26374,1,1,1,3,1,1,1,1,1,4,3,2,1
19378,5,5,5,5,3,5,2,4,4,4,4,3,2
34717,5,1,4,1,4,4,4,5,5,5,5,3,4
73240,0,2,0,2,5,2,5,5,1,1,3,3,5
125046,0,4,0,2,4,3,5,5,5,0,5,3,5
39763,1,4,1,1,5,3,1,2,2,2,2,4,2
25579,5,5,5,5,4,5,4,4,2,5,5,1,4
42622,4,3,3,3,4,4,4,4,4,3,2,4,4
19815,4,3,3,1,3,3,3,3,3,3,1,5,3
124882,2,5,5,5,2,2,2,2,3,3,4,1,2
115940,2,1,2,3,3,2,4,3,1,1,4,1,3
119374,2,2,2,2,5,5,5,5,5,5,5,5,3
79343,2,2,2,2,3,2,3,3,4,3,4,4,3
1434,3,3,3,3,5,5,5,5,5,4,5,3,5
52514,4,5,4,4,3,4,3,3,3,1,3,3,3
43721,2,3,2,3,4,2,4,4,1,5,4,3,4
109486,4,4,4,4,4,4,4,4,5,2,5,5,4
112766,3,3,3,3,5,4,5,4,4,4,4,4,3
48876,0,0,0,3,5,3,4,3,3,3,3,2,3
126806,3,3,3,3,4,5,5,4,4,4,4,4,5
103449,2,2,2,2,4,4,5,3,3,3,3,5,4
29106,3,5,3,1,1,3,1,1,1,1,4,3,1
94864,3,1,1,1,1,4,4,3,3,3,3,1,2
104150,1,3,1,1,2,4,4,4,4,4,4,5,3
71913,2,2,2,4,5,4,4,1,1,2,1,2,3
115022,0,0,0,1,5,5,5,4,4,4,4,4,5
125072,3,3,3,3,3,5,5,4,4,4,4,3,3
21378,3,4,3,2,4,3,4,4,4,4,4,5,4
75425,3,2,2,2,4,3,2,3,3,3,3,2,3
111606,2,2,4,2,3,4,5,5,5,5,5,5,5
17897,5,1,5,4,1,5,1,1,2,4,4,3,1
88718,3,4,3,3,5,5,1,5,5,3,5,2,4
2771,1,1,1,1,4,5,4,5,5,5,5,5,4
75351,4,5,4,4,4,4,3,5,3,4,5,3,3
27531,2,5,2,3,1,2,1,1,3,2,4,3,1
112401,2,2,2,4,3,2,3,3,3,5,5,3,3
65224,5,5,5,5,3,5,5,4,4,5,4,5,5
16089,3,5,3,3,1,4,4,3,3,2,3,1,4
66497,3,2,2,2,4,3,4,3,3,3,3,3,3
41785,5,5,4,1,2,5,5,5,5,4,5,3,3
101059,3,4,2,2,2,2,1,2,3,5,5,5,2
72723,3,5,5,5,1,3,4,3,3,3,3,2,2
76287,4,5,4,2,4,3,3,5,3,3,5,3,3
19561,3,0,3,1,5,3,5,5,1,2,4,4,5
111177,5,5,2,5,2,2,2,2,3,5,5,4,2
121213,2,5,2,2,1,4,3,4,4,2,4,2,1
40832,0,3,0,1,2,0,2,2,4,5,3,3,2
92974,4,4,4,4,2,5,5,4,4,4,4,4,5
80790,1,1,1,1,2,4,4,3,3,3,3,4,3
61400,2,3,2,3,2,2,2,2,3,3,1,4,2
24872,3,3,3,3,3,4,3,3,3,4,3,3,3
27553,2,4,1,5,1,1,1,1,4,3,5,5,1
37542,4,4,4,4,4,3,4,4,4,5,4,2,4
71210,5,5,5,5,5,5,5,5,3,4,4,4,5
34357,5,1,1,1,3,3,4,5,5,5,5,4,2
19166,4,3,4,1,1,4,1,1,4,1,1,2,1
23457,3,5,5,5,3,3,3,3,3,4,3,4,3
17511,2,1,1,1,2,2,2,2,3,2,5,2,2
98061,2,3,2,3,1,3,3,2,2,2,2,3,3
102413,3,4,3,3,2,4,5,5,5,3,5,4,3
123235,2,4,2,3,1,2,5,1,3,4,2,1,1
88705,1,3,0,2,5,0,5,5,2,3,4,3,5
97088,1,1,1,1,5,1,5,5,5,5,3,5,5
116437,3,3,3,4,3,3,3,3,3,4,3,2,3
22825,3,4,4,4,3,3,3,3,4,1,4,2,3
18757,5,1,1,1,5,5,5,5,1,1,2,2,5
88546,1,1,1,2,1,3,2,3,3,1,3,3,3
20120,2,5,5,5,2,1,2,2,2,2,2,1,4
85079,2,2,2,2,2,4,4,3,3,3,3,4,5
109032,5,4,5,4,4,5,4,4,4,3,4,5,4
9274,4,2,5,2,4,3,3,4,4,4,4,2,1
59065,3,5,4,5,3,3,3,3,4,4,3,2,3
22076,2,3,2,3,1,4,4,1,1,2,1,3,1
42678,4,4,4,4,4,4,4,1,2,2,3,4,4
109074,3,4,2,4,4,2,4,4,4,4,1,3,4
122669,5,5,5,5,5,4,4,5,5,5,5,4,3
19296,2,5,5,5,2,2,1,2,1,2,2,1,2
9162,3,5,5,5,3,3,3,3,1,2,4,3,3
46458,3,3,5,3,4,5,4,5,5,4,4,4,3
114725,1,5,1,1,2,4,5,5,5,5,5,5,3
89073,2,5,5,5,2,3,2,2,1,1,4,2,2
126948,3,3,3,3,5,5,5,5,5,5,5,5,5
72430,2,2,2,2,4,4,4,5,5,5,5,5,5
118073,3,4,3,3,4,3,2,4,3,2,5,5,4
40881,1,3,1,5,2,1,1,2,3,2,4,3,2
27796,4,4,4,4,1,2,1,2,2,2,2,5,1
83383,1,1,4,1,1,2,2,1,3,2,4,4,1
26742,4,5,5,5,4,4,4,4,1,4,3,1,4
99848,3,5,3,3,3,3,3,3,5,2,5,4,3
22850,2,4,2,2,4,2,4,4,3,3,4,4,4
85914,2,2,2,2,2,2,2,2,1,2,3,2,2
104778,2,4,2,4,3,2,3,3,5,2,5,5,3
45445,4,5,5,5,4,4,4,4,2,1,3,4,4
78918,2,2,3,2,2,4,4,4,4,4,4,4,4
52277,1,1,1,1,5,1,5,5,4,3,2,2,5
79641,4,4,4,3,2,4,2,2,2,2,5,1,2
100130,1,1,1,4,5,1,5,5,3,3,4,3,5
69279,3,2,3,3,1,3,1,1,2,4,4,4,1
51820,4,4,3,4,4,4,4,4,5,5,4,4,4
128089,2,1,1,1,2,2,2,1,2,3,4,2,2
28666,4,5,4,2,1,4,1,1,1,1,2,5,1
20186,3,3,3,5,3,3,1,3,4,2,4,5,3
70204,2,5,0,1,5,0,5,5,4,4,1,4,5
7326,3,1,1,1,3,4,1,3,3,3,3,1,3
71968,4,4,4,4,2,4,4,2,2,2,2,4,4
97451,4,5,4,3,2,3,5,4,4,4,4,2,1
5514,4,1,4,4,2,5,5,4,4,4,4,3,5
30932,4,4,4,4,2,4,1,4,4,4,4,4,5
15084,2,2,2,2,5,2,5,5,5,5,5,1,1
10116,5,0,5,2,2,5,2,2,4,4,4,3,2
19004,2,2,2,3,3,2,3,3,3,1,4,3,3
54153,2,1,1,1,2,2,2,2,3,2,2,2,2
79770,4,4,4,4,5,4,5,5,3,5,3,4,5
76760,4,2,4,1,4,4,4,4,5,3,4,4,4
21064,5,4,4,4,4,4,5,5,5,5,5,4,4
117776,2,4,2,3,4,5,5,2,2,2,2,5,3
90863,4,5,5,5,4,4,4,4,4,3,4,3,4
111785,2,4,2,4,4,2,4,4,2,3,4,4,4
47376,2,3,3,3,2,2,2,2,1,3,2,2,2
78704,1,2,2,2,1,3,3,1,1,1,1,3,2
121520,5,5,5,5,3,5,5,5,5,5,5,3,4
57308,4,4,4,5,2,4,4,2,5,2,5,3,2
32456,2,5,2,4,2,2,2,2,1,3,2,2,2
118668,4,4,4,4,2,5,1,5,5,5,3,5,5
84363,1,1,1,1,2,5,5,5,5,5,5,4,3
121485,2,5,5,3,5,5,5,2,2,5,2,3,3
62511,2,2,2,2,2,4,5,4,4,4,4,5,5
21318,3,3,4,3,3,3,4,3,3,2,4,2,3
23941,1,4,4,4,1,1,1,1,1,5,3,1,1
84405,3,1,3,4,5,3,5,5,3,3,3,1,5
90387,2,0,2,4,4,4,3,3,3,2,3,3,1
62520,5,5,5,5,5,4,4,5,5,5,5,3,3
108463,2,0,2,4,2,5,5,5,5,4,5,5,5
73072,3,3,3,4,4,3,4,4,4,1,3,2,4
8221,3,4,5,3,5,5,5,5,3,5,4,5,5
116862,2,4,2,3,3,2,5,3,3,4,5,5,3
26351,5,5,5,5,5,4,5,4,4,4,4,5,4
117381,1,4,1,1,5,1,5,5,5,2,4,4,5
67908,3,4,3,3,5,3,5,5,4,5,3,3,5
37725,1,3,1,3,2,1,2,2,2,2,4,2,2
80693,2,5,5,5,2,2,2,2,4,5,2,3,2
125151,5,5,5,5,2,1,4,5,5,5,5,2,4
94842,2,3,3,3,2,4,4,2,2,2,2,2,4
13444,4,4,4,4,3,5,5,3,3,4,3,5,4
15833,1,2,2,2,1,4,3,1,1,1,1,2,2
83273,5,5,5,4,4,5,4,4,5,3,3,2,4
88941,1,1,1,4,3,1,3,3,4,2,5,4,3
44461,1,1,1,1,2,4,5,4,4,4,5,5,2
2837,5,5,5,5,4,4,4,5,5,5,5,5,4
63019,5,5,1,5,2,4,5,5,5,4,5,5,3
39985,4,1,1,1,3,5,3,3,3,4,3,5,3
76390,3,2,3,4,5,3,5,5,1,5,3,3,5
16447,3,3,3,3,5,3,3,3,3,3,3,3,3
82248,3,5,3,2,3,2,2,3,4,4,5,2,2
65751,2,4,2,1,4,2,4,4,3,2,5,4,4
8148,1,1,1,4,4,1,4,4,3,4,4,4,4
6155,3,3,3,3,3,3,3,3,3,5,4,1,3
103756,3,3,3,3,4,4,5,4,4,4,4,3,4
26266,3,1,3,3,3,3,3,3,2,1,4,2,3
89399,4,4,4,4,5,5,4,5,3,3,5,3,5
21367,2,5,5,5,2,3,3,2,2,2,2,1,2
107180,3,1,1,1,1,3,3,3,3,3,3,4,3
82746,1,5,5,5,2,4,4,1,1,1,1,2,4
57261,2,4,4,4,5,3,4,2,2,2,2,1,2
16908,4,4,4,3,4,3,3,3,2,4,4,3,3
79267,1,2,2,2,1,1,1,1,3,4,3,1,1
58280,4,4,4,4,5,3,2,5,5,5,5,5,4
23272,3,1,1,1,3,2,3,3,3,3,3,1,4
10418,1,1,1,1,3,4,5,4,4,4,4,4,3
110555,5,5,5,5,3,5,5,5,5,5,5,5,4
34849,2,1,2,3,4,3,4,1,1,2,1,4,2
114030,2,5,2,3,2,2,2,2,4,4,3,5,2
106288,1,4,1,2,5,1,5,5,4,3,5,5,5
93751,1,1,1,1,4,4,3,1,1,1,1,3,3
25287,3,5,4,2,1,4,1,1,2,5,1,1,1
16796,4,4,4,4,4,4,4,4,5,2,4,1,4
8066,3,4,3,3,2,3,2,2,3,3,5,4,2
80238,5,5,5,5,2,5,2,2,3,2,4,5,2
93760,1,5,1,2,5,1,5,5,1,2,2,2,5
46007,4,2,2,2,4,4,4,4,3,5,1,2,4
77950,1,1,5,1,5,4,5,5,5,5,5,5,5
38077,1,5,5,5,3,4,4,1,1,1,1,1,2
85142,5,2,5,5,4,4,4,4,4,4,4,3,3
18454,2,0,2,1,1,2,1,1,5,3,3,3,1
112713,3,3,3,3,4,3,4,4,2,5,3,4,4
29138,3,5,3,4,3,3,3,3,4,5,5,4,3
6791,2,4,3,4,2,2,2,2,4,5,3,2,2
90261,4,4,4,4,3,5,5,4,4,4,4,5,3
104556,1,1,1,1,2,4,5,5,5,5,5,4,4
30199,4,1,1,1,4,4,4,4,3,1,2,5,4
63057,2,3,2,4,4,2,5,4,1,4,4,1,4
123141,1,1,1,1,4,2,3,1,1,1,1,3,2
46467,3,3,3,3,2,4,4,4,4,4,5,4,4
21948,3,4,4,4,3,3,3,3,1,2,3,2,3
11631,2,4,3,1,4,3,4,4,4,3,4,4,4
69647,5,5,5,5,5,4,5,4,4,4,4,4,4
15013,4,5,5,5,4,3,4,4,4,4,4,3,3
61019,2,2,2,2,4,4,4,1,3,2,5,4,4
7189,1,2,1,3,1,1,1,1,4,4,4,1,1
87764,2,2,2,2,3,5,4,5,5,5,4,4,5
88030,2,2,2,2,2,4,4,5,5,5,5,5,4
71058,4,3,4,3,5,2,3,2,2,4,2,1,4
106465,1,1,1,1,3,4,5,5,5,5,5,5,3
8068,2,2,2,4,2,2,2,2,4,1,3,4,2
47692,1,4,1,1,1,1,1,1,3,2,4,5,1
76219,1,1,1,1,4,4,4,4,4,4,4,5,4
101115,2,2,2,2,5,5,5,4,4,4,4,4,5
118501,2,4,2,3,5,2,5,5,3,4,4,4,5
11557,3,3,3,3,3,4,5,4,4,4,4,3,4
29736,3,3,3,3,3,4,4,4,4,4,4,5,3
76770,5,0,5,3,1,5,1,1,4,4,5,5,1
49738,3,3,3,3,5,5,3,5,2,2,1,4,5
35205,1,1,1,1,4,4,4,4,3,1,3,2,4
3202,3,4,3,3,4,3,4,4,4,5,5,5,4
4045,3,2,3,4,4,3,3,3,3,3,3,3,2
110929,2,5,2,1,4,2,4,4,5,3,4,4,4
65883,3,2,3,3,3,3,3,3,3,1,3,4,3
129733,5,3,5,2,5,5,5,5,3,2,5,5,5
104531,3,3,3,3,2,4,4,4,4,4,4,5,5
109935,1,4,1,4,5,1,2,5,3,4,5,3,5
107226,2,5,2,3,2,2,2,2,1,4,3,3,2
30968,3,2,3,2,5,3,1,5,3,2,3,1,5
55214,2,2,2,1,1,2,1,1,4,2,5,3,1
19794,3,5,3,3,1,3,1,1,1,5,3,4,1
113159,4,4,4,2,2,4,2,2,3,5,4,5,2
116173,5,2,5,4,5,5,5,5,2,1,3,1,5
102397,3,4,3,3,2,3,3,2,1,3,4,2,2
37737,1,2,1,2,2,1,2,2,2,1,2,3,2
38052,2,1,5,1,3,3,3,2,2,2,2,4,3
23861,1,4,1,1,2,1,2,2,4,2,4,5,2
112414,4,2,2,2,4,4,4,4,4,4,3,3,4
90131,2,5,5,5,2,2,2,3,3,3,3,2,2
87088,4,1,1,1,4,4,5,4,3,1,2,5,4
51141,4,5,5,1,5,5,3,5,3,4,5,5,5
70443,0,4,0,4,5,3,4,5,5,1,1,1,2
95787,1,4,1,3,4,1,4,4,5,3,4,3,4
92648,1,5,1,1,1,1,1,1,5,2,4,5,1
111244,3,3,3,3,5,3,4,5,5,5,5,4,4
104979,0,0,0,3,4,5,4,3,3,1,1,4,3
24051,3,4,3,3,2,3,2,2,4,2,4,1,2
74147,3,3,3,3,5,3,3,3,3,3,3,1,4
106656,2,2,3,2,3,5,4,4,4,4,4,3,4
93055,1,1,2,1,5,5,5,5,5,5,5,3,3
1073,2,4,2,3,1,2,1,1,3,5,5,4,1
128351,1,1,1,1,2,4,4,4,4,4,4,5,5
61374,5,3,4,3,2,4,2,2,5,4,5,5,2
94353,1,1,1,5,5,1,5,5,3,3,4,5,5
52806,1,0,1,4,2,5,4,2,2,1,2,3,3
16829,2,1,2,4,3,2,2,3,2,2,3,1,3
16171,5,3,3,3,5,5,5,4,4,3,3,5,5
122204,3,1,4,1,2,3,3,3,3,4,3,1,1
89347,1,1,1,3,2,1,2,2,3,3,3,2,2
98590,3,3,3,3,1,3,1,1,3,5,4,4,1
102448,4,1,4,2,3,4,3,3,4,5,2,4,3
5318,2,2,2,2,2,2,4,2,1,1,3,4,2
85403,0,4,0,5,4,4,5,1,1,1,1,5,4
1112,4,4,4,3,2,4,2,2,4,3,4,5,2
127109,2,1,2,3,3,2,3,3,1,4,2,1,3
49656,0,0,0,2,1,4,5,3,3,3,3,3,5
116500,4,3,4,4,1,4,1,1,4,1,3,1,1
104115,3,3,3,3,3,4,4,4,4,4,4,4,4
23784,3,3,3,3,4,5,2,5,5,5,5,1,3
20366,2,2,2,3,1,2,1,1,2,5,3,1,1
121082,3,5,4,3,2,4,3,2,4,5,4,3,2
106858,4,4,4,4,2,4,4,3,3,3,3,3,5
113119,3,4,3,3,5,3,5,5,1,3,3,4,5
10203,4,4,4,4,2,4,4,4,4,4,4,4,3
50323,5,5,5,5,5,5,5,5,1,3,2,4,5
72131,3,3,5,3,3,4,4,3,3,3,3,3,3
36290,5,5,2,5,4,4,5,5,5,4,5,3,2
33297,2,5,2,3,3,2,2,3,3,4,5,3,3
62294,1,1,1,1,3,5,5,3,3,4,3,4,4
97226,2,4,2,1,5,2,5,5,3,3,5,4,5
50236,3,3,3,3,5,5,5,5,2,2,5,2,5
85147,4,4,4,3,3,4,3,3,5,2,5,4,3
42785,3,1,1,1,3,3,3,3,1,3,2,3,3
86420,3,3,3,4,1,3,1,1,3,3,4,3,1
129026,2,2,2,3,2,3,5,2,4,4,3,5,5
35202,4,3,5,3,4,4,4,4,4,4,1,3,4
95081,5,4,5,5,3,5,2,3,3,2,5,4,3
14666,4,3,4,2,3,4,3,3,5,4,3,1,3
52725,3,4,4,4,5,4,4,4,4,3,4,3,3
90823,3,5,3,3,2,5,4,4,4,4,4,4,4
45768,5,5,4,5,4,4,4,4,4,3,3,2,4
117481,3,3,3,3,5,4,5,3,3,4,3,3,3
117874,2,2,2,2,2,4,4,5,5,5,5,4,3
99016,3,5,3,3,1,3,1,1,4,4,4,5,1
67960,5,5,5,5,2,5,4,4,4,4,4,5,4
67539,4,4,4,4,4,4,5,4,4,4,4,3,4
78138,0,0,0,2,4,4,4,4,4,2,5,3,4
99816,3,3,5,3,2,5,5,4,4,4,4,4,5
44799,3,3,3,3,2,3,2,2,2,2,3,3,2
14748,1,2,1,3,5,1,5,5,2,4,3,1,5
103298,3,4,2,1,5,3,4,1,1,2,1,4,3
1358,5,2,5,5,5,5,5,5,5,5,5,3,3
26126,5,2,2,2,5,5,5,5,2,5,3,4,5
20984,2,5,2,1,2,2,2,2,5,2,3,1,2
50250,3,3,3,3,5,4,4,3,3,3,3,1,3
56912,4,4,4,4,4,4,4,5,4,3,4,4,4
6526,4,3,4,3,2,4,2,2,4,2,3,4,2
16840,3,1,3,3,2,4,4,3,3,3,4,3,4
81008,2,2,2,2,5,5,5,5,5,5,5,5,5
79793,4,4,4,4,5,4,4,4,4,4,4,3,4
64848,2,1,1,1,2,2,2,2,4,2,2,4,2
73899,1,0,1,3,4,1,4,4,5,4,4,4,4
105730,2,2,2,2,2,2,2,2,4,5,4,1,2
54183,2,3,3,3,1,4,4,2,2,2,2,1,4
120911,3,3,3,1,5,3,5,5,4,2,4,4,5
120439,3,5,5,5,3,3,3,3,4,2,3,5,3
116771,4,5,4,3,2,4,2,2,2,4,4,4,2
29965,4,4,4,4,4,3,1,5,5,5,5,5,2
35513,1,5,1,3,4,5,5,2,2,1,2,4,4
66661,1,1,1,1,3,5,4,4,4,4,4,3,5
40517,3,3,3,3,5,3,3,2,2,3,2,3,1
103700,0,5,0,4,4,0,4,4,4,4,5,5,4
86736,2,3,2,4,1,2,1,1,3,2,3,1,1
75746,1,1,1,1,3,4,5,4,4,4,4,3,5
87669,1,4,1,3,2,1,2,2,1,5,3,2,2
106070,3,3,3,2,4,5,5,1,1,3,1,3,1
37944,4,5,4,5,4,4,4,4,1,4,5,1,4
56226,2,5,2,1,5,2,5,5,5,5,4,3,5
106481,3,3,3,3,3,1,3,3,3,3,3,4,3
55145,4,3,4,3,4,4,4,4,1,3,2,4,4
125090,3,4,4,4,1,4,1,1,4,1,4,2,1
102976,5,5,5,5,2,5,5,5,5,4,5,5,3
1149,1,5,1,4,3,4,4,4,4,1,4,3,4
76082,4,4,4,4,4,4,4,4,2,3,1,4,4
47961,3,0,3,2,3,3,3,3,4,5,4,3,3
25651,4,5,4,4,5,4,5,5,5,4,4,4,5
52101,3,4,3,4,3,4,5,3,3,3,3,5,4
35629,2,5,2,1,4,5,4,1,1,2,1,3,3
14826,4,3,3,3,3,3,2,3,3,4,3,1,4
72117,2,5,2,2,3,4,5,2,2,3,2,3,3
76460,2,4,2,3,4,2,4,4,5,5,4,5,4
5548,2,4,2,1,5,2,2,5,5,3,4,3,5
23305,2,2,2,1,1,2,1,1,3,3,2,5,1
12584,5,5,5,5,1,2,2,5,5,5,5,5,3
32242,4,4,4,4,4,4,4,4,3,5,1,4,4
20491,2,2,2,3,3,2,3,3,4,2,4,2,3
66048,3,1,2,1,1,4,3,3,3,3,3,1,2
104917,4,3,4,4,3,5,4,5,5,5,5,5,5
52803,4,5,4,4,2,4,2,2,4,1,1,1,2
98652,2,2,2,3,1,2,1,1,3,1,3,4,1
109177,1,3,3,3,1,2,1,1,1,5,3,3,1
37879,2,2,2,3,1,2,1,1,1,4,3,2,1
99040,4,4,4,4,5,4,4,4,4,4,4,3,5
113391,2,2,2,2,5,5,4,5,5,5,5,3,3
23676,4,0,4,2,2,4,1,2,1,3,1,1,2
21819,4,2,2,2,4,4,4,4,2,3,5,1,4
68763,5,5,5,4,3,5,3,3,3,5,5,4,3
118074,5,5,5,5,3,5,4,4,4,5,4,5,4
123763,5,0,5,4,1,5,1,1,5,5,4,4,1
127256,5,5,3,5,2,4,5,4,4,4,4,4,5
114633,3,3,3,5,5,3,5,5,5,4,5,4,5
108221,3,4,3,3,4,4,5,5,5,3,5,5,5
43321,3,3,3,3,5,2,2,4,4,4,4,4,2
123233,2,2,2,1,2,2,2,5,5,2,5,3,2
97454,3,3,3,3,4,4,5,4,4,4,4,4,4
51259,4,4,4,4,4,4,4,4,3,1,4,5,4
13651,0,0,0,4,2,0,2,2,4,4,2,3,2
80538,5,5,5,5,5,5,5,5,3,2,3,4,5
54498,3,2,3,3,3,1,2,4,4,4,4,3,1
112647,4,3,1,3,4,3,4,4,4,4,3,3,4
24227,2,2,3,2,3,4,5,5,5,5,3,1,4
76546,1,1,1,1,4,4,4,5,5,5,5,3,3
82067,3,3,3,4,1,3,1,1,4,2,4,5,1
30246,4,3,3,3,4,4,4,4,1,5,2,5,4
84260,1,1,1,1,2,5,5,5,5,5,5,4,3
7302,2,2,2,2,3,5,5,4,4,4,4,5,3
10973,3,3,3,1,5,3,5,5,2,4,1,2,5
64405,1,1,1,1,5,4,4,4,4,4,4,5,5
99850,2,4,2,5,3,4,5,1,1,2,1,3,3
22971,3,3,3,3,4,3,4,4,1,2,5,4,4
106501,4,4,4,2,3,4,3,3,4,4,5,4,3
115085,2,4,2,4,3,2,2,3,4,5,4,3,3
80446,3,3,3,3,4,5,5,5,5,5,5,3,5
47170,2,3,3,3,1,4,4,2,2,2,2,3,1
103857,2,3,2,3,4,2,4,4,4,1,3,4,4
77068,3,4,4,4,1,4,3,3,3,3,3,1,4
8424,3,3,3,3,5,4,4,4,4,4,4,5,5
121348,4,5,2,5,1,2,1,1,3,2,5,4,1
111761,2,4,4,4,2,2,2,2,4,3,4,4,2
64112,3,3,3,3,1,3,1,1,3,3,3,3,1
41212,2,2,2,2,2,2,2,2,4,4,4,2,2
17563,5,5,5,5,2,2,2,2,5,4,1,3,2
110067,4,4,4,4,4,4,5,4,4,4,4,5,4
22019,5,2,2,2,5,5,4,5,5,3,3,3,5
101832,1,4,1,3,1,1,1,1,1,3,3,2,1
11979,2,2,2,2,4,3,3,5,5,5,5,5,1
10429,5,5,5,5,3,5,4,5,5,5,5,3,4
48845,1,4,1,4,4,5,4,1,1,1,5,3,3
27110,1,1,1,1,4,4,4,3,3,4,4,4,4
112825,4,4,4,1,2,4,2,2,3,5,4,3,2
59772,2,2,2,4,4,2,4,4,3,1,4,4,4
112838,1,1,1,5,1,1,1,1,5,3,4,5,1
35626,3,5,3,3,5,4,4,3,3,3,3,3,4
26512,0,4,0,4,3,4,3,3,4,4,5,3,3
68140,1,4,4,4,1,1,1,1,4,1,3,1,1
128784,2,3,3,4,3,1,1,1,4,3,1,1,1
19341,1,4,0,2,4,5,5,2,2,0,2,4,3
47415,1,1,3,1,4,4,4,4,2,5,3,5,4
107430,3,3,3,3,1,3,1,1,4,1,4,2,1
95605,4,4,4,4,4,4,4,4,5,5,5,3,4
95391,3,5,3,3,2,3,5,2,4,4,4,4,2
10034,2,4,4,4,2,2,2,1,3,3,3,2,2
8962,5,4,4,3,3,4,3,3,5,2,2,4,3
73627,1,5,5,5,3,3,1,3,1,2,4,4,3
75586,2,3,3,3,5,4,3,2,2,2,2,3,2
74649,3,5,3,1,1,3,1,1,4,3,3,4,1
34654,3,5,3,4,2,3,2,2,3,5,5,3,2
68323,2,2,2,4,5,2,5,5,1,1,4,4,5
68265,2,5,2,3,4,2,2,4,5,5,5,4,4
98118,4,5,4,5,1,2,3,4,4,4,4,4,4
102358,0,4,0,3,4,4,4,1,1,1,1,3,4
95593,4,4,4,4,2,4,5,3,3,3,3,3,4
95453,5,5,5,5,2,4,5,5,5,4,5,4,3
121501,1,1,0,3,1,0,1,1,3,2,2,3,1
63573,2,2,2,2,3,4,5,4,4,5,4,5,5
100099,5,5,5,1,4,5,4,4,5,5,4,4,4
121084,1,1,1,1,2,5,4,4,4,4,4,4,4
36944,4,4,4,4,4,4,4,4,3,1,5,5,4
10487,4,4,4,4,3,4,5,4,4,4,4,5,5
114879,1,1,1,1,4,4,4,5,5,5,5,5,5
83186,3,3,3,4,3,3,3,3,1,5,4,1,3
96367,2,1,2,2,5,4,5,5,5,5,5,3,4
47258,3,2,2,2,3,4,3,3,3,3,3,3,2
41857,4,1,1,1,2,2,5,4,4,4,4,2,1
117791,5,5,5,5,2,5,5,4,4,4,4,5,4
78935,5,5,5,5,2,3,1,5,5,5,5,3,2
43851,2,5,5,5,2,2,2,2,5,3,3,2,2
31015,4,5,4,5,3,4,3,3,3,5,5,3,3
84894,3,1,3,3,5,3,4,2,2,3,5,4,1
88930,2,2,2,2,2,5,5,5,5,5,5,4,4
129750,4,3,3,3,4,5,4,4,4,5,4,5,4
48261,1,2,1,4,1,3,4,3,3,1,4,4,3
77241,2,3,3,3,3,2,3,2,2,2,2,4,4
85459,2,2,2,2,2,2,2,2,2,2,2,1,3
748,1,1,1,1,3,4,4,4,4,4,4,5,5
13006,2,4,4,4,1,4,4,2,2,2,2,3,2
89435,2,4,2,3,4,2,4,4,3,3,4,3,4
51942,5,2,4,2,5,5,5,5,3,4,3,3,5
63959,4,4,4,3,1,4,1,1,5,3,4,5,1
45667,1,3,1,3,4,1,4,4,3,1,2,1,4
119899,2,2,2,2,4,5,4,4,4,4,4,5,4
49555,4,4,4,4,1,2,1,3,3,3,3,5,4
91759,4,4,4,4,3,4,4,5,5,5,5,3,3
114544,2,5,3,1,2,5,4,4,4,3,4,3,4
90780,0,0,0,1,4,5,4,5,5,5,5,4,4
39643,3,5,5,5,5,4,4,3,3,3,3,2,3
59946,3,3,3,4,1,3,1,1,1,3,3,3,1
80500,4,4,5,4,4,4,5,2,2,2,2,4,3
71313,1,1,1,3,1,1,1,1,3,3,4,4,1
99314,3,3,3,3,3,4,4,5,5,4,5,5,4
17221,3,3,3,4,5,3,3,5,5,3,5,2,2
120836,5,5,5,5,5,4,5,5,4,5,5,3,5
86772,5,5,5,2,3,5,4,3,3,5,5,3,3
85867,2,4,1,3,1,1,1,1,4,2,5,3,1
119846,2,4,2,4,2,2,2,2,4,2,3,2,2
9638,5,0,5,2,4,5,4,4,3,3,5,5,4
85717,5,5,5,5,3,4,4,5,5,5,5,5,3
123021,1,1,3,1,3,5,4,1,1,2,1,3,4
85026,4,5,4,5,1,4,1,1,4,3,5,5,1
77046,5,5,5,5,2,4,5,3,3,4,3,5,3
15046,1,3,3,3,5,2,3,1,1,1,1,2,2
123446,1,1,1,5,2,1,2,2,3,4,4,4,2
43636,4,1,4,4,3,3,3,4,4,4,4,3,4
35294,1,1,1,1,3,3,4,4,4,4,4,5,5
49408,2,5,5,5,3,4,1,1,1,2,1,4,5
10211,2,2,2,2,5,5,4,5,5,5,5,3,5
69278,2,1,2,2,5,2,5,5,1,5,1,4,5
95454,5,5,5,5,4,4,5,5,5,5,5,3,3
19379,3,2,2,2,4,1,3,3,3,3,3,2,4
6752,3,3,3,3,2,5,5,5,5,5,5,4,3
113670,1,3,1,3,1,2,3,4,4,1,4,3,3
92190,5,5,5,5,4,3,5,5,5,5,5,4,4
49277,5,5,2,5,3,5,5,5,5,5,5,4,4
7351,1,0,0,4,3,0,3,3,3,4,4,3,3
59816,4,1,4,3,5,4,1,5,4,3,4,2,5
29668,2,4,2,1,5,2,2,5,4,2,4,4,5
48542,3,1,4,1,5,4,5,5,3,4,1,4,5
63528,4,4,4,4,2,4,5,4,4,4,4,4,4
103044,2,2,2,3,5,2,5,5,4,3,4,5,5
27707,3,3,4,3,5,5,4,4,4,4,4,3,4
53881,3,2,3,3,4,3,4,4,2,4,3,2,4
126724,1,1,1,2,4,1,4,4,2,4,1,4,4
30473,4,1,1,1,4,4,4,4,4,2,1,4,4
79535,2,2,2,2,2,5,4,4,4,4,4,3,5
109099,2,2,2,4,5,2,5,5,1,5,4,2,5
16683,3,4,4,4,3,4,3,3,5,5,4,5,3
46416,4,2,2,2,4,4,4,4,3,5,5,1,4
44031,2,0,2,2,5,2,5,5,5,2,4,5,5
61354,4,3,3,3,4,4,4,4,1,2,3,3,4
126487,4,4,3,4,5,5,5,5,3,1,1,3,5
109111,2,4,2,2,2,4,5,2,2,2,2,3,3
34851,2,2,2,3,2,4,4,5,2,3,1,4,4
90990,4,4,4,4,5,4,5,5,1,3,3,1,5
34064,3,3,3,3,5,3,3,5,3,3,4,4,5
102653,5,4,5,4,5,5,5,5,5,3,4,5,5
129465,5,5,5,5,2,5,5,5,5,5,5,3,5
52413,3,0,3,4,5,3,5,5,5,2,4,4,5
9305,2,2,2,2,2,3,4,4,5,5,4,4,4
45698,2,1,1,1,2,2,2,2,4,5,1,4,2
118834,5,5,5,5,4,4,5,4,4,4,4,4,4
75982,5,5,5,4,2,4,4,3,3,5,2,3,4
120429,4,4,4,4,2,4,5,4,4,4,4,5,3
87480,3,1,1,1,2,3,3,3,3,3,3,4,3
129422,4,4,4,1,4,1,1,4,3,4,4,1,1
126283,2,1,2,1,5,2,5,5,4,1,1,1,5
49227,2,2,2,2,5,4,2,4,4,4,3,5,5
128743,1,1,1,1,2,2,2,3,2,3,5,2,2
127952,4,4,4,4,5,3,5,4,4,4,4,3,5
72771,4,4,4,4,2,4,4,4,4,4,4,4,5
49089,1,1,1,1,4,3,1,4,4,4,4,5,1
98159,2,2,2,2,2,3,4,3,3,3,2,1,2
101468,4,4,4,4,5,4,5,4,4,4,4,3,4
26510,1,5,1,5,2,1,3,2,5,4,5,3,2
44273,2,2,2,2,3,2,2,2,2,2,2,3,4
1542,1,4,1,4,1,1,1,1,4,4,4,1,1
79284,2,2,2,2,3,5,5,1,1,2,1,3,4
62179,3,3,3,3,5,3,4,5,5,4,5,5,3
30452,2,1,4,4,5,3,2,2,2,2,2,1,2
7514,3,3,3,1,2,3,2,2,5,2,4,5,2
72241,4,4,4,4,4,5,4,4,5,5,4,5,4
77483,4,4,4,3,2,4,1,2,3,2,5,4,2
46299,1,4,1,3,5,1,5,5,4,4,5,5,5
109910,2,1,4,4,3,4,3,2,2,2,2,4,3
34890,1,1,1,5,3,1,2,3,3,4,5,3,3
79215,2,3,2,3,3,2,3,3,1,2,3,2,3
19534,2,5,2,1,1,2,1,1,1,2,4,3,1
84356,4,1,4,3,3,4,3,3,2,1,3,1,3
19558,3,4,3,3,2,3,2,2,1,1,3,1,2
41776,1,2,2,3,1,4,3,5,5,2,1,4,2
3823,3,5,5,5,1,4,3,3,3,3,3,2,4
122088,2,5,2,1,2,2,2,2,3,5,4,3,2
16015,0,4,0,2,5,4,5,5,5,0,1,3,5
108642,3,5,5,2,5,5,5,5,4,1,1,4,5
96799,2,0,2,3,3,2,3,3,5,3,4,5,3
14008,2,5,2,5,2,2,2,3,4,5,5,2,2
36389,3,5,5,5,3,3,1,3,2,4,4,3,3
122241,1,1,1,1,5,4,4,5,5,5,5,3,4
7856,5,5,5,2,2,5,2,2,3,2,5,4,2
65611,3,2,3,3,3,3,3,3,3,3,3,1,3
94466,3,5,3,5,4,3,4,4,3,5,4,4,4
2280,4,4,4,4,5,5,4,4,4,4,4,4,5
42500,3,0,3,3,2,3,2,2,1,5,4,3,2
25572,1,1,1,1,2,2,3,5,5,5,5,1,1
112324,1,5,5,5,2,4,3,1,1,1,1,3,1
20903,4,2,4,3,4,4,5,2,1,2,4,5,5
107195,2,3,2,3,2,2,2,2,3,4,4,1,2
34263,1,1,1,1,2,3,1,5,5,5,5,1,4
117789,2,5,2,2,4,2,4,4,4,4,4,5,4
89496,3,5,5,5,3,3,3,3,4,2,3,1,3
64571,1,1,1,1,5,4,4,4,4,4,5,4,5
70969,4,4,3,2,1,3,1,1,4,2,5,4,1
3149,4,4,4,4,1,4,4,2,2,1,4,1,1
47838,3,3,5,5,3,3,3,3,2,5,4,3,3
53023,2,4,4,4,2,2,2,2,3,4,2,4,2
53856,4,2,2,2,4,3,4,4,1,2,2,4,4
23331,5,3,5,4,5,5,2,5,2,3,4,1,5
61036,1,4,1,3,1,1,1,1,3,2,4,4,1
81110,1,1,1,3,5,1,5,5,5,4,4,4,5
43559,5,5,4,4,5,5,5,5,5,4,3,2,5
83768,2,4,2,4,2,5,4,2,2,2,2,3,5
102411,2,4,0,1,4,0,3,4,4,3,5,5,4
83487,3,1,1,1,3,3,3,3,4,4,4,2,3
446,0,5,0,2,3,4,4,3,3,3,3,3,4
59375,4,4,4,3,4,4,4,4,4,2,1,3,4
4337,1,1,1,1,4,4,5,5,5,5,5,4,5
11187,2,4,2,3,2,2,2,2,1,1,4,3,2
27502,4,2,1,2,2,3,3,4,4,4,4,1,1
52206,3,3,3,2,5,3,5,5,3,1,5,1,5
45077,3,4,4,4,5,4,4,3,3,3,3,4,2
31284,2,5,2,3,2,2,2,2,3,4,4,4,2
90170,3,4,3,1,5,3,5,5,3,2,4,5,5
118275,1,1,1,1,3,5,5,5,5,5,5,4,3
100545,4,4,2,4,5,4,4,5,5,5,5,3,5
4008,3,3,3,3,2,5,5,4,4,4,4,3,3
73273,5,5,5,5,5,5,5,4,4,4,4,3,5
4666,2,2,2,2,4,4,5,5,5,5,5,3,3
124540,2,4,4,4,3,3,4,2,2,2,2,1,3
118041,3,3,3,3,4,4,4,4,4,4,5,5,4
59153,5,5,5,5,3,5,4,4,4,4,4,5,3
82267,3,3,3,3,5,4,4,5,5,5,5,5,3
85180,4,4,4,4,5,5,5,5,3,4,4,3,5
95978,1,2,2,4,4,2,4,4,4,4,4,4,4
4155,2,2,2,3,1,2,1,1,2,5,3,3,1
33649,3,2,5,2,2,5,2,2,4,3,3,1,2
84392,5,4,5,2,5,5,1,5,3,5,5,4,5
95271,1,3,1,1,4,1,4,4,3,3,3,5,4
63853,4,4,1,4,5,5,5,4,4,4,4,3,4
77446,0,5,0,5,4,4,4,3,3,3,3,3,3
63574,3,3,3,4,1,3,1,1,4,2,4,2,1
42659,4,4,2,4,5,4,5,5,3,4,3,5,5
50772,4,3,4,4,3,4,3,3,3,5,4,1,3
85367,2,1,2,4,4,2,3,4,1,3,4,1,4
20801,5,4,4,4,5,5,5,5,4,2,1,3,5
5627,3,1,4,3,5,4,2,5,1,1,3,2,5
121591,4,2,4,4,3,4,3,3,2,2,3,3,3
82350,3,3,3,3,5,5,4,4,4,4,4,3,4
45748,4,0,4,3,2,4,4,2,5,4,3,1,2
30222,1,0,0,1,5,0,5,5,2,1,2,2,5
110187,3,4,3,4,1,4,4,5,5,3,5,5,2
24075,2,5,2,2,5,3,2,2,2,2,2,1,3
79986,4,5,4,2,5,4,4,3,3,4,4,4,5
77486,4,4,4,4,2,5,4,5,5,5,5,4,4
93208,2,4,2,4,2,2,2,2,2,2,3,2,2
65733,1,5,4,5,2,3,3,1,1,1,1,4,3
13183,5,1,1,1,5,4,5,5,4,4,3,1,5
121504,4,2,4,2,2,2,2,5,5,4,1,4,2
5239,3,3,3,3,5,4,4,5,5,5,5,3,4
20385,4,5,4,4,2,4,2,2,5,5,5,5,2
40204,3,1,3,2,5,3,3,5,2,1,2,4,5
105786,4,4,4,5,3,4,5,3,4,2,4,5,3
78084,1,0,1,4,2,1,2,2,1,2,4,1,2
3259,3,5,5,5,5,3,4,3,3,4,3,4,3
89306,3,4,3,2,1,3,1,1,4,3,4,4,1
49763,5,4,4,4,5,5,5,5,4,4,2,2,5
89852,4,4,4,4,5,4,4,4,4,4,4,3,5
129552,3,4,3,3,2,3,2,2,2,2,3,3,2
38775,2,2,2,2,5,3,3,2,2,2,2,2,3
73220,5,5,5,4,1,5,5,1,5,4,5,3,1
125452,3,3,3,4,1,3,1,1,5,3,5,5,1
42812,1,1,1,3,2,1,2,2,1,2,4,3,2
31444,2,5,2,3,4,2,4,4,4,4,3,4,4
82576,2,0,2,1,5,2,5,5,3,5,5,4,5
104367,1,1,1,1,5,5,4,4,4,4,4,5,4
25289,5,5,5,5,1,4,2,5,5,5,5,4,3
72603,5,5,5,5,1,5,1,1,3,5,5,5,1
86183,4,4,4,4,2,4,4,5,5,5,5,5,3
116144,3,4,3,3,5,3,4,5,1,5,5,3,5
25751,1,2,2,2,1,2,1,1,4,2,4,3,1
6597,2,5,2,1,4,2,4,4,5,5,4,5,4
43628,2,4,2,4,2,2,5,2,4,5,5,1,2
48259,1,5,1,4,4,5,4,3,3,1,3,5,4
125388,1,5,4,5,5,4,4,1,1,1,1,3,1
123095,3,2,2,2,3,2,3,3,1,1,3,2,3
8935,4,4,4,4,3,4,4,3,3,3,3,5,5
112182,1,3,1,3,5,1,5,5,2,5,3,3,5
60764,3,3,3,3,5,5,4,5,5,5,5,4,5
32729,2,2,2,3,2,3,3,1,2,2,2,3,3
82598,4,5,5,5,2,4,4,4,4,3,4,1,3
84397,2,3,3,3,4,4,4,2,2,2,2,3,4
71406,2,2,3,4,5,3,5,5,3,3,3,4,5
23785,4,1,1,1,5,4,5,5,2,5,2,2,5
12296,3,0,3,3,4,3,1,4,4,4,2,1,4
61051,1,1,1,1,5,5,5,5,4,3,5,5,5
70031,3,1,1,1,3,3,3,3,2,5,4,1,3
46576,1,4,0,3,3,0,3,3,4,4,3,2,3
60813,2,5,5,5,3,4,3,2,2,2,2,4,3
43768,3,4,3,4,2,3,2,2,5,5,3,3,2
49233,0,5,0,4,3,4,2,4,4,4,4,1,4
22810,1,1,5,1,1,4,4,4,4,4,1,4,1
86723,1,4,1,5,5,5,2,5,5,1,3,2,3
3717,3,4,3,4,4,5,5,1,1,3,1,5,5
7021,1,4,0,3,3,0,3,3,5,3,4,4,3
102037,5,5,5,5,5,5,5,5,4,2,5,4,5
112512,2,2,2,2,2,2,2,2,1,3,2,1,2
110329,2,3,3,4,4,3,4,4,5,5,5,5,4
118289,3,3,3,3,5,5,4,2,2,2,2,3,3
105673,3,3,3,3,4,4,4,4,4,4,4,3,3
88812,3,4,4,4,3,3,3,3,1,2,4,1,3
27240,4,3,4,3,2,3,5,4,4,4,4,2,2
70495,3,1,1,1,3,3,3,3,2,3,4,4,3
43198,0,5,0,3,1,0,1,1,1,5,5,3,1
37658,3,4,3,2,3,5,5,2,2,3,2,4,3
122628,2,4,2,4,5,2,5,5,3,5,4,2,5
21496,4,5,4,4,1,4,1,1,4,3,4,4,1
17394,5,5,5,5,5,5,5,5,3,3,2,1,5
70282,3,3,3,3,4,5,4,4,5,5,4,3,4
83977,4,4,4,4,5,5,4,5,5,5,5,5,3
91723,2,2,2,2,3,5,4,5,5,4,5,4,3
46996,2,5,5,5,2,2,2,2,2,1,4,3,2
35533,2,3,2,2,2,2,3,1,1,2,1,4,2
36455,4,2,2,2,4,4,4,4,3,5,3,3,4
35679,2,2,2,4,2,3,3,1,2,3,3,3,3
119157,3,4,3,2,5,5,4,5,5,3,3,3,3
110018,4,1,4,1,2,4,2,2,3,2,2,2,2
7707,4,2,4,3,1,4,3,1,3,5,3,4,1
37112,4,4,4,2,4,4,3,4,2,4,4,4,4
49002,5,1,1,1,5,5,5,5,3,2,5,3,5
127746,2,2,2,2,2,2,2,2,2,5,4,2,2
18943,2,3,2,1,4,2,4,4,2,4,2,2,4
78803,2,5,2,5,4,2,4,4,4,2,5,3,4
107980,1,1,3,3,1,1,1,1,2,3,3,3,1
3362,3,3,3,3,5,5,4,5,5,5,5,5,3
71036,3,1,1,1,2,3,3,2,1,4,3,3,3
83139,4,5,4,4,1,4,1,1,4,2,4,5,1
18899,4,4,4,4,2,4,5,4,4,4,4,1,3
120235,2,1,2,1,2,2,2,2,2,5,2,1,2
51021,1,3,1,2,4,1,4,4,4,3,4,5,4
26685,4,5,4,2,5,4,5,5,4,2,5,4,5
14894,3,3,4,4,3,4,3,3,2,4,3,2,3
93495,3,3,3,3,3,3,3,3,3,3,5,4,3
112394,2,2,2,5,4,2,4,4,5,4,4,5,4
95147,3,4,3,1,1,5,4,3,3,3,3,2,5
86163,2,2,2,2,2,5,5,5,5,5,5,5,3
32345,4,5,5,5,4,4,4,4,4,5,1,4,4
69572,1,4,4,4,1,1,1,1,4,3,4,1,1
71601,1,1,1,1,5,5,5,4,4,4,4,3,4
45420,3,3,3,3,1,3,4,5,5,5,5,5,3
94215,4,3,3,1,2,3,3,2,4,4,4,5,2
50056,3,2,2,2,5,4,3,3,3,3,3,2,1
82640,1,4,1,4,2,3,4,1,1,1,1,3,1
33476,5,5,3,5,1,5,3,4,4,5,4,4,1
109132,2,2,3,2,3,5,5,4,4,4,4,5,3
129109,3,5,3,1,3,3,3,2,5,5,5,3,3
111838,1,2,1,3,2,3,3,3,3,1,4,4,2
103881,3,3,4,4,5,4,5,5,5,4,5,5,5
101168,4,4,1,4,4,4,4,4,3,5,4,4,4
26549,2,2,2,4,1,2,1,1,3,1,3,4,1
62068,2,2,2,2,4,2,4,4,3,1,2,2,4
13903,4,4,4,4,3,5,1,4,4,4,5,5,2
111899,3,5,3,5,1,3,1,1,4,5,4,3,1
5827,2,5,2,5,4,2,4,4,3,3,5,5,4
94361,2,2,2,2,4,5,5,5,5,5,5,5,4
65648,2,2,2,2,5,4,5,5,5,5,5,5,5
3596,3,1,4,4,3,4,4,3,3,3,3,2,4
58293,2,4,2,3,3,2,3,3,4,5,4,3,3
52793,5,5,5,2,4,5,4,4,1,3,2,3,4
122201,4,4,4,3,4,4,4,4,5,5,4,4,4
48369,5,5,5,5,5,5,5,5,5,1,5,4,5
81150,4,5,4,1,3,4,3,3,3,4,4,3,3
112818,2,2,2,2,5,5,4,3,3,4,3,3,4
128822,3,3,3,3,3,3,3,3,4,4,5,3,3
125368,3,0,3,3,3,2,2,4,4,3,4,2,2
88635,2,5,2,3,3,2,3,3,1,1,3,1,3
88067,2,2,2,1,5,2,5,5,5,2,4,4,5
128627,3,2,2,4,2,2,4,2,2,2,3,2,2
83987,4,4,4,1,4,4,4,4,3,3,5,5,4
59168,1,5,1,5,4,4,5,2,2,1,3,5,4
74792,1,1,1,1,5,4,4,4,4,4,4,5,5
97444,4,4,4,4,2,5,4,3,3,3,3,5,3
21743,1,3,1,3,5,1,5,5,3,2,3,2,5
3378,3,4,4,4,5,4,4,3,3,3,3,3,3
51784,1,4,1,1,5,1,1,5,5,2,3,2,5
26337,5,1,1,1,5,5,5,5,2,1,2,4,5
80377,3,1,1,1,4,4,4,3,3,3,3,1,2
51857,3,4,3,3,5,3,5,5,3,2,4,4,5
93866,2,1,1,1,3,2,3,2,2,2,2,4,3
59705,3,4,3,4,2,3,3,2,3,4,5,4,2
16749,4,4,4,4,4,4,4,4,1,3,2,2,4
33522,5,5,5,5,5,4,2,5,5,5,5,2,2
74376,1,1,1,1,2,5,5,4,4,4,4,5,4
1370,4,4,4,3,4,4,4,4,3,5,4,5,4
12661,3,3,3,3,3,5,4,5,5,5,5,3,5
123695,2,0,2,3,2,4,5,2,2,2,2,5,5
18821,1,1,1,1,4,3,1,5,5,5,5,1,4
50887,4,4,4,2,1,4,1,1,5,3,4,4,1
80262,2,5,2,5,3,2,3,3,5,3,5,3,3
4032,2,0,2,2,3,2,3,3,3,5,5,4,3
39293,1,5,1,3,2,5,4,5,5,1,5,5,3
44963,3,4,3,2,3,5,5,2,2,3,2,4,3
56381,3,2,2,2,3,3,3,3,3,2,4,4,3
4688,2,3,2,1,3,1,2,1,1,2,1,4,4
80448,2,2,2,3,5,2,5,5,4,2,5,4,5
80120,5,5,5,3,5,4,1,5,2,5,5,1,1
99311,5,5,5,5,3,4,5,3,3,4,3,5,3
46353,0,0,0,1,1,0,1,1,4,3,5,4,1
38448,1,1,1,4,4,1,4,4,2,5,3,1,4
79272,3,5,3,5,1,3,1,1,4,5,2,3,1
66519,1,5,1,2,1,1,1,1,3,2,4,3,1
127012,3,2,3,4,1,3,1,1,2,2,4,4,1
46156,5,5,4,4,5,4,5,5,3,3,4,5,5
39257,3,3,4,2,1,4,1,1,2,3,2,2,1
38903,3,3,3,3,4,4,4,4,3,3,2,2,4
106171,1,4,1,3,1,1,1,1,4,5,5,4,1
83341,5,5,5,5,2,4,5,4,4,4,4,5,3
95023,2,3,5,3,3,5,3,3,4,2,4,4,3
9710,2,1,0,1,3,0,3,3,2,1,1,3,3
15846,2,5,2,3,4,2,4,4,3,2,4,3,4
58050,2,2,2,1,2,2,2,2,3,3,5,4,2
27405,3,5,5,5,3,5,1,3,3,3,3,4,1
64035,2,2,2,4,4,2,4,4,1,1,3,1,4
28847,5,3,3,3,1,4,4,5,5,5,5,2,1
61060,4,4,4,4,3,4,4,5,5,5,5,5,4
90870,4,4,4,4,2,5,4,3,3,3,3,3,4
79443,2,5,2,1,1,2,1,1,4,3,5,3,1
6729,4,4,4,4,3,5,4,5,5,5,5,5,5
71535,4,4,4,4,5,4,5,5,4,3,4,5,5
82502,2,2,2,2,5,4,5,5,5,5,5,5,5
69495,5,5,5,1,4,5,4,4,4,4,2,3,4
78929,2,2,4,2,5,5,4,3,3,4,3,3,4
116960,4,4,4,4,3,5,4,4,4,4,4,4,3
94479,1,1,1,1,2,4,5,4,4,5,4,4,5
14962,2,2,2,2,2,1,2,2,1,2,3,3,2
58093,0,4,0,3,5,2,5,2,2,2,2,5,4
111210,2,3,3,3,2,3,2,2,2,1,4,4,2
103873,4,1,4,3,4,3,4,4,4,4,4,3,3
68482,2,4,4,4,5,4,4,2,2,2,2,1,4
500,2,2,2,2,4,5,4,4,4,4,4,5,5
115055,5,5,5,5,2,5,5,3,3,4,3,5,3
7752,4,5,5,5,4,4,4,4,5,3,2,2,4
48463,2,2,2,2,5,5,5,5,5,3,5,1,5
82577,5,5,1,5,3,5,5,4,4,4,4,4,5
122649,4,0,4,1,5,4,5,5,4,5,4,4,5
19633,4,4,5,4,3,4,4,5,5,5,5,4,3
89119,2,2,2,4,2,2,1,2,4,4,4,1,2
43582,3,1,1,1,3,4,3,3,1,1,1,3,3
99819,1,1,1,1,3,4,4,4,4,4,4,3,5
9885,2,3,3,1,4,3,4,4,5,4,5,3,4
46583,5,1,1,1,5,5,5,5,2,2,3,5,5
75736,3,1,1,1,4,3,4,4,1,5,3,2,4
45538,5,0,5,4,4,5,3,4,2,1,2,5,4
117500,5,4,2,4,2,2,2,2,5,2,4,4,2
30479,1,1,1,3,2,1,2,2,1,1,4,4,2
32751,5,5,5,5,2,1,5,4,4,4,5,5,3
26348,2,3,3,3,2,2,2,2,2,3,3,2,2
93923,3,3,3,3,4,5,4,5,5,5,5,3,5
106692,4,0,4,5,1,4,1,1,5,4,4,4,1
1530,2,3,3,3,4,3,4,2,2,1,2,4,3
68311,5,5,5,2,4,5,4,4,5,3,3,3,4
108818,2,3,2,4,5,2,5,5,3,3,3,1,5
106883,3,3,3,3,5,4,3,3,3,3,3,4,3
38773,1,3,3,3,3,3,4,1,1,2,1,3,1
84835,1,1,2,1,4,4,4,4,3,2,5,5,4
94074,2,2,3,2,2,4,5,3,3,3,3,4,5
81616,0,0,0,3,3,4,5,2,2,2,3,4,4
35582,5,3,3,3,5,5,5,5,5,4,5,5,5
62591,4,5,4,4,3,5,4,4,4,4,4,4,3
114861,1,1,1,4,4,1,2,4,4,4,4,3,4
100422,1,4,1,1,2,1,2,2,5,5,5,3,2
40052,2,3,2,3,1,2,1,1,2,4,3,3,1
16136,4,2,2,2,4,4,4,4,1,2,3,2,4
22743,4,4,4,4,2,5,5,4,4,4,3,3,3
45571,3,4,4,3,5,4,4,5,2,4,1,3,5
45171,3,4,3,4,4,3,4,4,5,4,4,3,4
83916,2,1,1,1,2,2,2,2,3,4,1,4,2
100289,1,1,1,1,5,5,5,5,4,2,5,4,5
47972,1,4,1,4,1,1,1,1,4,4,4,3,1
119937,2,2,2,3,2,2,2,2,4,5,3,1,2
30886,4,0,3,3,2,3,2,2,2,4,4,4,2
96735,4,5,4,5,5,4,5,5,5,4,4,4,5
58615,2,2,2,2,2,5,4,3,3,4,3,4,5
93739,2,2,2,2,2,5,5,4,4,5,4,3,5
72609,5,5,5,3,5,5,4,1,1,5,1,3,3
128437,3,4,4,4,1,1,1,3,3,3,3,1,3
85319,2,4,2,1,5,2,5,5,3,4,4,5,5
122311,3,3,3,3,3,3,4,3,4,2,4,5,3
26634,2,1,1,1,2,3,2,2,3,2,4,3,2
102704,3,3,3,3,3,2,3,3,3,4,4,3,3
62164,3,3,5,5,2,3,2,2,1,2,2,3,2
104392,5,5,5,5,5,5,5,5,5,5,5,3,4
61241,3,3,3,2,5,3,5,5,4,2,2,3,5
9163,4,2,4,3,1,4,1,1,3,3,4,4,1
12344,2,0,2,2,2,2,2,2,2,3,4,4,2
66375,1,4,2,4,1,2,1,1,4,4,5,4,1
50596,3,4,3,4,2,3,2,2,4,3,5,3,2
110728,2,2,2,2,4,4,5,5,5,5,5,3,5
50726,1,5,1,2,4,1,4,4,4,3,4,5,4
119566,5,5,5,5,3,5,5,4,4,4,4,5,5
5744,2,2,2,2,2,4,3,2,2,2,2,4,3
124246,4,3,4,3,4,4,4,4,4,2,4,4,4
69570,2,5,5,5,2,2,2,1,5,2,4,2,2
12527,5,3,3,3,5,5,5,5,2,4,4,1,5
80460,2,2,2,3,2,2,2,2,5,4,4,5,2
120789,3,4,3,2,1,3,2,1,5,5,4,1,1
50533,2,2,2,4,1,2,1,1,1,4,4,3,1
119935,4,4,4,4,3,4,4,4,4,4,4,5,4
1617,3,5,3,2,5,3,5,5,4,3,4,4,5
113051,5,5,5,5,4,5,5,5,5,5,5,5,3
9405,3,3,3,3,4,4,5,4,4,5,4,3,5
35648,5,5,5,4,5,2,2,3,1,3,5,2,2
93835,2,5,2,4,4,2,4,4,1,4,2,2,4
70433,4,4,4,4,5,4,4,5,5,5,4,4,5
72080,1,1,4,1,4,4,4,5,5,5,5,3,4
37784,3,4,4,4,3,3,3,3,4,5,3,2,3
67516,3,3,3,3,2,3,2,2,4,5,4,4,2
119357,0,4,0,3,4,4,4,4,4,4,4,3,4
25364,1,1,1,1,2,2,2,4,4,4,4,3,4
78291,2,2,2,2,3,3,5,5,5,5,5,4,4
12509,1,1,1,2,2,1,2,2,4,4,1,2,2
114928,2,2,2,2,2,4,4,5,5,5,5,5,3
1072,3,2,3,3,2,3,2,4,4,3,4,1,4
68524,5,0,5,3,5,5,5,5,3,4,4,4,5
33962,5,5,5,5,2,4,5,4,4,4,4,4,3
92547,1,5,1,4,2,1,2,2,2,3,4,3,2
19367,2,2,2,2,5,2,3,3,3,3,3,5,3
77695,4,4,4,5,1,4,1,1,3,2,5,5,1
73199,2,2,2,2,1,3,3,2,2,2,2,4,4
56931,2,2,2,3,2,5,5,3,1,4,4,5,5
16635,1,1,1,1,5,4,5,5,3,3,3,3,5
4331,3,2,3,4,5,3,5,5,1,1,4,4,5
60842,3,2,2,2,5,2,1,3,3,3,3,2,1
118252,2,2,2,2,2,3,4,5,5,5,5,3,5
38430,5,3,3,3,5,5,5,5,5,3,3,2,5
97792,3,3,3,3,3,5,4,2,2,2,2,5,5
32750,4,4,4,4,4,2,2,5,5,5,3,2,3
18271,5,5,5,2,4,5,4,4,5,4,4,5,4
29947,1,5,5,5,3,3,2,2,2,2,1,1,3
18336,2,4,2,4,4,2,4,4,5,3,4,4,4
35624,3,1,3,4,2,3,2,2,1,4,4,1,2
6311,1,1,1,1,5,5,5,5,3,5,5,4,5
123743,3,2,2,2,3,3,3,3,2,1,4,4,3
39160,2,5,2,3,3,2,2,3,1,4,5,4,3
46696,4,3,4,3,4,3,4,4,4,4,4,2,4
67035,2,2,2,2,2,5,4,2,2,2,2,5,5
2179,2,4,4,4,4,3,4,2,2,2,2,3,3
29780,3,2,0,3,1,4,4,3,3,0,3,1,1
92580,4,4,4,5,4,4,1,4,4,5,4,4,4
50451,4,5,5,5,4,4,4,4,1,4,3,1,4
100889,5,5,5,5,2,5,5,3,3,3,3,3,3
74686,4,4,4,1,5,4,5,5,5,4,4,4,5
75785,2,2,3,3,1,4,3,5,5,3,5,1,2
59704,4,4,4,4,3,4,3,3,3,4,5,4,3
28464,1,2,1,3,1,3,2,1,3,4,3,2,2
83552,5,5,5,2,5,5,5,5,5,5,5,5,5
44717,2,4,2,3,1,2,1,1,4,2,5,4,1
110,5,5,5,3,2,5,2,2,4,5,4,5,2
53628,1,1,5,1,5,4,5,5,5,5,5,3,5
88767,3,3,3,3,5,5,4,4,4,4,4,3,3
27951,3,3,3,4,1,3,1,1,2,4,5,5,1
61877,2,4,4,4,2,2,1,2,1,1,4,4,2
29925,2,2,3,4,4,3,3,4,4,1,4,2,4
42859,4,5,4,4,5,4,5,5,1,5,2,5,5
59940,2,4,4,4,2,2,2,2,1,5,3,2,2
50425,4,3,1,1,1,4,4,4,4,4,4,2,1
13084,3,2,3,3,5,3,4,3,3,3,3,3,1
4464,4,4,4,4,4,4,4,4,1,2,4,3,4
24340,2,5,4,5,2,2,2,2,1,4,3,1,2
87825,2,1,1,4,1,3,2,5,5,2,5,3,3
126145,1,4,1,4,1,1,1,1,1,2,2,3,1
63710,1,2,2,3,1,2,1,1,3,2,5,4,1
2161,1,1,1,1,3,4,4,2,2,2,2,5,4
12721,3,2,2,3,2,4,4,1,2,3,4,4,4
26010,2,3,2,3,3,2,3,3,2,3,3,2,3
106349,3,5,2,3,2,2,1,2,5,3,4,5,2
119942,3,3,3,1,5,3,5,5,1,3,2,4,5
17546,1,1,1,2,4,1,4,4,5,3,1,2,4
91669,5,2,5,3,5,2,5,5,2,2,4,1,5
53205,3,4,4,4,3,3,3,3,2,5,3,1,3
35421,5,4,5,3,5,5,5,5,5,4,4,3,5
47110,2,2,2,2,5,2,4,5,5,5,5,1,5
30600,4,4,4,4,1,3,1,4,4,4,4,5,1
64088,1,4,1,4,5,1,5,5,5,3,4,5,5
64770,4,4,4,4,4,4,4,4,4,4,4,3,3
129170,1,1,0,3,1,4,3,4,4,0,4,3,4
101634,0,1,1,3,4,1,4,4,5,5,4,5,4
54228,5,4,4,4,5,5,5,5,1,3,1,2,5
78215,4,5,4,5,5,4,5,5,3,4,1,3,5
61218,2,2,2,2,2,5,5,4,4,3,4,4,3
102743,3,5,3,1,2,3,4,2,4,2,5,4,2
124394,2,2,2,2,2,2,2,2,3,5,4,4,2
111365,3,3,3,3,3,4,5,5,5,5,5,5,3
108608,3,3,3,3,4,5,4,4,5,4,5,2,4
17370,1,3,1,3,3,1,3,3,5,5,2,3,3
7287,2,0,2,3,5,2,5,5,4,5,3,4,5
109914,0,4,0,2,5,0,5,5,3,4,4,3,5
86011,4,3,5,5,5,3,3,4,4,4,4,4,2
77874,2,2,2,2,4,4,4,4,4,3,5,5,4
59620,5,3,3,3,5,4,5,5,4,4,3,2,5
4081,4,2,2,2,2,3,3,4,4,3,4,3,2
128662,1,1,1,1,4,4,4,5,3,5,4,4,4
29733,3,3,3,4,3,3,3,3,4,4,4,2,3
87810,3,2,2,2,4,4,3,3,3,3,3,3,1
128474,2,4,2,1,2,4,4,3,3,2,3,5,3
4586,5,5,4,5,3,5,5,5,5,5,5,5,5
56963,4,5,5,4,5,4,4,2,2,4,3,4,4
114076,4,2,2,2,5,2,3,4,4,4,4,1,4
27161,3,1,3,3,4,4,4,5,1,4,1,4,4
122494,3,3,3,3,2,5,5,2,2,2,2,3,5
117185,1,5,1,1,3,1,3,3,4,2,5,4,3
12173,4,4,4,4,2,4,2,2,2,3,4,4,2
81419,2,2,2,2,5,4,4,4,4,4,4,3,4
7146,5,5,5,5,4,5,4,4,4,4,5,4,3
129833,1,4,2,4,3,2,3,3,3,3,4,4,3
16168,2,4,2,2,5,2,5,5,1,1,5,2,5
92183,1,1,1,1,5,3,5,5,5,5,5,3,3
95392,3,4,3,2,5,3,5,5,5,5,3,4,5
24048,2,5,2,2,3,4,4,1,1,2,3,4,3
67149,5,1,1,1,5,5,3,5,4,4,3,1,5
6380,5,5,4,5,4,5,4,5,5,5,4,5,5
7471,2,4,2,3,5,2,5,5,1,4,3,4,5
24011,2,2,2,2,2,2,2,2,4,1,4,3,2
13951,2,2,1,3,3,1,5,3,2,4,4,1,3
61837,4,4,4,4,3,5,5,5,5,5,5,5,3
16694,4,5,4,4,4,4,3,4,5,3,3,2,4
31717,3,5,3,2,2,3,2,2,3,3,4,3,2
33656,4,5,5,5,4,4,4,4,4,3,1,5,4
112381,3,3,3,3,3,3,3,3,4,5,3,3,3
41464,1,1,1,1,3,2,5,5,5,5,5,3,2
112472,5,2,5,4,4,4,4,1,1,5,1,4,1
85976,1,5,1,3,4,1,4,4,5,2,4,4,4
6536,1,1,1,1,2,5,4,3,3,4,3,5,5
88667,2,5,2,1,3,4,5,4,4,2,2,5,3
74966,1,3,0,3,3,0,3,3,2,3,2,3,3
77518,3,3,3,3,5,5,5,5,1,2,1,4,5
23996,4,4,4,4,5,3,5,4,4,4,4,5,2
73069,1,5,5,5,1,4,4,1,1,1,1,4,3
40215,5,5,5,5,4,3,3,5,5,5,5,1,5
15581,3,5,5,5,3,3,3,3,3,2,3,4,3
34199,3,2,2,3,1,2,5,1,2,1,2,1,1
44240,2,2,4,2,5,4,3,2,2,2,2,3,4
124739,4,5,4,1,1,4,1,1,4,2,5,3,1
126920,3,2,3,4,4,3,3,2,2,3,2,2,1
120290,3,4,3,3,5,3,5,5,5,2,4,3,5
4655,2,2,2,4,4,2,4,4,4,3,4,2,4
11762,1,1,1,1,2,4,1,4,4,4,4,2,5
118119,1,4,1,4,2,1,2,2,4,2,3,4,2
114206,1,2,1,1,4,4,4,4,3,3,5,3,4
53582,1,1,1,1,1,1,4,1,3,2,4,4,1
128300,1,1,4,1,4,5,4,5,5,5,5,3,4
98417,2,2,2,4,1,2,1,1,3,3,3,1,1
49886,3,3,3,3,2,4,5,5,5,5,5,1,5
73855,1,5,1,3,3,1,4,3,5,2,5,2,3
12589,2,3,3,3,1,4,4,2,2,2,2,2,1
16914,4,5,4,5,2,3,2,5,5,4,5,3,4
19089,0,0,0,2,5,0,5,5,3,1,1,3,5
60056,4,2,4,4,4,3,3,2,2,4,2,3,1
30070,5,4,5,3,5,5,4,3,3,5,3,4,4
12730,3,4,3,4,2,3,1,2,4,2,4,5,2
42777,2,3,2,2,5,3,5,3,3,2,2,1,4
48846,3,3,3,2,4,3,4,4,1,4,3,3,4
39217,0,1,1,4,4,1,4,4,4,2,1,2,4
63383,3,4,3,3,4,3,3,4,4,5,5,5,4
111780,1,5,3,5,1,1,1,1,1,5,4,1,1
60804,2,1,2,3,2,2,2,2,4,1,3,4,2
104958,1,1,1,1,4,4,5,5,5,5,5,4,3
53289,3,3,3,3,4,1,2,4,4,4,4,1,5
18550,4,0,3,5,3,3,3,3,2,2,4,4,3
111535,3,4,4,2,1,4,1,1,3,5,4,4,1
1017,2,2,2,2,4,3,3,4,4,5,4,4,3
77912,4,4,4,4,4,5,5,4,4,4,4,3,3
106150,4,2,1,1,4,4,4,4,5,5,5,4,4
8456,5,5,5,5,2,5,4,4,4,5,4,4,4
125653,4,4,4,4,3,5,4,4,4,4,4,4,3
21337,3,3,3,3,3,3,3,3,3,4,4,2,3
89615,2,2,2,2,2,5,4,3,3,3,3,3,3
62939,5,5,5,5,4,4,4,4,4,3,4,4,4
74056,5,0,0,2,0,1,1,5,2,5,5,1,1
18458,2,0,2,2,5,2,5,5,1,1,2,5,5
11059,3,3,3,3,3,3,3,3,2,4,1,2,3
98213,2,5,5,5,2,2,2,2,1,3,3,2,2
96048,3,1,4,4,2,4,2,2,1,2,4,2,2
64789,2,5,3,3,1,3,2,2,2,2,2,2,3
122957,3,3,3,3,5,5,4,5,5,5,5,4,4
26490,1,1,1,1,3,5,3,3,2,1,2,2,3
93965,3,3,3,3,3,5,4,2,2,2,2,3,3
27493,3,5,3,3,5,3,5,5,5,2,1,5,5
105762,3,1,3,4,2,3,5,2,2,2,4,3,2
3243,3,3,2,3,3,5,4,5,5,5,5,5,4
9220,4,4,4,4,2,4,5,4,4,4,5,4,5
9010,2,4,2,2,5,3,4,4,4,2,4,3,3
40608,2,4,2,5,2,2,1,2,3,4,4,3,2
45396,3,5,3,1,5,3,4,3,3,3,3,5,3
4718,3,3,3,3,5,5,5,5,4,3,5,4,5
66052,4,4,4,4,1,3,2,5,5,5,5,5,1
31178,5,3,3,3,2,5,4,5,5,5,5,5,2
5013,3,5,3,2,2,3,2,2,4,2,5,3,2
69760,2,4,2,3,2,2,2,2,2,4,4,3,2
28327,3,3,3,3,4,4,4,4,5,3,2,4,4
76813,3,5,4,4,5,5,4,3,3,4,3,3,4
120591,3,4,3,4,3,2,3,3,2,1,3,4,3
63654,1,2,1,3,4,1,4,4,4,4,3,4,4
31171,1,5,1,2,2,1,2,2,5,3,4,3,2
75604,5,5,5,5,5,5,5,5,2,2,3,4,5
115450,3,3,3,3,4,5,5,4,4,4,4,3,5
97420,2,5,5,5,4,4,4,2,2,2,2,4,4
47777,4,4,5,4,3,1,3,5,5,5,5,1,5
28520,2,2,2,4,5,2,5,5,1,5,3,4,5
3127,2,5,5,5,2,2,1,2,3,1,4,1,2
116108,2,2,2,3,1,2,1,1,3,2,3,3,1
8397,4,5,4,4,5,4,5,5,3,4,5,3,5
2790,3,5,2,5,4,2,3,3,3,3,3,4,2
26675,3,5,3,5,3,3,2,3,4,4,4,3,3
44084,1,1,4,1,5,2,4,3,3,3,3,2,2
117954,4,3,2,3,1,4,3,4,4,4,4,1,2
88687,4,4,4,4,1,4,1,1,3,3,4,5,1
122133,3,1,1,1,3,3,3,3,1,4,3,2,3
69488,4,5,5,3,2,5,2,2,5,3,4,5,2
93473,1,1,3,3,2,1,2,2,3,1,3,3,2
64346,4,4,4,4,4,5,4,4,3,2,5,5,4
40707,2,0,2,2,2,2,3,2,4,2,2,5,2
66689,2,2,2,2,4,4,5,5,5,5,5,3,4
120450,3,4,3,3,3,3,3,3,4,2,5,5,3
107298,2,5,2,3,4,2,5,4,5,5,2,2,4
42279,2,2,2,4,1,2,1,1,4,5,4,1,1
11874,4,5,4,5,4,2,4,1,4,1,1,4,4
109609,2,4,2,5,3,4,5,4,4,2,4,3,3
110349,4,4,4,4,5,5,5,5,5,5,5,4,5
85128,5,5,5,5,1,5,1,1,3,5,5,3,1
122592,3,3,3,3,4,4,4,4,4,5,4,4,4
43578,4,2,4,4,4,4,4,4,1,2,3,1,4
52610,5,5,5,5,4,4,3,5,5,5,5,4,2
80797,3,3,2,3,5,5,4,3,3,3,3,3,3
96025,3,3,3,3,5,4,4,4,4,4,4,3,3
16507,1,5,1,4,4,1,4,4,3,5,4,4,4
31197,4,2,4,2,1,4,1,1,1,1,1,3,1
94588,4,4,4,4,3,5,5,4,4,4,4,3,3
80339,2,2,2,4,3,3,4,4,4,2,4,2,4
76191,4,4,4,4,3,4,3,3,5,2,5,3,3
6773,1,1,1,1,5,4,5,5,5,5,5,5,3
56175,4,2,2,2,4,4,4,4,2,2,1,2,4
37135,3,4,3,3,5,5,5,5,5,5,2,4,5
128920,3,2,2,4,3,2,3,3,1,4,4,3,3
108833,2,5,5,5,4,4,4,2,2,2,2,2,1
49384,5,5,5,2,4,5,1,4,2,2,3,3,4
100426,1,1,1,1,5,4,4,5,5,5,5,5,3
86804,2,2,2,2,3,2,3,3,3,4,4,3,3
83769,2,5,2,2,4,2,4,4,3,2,4,3,4
25974,4,4,4,4,4,4,4,4,1,3,4,2,4
60830,3,3,5,3,4,3,3,3,3,3,3,2,1
63819,3,3,3,2,3,3,5,3,1,1,3,3,3
12644,4,4,4,2,2,4,2,2,5,5,5,5,2
119236,1,5,1,2,5,1,5,5,2,2,1,2,5
56000,1,1,1,1,1,2,2,4,4,4,5,2,2
25931,4,5,4,2,1,4,1,1,1,2,4,1,1
88437,2,1,4,4,5,3,3,2,2,2,2,1,1
30784,2,3,5,3,4,2,2,2,2,2,2,4,3
30787,4,3,5,3,3,4,3,4,4,4,4,4,1
26497,2,2,2,2,4,3,2,4,4,4,4,3,4
83654,2,2,3,3,3,3,3,3,2,2,4,3,3
80427,1,3,3,3,1,1,1,3,3,1,3,1,1
87733,2,1,2,2,2,2,2,3,5,1,2,2,2
42046,3,2,2,2,5,4,4,2,2,2,3,3,1
92013,2,2,2,2,2,2,2,2,2,4,4,3,2
95481,4,4,4,4,4,4,4,4,2,2,2,2,4
88553,4,4,4,5,1,4,1,1,3,3,4,3,1
95049,3,5,3,1,2,3,4,2,4,3,5,4,2
70694,4,4,4,4,5,5,5,5,5,4,5,5,5
105868,3,4,3,2,4,3,4,4,5,2,5,3,4
103392,2,2,2,2,4,4,4,5,5,5,5,4,3
106262,3,3,3,3,4,4,4,4,5,5,4,3,4
105897,1,1,1,1,2,4,3,1,1,1,1,3,4
100344,2,4,2,3,3,2,3,3,5,5,5,3,3
127896,5,5,5,5,4,5,5,4,4,4,4,3,5
15136,3,3,3,3,2,5,5,4,4,4,4,5,1
114917,2,2,5,2,4,4,4,5,5,5,5,4,3
97725,4,0,4,3,4,3,3,5,3,4,4,3,3
4999,2,4,3,4,5,4,4,2,2,2,2,2,1
111731,1,1,1,1,2,4,4,4,4,4,4,3,3
53857,5,5,5,5,3,5,4,5,5,5,3,4,3
75602,4,5,4,4,4,4,4,4,3,3,4,3,4
109632,3,3,3,3,5,4,5,4,4,4,4,5,3
74084,3,3,3,3,4,4,4,5,5,5,5,4,5
77676,3,5,3,1,1,3,1,1,4,2,5,5,1
115651,2,5,4,5,2,2,2,2,1,3,3,2,2
19697,4,4,4,4,1,4,4,1,4,2,4,3,1
121152,2,4,4,4,2,2,2,3,1,2,4,2,2
117168,3,4,3,1,2,5,5,5,5,3,5,1,1
77465,2,2,2,3,5,2,5,5,3,1,3,2,5
24384,4,4,4,4,5,1,2,4,4,4,4,1,1
95002,4,4,4,4,5,3,3,3,3,4,3,4,4
20210,3,0,3,2,3,3,5,3,5,2,3,5,3
28265,2,4,2,2,1,2,1,1,5,4,3,3,1
60393,2,2,4,2,3,4,4,2,2,2,2,4,1
48620,5,4,5,5,5,4,5,1,1,5,1,5,5
129434,1,2,2,2,2,4,3,1,1,1,1,1,1
63806,4,1,1,1,4,4,4,4,3,1,2,5,4
38666,4,3,4,1,4,4,5,4,1,4,4,3,4
116993,5,5,5,5,4,4,4,4,4,5,4,5,3
104930,2,2,2,2,5,2,4,5,1,2,1,1,5
20373,3,1,3,3,2,3,2,2,3,4,3,4,2
38823,3,4,3,4,2,4,3,4,4,3,2,4,4
106721,3,3,3,2,4,3,4,4,5,3,5,5,4
68340,4,4,4,4,3,5,4,4,4,4,4,3,3
31529,3,4,3,2,4,4,5,3,3,3,3,4,5
56564,1,1,1,1,4,5,5,4,4,4,4,3,3
111029,2,4,4,4,2,2,2,2,3,5,3,4,2
34128,5,5,5,2,3,5,3,3,2,5,4,4,3
45447,4,4,5,4,3,5,5,4,4,4,4,5,3
101561,2,2,2,3,3,2,3,3,3,3,4,3,3
94790,4,4,4,4,5,4,4,5,5,5,5,4,5
40860,3,2,3,4,3,3,3,3,4,2,3,4,3
122387,3,4,3,5,1,3,1,1,3,5,5,3,1
93623,1,3,3,3,1,1,1,1,4,2,1,2,1
83077,4,5,5,5,5,3,3,4,4,4,4,2,2
66174,2,2,2,5,5,2,3,5,5,5,4,5,5
67836,5,4,2,4,4,3,1,5,5,5,5,1,3
54587,5,5,5,5,3,4,5,5,5,5,5,4,5
88963,4,4,4,4,2,4,4,4,4,4,4,4,4
41788,2,2,2,2,4,4,5,4,4,3,5,4,4
125645,5,5,5,5,3,4,5,5,5,5,5,4,4
73515,3,3,3,3,2,4,4,4,4,5,4,4,5
19162,4,2,2,2,4,4,4,4,1,5,3,3,4
98988,4,5,4,4,3,4,3,3,4,4,4,3,3
47525,3,4,3,5,2,3,2,2,4,4,5,5,2
82871,5,5,5,5,5,5,4,5,5,5,5,4,4
60426,3,3,3,3,5,3,3,5,3,1,4,4,5
84610,5,5,5,5,2,5,5,4,4,4,4,5,5
113025,1,2,1,1,3,4,4,4,4,4,4,3,5
82606,3,4,4,4,3,3,3,3,1,2,4,4,3
63637,3,3,3,3,3,2,3,3,2,3,4,4,3
127115,3,4,3,2,3,3,3,3,4,2,4,4,3
60760,1,1,3,1,4,4,4,4,5,2,4,4,4
103953,4,2,2,2,5,3,1,4,4,4,4,4,3
65016,4,1,1,1,4,4,4,4,2,4,3,5,4
103614,4,4,4,4,2,5,5,5,5,5,5,4,4
112516,1,5,2,3,4,5,4,2,2,2,2,5,3
128665,2,2,2,2,5,4,5,5,3,4,4,3,5
103797,3,3,3,3,3,5,4,5,5,5,5,4,5
46046,3,4,4,1,3,4,5,3,3,3,4,4,3
38653,5,5,5,5,3,5,2,4,4,4,4,5,3
50005,1,4,4,4,1,1,1,1,4,4,3,2,1
48145,2,4,4,4,5,2,2,2,2,2,2,1,2
110733,3,3,3,3,3,4,4,4,4,4,4,4,3
33659,2,5,5,5,4,3,3,2,2,2,2,1,4
58983,3,3,3,3,3,5,4,5,5,5,5,5,4
122865,0,0,0,4,4,5,5,1,1,1,1,3,4
27350,3,2,2,2,2,2,2,2,3,4,3,5,2
26361,4,4,4,5,3,4,3,3,1,3,1,2,3
108784,3,3,3,3,2,3,2,2,1,3,3,1,2
105171,1,3,1,1,3,1,3,3,5,3,3,5,3
88823,3,2,2,2,3,3,2,3,2,3,3,2,3
61018,3,3,3,4,3,4,4,2,4,4,4,4,4
103590,1,1,1,1,2,4,4,4,4,4,4,3,4
108764,5,5,5,5,2,4,5,4,4,4,4,3,3
115781,3,4,3,3,3,3,3,3,4,2,3,3,3
85767,1,0,0,4,1,0,1,1,4,5,4,4,1
5570,3,2,3,3,4,3,4,4,2,3,4,1,4
41579,3,5,3,5,3,3,3,3,5,2,5,3,3
115068,1,1,1,4,1,1,1,1,2,2,4,4,1
9836,3,3,3,3,4,5,4,4,5,5,5,3,4
56205,2,3,2,3,2,2,2,2,2,1,4,1,2
49259,3,4,3,3,5,3,4,5,4,3,4,2,5
98078,3,4,3,2,1,2,1,3,3,3,1,1,4
33305,3,2,0,4,2,3,4,2,2,0,2,3,3
110458,2,3,2,2,3,2,3,3,4,2,5,3,3
105500,3,4,3,3,5,5,5,5,5,5,5,3,3
12743,3,2,3,3,4,3,4,4,4,1,3,4,4
76742,1,1,1,1,2,5,4,4,4,4,4,4,4
106640,1,2,2,2,1,1,1,1,4,4,3,3,1
73683,3,2,4,3,2,4,2,2,1,5,3,2,2
96930,2,2,2,4,4,2,4,4,3,2,3,1,4
19955,4,4,4,4,5,4,5,5,5,1,1,4,5
54227,4,1,5,1,4,4,4,4,3,5,3,1,4
13746,2,0,2,4,2,1,1,5,1,3,5,1,1
77545,1,5,5,5,5,4,3,1,1,1,1,2,1
128660,4,4,2,4,5,5,5,3,4,5,5,5,5
20205,2,2,2,2,1,4,4,2,2,2,2,1,3
6427,2,5,2,4,3,1,2,4,4,2,4,1,3
30422,4,4,4,2,2,4,2,2,2,3,2,4,2
119713,1,1,1,1,3,1,3,3,5,5,4,5,3
55736,5,5,5,3,3,5,3,3,4,3,3,3,3
10523,3,0,3,2,4,3,4,4,5,5,4,3,4
33560,3,3,3,3,1,4,4,4,4,4,4,5,4
9201,3,3,3,1,4,3,4,4,1,2,4,3,4
22407,3,3,4,3,1,1,2,5,5,5,4,4,1
1976,2,5,2,1,1,2,1,1,4,4,4,3,1
69759,2,5,1,4,3,1,4,3,4,4,4,5,3
119514,1,1,1,4,5,1,5,5,2,5,4,2,5
29523,1,3,3,3,4,4,3,1,1,1,1,1,3
112572,5,5,5,5,5,5,4,4,4,4,4,5,3
109246,3,4,3,1,1,3,1,1,4,3,5,3,1
41319,3,2,3,3,1,3,1,1,3,5,4,3,1
108440,1,4,4,4,2,2,2,1,1,1,1,3,4
38656,3,3,3,2,5,3,5,5,4,4,4,1,5
71623,1,1,1,1,2,5,2,1,1,1,1,5,1
73986,3,2,2,2,3,3,3,3,4,5,3,2,3
113003,5,4,5,3,4,5,4,4,1,4,3,4,4
20227,4,4,3,4,4,4,4,4,5,1,4,1,4
6385,3,1,1,1,3,3,3,3,2,2,4,1,3
103145,3,4,3,2,4,3,4,4,5,2,4,4,4
112424,4,4,4,4,4,4,4,4,4,2,5,4,4
26000,3,5,3,3,4,3,4,4,3,4,5,3,4
14342,4,1,4,3,5,4,5,5,2,3,3,1,5
16843,4,5,5,5,4,4,4,4,2,1,4,4,4
30537,3,3,3,3,5,4,4,1,5,3,5,4,4
62021,4,2,4,5,3,4,3,3,4,4,3,5,3
128284,4,4,4,4,3,4,3,3,4,2,5,5,3
70700,5,0,5,3,5,5,5,5,1,1,4,1,5
92658,3,1,3,2,5,3,5,5,4,5,3,3,5
76357,3,1,3,2,4,3,4,4,4,5,3,4,4
81995,1,1,1,1,4,4,5,3,3,3,3,3,4
116502,1,2,1,4,2,1,2,2,1,1,4,3,2
117110,3,3,3,3,2,2,2,2,4,2,3,5,2
121764,3,2,3,3,1,3,1,1,1,5,4,3,1
46247,5,3,3,3,5,5,5,5,2,3,4,1,5
66526,4,5,3,5,1,3,5,4,4,4,4,3,1
125208,2,0,1,3,4,1,1,4,3,5,2,2,4
40597,1,2,2,2,1,1,1,1,1,4,3,4,1
55570,5,5,1,5,5,4,4,4,4,4,4,5,3
95823,2,2,2,2,5,4,4,3,3,4,3,5,3
98966,3,2,3,2,4,3,4,4,4,2,1,4,4
41192,3,2,2,2,4,3,4,4,1,5,3,3,4
897,5,0,5,1,5,5,5,5,3,5,4,5,5
99428,2,2,2,4,2,4,4,4,4,2,4,1,4
103345,3,5,3,3,3,4,4,2,2,3,2,5,4
113375,5,5,5,5,2,4,4,2,2,2,2,5,4
62408,4,4,2,4,5,3,4,4,4,4,4,4,5
116143,2,4,2,3,4,2,3,4,5,4,4,5,4
36886,3,5,3,1,1,3,1,1,3,3,4,4,1
47088,1,5,2,4,5,2,5,5,3,2,4,5,5
77840,4,4,4,4,5,5,4,4,4,4,4,4,4
100320,2,2,2,2,4,4,4,3,5,5,5,4,4
87605,3,3,3,3,3,4,5,3,3,3,3,5,5
27511,3,4,4,4,1,4,3,2,2,3,2,1,2
119128,4,3,4,4,2,4,3,2,4,4,3,2,2
14457,0,0,0,5,5,5,4,4,4,4,4,5,3
68120,4,0,4,3,4,4,1,4,2,2,4,4,4
7372,5,1,5,4,5,5,1,5,1,3,4,4,5
97543,3,3,3,3,1,3,1,1,4,1,3,4,1
118471,5,5,5,5,4,5,5,5,5,5,5,5,5
62919,2,2,2,2,5,5,4,3,3,3,3,4,5
20937,4,3,3,3,4,4,3,4,4,4,4,2,1
58079,4,4,4,4,3,4,5,5,5,5,5,3,4
103120,2,4,2,1,2,2,1,2,2,2,2,4,3
54189,3,5,3,1,1,3,1,1,5,4,3,4,1
95414,3,1,3,2,4,3,4,4,1,4,3,1,4
123610,3,3,2,3,5,5,5,4,4,4,4,4,3
56544,3,3,3,5,4,3,4,4,5,4,5,4,4
18638,2,5,2,3,2,2,2,2,3,5,4,5,2
56265,2,0,1,4,3,1,3,3,2,1,1,3,3
23095,3,3,3,3,3,3,3,3,4,4,5,3,3
88246,3,3,3,3,4,4,4,5,5,5,5,5,4
2688,2,2,2,2,4,5,4,4,4,4,4,3,4
58328,2,5,2,2,4,2,4,4,5,5,5,3,4
128802,5,0,5,1,5,2,2,5,3,4,4,2,2
4191,3,3,3,3,2,5,4,4,4,4,4,4,5
52157,4,1,1,1,3,5,2,4,4,4,4,5,1
35450,3,2,3,4,3,3,3,3,4,2,4,3,3
78955,2,3,2,2,5,2,2,5,1,3,2,2,5
20913,3,3,3,2,4,3,4,4,1,4,5,1,4
61092,2,5,2,2,4,2,4,4,3,3,4,5,4
24019,5,3,3,3,3,5,1,5,5,5,5,5,2
42039,1,1,1,1,5,5,4,5,4,2,5,4,5
108952,0,3,0,2,4,3,4,4,3,4,4,3,4
72514,3,5,5,5,3,3,3,3,2,2,3,2,3
45465,5,5,5,5,2,3,3,4,4,5,4,4,4
52323,1,1,1,1,2,2,2,2,1,3,2,4,2
91894,1,1,1,1,2,5,5,4,4,4,4,3,3
57581,4,1,1,1,4,3,2,4,4,4,4,4,2
10752,3,2,2,2,4,2,2,3,3,2,3,2,2
78797,3,5,4,5,4,3,4,3,3,3,3,2,3
20370,1,5,1,4,1,1,1,1,4,3,5,4,1
9464,3,5,3,1,4,3,4,4,4,2,5,4,4
35433,2,5,2,3,3,2,3,3,5,3,4,4,3
4625,2,2,2,3,2,2,2,2,4,2,5,4,2
38205,2,5,3,5,2,2,4,2,3,1,3,3,2
100,0,4,0,4,5,0,5,5,4,2,5,4,5
94578,1,1,1,3,1,1,1,1,3,5,4,1,1
9641,2,2,2,4,1,2,1,1,5,5,4,3,1
26017,4,2,3,3,4,4,4,4,1,4,5,5,4
80291,3,3,3,3,4,5,5,4,4,4,4,4,3
9837,1,1,1,1,4,5,5,4,4,4,4,3,5
68550,5,5,5,3,4,5,4,4,4,4,4,5,4
86168,1,1,1,1,2,5,4,3,3,3,3,4,4
64272,2,2,2,2,5,4,4,3,3,3,3,5,3
1874,3,5,4,5,3,3,3,3,4,4,3,4,3
124441,3,4,4,3,1,4,1,1,4,2,3,3,1
43180,3,3,3,4,4,3,4,4,4,4,3,2,4
84198,4,4,4,4,3,4,5,2,2,2,2,4,4
69346,1,1,5,1,3,3,3,3,5,4,5,5,3
76918,1,4,1,2,4,1,4,4,5,5,5,3,4
12961,3,4,4,4,3,3,3,3,2,4,4,1,3
98404,3,1,1,1,3,3,3,4,5,3,3,3,3
60362,4,1,4,4,5,5,4,5,5,5,5,5,4
126946,1,1,4,1,5,5,5,1,1,2,1,5,5
109827,3,3,5,3,4,4,4,4,3,5,5,5,4
76125,3,3,3,3,5,4,5,4,4,4,4,3,4
119740,2,5,2,4,1,2,1,1,4,1,4,5,1
98378,4,1,1,1,4,4,4,4,3,3,3,2,4
112484,3,5,3,3,4,4,5,2,2,3,2,4,3
8098,3,3,3,3,4,5,5,5,5,5,5,5,4
21716,2,2,2,2,3,2,3,3,2,5,1,4,3
18650,3,4,3,3,2,3,2,2,3,3,4,2,2
94802,4,5,5,5,2,2,4,2,1,2,3,4,2
110541,5,4,5,3,2,5,2,2,4,2,5,4,2
32082,0,5,0,1,5,3,3,5,3,4,2,3,5
88726,2,5,2,2,5,2,5,5,5,4,5,4,5
26084,2,4,4,4,1,3,3,2,2,2,2,1,2
105438,2,2,2,2,4,4,3,2,2,2,2,1,2
111098,5,5,5,3,2,5,2,2,3,4,5,3,2
58315,3,3,3,3,4,3,4,4,4,4,4,3,3
100816,5,5,5,5,3,5,4,4,4,4,4,3,4
26625,2,0,2,4,5,2,2,5,3,2,2,1,5
4805,4,5,5,2,5,5,5,5,3,5,4,3,5
90610,5,5,5,5,4,5,5,5,5,5,5,3,4
56219,1,1,5,1,2,4,5,4,4,5,4,5,4
46873,2,2,2,1,3,2,3,3,1,1,2,1,3
85429,3,3,5,3,3,4,4,5,5,5,5,3,5
53884,4,5,4,2,1,4,1,1,4,3,4,3,1
13491,4,1,4,4,3,3,2,4,4,4,4,4,4
66766,5,5,5,5,4,5,4,5,5,5,5,4,3
15785,3,4,0,5,4,4,4,4,4,0,4,5,5
19515,1,4,1,1,1,1,1,1,5,2,4,4,1
28387,2,4,2,1,3,2,4,3,4,2,3,4,3
12800,5,2,5,5,5,5,5,5,1,5,4,3,5
51541,5,1,2,1,5,5,5,5,3,2,4,4,5
48477,3,5,3,3,1,2,5,4,4,4,4,4,3
52006,1,0,1,3,2,1,2,2,2,4,5,5,2
48356,2,0,2,4,1,2,1,1,1,3,4,4,1
36270,3,5,3,3,1,3,1,1,1,1,2,5,1
96436,4,4,3,4,3,4,4,5,5,5,5,3,5
8822,4,4,4,3,3,4,3,3,3,4,4,3,3
128655,4,4,4,3,4,4,4,4,3,2,4,5,4
23725,2,2,2,3,3,2,1,3,2,4,4,3,3
30160,2,4,2,2,3,2,3,3,5,2,4,3,3
9128,3,5,3,1,3,3,1,3,4,2,5,5,3
69592,1,3,0,4,0,1,1,2,4,2,3,1,1
105356,1,2,1,4,4,3,3,1,1,1,1,2,1
17616,3,1,3,3,4,4,4,4,2,2,5,5,4
124464,4,3,4,3,3,3,4,1,1,4,1,4,1
21586,4,3,4,3,1,4,1,1,2,2,3,4,1
119458,2,4,2,3,4,4,4,4,4,2,4,3,4
72063,3,3,3,3,4,3,5,5,5,5,5,4,3
53087,2,4,2,2,3,2,3,3,1,4,3,2,3
9328,3,5,3,4,3,3,3,2,1,3,4,3,3
33007,2,5,0,5,3,0,3,3,3,5,5,3,3
28238,2,5,2,1,2,2,2,2,3,4,5,5,2
88950,2,2,2,2,5,5,4,5,5,4,5,3,5
51479,4,5,4,4,4,4,4,4,4,4,5,5,4
92956,1,0,0,1,2,0,2,2,1,3,3,4,2
108064,2,3,3,3,3,3,3,2,2,2,2,2,4
7559,2,5,2,3,2,2,5,2,5,2,4,4,2
30514,3,4,3,5,2,3,2,2,2,1,5,1,2
25033,1,4,0,1,0,1,5,4,3,5,4,5,5
27520,2,4,2,4,1,3,4,5,5,2,5,3,3
102294,3,2,3,4,3,3,5,3,4,3,4,4,3
37849,4,3,3,2,2,3,2,2,3,2,1,5,2
23139,4,1,1,1,3,4,3,4,4,4,4,4,3
36256,3,3,3,3,4,1,3,5,5,5,5,5,3
5313,2,4,4,4,2,2,2,2,3,5,3,3,2
29810,1,0,1,3,3,1,3,3,5,4,1,5,3
31468,4,2,2,2,4,4,4,4,4,2,5,5,4
74790,2,5,5,5,5,3,4,2,2,2,2,2,4
102629,3,3,3,3,4,5,4,5,5,5,5,4,5
20762,0,4,1,4,3,1,3,3,5,4,5,4,3
50414,3,3,3,3,2,5,1,4,4,4,4,3,5
92222,4,1,4,3,3,4,3,3,4,5,3,2,3
22255,0,3,1,3,1,5,2,4,4,4,4,4,5
20969,0,4,0,2,5,5,4,2,2,4,2,3,3
47670,2,2,2,3,2,2,2,2,3,3,3,1,2
74249,3,3,3,3,3,3,3,3,2,5,4,4,3
94377,4,1,4,1,4,4,4,4,3,2,4,5,4
27626,0,0,0,4,4,0,4,4,1,1,4,3,4
41364,4,4,4,4,4,4,4,4,4,2,2,3,4
117634,3,2,3,3,4,3,4,4,1,5,4,3,4
95901,3,5,3,5,4,3,3,4,4,2,4,3,4
100570,5,5,5,5,4,5,5,4,4,5,4,3,5
65007,2,4,4,4,2,4,4,2,2,3,2,3,4
39525,2,4,3,1,1,3,2,1,3,2,5,4,1
117694,4,3,3,2,3,3,3,3,1,2,4,2,3
9139,3,3,3,3,4,5,4,3,3,4,3,5,5
33802,2,2,2,2,2,3,4,4,4,4,4,4,2
24953,4,2,4,3,5,4,5,5,3,3,4,4,5
125143,1,1,1,1,5,5,5,5,5,5,4,3,5
104250,4,1,5,2,4,2,2,4,4,5,4,4,1
63443,2,4,2,1,5,2,5,5,3,4,4,5,5
70669,1,4,2,2,2,2,2,2,5,4,5,3,2
67044,2,1,1,1,1,4,4,2,2,2,2,3,1
90361,2,5,5,5,2,2,2,2,1,5,3,4,2
30403,2,5,2,3,1,2,1,1,3,5,4,4,1
99261,5,5,5,5,5,5,5,3,3,3,3,4,5
88083,4,4,4,4,4,5,5,2,2,2,2,4,5
65553,4,4,4,4,2,5,4,4,4,4,4,3,3
81372,2,4,2,3,3,4,5,5,5,2,5,3,3
81862,2,5,2,1,4,2,4,4,2,3,4,2,4
56504,1,1,5,1,4,5,5,4,4,4,4,5,4
55962,2,4,4,4,2,2,2,2,4,5,3,1,2
96688,4,1,1,1,4,4,4,4,4,4,4,1,4
39591,4,4,5,1,2,5,2,2,4,5,4,3,2
63680,3,5,3,2,5,3,5,5,5,2,4,4,5
126849,4,1,1,1,4,5,4,4,3,2,1,1,4
10879,2,3,2,3,1,2,1,1,1,3,3,1,1
111649,1,2,1,3,2,1,2,2,1,5,4,1,2
21191,5,0,5,3,5,5,5,5,1,5,4,4,5
114566,1,3,1,1,2,5,4,3,3,1,3,5,4
58334,3,3,3,3,2,5,4,4,4,4,4,5,5
106417,4,4,4,1,2,4,2,2,5,3,4,4,2
51900,5,3,3,3,2,4,2,5,5,5,5,4,5
8675,2,2,2,3,5,2,5,5,3,2,2,1,5
41460,2,5,2,4,4,2,4,4,5,5,4,4,4
29066,4,2,4,3,4,4,4,4,2,4,4,4,4
99633,3,4,3,4,2,3,3,1,1,3,5,2,1
100793,3,3,3,3,4,5,4,4,4,4,4,5,4
21115,0,5,0,1,4,0,4,4,1,1,3,1,4
66769,1,3,3,3,1,1,3,1,1,3,3,1,1
98218,3,3,3,3,2,2,2,2,3,4,4,1,2
53264,1,3,1,2,3,1,3,5,5,1,5,4,4
90999,3,5,3,4,4,3,4,4,1,2,5,2,4
115257,4,2,2,2,2,3,4,4,4,4,4,1,1
70519,3,3,3,3,4,4,5,5,5,5,5,4,3
18775,2,5,2,2,3,4,4,3,3,2,3,3,3
62626,2,5,2,2,5,2,5,5,3,2,1,1,5
46589,4,4,4,4,5,3,3,2,2,2,4,1,2
69670,2,4,2,2,3,5,2,2,2,2,2,2,1
124511,2,3,3,4,4,3,4,4,4,2,4,3,4
57926,4,3,2,3,4,4,4,4,4,1,3,4,4
56100,4,4,4,4,5,5,5,5,5,5,5,5,5
119570,4,4,3,4,3,5,4,5,5,5,5,5,4
110966,2,2,2,4,2,2,2,2,1,3,3,1,2
117291,2,2,2,2,2,2,2,2,1,5,3,4,2
75127,4,4,4,4,5,5,4,5,5,5,5,5,4
35309,4,5,5,4,4,5,4,4,1,1,3,4,4
41111,4,1,1,1,5,4,5,5,3,2,3,5,5
4802,3,4,3,4,4,4,4,2,2,3,2,4,4
114098,3,5,3,2,3,3,3,3,5,3,5,5,3
5251,1,1,1,1,5,3,4,1,1,1,1,2,4
10046,3,3,5,3,5,4,4,4,4,4,4,3,4
60726,2,4,2,3,4,2,4,4,3,3,5,4,4
71988,2,5,2,5,5,2,5,5,3,3,3,5,5
110701,2,5,2,3,3,2,3,3,5,3,5,4,3
27092,1,1,1,1,4,5,4,4,2,3,4,5,4
111043,1,1,1,1,5,1,3,5,5,5,5,3,3
118124,4,4,4,1,3,4,3,3,4,4,5,3,3
63454,3,3,3,3,3,4,4,4,4,4,4,5,4
43607,1,4,3,3,3,4,4,1,1,2,1,1,2
32637,5,0,5,3,5,5,5,5,3,4,5,4,5
78371,5,5,3,5,2,5,4,5,5,5,5,4,3
94593,3,3,3,3,3,5,5,4,4,4,4,3,3
17582,3,5,3,3,2,3,2,2,3,5,5,4,2
3443,3,4,3,1,1,3,1,1,4,2,4,3,1
90067,2,2,2,2,4,5,5,3,3,3,3,3,4
80421,1,1,4,1,5,5,5,5,5,5,5,4,5
19228,1,5,1,5,4,1,5,4,2,2,4,5,4
75798,4,3,4,4,2,4,4,4,4,4,4,4,2
93277,5,3,5,3,4,3,4,4,5,3,1,1,4
77398,2,5,2,4,3,2,2,3,4,3,4,4,3
34728,4,1,1,1,4,4,4,2,1,2,4,4,4
49631,2,5,5,5,2,3,3,2,2,2,2,3,1
78211,2,4,2,3,5,2,5,5,3,1,3,3,5
49181,2,0,2,5,3,2,3,3,1,4,3,5,3
66829,1,1,1,1,3,4,5,5,5,5,5,4,3
89132,2,1,1,1,3,2,3,2,2,2,2,1,4
42808,5,4,4,4,5,2,2,4,4,5,4,3,3
93065,4,4,4,4,3,5,5,5,5,5,5,5,5
102060,1,5,1,1,4,1,4,4,5,3,5,4,4
120884,5,5,3,5,3,4,5,5,5,5,5,3,4
5633,1,4,4,4,1,1,1,1,4,2,3,2,1
113055,4,0,4,1,5,4,5,5,5,5,4,4,5
111168,2,2,2,4,3,2,3,3,4,2,5,5,3
77307,2,5,2,5,5,2,5,5,4,4,5,3,5
2294,5,5,5,5,5,5,5,5,5,3,5,3,5
60684,2,2,2,3,1,2,3,1,3,2,5,3,1
16961,2,2,2,2,5,5,5,5,2,5,2,1,5
67701,2,5,5,5,2,2,4,2,2,5,4,2,2
118220,1,1,1,2,4,1,4,4,4,4,2,1,4
106158,5,1,5,3,3,5,2,3,4,4,4,2,3
84883,3,5,3,4,5,3,5,5,1,2,3,2,5
78104,1,1,1,3,1,1,1,1,1,2,4,3,1
121266,4,5,4,3,2,3,5,1,1,4,4,3,5
66927,4,1,4,4,5,5,5,5,3,4,4,5,5
25421,2,1,2,2,5,1,2,2,2,2,2,1,2
124520,4,4,4,4,4,5,4,5,5,5,5,4,4
61403,1,5,1,1,4,1,4,4,3,4,4,4,4
113129,3,3,4,2,3,4,3,3,2,2,3,1,3
26106,1,1,1,2,5,1,4,5,3,1,2,2,5
79447,5,0,5,4,5,3,3,4,2,4,5,3,3
79319,2,5,2,1,3,2,3,3,4,4,4,4,3
52055,5,2,3,2,5,5,5,5,1,5,1,4,5
66153,1,1,1,3,5,1,5,5,2,4,4,2,5
78889,1,1,1,1,2,3,5,3,3,3,3,5,5
27561,2,2,2,3,2,2,2,2,2,1,3,2,2
48022,4,4,4,4,4,4,4,4,2,5,5,3,4
129572,2,4,2,3,5,2,3,5,2,2,2,2,5
80903,2,5,2,2,2,2,1,2,3,4,4,4,2
21353,2,4,1,3,4,1,4,4,5,3,4,3,4
2026,4,4,4,4,5,4,5,5,4,5,4,5,5
15011,2,2,2,2,2,2,3,4,4,4,4,3,1
674,5,5,5,5,2,4,4,5,5,5,5,4,4
72835,4,4,4,4,4,4,4,4,5,4,4,4,4
92557,1,4,1,3,4,4,5,2,2,1,4,1,5
34112,5,5,5,5,5,1,4,5,5,5,5,4,3
113467,3,1,1,1,3,3,3,3,1,2,3,1,3
102624,5,5,5,5,2,5,4,5,5,4,5,3,4
6778,4,4,2,4,3,4,4,5,5,5,5,3,4
129684,1,1,1,1,2,4,5,4,4,4,4,3,4
66658,5,5,5,5,4,5,4,5,5,5,5,3,5
82161,3,4,3,5,4,3,4,4,3,2,5,3,4
128105,3,4,3,4,2,5,5,5,5,3,5,3,3
95700,2,3,3,3,5,3,5,5,3,4,4,4,5
28934,1,3,1,1,5,1,4,4,4,4,4,1,3
91945,5,3,5,3,4,5,4,4,1,3,3,3,4
91215,5,4,5,3,4,5,4,4,4,5,4,3,4
58644,3,3,3,3,5,4,5,4,4,4,4,3,4
25242,2,4,2,1,5,2,5,5,5,3,4,4,5
25775,4,1,1,1,4,4,4,4,5,2,1,1,4
21536,1,5,1,3,2,1,5,2,3,2,4,5,2
60851,2,3,2,4,2,2,2,2,2,3,1,3,2
32153,5,2,2,2,2,3,3,5,5,5,5,5,1
118075,2,2,2,3,5,2,5,5,5,4,5,4,5
69340,3,3,3,3,4,4,4,5,5,5,5,4,4
77382,4,4,4,4,5,2,3,5,5,4,5,2,5
31472,2,2,2,2,1,2,1,1,4,2,3,5,1
25522,4,2,4,3,5,4,5,5,1,2,4,3,5
65025,5,4,5,1,5,5,5,5,5,5,1,5,4
25899,3,5,3,3,3,5,4,2,2,3,2,5,3
116334,2,5,2,4,5,2,5,5,3,5,4,5,5
52794,2,4,2,3,3,2,3,3,3,2,4,1,3
107988,0,0,0,3,4,4,4,5,5,5,5,3,3
91938,5,3,3,3,5,5,5,5,1,2,5,2,5
5010,3,4,3,5,1,3,1,1,4,2,5,5,1
23768,2,2,5,2,4,5,4,4,4,5,4,4,4
745,3,2,2,2,4,3,2,3,3,3,3,4,2
79036,3,3,3,3,3,3,3,3,3,2,4,4,3
58170,1,1,1,1,5,5,5,5,4,2,5,5,5
263,1,2,1,3,2,3,3,2,2,1,2,3,1
15642,0,0,0,3,5,0,5,5,3,2,4,5,5
120829,0,5,0,2,5,0,5,5,3,2,4,4,5
41520,5,2,2,2,5,5,5,5,1,2,1,4,5
25002,3,5,3,2,2,3,2,2,4,2,4,4,2
46436,2,2,2,2,3,2,2,5,5,4,5,3,5
3317,4,4,5,4,5,4,4,5,5,5,5,5,3
38115,3,3,3,3,3,3,3,3,3,4,4,2,3
12254,4,4,5,4,5,3,4,4,4,4,4,1,3
82449,3,5,5,5,4,3,4,3,3,3,3,3,3
22873,1,4,1,4,2,2,4,1,1,1,1,2,2
101708,1,4,4,4,2,4,3,1,1,1,1,3,2
13993,5,1,4,1,3,5,3,3,4,1,4,5,3
120010,2,1,1,1,2,3,3,4,4,4,2,4,2
50825,2,4,2,2,2,5,5,3,3,2,3,3,3
59610,2,4,4,4,2,3,2,2,4,5,4,2,2
74887,3,5,5,5,3,3,4,3,3,3,3,4,2
70153,2,3,2,2,2,2,5,2,3,2,1,3,2
75745,3,0,3,4,2,3,2,2,3,5,5,5,2
38204,5,4,4,4,5,5,5,5,5,4,3,4,5
69663,2,2,2,3,5,2,5,5,3,2,3,3,5
82672,1,4,4,4,3,3,4,1,1,2,1,2,3
31692,5,3,3,3,5,5,5,5,1,3,3,4,5
68290,1,3,1,3,1,1,1,1,4,3,2,4,1
31504,3,3,3,3,5,2,2,3,3,3,3,4,2
70476,4,2,2,2,4,3,4,4,2,1,3,1,4
108726,4,2,4,4,4,4,2,4,4,3,4,1,4
42655,2,2,2,3,5,4,3,2,2,2,2,1,2
78119,4,5,5,5,3,3,2,4,4,4,4,2,1
12545,1,1,1,2,1,1,1,1,4,4,4,1,1
61279,3,5,3,1,2,3,2,2,3,4,5,4,2
30651,1,4,0,2,3,4,4,3,3,0,3,4,4
47377,1,5,5,5,5,3,2,1,1,1,1,1,2
123486,4,4,4,4,2,4,3,4,4,3,4,1,4
79889,5,5,4,5,5,5,5,3,4,4,5,5,5
52991,4,2,2,2,5,3,2,4,4,4,4,4,2
48685,2,2,2,2,3,4,5,4,4,4,5,5,4
56208,3,3,3,3,3,5,5,3,3,2,3,3,4
1822,2,1,1,1,2,2,2,2,2,5,3,1,2
114832,5,5,5,5,4,4,4,4,4,4,4,5,3
118122,3,3,3,3,3,4,5,5,5,5,5,3,5
43919,1,3,0,3,0,4,4,1,4,2,2,4,4
119304,5,5,5,5,4,4,5,4,4,4,4,3,3
97218,3,3,3,3,3,4,5,2,2,2,2,4,4
100600,2,2,2,2,4,5,4,3,3,4,3,4,5
76398,2,5,2,3,1,2,5,1,5,3,4,4,1
53948,5,5,5,3,4,5,4,4,2,4,1,2,4
56327,3,3,3,4,1,3,1,1,4,5,4,3,1
13064,3,3,3,3,4,3,4,4,4,4,4,3,3
109134,4,5,4,4,5,5,5,4,4,4,4,5,4
78481,1,1,1,1,2,4,5,3,3,3,3,5,5
40718,5,0,5,1,1,5,1,1,1,3,1,3,1
58045,2,2,3,2,5,5,5,5,3,5,5,4,5
76165,1,5,1,3,1,1,1,1,3,2,4,4,1
29858,4,3,1,3,4,4,3,4,4,2,1,2,4
124959,2,1,1,1,5,4,3,4,4,4,2,2,4
10145,2,2,5,2,3,5,4,5,5,5,5,3,4
47791,4,3,2,3,4,4,4,4,4,3,5,4,4
3184,2,4,4,4,2,2,2,2,2,5,4,4,2
111463,1,4,1,5,5,1,5,5,3,4,4,3,5
52392,1,2,1,4,2,1,2,2,3,4,4,4,2
127322,2,3,3,3,1,2,2,0,0,1,2,2,1
9087,1,1,0,3,5,0,3,5,4,3,3,2,5
92189,3,3,1,3,3,2,3,3,4,5,3,3,3
22659,1,5,0,4,3,0,4,3,3,5,5,5,3
75599,3,4,3,3,3,3,3,3,3,5,4,1,3
128998,3,3,3,3,5,5,5,4,5,3,5,5,5
100244,1,1,1,1,5,5,5,5,5,5,5,5,4
51686,3,4,4,4,3,3,3,3,1,4,3,1,3
116098,4,4,4,3,5,4,5,5,3,2,4,2,5
34465,4,2,5,5,4,1,1,4,4,4,4,2,4
119644,3,4,4,4,4,4,4,4,5,4,5,3,4
29756,3,1,1,1,3,3,4,3,3,4,3,4,4
86858,2,2,2,2,2,2,2,2,3,3,5,3,2
102960,3,3,4,4,3,3,4,3,3,2,3,4,3
123895,2,4,3,3,1,3,1,1,2,5,3,3,1
98892,2,5,2,2,2,2,2,2,5,3,5,5,2
14896,3,3,4,4,2,3,4,3,3,3,3,1,1
71206,5,5,5,2,4,5,1,4,5,2,5,3,4
115425,2,2,2,2,5,5,5,5,5,5,5,3,5
52478,1,5,1,1,3,1,4,3,1,4,4,5,3
17101,2,3,2,3,2,1,3,4,4,2,4,4,5
109292,5,5,5,5,5,5,4,5,5,5,5,4,4
69696,5,1,5,5,5,4,5,4,4,4,4,4,5
18295,1,5,1,4,1,1,1,1,3,5,4,4,1
82541,4,1,1,1,5,4,3,4,4,4,4,2,3
7165,4,3,3,3,4,4,4,4,3,5,3,2,4
29847,0,5,1,3,3,4,3,2,2,2,4,2,2
125519,4,4,4,2,3,4,3,3,4,2,5,4,3
68648,4,4,4,4,4,4,5,4,4,4,4,3,4
77608,3,5,3,3,4,5,4,5,5,5,5,3,4
25193,5,5,5,4,2,5,5,2,4,5,5,3,2
39715,4,4,4,4,4,4,3,4,4,4,4,2,2
85720,2,5,2,2,4,4,4,5,5,5,5,4,5
94472,1,1,1,3,4,1,4,4,3,5,4,3,4
94449,3,2,3,3,5,3,5,5,1,4,4,4,5
28482,5,3,3,3,4,4,2,5,5,5,5,5,5
52299,2,3,3,3,3,3,3,2,2,2,2,4,4
61563,1,4,1,4,2,1,2,2,3,5,3,4,2
117982,1,3,1,2,1,1,1,1,2,2,2,3,1
127549,2,3,2,4,5,2,5,5,4,1,4,4,5
97950,5,0,5,2,4,5,4,4,5,2,4,4,4
128850,3,4,3,2,3,2,2,5,4,3,5,2,2
118798,2,4,5,4,2,4,4,2,2,5,4,4,3
47044,2,4,2,3,2,2,2,2,4,4,1,2,2
93124,5,4,5,5,5,4,5,5,5,5,5,4,4
99232,3,2,3,2,2,3,2,2,4,2,3,4,2
89641,2,1,1,1,2,2,3,2,2,2,2,4,2
108477,3,2,3,3,5,2,3,4,4,3,4,4,1
114259,1,1,1,1,3,4,2,3,3,4,3,2,3
97279,3,4,4,4,5,3,4,3,3,4,3,3,2
26295,5,5,5,5,4,3,5,4,4,4,4,4,2
38139,2,4,2,4,3,2,3,3,1,2,3,3,3
102331,3,5,5,5,3,3,3,3,1,5,3,1,3
80647,1,1,1,1,4,4,4,4,3,4,5,4,4
61817,0,5,1,1,4,1,4,4,3,4,4,5,4
47890,5,4,4,4,5,5,5,5,4,5,4,3,5
24243,4,4,4,4,5,4,5,5,4,3,4,3,5
27371,5,4,4,4,5,4,5,5,2,4,4,3,5
29944,3,3,3,3,5,5,2,5,5,5,5,1,3
52584,4,1,3,1,4,4,4,4,1,2,4,4,4
103774,4,4,4,4,5,5,4,5,5,5,5,4,4
125658,5,5,5,5,2,5,5,3,3,4,3,5,5
29408,5,2,4,4,1,4,1,1,3,3,4,3,1
99424,3,2,3,4,2,3,5,2,3,4,4,4,2
107674,3,3,3,4,4,3,4,4,5,2,5,5,4
105717,2,1,3,1,1,3,4,2,2,2,2,1,2
50912,3,4,0,4,3,4,5,5,5,0,5,5,4
59595,1,1,1,1,4,4,4,4,4,3,5,4,4
14805,3,3,3,3,3,3,3,3,2,5,3,1,3
7301,3,3,3,4,2,3,2,2,3,5,4,3,2
70835,5,4,5,2,3,5,3,3,3,3,5,3,3
103331,2,4,2,3,4,3,5,3,3,2,4,5,4
126021,2,2,2,2,4,5,5,4,4,4,4,5,3
104099,0,0,0,3,3,4,5,5,5,5,5,3,5
103738,3,4,3,2,2,3,2,2,3,3,5,5,2
81695,3,5,3,2,1,3,1,1,5,4,5,5,1
36621,4,4,4,4,3,4,3,3,1,2,1,4,3
35787,2,5,2,2,4,2,5,4,4,3,5,5,4
9422,4,4,4,4,3,4,5,5,5,5,5,3,3
12550,3,3,3,4,2,3,2,2,3,2,4,4,2
4558,2,5,2,2,3,3,3,2,2,2,2,2,4
79389,5,5,5,5,4,5,5,5,5,5,5,3,4
84550,1,1,1,4,4,1,4,4,3,4,3,1,4
86727,5,1,5,2,2,5,2,2,2,5,1,3,2
20040,2,4,4,4,2,2,2,2,4,4,4,3,2
23159,1,4,1,1,1,1,1,1,4,3,4,4,1
62724,4,3,4,3,4,4,4,4,2,5,3,4,4
128868,0,0,0,5,0,2,2,3,5,4,4,2,2
64106,4,4,4,3,3,3,3,4,4,4,4,4,2
62896,3,3,3,3,3,5,5,2,2,2,2,5,3
125763,5,1,5,5,4,4,4,4,5,3,4,4,4
13994,5,3,4,4,5,5,5,5,4,1,4,4,5
10841,3,4,2,3,5,2,5,5,3,4,3,3,5
2452,2,1,1,1,3,4,3,2,2,2,2,2,4
58052,3,3,3,3,4,4,4,4,4,4,4,5,5
48140,2,3,3,3,2,2,2,2,3,1,3,4,2
26915,3,3,3,4,4,3,4,4,1,3,2,1,4
63728,4,4,4,4,4,4,4,4,4,1,4,1,4
70273,1,1,1,1,2,1,2,2,3,4,5,3,2
102207,5,5,5,5,2,4,4,4,4,4,4,4,3
37771,4,5,5,5,4,4,4,4,4,4,2,3,4
110570,2,2,2,2,2,5,4,5,5,5,5,3,5
98395,1,1,1,1,2,5,4,5,5,4,5,4,5
30872,1,1,1,3,1,1,1,1,3,5,3,4,1
90176,3,5,3,3,3,5,4,2,2,3,1,5,5
83581,1,1,1,2,2,1,2,2,1,1,2,2,2
15621,2,5,2,3,2,1,5,3,3,5,5,5,5
104920,3,3,3,3,3,5,4,5,5,5,5,4,5
80198,2,4,2,4,2,5,4,3,4,3,5,4,4
27510,4,0,4,2,1,4,1,1,3,1,2,3,1
14118,3,3,3,4,1,3,1,1,3,3,3,1,1
125835,3,5,3,1,3,3,3,3,5,5,4,3,3
77767,3,4,3,4,4,4,5,3,3,3,3,3,4
127713,2,2,2,2,2,4,4,5,5,5,5,3,5
122482,4,5,4,3,1,4,3,1,3,2,4,3,1
116367,1,3,1,4,3,1,1,3,3,3,4,1,3
15593,2,4,4,4,2,2,2,2,1,1,3,4,2
76769,3,3,3,3,2,5,5,4,4,5,4,5,5
83760,4,4,4,4,2,5,4,4,4,4,4,4,3
47405,1,1,5,1,2,2,2,2,3,3,4,5,2
61964,2,2,2,2,4,4,4,5,5,5,5,4,3
44068,4,5,4,2,5,4,5,5,4,3,5,3,5
78994,1,1,1,1,3,4,5,4,4,4,4,4,3
23767,3,3,3,3,5,5,5,5,5,4,4,5,5
38349,1,1,1,4,3,1,1,3,1,5,4,1,3
53214,4,3,4,4,3,4,3,3,4,5,4,3,3
26759,2,4,2,3,1,2,1,1,3,5,2,4,1
127641,1,4,1,3,5,1,5,5,2,4,5,1,5
20415,0,0,0,4,3,2,5,2,2,2,2,5,2
79490,2,5,2,2,3,5,4,2,2,2,2,3,4
117637,2,5,2,1,2,5,4,4,4,2,4,4,5
78277,4,4,4,4,5,5,4,5,5,5,5,4,5
73759,3,3,0,3,5,0,4,5,1,1,2,3,5
80439,4,5,4,1,3,4,3,3,5,4,3,4,3
110400,1,3,3,3,1,1,1,1,1,5,2,4,1
53883,2,4,2,4,3,2,5,3,4,4,4,3,3
129008,2,3,3,3,2,2,2,1,4,2,3,2,2
37257,4,5,5,5,4,4,4,4,1,2,1,4,4
77780,4,4,5,3,4,5,4,4,3,5,4,3,4
118166,2,2,2,2,2,5,4,4,4,4,4,5,5
56342,3,2,2,2,1,2,3,1,1,1,3,4,4
121278,2,2,2,2,5,5,5,4,4,4,4,4,4
62877,1,4,1,2,5,1,5,5,1,2,2,3,5
60843,2,5,5,5,2,2,4,2,4,1,2,3,2
123425,4,4,4,5,5,3,5,4,4,4,4,3,3
125909,2,5,2,4,3,2,3,3,4,5,4,5,3
103589,1,1,1,1,2,5,4,5,5,5,5,3,5
75409,4,4,4,4,5,5,5,3,3,3,3,4,5
10042,5,5,5,5,4,5,5,5,5,5,5,5,4
19171,4,5,4,4,5,4,5,5,4,4,4,5,5
57402,3,4,3,1,3,3,3,3,5,3,3,4,3
33428,4,3,3,3,3,4,5,5,5,4,5,1,4
86106,3,0,3,2,3,3,3,3,5,2,4,3,3
57619,5,5,5,5,2,4,4,5,5,5,5,5,5
29793,5,1,1,1,3,3,4,5,5,5,5,5,2
65322,4,4,2,4,5,5,5,5,4,2,5,3,5
29005,2,2,2,2,4,4,4,4,1,3,3,3,4
75976,0,0,0,2,5,5,5,5,1,5,2,2,5
124903,2,2,2,1,5,2,5,5,5,4,4,5,5
91061,2,4,1,3,4,1,4,4,4,3,4,2,4
63244,0,0,0,4,3,0,3,3,4,4,4,5,3
45782,5,3,3,3,3,3,1,5,5,5,5,1,5
67885,4,1,4,4,4,4,5,4,4,2,3,3,4
122254,2,1,1,1,5,4,3,3,3,3,2,4,1
6473,3,4,3,3,3,2,2,4,3,5,5,2,2
17685,5,4,4,4,5,5,5,5,4,5,5,3,5
51314,2,5,5,5,3,2,3,3,2,4,3,4,3
117882,4,0,4,3,4,4,4,4,5,4,4,4,4
111320,4,4,4,4,2,4,5,5,5,5,5,4,5
67404,5,5,5,5,4,5,4,3,3,3,3,3,5
9747,3,3,3,2,5,3,5,5,5,5,4,4,5
95138,5,4,5,2,2,5,2,2,5,4,5,5,2
58447,3,2,3,3,3,4,4,2,2,3,1,3,2
67943,1,2,1,4,3,1,3,3,3,5,4,4,3
42636,4,5,4,4,2,4,2,2,4,5,5,5,2
40012,4,4,4,4,1,5,5,3,3,5,3,3,4
75811,3,4,4,4,3,3,3,3,3,1,4,2,3
63705,1,1,1,1,2,5,5,5,5,5,5,5,3
48806,1,2,1,3,2,1,2,2,3,5,4,3,2
117146,3,4,3,3,3,3,3,3,4,2,5,4,3
109089,2,0,2,1,3,2,3,3,5,3,5,4,3
82590,1,1,1,1,2,5,5,4,4,4,4,4,5
120467,3,5,3,1,2,3,2,2,4,4,4,3,2
59016,3,4,3,3,4,4,4,5,5,5,5,5,3
117972,4,4,0,4,1,0,1,1,5,3,5,2,1
54605,1,1,1,1,2,1,2,2,4,1,5,5,2
101399,1,1,2,1,4,4,5,4,4,4,4,5,3
77894,4,4,4,4,4,4,5,5,5,5,5,5,3
89424,5,1,1,1,5,5,5,1,4,1,5,5,5
56256,3,4,4,4,1,4,3,3,3,3,3,1,2
87294,3,4,3,4,5,3,5,5,4,2,5,3,5
55934,3,3,3,3,4,4,4,5,5,4,5,4,5
65910,1,3,3,3,2,4,3,1,1,1,1,3,3
80406,4,4,4,4,5,5,4,5,5,5,5,4,3
40643,1,5,1,2,4,1,4,4,5,3,4,5,4
13601,3,3,3,3,1,1,5,4,4,3,4,5,5
87072,2,2,2,2,3,5,5,5,5,5,5,5,3
4500,4,4,4,4,3,5,5,4,4,4,4,3,5
81382,3,3,3,3,3,4,4,4,4,4,4,5,4
38043,2,2,2,2,5,5,5,5,2,4,3,5,5
106106,1,1,1,1,3,4,4,3,3,4,3,4,5
94019,0,0,0,4,4,5,5,2,2,2,2,4,3
76007,1,1,1,1,1,4,3,1,1,1,1,4,2
40760,3,3,3,3,4,4,4,4,5,1,3,3,4
80931,2,5,2,3,1,2,1,1,4,3,5,4,1
15974,0,0,0,4,0,2,2,3,1,2,3,2,2
63671,3,1,2,3,4,2,2,4,1,4,3,4,4
124699,3,1,1,1,4,3,4,3,3,3,3,2,3
51696,1,1,5,1,5,5,5,5,3,1,1,2,5
100166,0,5,0,2,5,0,5,5,4,5,5,4,5
101181,2,4,1,4,5,1,5,5,5,2,4,4,5
23290,4,4,4,4,4,4,4,4,1,3,4,4,4
84238,2,1,1,1,2,2,2,2,2,2,4,4,2
57580,5,5,5,5,4,3,5,5,5,5,5,5,3
93770,1,2,2,2,1,1,1,1,4,5,4,4,1
29127,2,5,2,4,1,2,1,1,4,3,1,5,1
100861,3,2,3,4,5,3,4,4,4,3,4,1,4
119078,1,1,1,1,4,5,4,5,5,4,5,4,4
29661,0,4,0,1,5,0,5,5,3,2,5,3,5
109610,3,4,3,2,3,3,3,3,1,4,2,4,3
47746,1,1,1,1,1,2,1,2,2,2,2,1,5
30203,4,1,1,1,4,4,4,4,4,3,2,4,4
55716,2,4,2,2,5,2,5,5,5,3,4,5,5
53719,4,1,4,2,4,4,4,4,4,3,2,4,4
38466,1,1,1,1,3,4,4,5,5,5,5,3,3
61328,1,5,0,3,5,0,5,5,1,2,5,4,5
32350,2,2,3,2,4,2,1,4,4,4,4,3,1
116468,2,3,2,2,4,2,1,4,2,1,2,1,4
70893,4,4,4,4,3,3,3,3,3,3,5,4,3
7488,4,4,1,4,4,4,4,4,4,4,4,4,5
20167,4,2,2,2,1,3,4,4,4,4,4,1,2
37920,2,2,1,3,5,1,5,5,2,2,1,4,5
21732,1,1,2,1,5,3,2,4,4,4,4,5,1
88186,1,1,1,1,4,4,4,4,5,3,4,4,4
62704,4,4,4,4,4,4,5,4,4,4,4,3,5
117727,5,5,5,5,5,4,5,4,4,4,4,4,5
12574,4,4,4,4,5,4,3,4,4,4,4,1,1
55127,3,1,3,4,3,3,4,3,4,3,3,2,3
31299,5,5,5,2,3,5,3,3,3,2,5,4,3
72322,4,2,2,2,4,4,4,4,2,3,4,4,4
98895,4,4,4,4,5,5,5,2,2,2,2,4,5
110511,1,5,1,4,3,5,4,1,1,1,1,3,4
49706,3,3,5,3,3,5,5,3,3,4,3,3,2
93786,3,2,2,1,4,2,4,4,3,5,5,3,4
75017,3,3,3,3,5,3,5,5,5,2,4,4,5
90044,0,0,1,2,4,1,4,4,3,3,4,4,4
55052,1,0,0,2,4,1,4,4,3,2,1,2,4
129333,2,2,2,2,3,3,3,3,5,4,5,5,3
126209,4,0,4,4,5,4,4,5,3,1,4,3,5
95782,2,2,0,3,3,0,3,3,2,1,3,4,3
79078,4,4,4,4,5,5,4,4,4,4,4,3,4
81309,4,4,4,4,5,5,4,4,4,4,4,4,3
115300,5,5,3,5,3,4,4,4,4,4,4,5,5
126529,0,5,0,3,4,0,4,4,5,2,4,3,4
27478,2,2,2,2,4,4,4,4,1,5,1,4,4
60038,3,3,3,3,4,4,5,4,4,4,4,5,4
96743,1,5,5,5,1,1,3,1,3,5,3,3,1
38581,4,4,4,3,4,4,4,4,2,5,3,2,4
6405,4,0,4,3,5,4,5,5,4,3,4,3,5
49427,3,5,3,4,5,3,5,5,4,2,5,1,5
20525,3,5,3,3,1,3,1,1,5,4,4,3,1
96365,2,4,2,4,2,2,4,2,5,2,4,4,2
79652,4,3,4,3,2,4,2,2,3,3,3,2,2
64477,5,5,5,3,5,5,1,5,5,5,5,5,5
44664,4,5,5,5,4,4,4,4,1,4,5,2,4
72192,4,4,2,4,3,4,3,3,2,3,3,5,3
68108,0,3,0,3,4,0,4,4,4,1,2,1,4
25479,4,1,1,1,4,2,2,4,4,4,4,1,5
67071,3,3,3,3,5,5,5,5,4,3,5,4,5
70639,1,1,1,1,4,4,5,5,5,5,5,4,4
50186,3,0,3,1,3,3,3,3,5,1,4,1,3
56014,4,4,5,4,4,4,4,5,3,4,5,4,4
124444,1,1,1,2,1,2,2,4,4,4,4,2,2
35897,5,2,2,2,5,5,5,1,3,1,4,5,5
98796,3,3,3,5,2,4,5,1,1,3,1,5,2
110533,4,0,5,1,5,5,4,5,4,2,5,3,5
53659,1,1,1,1,4,5,4,5,5,4,5,5,4
41740,2,3,2,1,2,2,2,2,4,5,1,2,2
79309,2,4,2,1,1,2,1,1,4,3,3,5,1
7049,1,1,1,1,3,5,5,5,5,5,5,5,3
98594,1,1,1,1,3,4,4,4,4,4,4,5,5
128692,3,1,3,3,3,5,5,1,3,4,4,5,5
68460,3,3,3,3,3,4,5,5,5,5,5,4,5
104815,4,4,4,1,4,4,4,4,3,5,5,3,4
99086,3,3,3,3,5,4,5,4,4,4,4,4,5
118623,1,3,3,3,1,1,1,1,1,2,2,2,1
124042,4,4,4,3,4,4,5,4,4,2,5,4,4
93128,4,0,4,4,4,2,2,5,3,4,5,2,2
108570,3,3,3,4,3,3,3,3,4,4,3,2,3
65295,3,3,4,4,4,4,4,4,2,1,4,2,4
44346,5,5,3,5,3,4,5,5,5,4,5,5,1
13801,2,5,2,3,4,2,4,4,3,3,4,4,4
54125,5,5,5,5,1,5,3,5,5,5,5,4,1
43530,5,1,1,1,5,5,5,5,3,3,1,2,5
86678,2,1,1,1,2,2,2,2,1,4,4,1,2
38696,4,3,3,3,2,4,2,4,4,4,4,1,2
9200,1,1,1,1,4,5,5,5,5,5,5,5,5
7251,4,2,4,3,1,4,1,1,1,4,4,3,1
75771,4,1,4,3,1,4,1,1,2,3,3,4,1
93502,3,5,2,2,4,2,4,4,3,4,1,5,4
38167,2,5,2,3,3,2,3,3,3,2,3,3,3
104215,2,2,2,2,4,5,5,4,4,4,4,4,3
78617,3,3,3,3,1,3,1,1,5,5,5,5,1
29158,2,2,2,2,3,2,3,3,2,1,2,3,3
92361,3,3,3,3,4,4,5,4,4,5,4,3,4
85969,2,0,2,4,1,2,1,1,4,2,4,5,1
44501,1,1,1,1,2,1,2,5,5,5,5,2,3
112822,3,3,3,4,4,3,1,4,3,2,4,5,4
34903,1,1,1,1,5,5,4,5,5,5,4,1,3
98209,4,4,4,4,5,5,5,5,5,5,5,3,3
87454,2,2,2,2,3,5,4,4,4,4,4,3,3
66536,2,4,2,4,2,2,2,2,2,4,2,1,2
62829,3,5,3,5,4,3,4,4,4,3,4,4,4
93198,1,2,2,3,2,2,2,2,5,3,4,4,2
2059,2,2,2,2,2,3,2,2,2,5,4,4,2
117837,3,3,5,3,5,5,5,5,4,5,5,4,5
84021,3,5,3,4,1,3,1,1,4,2,2,2,1
9384,2,4,2,2,2,5,4,5,5,2,5,3,5
29428,3,3,2,3,3,4,3,3,1,2,3,5,3
46192,1,1,1,1,1,5,2,3,3,2,3,5,3
56477,4,4,4,4,3,3,3,5,3,4,4,3,3
105538,3,2,4,2,3,3,3,1,3,4,3,3,3
21692,3,3,3,3,1,4,3,3,3,3,3,1,4
114595,4,4,4,1,4,4,4,4,3,2,4,5,4
107567,4,4,4,2,1,4,1,1,5,1,4,2,1
58766,3,3,3,3,3,5,5,5,5,5,5,4,4
110656,2,1,1,1,2,3,4,2,2,2,2,4,1
12843,1,3,1,4,2,4,4,2,2,1,2,2,1
45196,5,4,5,2,4,5,4,4,1,4,4,1,4
115917,1,3,1,5,1,1,1,1,3,5,4,5,1
9715,3,3,3,3,1,2,2,3,3,3,3,3,4
3354,3,3,3,3,5,5,5,4,4,4,4,4,5
34207,1,3,1,3,5,1,5,5,2,1,4,2,5
114257,4,3,3,3,5,4,3,5,5,4,5,4,3
28867,4,4,3,4,3,3,3,3,2,1,1,1,3
38105,1,1,1,1,4,4,4,1,1,1,1,4,1
52559,1,1,1,1,5,4,1,4,4,4,5,3,2
77650,4,4,4,4,5,5,5,4,4,4,4,5,5
124236,4,4,4,4,5,5,5,4,4,4,4,3,5
9804,5,5,5,5,4,4,4,4,4,2,4,4,4
119129,1,1,1,4,5,1,5,5,2,5,4,3,5
74828,1,5,1,1,2,1,3,2,2,2,3,5,2
53420,5,5,5,5,4,5,4,4,2,3,4,3,4
28556,1,4,1,3,2,1,2,2,4,5,4,5,2
8950,1,1,1,2,3,1,3,3,4,3,2,1,3
120349,5,4,5,4,5,5,5,2,2,5,2,4,5
56831,1,5,1,4,2,1,5,2,3,4,3,4,2
128628,0,0,0,4,5,0,5,5,1,5,1,1,5
100552,3,4,3,4,4,3,4,4,3,5,4,4,4
121600,4,4,4,1,5,5,3,3,3,4,3,1,1
80103,4,4,4,4,4,4,4,4,4,4,4,3,5
31525,3,2,2,2,3,3,3,3,2,3,4,1,3
107692,4,0,4,5,2,4,5,2,4,3,5,5,2
74355,5,5,5,5,3,2,3,3,3,2,5,5,3
114430,2,3,3,3,5,2,1,2,2,2,2,3,3
128866,3,4,3,3,5,5,5,5,2,4,4,5,5
83932,2,2,2,2,5,4,5,5,5,5,5,5,3
47990,4,5,5,5,5,4,4,4,2,2,3,4,4
52761,1,1,1,1,3,2,3,1,1,1,1,3,3
111709,4,4,4,4,4,4,4,4,3,1,2,3,4
22734,2,0,2,2,4,2,3,4,2,3,4,2,4
60558,5,2,2,2,5,5,5,5,3,3,3,4,5
90966,1,1,1,1,3,3,3,3,2,4,2,2,3
93297,2,5,5,5,2,2,2,2,2,1,4,4,2
129529,4,4,4,4,4,5,4,3,3,4,3,4,4
66010,5,5,2,5,4,4,4,5,5,4,5,4,4
82654,3,3,3,3,4,4,5,4,4,4,5,3,5
83672,2,2,2,4,5,2,5,5,1,4,3,2,5
92343,4,2,2,2,4,4,4,2,3,3,3,4,4
128999,5,5,5,5,5,4,4,5,2,3,5,4,4
25330,3,3,2,3,5,5,5,5,5,4,3,2,5
14814,2,4,2,2,4,4,4,5,5,2,5,5,1
101184,2,5,2,2,4,2,4,4,5,5,1,3,4
110196,2,2,4,2,2,4,5,4,4,4,4,4,4
85036,4,4,4,4,2,4,2,2,2,4,3,4,2
94671,0,0,0,4,3,5,5,1,1,1,1,5,5
73949,2,2,2,2,2,2,1,2,2,2,2,3,1
52347,2,2,2,2,1,2,3,5,5,5,5,3,4
95950,4,4,4,4,2,5,5,2,2,2,2,4,4
72614,3,5,3,5,3,3,3,3,3,4,4,3,3
107289,4,4,4,4,2,2,3,4,4,4,4,2,2
129559,4,0,4,4,4,5,5,3,3,4,3,3,4
93263,2,2,2,2,2,4,4,5,5,5,5,3,3
123105,3,1,3,2,1,3,1,1,1,4,2,1,1
97357,2,2,2,2,4,1,3,4,4,5,4,1,3
16931,4,5,5,5,3,4,3,3,4,1,1,3,3
117312,0,4,0,4,5,0,5,5,4,3,1,4,5
30999,1,1,5,1,2,4,1,4,4,4,4,1,3
10123,3,3,3,3,5,3,4,5,1,4,2,3,5
64536,4,4,4,4,4,4,5,4,4,4,4,5,4
24873,2,3,2,4,1,2,1,1,1,3,4,4,1
77336,2,2,2,2,3,5,4,4,4,4,4,4,3
112840,3,3,3,5,5,3,5,5,5,2,5,3,5
71382,3,2,0,4,3,0,3,3,1,2,4,4,3
3125,3,2,3,3,2,3,2,2,3,4,4,1,2
21469,4,3,3,3,5,4,5,5,2,4,4,1,5
76224,1,1,1,1,1,1,1,1,1,4,4,2,1
4164,5,2,5,4,1,5,1,1,3,2,3,3,1
115402,4,4,4,4,5,5,4,4,4,4,4,4,3
12614,5,5,5,5,5,3,1,5,5,5,5,5,1
104844,3,3,3,3,4,3,4,4,1,2,3,3,4
102658,2,2,2,2,5,5,5,5,3,3,4,3,5
88076,5,5,5,5,2,4,5,4,4,4,4,3,4
68549,4,2,5,3,5,5,5,5,1,1,3,4,5
118061,5,2,2,2,5,5,5,1,1,1,5,5,5
98124,2,4,4,5,2,4,2,2,4,3,5,3,2
38494,4,5,5,5,4,4,4,4,2,1,4,5,4
87645,1,1,1,1,5,5,5,5,5,3,5,3,5
117723,3,3,3,2,3,3,3,3,5,5,5,3,3
117877,5,4,5,3,1,5,1,1,5,5,5,5,1
7571,3,2,2,2,2,4,4,3,3,3,3,2,4
25642,1,5,1,4,5,5,4,1,1,1,1,3,3
73159,2,2,3,2,5,5,4,5,5,5,5,5,4
24381,3,3,3,3,3,3,4,3,2,1,3,1,3
112602,2,2,2,4,4,2,4,4,1,3,3,3,4
18063,2,5,5,5,3,4,4,2,2,2,2,2,2
60712,2,2,2,2,5,2,5,5,3,4,2,4,5
15392,3,5,5,5,3,3,3,3,3,3,4,2,3
129726,5,5,5,2,3,5,3,3,4,5,4,4,3
27157,2,1,1,1,2,2,2,4,4,2,4,2,2
31212,1,5,1,2,5,1,1,5,5,5,5,4,5
43390,2,4,2,2,3,2,3,3,5,2,4,3,3
86430,4,4,4,3,3,4,3,3,1,5,3,1,3
108822,2,5,2,1,5,2,5,5,3,1,5,1,5
66895,5,5,5,5,5,5,5,5,3,3,5,3,5
28765,4,4,4,3,4,4,4,4,3,4,4,5,4
96265,2,4,2,1,4,2,4,4,5,5,4,3,4
67115,3,5,5,5,3,3,3,3,2,4,4,4,3
15209,4,4,4,4,4,4,4,4,2,3,1,4,4
2330,2,3,2,4,5,2,5,5,2,2,3,2,5
125723,2,3,2,3,4,3,3,4,4,2,4,3,3
74517,3,3,3,3,4,4,4,4,4,4,5,4,4
22035,2,1,1,3,1,3,4,4,4,1,4,3,1
25211,4,2,2,2,4,4,4,4,5,1,4,4,4
63631,3,3,3,5,4,3,4,4,5,5,4,4,4
16004,2,2,2,3,2,3,3,3,5,3,2,3,3
88856,3,5,3,2,5,3,4,5,4,4,5,3,5
113480,4,0,4,2,3,4,3,3,5,5,5,3,3
37783,4,4,4,4,4,4,4,4,5,5,4,2,4
34529,4,2,4,4,4,4,4,4,1,4,3,4,4
74074,1,5,1,1,4,4,4,4,5,5,5,4,4
84937,3,1,4,4,3,4,3,3,4,4,3,2,3
126208,2,5,5,5,2,2,2,2,4,1,4,1,2
78237,2,2,2,2,4,5,4,5,5,4,5,3,4
79709,4,5,4,2,1,4,1,1,5,4,5,5,1
129355,1,1,2,1,2,4,4,4,4,4,4,3,5
112157,2,1,1,1,3,3,3,2,2,2,2,3,3
99973,4,4,4,4,4,4,4,4,4,4,5,4,4
71093,2,2,2,2,2,2,2,2,1,2,2,2,2
83137,2,5,2,3,2,5,4,2,2,2,2,3,3
102859,4,4,4,2,5,4,5,5,5,2,5,4,5
117229,3,3,3,3,1,3,1,1,1,3,3,1,1
40289,3,5,3,5,2,3,2,2,5,4,5,3,2
52588,2,1,1,1,3,4,4,2,2,2,2,3,1
91203,3,0,3,2,3,3,4,3,5,4,3,4,3
87701,2,4,2,5,2,2,5,2,4,5,4,4,2
92719,3,3,3,4,4,3,4,4,2,2,4,4,4
59109,3,2,2,2,2,2,2,2,2,2,1,2,2
90773,5,5,2,5,4,4,5,5,5,4,5,4,4
22623,2,3,1,4,1,1,1,1,4,5,3,3,1
90460,5,3,5,5,3,5,5,4,4,5,4,5,5
65930,3,2,3,2,2,3,2,2,3,4,3,2,2
120775,3,5,3,2,3,3,3,3,4,3,5,4,3
91283,1,1,2,1,5,5,5,5,5,2,5,4,5
27638,5,4,1,1,5,5,5,5,5,3,4,1,5
55461,1,5,1,4,2,5,5,5,5,1,5,4,5
109163,1,1,1,1,4,4,4,4,4,2,4,4,4
14876,3,4,3,4,3,3,4,3,3,2,4,1,3
126469,4,4,4,4,5,5,4,5,5,5,5,4,4
119418,5,5,5,5,4,4,4,4,4,4,4,4,1
106330,5,0,5,3,4,5,4,4,4,3,4,2,4
113452,2,5,2,2,5,5,5,4,4,4,4,5,3
5425,5,5,5,5,5,5,5,4,4,4,4,4,3
78993,2,2,2,2,5,4,4,5,5,5,5,4,4
27148,2,4,4,4,2,2,2,4,2,2,2,2,2
34557,3,3,5,3,2,4,5,2,2,2,2,5,1
30173,4,5,4,3,5,4,5,5,5,1,5,5,5
99219,3,3,3,3,2,4,4,5,5,5,5,5,3
24763,5,0,5,4,2,5,2,2,5,1,2,3,2
41946,4,4,4,4,4,4,4,5,5,5,4,4,3
88539,4,5,4,1,2,4,1,2,3,5,4,4,2
4420,0,0,0,1,4,0,4,4,5,4,5,3,4
56747,3,3,3,3,4,3,4,4,3,3,5,3,4
110653,3,3,3,3,5,5,5,5,5,4,5,5,3
2096,2,1,1,4,2,1,3,2,4,4,4,4,2
101962,3,5,5,5,3,3,3,3,2,4,4,2,3
124553,1,3,0,3,3,0,3,3,2,2,2,2,3
24451,0,0,0,1,1,0,1,1,3,1,1,4,1
61041,3,3,3,3,2,3,2,2,4,5,4,4,2
47187,1,1,1,1,2,1,2,2,5,1,4,2,2
82686,5,5,5,5,4,5,5,4,4,4,4,5,3
105853,3,5,5,5,2,3,2,2,1,2,3,2,2
76567,1,1,1,4,2,1,2,2,2,5,3,4,2
127112,1,4,1,5,3,4,4,5,5,1,5,4,3
24961,3,2,2,4,1,3,1,1,5,4,2,4,1
91905,5,5,5,5,4,4,4,4,4,3,5,3,4
4004,4,4,4,4,4,5,4,4,4,4,4,3,5
90581,3,3,3,3,2,4,4,5,5,5,5,4,5
35244,1,1,1,1,4,1,3,2,2,2,2,5,3
32547,5,5,5,5,2,2,2,5,5,5,3,1,1
119510,2,2,2,3,3,2,5,3,2,2,3,3,3
101307,2,1,1,1,3,2,3,3,2,2,3,1,3
98032,2,3,2,3,5,2,5,5,1,3,4,2,5
93978,3,3,3,3,3,4,3,2,2,3,2,1,4
46674,2,4,2,3,2,3,4,1,1,2,1,5,1
97120,1,1,1,1,4,4,5,3,3,4,3,3,4
65415,5,5,5,5,5,4,5,5,5,5,5,3,5
73843,5,5,5,2,4,5,4,4,5,4,5,3,4
109893,3,3,3,3,4,4,4,1,2,4,2,4,4
31555,2,5,2,3,2,2,2,2,5,4,4,5,2
82646,2,3,2,3,2,2,2,2,3,1,3,4,2
13198,1,3,1,1,1,1,1,1,3,2,4,4,1
30819,2,2,2,2,2,2,3,2,2,2,2,4,3
112950,1,4,1,3,4,1,4,4,5,5,4,4,4
5085,1,1,1,1,3,3,4,5,5,5,5,3,5
577,5,1,5,5,4,4,5,4,4,4,4,3,4
72474,1,1,1,1,5,5,5,5,5,5,4,5,5
68389,2,2,2,2,5,5,5,5,3,3,5,3,5
84557,3,4,3,1,3,5,4,1,1,3,3,3,5
73529,5,5,2,5,3,4,4,2,2,2,2,3,5
18960,1,1,1,3,5,1,5,5,1,1,4,2,5
21450,5,5,5,5,5,5,5,5,2,4,1,5,5
24594,5,2,2,2,5,5,5,5,3,3,4,5,5
80582,2,0,2,1,1,2,1,1,4,2,5,3,1
46965,2,4,3,1,1,3,5,1,4,3,4,3,1
15537,4,4,4,4,5,5,5,5,4,1,2,3,5
110123,4,4,4,4,3,4,4,2,2,2,2,3,4
12634,3,3,3,3,4,4,4,4,5,2,5,5,4
22137,5,1,1,1,5,4,4,5,5,4,5,3,4
119778,5,5,5,1,4,5,4,4,3,2,4,5,4
56527,3,3,4,3,4,4,4,4,3,2,4,5,4
66372,3,3,3,3,2,5,5,4,4,4,4,3,4
126548,1,2,1,4,4,1,4,4,2,1,4,3,4
76550,2,2,2,2,5,5,5,4,4,4,4,3,3
15141,3,3,3,1,4,3,4,4,4,5,1,5,4
68638,0,0,0,2,2,4,4,4,4,4,4,4,4
12208,4,5,4,5,5,4,5,5,5,4,4,3,5
28965,2,2,2,3,1,2,1,1,2,1,4,2,1
97897,2,1,1,4,2,1,2,2,3,3,4,3,2
81827,2,5,2,4,3,2,3,3,5,3,3,5,3
109312,3,3,3,3,4,3,4,3,3,3,3,4,4
46972,2,4,2,3,5,5,4,3,3,2,3,3,3
83456,2,2,2,2,3,5,4,5,5,5,5,5,3
102880,1,5,5,2,1,5,1,1,5,2,4,4,1
118444,1,3,1,1,2,5,4,4,4,4,4,5,5
53209,3,1,1,1,2,3,2,2,4,2,4,1,2
67162,4,4,5,4,1,5,4,1,5,2,4,3,1
5989,1,1,5,1,2,4,5,5,5,4,5,4,5
99844,1,1,1,4,3,1,3,3,3,3,3,3,3
64237,4,2,4,2,4,4,2,4,4,4,2,2,4
99593,2,2,2,3,3,2,3,1,1,2,1,1,2
53865,2,0,2,3,4,2,2,4,2,5,4,2,4
125686,5,5,1,5,2,4,4,4,4,4,4,5,5
57525,5,5,5,5,5,5,5,5,3,4,5,4,5
66460,2,4,2,1,1,2,1,1,5,3,5,3,1
124420,2,2,2,2,3,5,4,4,4,4,4,4,3
19190,5,3,5,5,1,3,4,5,5,5,5,1,1
79679,1,4,1,3,5,1,5,5,4,4,3,4,5
71643,1,1,1,3,4,3,3,4,4,1,1,2,1
103381,4,4,4,2,4,4,3,4,3,3,5,5,4
28657,1,4,1,2,4,1,3,4,3,1,2,4,4
17121,3,5,3,1,2,3,2,2,3,4,5,3,2
106198,0,0,0,1,2,5,4,4,4,1,1,4,5
34825,3,1,1,1,3,4,3,3,1,5,3,3,3
84054,3,1,3,3,5,5,5,5,3,5,4,4,5
114288,4,2,5,4,5,4,4,1,1,5,1,3,2
56036,3,4,4,4,3,3,3,3,1,5,2,3,3
64784,2,2,2,2,4,5,4,5,5,5,5,4,5
102427,1,4,1,2,1,3,5,3,3,1,3,1,3
71076,4,3,4,3,2,4,2,4,4,4,4,5,1
95029,2,4,2,4,5,2,5,5,2,1,3,1,5
92661,3,5,5,5,3,2,2,3,3,3,3,3,2
81749,5,5,5,5,5,4,5,5,5,5,5,5,5
5357,4,4,4,4,2,4,4,3,3,4,3,3,4
31175,3,3,4,3,5,4,4,5,5,5,5,3,1
26450,4,2,2,2,4,4,4,4,3,2,3,4,4
65505,2,4,2,3,2,2,2,2,3,3,3,3,2
94237,2,2,4,2,3,4,5,5,5,5,5,4,3
1119,1,4,5,4,2,5,2,2,4,2,5,4,2
3129,4,4,4,4,4,4,5,4,4,4,4,5,5
94058,1,1,1,1,5,4,5,5,2,4,4,5,5
70474,3,4,3,4,2,3,2,2,5,5,4,5,2
18231,4,0,4,3,2,4,2,2,4,2,5,4,2
55373,5,5,5,5,5,5,5,5,5,5,5,4,5
81957,3,3,3,4,5,3,5,5,4,5,4,3,5
50001,1,2,2,2,5,3,4,4,4,4,1,4,4
27685,4,4,4,4,3,4,3,4,4,3,4,4,1
79035,2,2,2,2,4,4,4,4,4,4,4,5,3
98450,1,1,1,1,5,5,5,5,5,5,5,5,5
20987,3,4,3,2,3,3,3,3,4,1,2,3,3
82974,4,0,4,3,5,4,5,5,3,5,5,5,5
64683,0,4,0,4,3,4,4,5,5,5,5,3,5
109742,2,5,2,4,1,2,1,1,4,5,5,5,1
2748,2,2,2,2,4,5,5,5,5,4,5,4,4
80116,1,5,1,1,1,1,1,1,5,2,5,4,1
23247,4,4,4,4,2,3,5,4,4,4,4,5,5
53,2,3,3,4,3,3,1,3,4,2,5,3,3
52558,4,4,4,4,2,1,3,4,4,4,4,3,2
111509,2,1,1,1,2,2,2,2,2,2,3,4,2
49166,4,5,4,2,4,4,2,4,2,3,5,2,4
10828,1,1,1,1,3,4,4,4,4,5,4,3,5
69763,3,4,3,4,3,3,3,1,2,4,4,3,3
123796,4,0,4,5,5,4,2,5,5,5,5,4,5
84055,1,1,1,2,1,1,1,1,4,4,5,3,1
94230,4,4,2,4,2,5,5,4,4,4,4,4,4
82395,1,2,2,1,5,2,5,5,5,3,5,4,5
85967,4,4,4,4,5,5,5,5,3,5,4,4,5
70592,2,4,4,4,3,2,2,4,4,2,3,2,2
4223,2,2,3,2,4,4,4,4,3,2,4,3,4
88453,3,4,3,3,1,3,1,1,1,5,3,4,1
69350,1,1,1,4,3,1,2,3,4,3,5,3,3
521,2,2,2,1,1,2,1,1,5,3,5,3,1
116635,1,1,1,4,1,1,1,1,4,2,3,1,1
45035,1,3,3,3,1,4,4,1,1,1,1,3,3
70185,0,0,0,1,3,5,4,3,3,3,3,3,4
73642,5,4,5,4,1,5,1,1,5,2,5,4,1
104978,1,5,5,5,1,1,1,1,2,2,3,4,1
30314,4,0,4,4,5,4,5,5,3,1,4,1,5
9416,4,2,4,1,4,4,4,4,4,2,5,4,4
97230,1,3,1,3,5,1,5,5,1,2,3,2,5
129613,1,2,2,2,5,4,3,1,1,1,1,2,1
57375,3,3,4,3,3,3,3,3,4,2,4,2,3
78540,3,4,3,4,1,3,1,1,4,3,5,3,1
61,3,3,3,3,2,5,4,4,4,4,5,5,3
90545,3,4,2,2,1,2,1,1,3,3,4,5,1
82744,1,3,3,3,4,2,3,1,1,1,1,2,3
33737,4,3,3,3,4,4,4,4,5,2,4,4,4
128180,3,0,3,4,3,3,3,3,3,4,3,3,3
114218,3,5,5,5,3,3,3,3,1,5,4,1,3
58844,5,5,5,5,4,4,4,4,5,5,4,3,4
77064,3,3,3,3,5,5,5,5,5,3,4,4,5
23212,0,0,0,1,5,3,5,3,3,3,3,3,1
30315,2,2,2,2,1,4,1,5,5,5,5,3,5
21328,2,2,2,2,5,4,5,5,4,4,5,3,5
69468,1,5,2,3,5,2,1,5,2,2,4,5,5
21403,2,2,2,2,4,4,4,4,2,3,1,2,4
60698,5,5,2,5,2,5,4,3,3,3,3,3,3
28807,4,2,2,2,3,3,2,3,3,4,3,4,1
99975,0,5,0,2,2,4,4,3,3,3,3,3,5
78921,2,2,5,2,4,4,5,4,4,4,4,4,4
59452,1,1,1,1,5,5,5,5,5,5,5,3,3
7345,2,4,2,4,4,2,4,4,4,4,5,5,4
57328,3,5,3,5,2,3,2,2,4,5,5,5,2
86228,1,4,4,4,1,1,1,1,2,5,3,3,1
90891,2,3,1,3,2,2,2,2,3,4,2,4,2
129314,2,2,2,2,2,5,4,5,5,5,5,3,3
37472,4,4,4,4,5,5,5,5,2,4,1,1,5
24806,5,3,3,3,5,5,3,5,2,3,1,2,5
81222,3,5,3,3,1,3,1,1,2,1,3,1,1
106811,4,4,4,4,2,4,5,4,4,4,4,3,3
920,5,5,5,5,2,5,5,4,4,4,4,3,5
47030,5,2,2,2,5,5,5,5,3,3,4,3,5
103259,1,1,1,1,5,4,5,5,4,5,4,4,5
84368,4,3,3,1,4,4,4,4,5,4,4,3,4
14553,2,1,2,2,4,2,4,4,2,2,1,4,4
83533,3,3,3,3,4,4,4,4,4,5,5,4,4
20542,3,5,2,2,3,3,3,3,3,5,1,5,3
96220,3,3,3,3,5,3,3,3,3,3,3,2,1
13448,2,3,2,3,4,2,4,4,2,4,3,3,4
69668,2,4,2,2,2,2,2,2,5,3,4,4,2
78873,4,4,4,4,2,2,2,2,3,5,4,4,2
87802,1,1,1,1,1,1,1,1,1,5,4,1,1
41836,1,1,1,1,2,4,1,4,4,3,4,4,3
59395,2,4,2,2,4,5,4,2,2,2,2,3,3
108256,4,1,1,1,4,4,3,4,4,3,3,1,4
64892,2,5,5,5,2,2,2,2,2,2,2,2,4
78209,4,5,4,1,1,4,1,1,3,2,5,4,1
8855,1,1,1,1,4,5,5,4,4,4,4,4,3
57544,3,4,3,5,4,3,2,5,5,3,2,1,5
24789,3,2,3,4,5,3,5,5,3,3,4,3,5
121216,5,5,4,5,4,3,4,2,2,2,2,4,3
61970,4,5,4,4,1,4,1,1,3,4,4,4,1
53682,0,0,0,4,4,0,4,4,4,4,3,1,4
82674,3,3,3,3,5,4,3,3,3,3,3,2,1
102416,4,3,4,4,4,4,1,4,5,4,3,3,4
40769,3,5,5,5,5,4,4,2,2,3,2,1,4
43834,4,4,4,4,5,2,2,4,4,4,4,2,4
16725,1,2,2,3,3,2,3,3,5,1,2,3,3
35468,3,2,3,3,5,3,5,5,4,2,2,2,5
11184,3,2,3,4,1,3,1,1,4,2,4,3,1
124115,1,1,1,1,5,4,4,5,5,4,5,3,4
66740,3,2,3,2,2,3,2,2,2,2,2,3,2
110182,4,4,4,3,2,4,2,2,5,2,5,5,2
127885,2,2,2,2,3,5,5,5,5,5,5,5,5
98798,2,1,2,4,3,3,3,4,4,2,4,1,2
87000,2,5,2,4,4,2,4,4,4,2,5,5,4
35721,2,3,1,3,1,2,4,2,5,4,1,4,4
59191,3,2,3,3,2,5,5,4,4,4,4,5,4
108476,5,4,5,2,2,5,2,2,3,2,4,3,2
13798,3,3,3,3,5,2,5,5,5,5,4,4,5
110580,1,1,1,1,1,1,1,1,4,3,2,4,1
93411,2,1,1,1,1,4,3,2,2,2,2,4,3
42610,3,2,4,2,3,3,3,3,2,2,3,3,3
53712,3,5,3,1,5,3,5,5,2,1,4,3,5
103445,5,5,5,5,2,4,4,4,4,4,4,3,5
48759,3,4,4,4,3,4,4,3,3,3,3,4,4
57751,2,2,3,2,5,5,5,5,4,5,5,5,5
98756,3,5,5,5,3,3,3,3,1,2,1,1,3
6151,4,2,4,4,3,4,5,3,3,2,4,2,3
89978,4,4,3,4,5,4,4,5,5,5,5,3,4
21354,2,4,2,1,5,2,2,5,5,3,4,5,5
15748,2,1,1,1,2,2,2,2,5,3,2,2,2
46631,2,3,3,3,2,3,3,2,2,2,2,2,2
50143,5,5,5,5,2,2,1,2,2,2,2,3,2
63823,3,5,4,3,3,4,4,1,1,4,1,4,5
6492,3,4,4,1,5,5,4,3,3,4,3,4,5
107410,4,5,5,3,2,5,3,2,4,2,4,2,2
36546,4,4,4,2,2,4,2,2,2,5,4,2,2
23722,3,4,0,3,3,0,3,3,2,3,2,1,3
31992,3,4,3,3,5,3,5,5,3,3,4,3,5
100390,3,5,3,3,4,3,4,4,3,2,5,3,4
76010,3,4,4,4,1,4,4,3,3,3,3,2,3
97362,4,2,4,3,2,4,1,2,1,2,3,4,2
33006,4,3,4,3,3,4,4,3,1,1,4,5,3
95008,2,2,2,3,3,2,3,3,1,1,4,1,3
29641,3,5,3,3,3,3,2,3,4,5,5,4,3
18360,0,5,0,1,4,4,2,4,5,3,5,1,4
61934,2,0,2,1,5,2,5,5,4,3,4,5,5
59828,5,5,1,5,5,4,5,3,3,4,3,3,3
106303,4,0,4,4,2,4,2,2,3,5,5,5,2
10366,3,3,3,3,3,4,5,4,4,4,4,4,4
129347,3,1,3,4,1,3,3,1,1,3,1,4,2
91580,1,1,1,1,2,1,3,4,4,4,4,3,4
91724,0,0,0,5,5,0,5,5,4,2,5,3,5
47853,3,3,3,3,1,3,3,5,5,4,5,2,3
20198,5,5,3,5,5,5,5,5,4,1,1,5,5
76984,4,0,3,4,1,3,1,1,5,4,5,5,1
35887,2,4,2,4,5,2,5,5,5,3,4,3,5
56845,2,2,2,2,5,4,4,4,3,4,5,4,4
95019,4,5,4,1,3,5,5,5,5,4,5,3,3
123144,5,0,5,3,4,5,4,4,3,3,5,3,4
35300,4,4,4,4,1,4,1,1,2,2,2,3,1
103976,2,4,2,1,3,5,4,4,4,2,4,5,5
92221,3,4,3,3,4,3,4,4,1,4,3,4,4
8457,1,2,2,2,5,3,4,1,1,1,1,3,1
12797,3,3,3,1,3,1,1,3,1,4,5,1,1
28888,4,4,4,4,1,4,1,4,4,3,4,1,1
77998,3,1,1,1,4,3,3,3,3,3,3,3,2
51676,2,4,4,4,5,3,3,2,2,2,2,1,1
57829,4,5,4,3,2,4,2,2,2,4,2,4,2
128748,2,2,2,2,2,2,2,3,3,3,3,2,2
84283,3,5,3,3,3,3,3,3,5,4,5,5,3
90148,3,1,1,1,3,3,3,3,4,4,3,1,3
122941,1,1,1,1,3,4,4,4,4,4,4,5,3
17745,3,2,2,2,5,3,3,3,3,2,3,2,2
125634,1,1,2,1,2,4,4,4,4,4,4,5,3
85624,2,1,2,2,2,2,1,2,4,2,2,1,2
85964,2,2,2,2,4,5,5,4,4,4,4,4,5
93745,5,4,5,5,1,5,1,1,5,5,5,3,1
57309,4,4,4,4,3,4,5,4,4,4,4,3,5
83730,4,0,4,3,2,4,2,2,3,2,4,2,2
7830,1,2,1,3,3,1,3,3,2,5,2,1,3
49683,3,4,3,4,4,3,4,4,2,4,4,4,4
104293,2,2,2,4,4,2,4,4,1,5,4,1,4
113986,1,1,1,1,5,5,5,5,4,3,4,4,5
74046,1,1,3,1,1,1,1,1,3,4,3,2,1
69606,1,1,1,4,1,1,1,2,3,4,4,1,1
62549,5,2,5,3,2,5,2,2,4,5,3,5,2
107516,4,4,4,4,3,5,4,4,4,4,4,5,5
81977,2,1,1,3,2,2,3,2,3,2,3,1,2
95912,3,1,3,4,2,3,3,3,3,3,3,2,1
104648,1,4,1,3,2,1,2,2,5,1,5,3,2
19485,3,2,0,3,1,3,4,2,2,0,2,3,4
3758,1,4,3,1,3,3,3,3,5,5,4,4,3
61849,5,0,5,3,1,5,1,1,3,5,4,4,1
97348,5,3,5,3,1,5,1,1,3,3,5,5,1
20847,3,4,3,3,4,3,4,4,3,2,4,5,4
105313,5,5,5,5,2,5,4,2,2,2,2,5,4
70120,1,1,1,1,5,5,4,4,4,4,4,4,5
30206,5,3,5,3,1,5,3,1,3,2,4,4,1
51918,2,5,2,5,4,2,4,4,4,5,3,4,4
45334,4,4,4,4,1,5,4,4,4,4,4,5,4
122967,5,5,5,5,4,5,4,3,3,3,3,3,3
101788,4,4,4,4,4,4,4,5,5,5,5,4,4
35822,3,1,1,1,3,3,3,3,3,4,2,1,3
116278,3,5,3,5,3,4,4,2,2,3,2,4,5
118397,0,1,1,2,5,4,5,3,3,3,3,4,3
37724,4,2,4,4,3,4,3,1,1,4,1,2,2
68759,1,1,1,1,5,4,4,2,2,2,2,3,4
89216,3,1,3,3,2,3,2,2,2,5,3,4,2
110944,3,4,3,4,2,2,3,5,5,3,5,3,5
67982,1,2,2,2,1,1,1,1,2,2,4,2,1
81541,2,3,2,3,4,2,4,4,2,1,1,1,4
39647,3,5,3,3,3,5,4,1,1,3,1,5,4
20177,2,5,2,3,3,2,3,3,3,2,4,4,3
2676,2,4,2,3,4,2,4,4,4,5,3,2,4
108230,2,2,2,2,4,4,5,4,4,4,4,5,3
75150,4,4,4,3,3,4,3,3,4,5,4,3,3
43004,2,1,2,2,5,2,5,5,4,5,2,2,5
29194,4,5,5,1,1,5,1,1,3,2,4,3,1
6975,5,5,5,5,4,4,4,4,5,5,4,4,4
79581,2,3,3,3,2,3,3,2,2,2,2,4,2
81278,3,3,3,3,2,3,4,2,3,2,2,1,2
23667,1,1,1,1,4,2,5,5,5,5,5,5,1
35934,3,5,3,1,2,3,1,2,4,3,5,4,2
96643,3,4,1,4,3,3,4,3,3,3,3,3,1
46494,1,0,1,1,1,1,1,1,1,3,1,2,1
105671,3,5,3,4,1,3,1,1,5,5,5,5,1
56310,5,5,5,4,5,5,5,5,4,3,5,3,5
42633,3,4,4,4,3,3,3,3,3,5,3,3,3
97884,4,4,4,4,3,3,3,3,4,4,5,4,3
60415,4,4,4,2,2,4,2,2,5,5,3,4,2
108447,4,1,1,1,4,3,4,4,1,2,4,1,4
41812,2,0,2,2,4,2,4,4,4,2,4,5,4
54234,3,3,3,3,2,2,2,2,3,5,2,2,2
36229,3,5,3,3,2,4,5,2,2,3,2,5,5
24372,1,1,1,1,2,2,2,2,2,5,1,5,2
129126,3,3,4,3,2,3,2,2,3,5,4,4,2
38356,3,3,4,3,5,4,4,3,3,3,3,3,1
93273,2,1,2,2,2,4,5,5,5,5,5,5,5
22180,2,1,4,1,3,2,2,2,2,2,2,4,2
10571,3,3,3,3,2,5,5,4,4,4,4,4,5
101243,2,5,2,1,4,2,4,4,3,5,5,4,4
68511,2,2,2,4,3,2,5,3,3,5,5,4,3
77075,4,4,4,4,2,2,1,5,5,5,5,2,2
55679,1,1,1,1,4,5,4,4,4,4,4,5,5
105621,4,4,4,4,3,5,4,4,4,4,4,5,5
84374,1,1,5,1,3,5,5,2,2,2,2,3,3
48450,2,2,2,2,2,2,2,2,3,5,1,2,2
45821,2,2,4,4,4,2,2,2,1,3,3,2,2
120244,4,5,4,2,1,4,5,1,4,5,3,3,1
79781,3,4,3,4,2,4,5,4,4,3,4,4,4
22448,2,4,0,3,5,0,5,5,4,4,4,3,5
119440,5,5,5,5,3,5,5,4,4,4,4,5,5
45563,1,2,2,2,1,1,1,1,3,4,4,3,1
12940,3,4,3,3,5,4,4,2,2,3,2,3,1
119841,3,1,2,1,1,4,3,3,3,3,3,2,4
129481,1,1,1,1,4,3,4,5,5,5,5,5,4
7816,3,3,3,3,3,3,3,3,1,4,3,4,3
121877,4,2,2,2,4,4,3,4,4,5,4,4,4
82041,4,2,5,4,4,5,4,4,3,5,4,2,4
48737,1,3,1,3,2,3,3,2,2,2,1,2,4
72589,2,2,2,1,1,2,1,1,3,4,1,3,1
111316,2,2,2,2,4,5,5,5,5,5,5,3,4
27968,5,4,4,4,5,5,4,5,1,5,3,2,5
24306,5,3,5,3,5,4,1,5,5,5,5,1,4
76200,2,3,3,3,2,2,2,2,3,2,3,1,2
59195,1,1,1,1,2,4,5,5,5,5,5,4,4
113931,5,5,5,3,2,5,2,2,3,4,5,4,2
100210,4,4,4,3,2,4,2,2,5,3,5,3,2
18941,3,1,3,3,3,4,4,4,4,3,3,4,4
39745,4,4,4,4,4,4,4,4,5,2,1,2,4
129593,2,4,2,2,3,2,3,3,1,4,1,4,3
102477,3,4,3,5,2,3,2,3,3,3,3,3,1
34017,2,4,2,4,3,4,4,3,3,2,3,4,4
632,3,3,3,3,2,5,4,4,4,4,5,4,5
45237,1,2,0,3,4,0,4,4,2,5,3,1,4
21037,1,1,1,1,1,2,2,5,5,4,4,5,1
122974,4,4,4,3,5,4,5,5,4,3,4,3,5
50564,1,4,1,2,2,2,1,3,3,1,3,2,2
102683,4,4,4,4,3,5,5,4,4,4,4,4,4
1703,1,1,1,1,5,5,5,2,2,3,2,3,4
18796,5,0,5,5,4,5,4,4,4,3,2,4,4
107783,2,2,2,3,5,2,5,5,3,2,4,1,5
33550,5,5,5,5,5,5,5,5,1,1,3,1,5
70678,2,2,1,3,4,1,4,4,4,1,3,4,4
67237,1,5,1,4,2,1,2,2,4,4,4,3,2
95260,4,5,0,4,4,0,4,4,4,4,1,1,4
66976,2,4,2,2,4,5,5,2,2,2,2,4,4
73870,2,5,5,5,4,2,2,2,2,2,2,1,1
34814,4,1,4,2,2,2,2,4,4,4,4,3,4
103581,4,4,4,4,4,4,4,4,3,3,5,4,4
75471,3,3,2,4,2,2,2,2,3,2,3,4,2
13054,3,4,3,2,5,3,1,2,2,3,2,2,1
124302,2,1,4,1,5,4,3,2,2,2,2,3,4
109279,2,2,2,2,3,5,5,4,4,4,4,5,3
793,4,4,4,4,5,4,4,5,5,5,5,5,5
77891,4,4,4,4,3,4,5,3,3,3,3,5,5
7653,5,5,5,5,4,5,4,4,5,3,5,3,4
90666,1,1,1,1,5,4,5,5,5,5,5,3,3
80039,2,3,2,3,5,4,5,2,2,2,2,1,5
94464,5,0,5,3,5,5,3,5,5,2,4,4,5
127331,3,3,3,2,2,3,4,2,4,3,5,5,2
72191,3,5,2,5,2,3,2,1,3,4,4,2,2
124146,5,5,5,5,3,4,4,4,4,4,4,5,3
93649,3,3,3,3,5,5,4,5,5,5,5,4,5
36853,4,4,4,4,4,4,4,4,4,5,4,3,5
107205,3,5,3,2,4,4,5,2,2,3,2,4,3
85267,2,4,2,2,3,2,3,3,5,3,4,5,3
78703,5,5,5,5,4,4,4,4,3,2,4,3,4
106201,3,4,3,1,4,3,4,4,5,4,5,5,4
114638,0,4,0,2,1,0,1,1,4,3,5,5,1
20900,1,1,1,1,4,4,4,4,3,2,4,3,4
22885,2,3,2,3,3,2,3,3,3,4,4,3,3
23322,4,4,4,4,2,3,3,4,4,4,4,5,4
47410,4,3,2,2,4,3,4,4,3,1,3,3,4
71080,4,4,4,3,4,4,5,4,5,5,5,1,4
7750,4,2,2,2,4,4,1,4,4,4,1,1,4
24142,2,5,5,5,2,2,2,2,5,1,2,1,2
37416,2,2,2,2,3,4,4,5,5,5,5,5,3
18062,4,3,4,4,2,4,5,2,1,3,4,4,2
72164,4,1,1,1,3,4,3,3,2,4,1,3,3
82251,4,4,4,4,4,5,4,2,2,2,2,3,3
25389,2,4,2,1,3,2,3,3,2,1,4,4,3
34100,2,1,2,3,3,2,2,4,4,2,4,2,1
18061,3,5,5,5,3,3,3,3,3,3,4,3,3
59487,3,5,3,3,1,3,1,1,4,5,4,4,1
76029,1,5,0,4,3,0,3,3,3,2,4,4,3
28382,3,3,3,3,1,3,1,1,2,1,3,3,1
22524,5,0,5,1,1,5,4,1,2,5,2,3,1
1635,3,3,3,3,2,3,2,2,4,3,1,5,2
107413,4,4,4,2,2,4,4,2,4,4,2,2,2
18275,5,1,1,1,5,5,5,5,4,3,3,2,5
79164,4,4,4,3,4,5,4,4,5,5,5,4,4
23418,2,5,2,4,4,5,4,4,4,2,4,5,3
110813,3,5,3,2,4,3,4,4,3,4,4,5,4
104208,2,2,2,2,4,4,4,4,4,5,4,3,3
59550,1,1,1,1,5,4,5,5,4,3,4,3,5
2949,4,4,4,4,4,4,4,4,4,5,3,2,4
26443,3,3,3,3,4,4,4,4,2,1,1,2,4
3942,4,4,4,3,2,4,2,2,2,2,4,1,2
109051,3,3,3,4,5,3,5,5,1,4,3,4,5
56288,2,2,2,2,5,5,4,4,4,4,4,4,4
9977,3,4,3,3,1,3,1,1,3,4,4,3,1
35784,3,3,3,2,5,5,1,2,2,3,2,3,3
106328,3,3,3,4,5,3,3,5,4,3,3,2,5
108946,2,2,2,3,5,2,5,5,4,2,3,1,5
64151,5,1,5,5,2,4,4,5,5,5,5,5,3
22707,3,4,4,4,2,4,2,2,5,5,5,4,2
42291,4,4,4,4,5,2,5,4,4,4,4,3,5
95055,4,4,4,4,2,3,5,3,3,4,3,2,1
71927,2,2,2,3,5,2,5,5,3,3,4,3,5
75953,0,0,0,2,3,4,4,3,3,3,3,4,4
73691,4,0,4,3,4,4,4,4,3,4,4,4,4
83100,1,5,1,1,1,1,1,1,5,5,5,5,1
61299,2,3,2,3,2,2,2,1,1,2,1,4,2
93534,2,4,2,1,2,2,2,2,5,3,5,4,2
23769,3,3,3,3,4,2,4,1,1,3,1,3,2
80775,4,4,4,4,2,5,5,4,4,4,4,3,4
83259,4,3,4,3,5,4,4,4,4,4,4,2,4
44500,3,3,3,3,2,1,3,1,1,2,1,4,4
110282,1,4,1,4,2,3,3,5,5,1,5,4,2
41124,3,4,4,4,1,2,2,3,3,3,3,2,2
59834,5,5,5,5,3,4,4,5,5,4,5,3,3
90656,2,5,2,5,1,3,4,2,2,2,2,4,4
129451,1,4,1,4,5,1,5,5,1,1,1,3,5
57034,2,3,1,3,2,2,2,3,3,3,4,2,2
40308,1,5,1,4,2,1,2,2,1,5,3,1,2
95103,1,5,1,1,2,1,2,2,5,5,5,5,2
22767,4,4,4,3,5,4,5,5,3,5,4,2,5
30359,2,3,2,4,3,2,1,3,1,3,1,5,3
97933,2,4,4,4,2,3,2,2,4,3,4,1,2
126504,1,3,1,4,2,1,2,2,4,2,5,3,2
49394,5,2,2,2,5,5,5,5,2,2,3,3,5
100641,4,0,4,2,2,4,2,2,5,5,5,4,2
107695,1,1,1,1,5,5,5,5,5,5,4,3,5
49250,4,1,1,1,4,4,4,4,5,3,3,5,4
82780,3,3,3,2,2,3,2,2,5,1,4,2,2
19126,3,1,3,3,5,3,2,5,1,4,4,1,5
109115,4,4,2,4,4,4,4,4,3,5,5,5,4
73025,3,4,3,3,2,3,2,2,5,5,1,3,2
106131,3,3,3,5,1,3,1,1,4,4,4,4,1
121053,2,4,3,1,2,3,1,2,3,2,4,3,2
99664,2,4,2,4,4,3,3,5,5,2,5,3,4
73482,2,5,2,2,2,1,1,4,4,3,5,1,1
123171,4,4,4,4,4,4,4,4,3,3,2,5,4
12945,3,5,3,4,4,3,4,4,4,5,4,5,4
12681,2,2,2,3,5,2,5,5,4,1,3,1,5
29485,5,2,2,2,5,5,5,5,3,1,4,5,5
113243,4,5,4,2,5,3,3,2,2,4,2,2,5
8366,1,1,1,1,3,4,5,3,3,4,3,3,3
70419,2,5,2,2,2,2,2,2,3,4,5,3,2
75619,4,2,4,3,5,4,5,5,1,5,4,3,5
84095,1,1,1,1,2,5,5,3,3,3,3,5,5
4742,2,4,1,4,4,1,4,4,3,3,3,4,4
46170,1,4,2,3,2,2,2,2,1,1,4,2,2
6103,4,4,4,4,3,3,3,4,4,4,4,1,3
106156,3,5,3,4,2,3,2,2,5,2,4,3,2
80227,3,4,3,2,4,3,4,4,3,2,4,3,4
2235,2,5,2,4,3,2,3,3,1,4,5,4,3
4294,1,4,1,2,3,5,5,5,5,1,3,5,5
84815,2,2,3,2,1,3,1,1,4,5,3,3,1
15592,0,0,0,4,1,1,1,5,5,5,5,3,2
61900,5,5,5,5,2,5,5,2,2,2,2,3,5
112278,5,4,5,4,5,5,5,5,4,1,3,3,5
62654,2,4,2,2,5,3,5,4,4,2,4,3,3
11293,3,5,3,3,3,5,5,2,2,3,2,5,3
62865,2,2,2,3,4,2,1,4,4,4,2,4,4
23257,5,5,5,2,4,5,4,4,2,1,1,5,4
52742,2,2,2,3,2,2,2,2,4,1,4,3,2
109828,4,4,3,4,3,4,5,4,4,4,4,3,3
3247,2,2,2,2,2,4,4,2,2,2,2,3,5
35407,2,3,2,1,2,2,2,2,4,2,2,4,2
6126,2,2,2,2,3,4,5,5,5,5,5,5,3
36478,5,5,5,5,2,5,4,5,5,5,5,4,5
11039,5,1,5,3,3,3,3,4,4,5,4,1,2
108987,1,1,1,1,5,5,5,3,3,3,3,4,4
62227,2,4,2,2,1,2,1,1,3,4,5,4,1
109362,1,1,1,1,2,5,5,4,4,4,4,5,5
90682,1,1,1,1,5,5,5,5,5,4,4,3,5
19346,3,5,3,1,5,5,4,5,5,3,5,4,4
125109,1,1,1,1,3,3,3,4,4,4,4,3,3
110735,3,3,3,3,4,5,4,3,3,3,3,3,3
46500,5,3,3,3,5,5,5,5,2,3,1,1,5
88844,5,1,5,4,4,5,4,4,3,4,3,4,4
23361,4,2,2,2,4,4,4,4,3,4,4,3,4
87326,3,2,2,4,4,2,2,4,1,3,3,4,4
52465,2,1,1,1,2,3,2,2,4,1,3,4,2
64626,4,4,4,4,5,5,4,4,4,4,4,4,5
105142,2,1,1,3,2,1,2,2,3,3,5,5,2
20057,3,3,4,2,5,4,5,5,1,3,4,1,5
22942,5,0,4,4,2,4,2,2,1,1,3,4,2
108869,1,3,1,3,5,4,1,1,1,1,1,3,3
68705,4,5,4,5,2,4,4,3,3,4,3,3,5
20631,5,2,2,2,5,5,5,5,3,1,4,3,5
123680,1,3,4,3,1,3,2,4,4,3,1,3,4
80758,3,4,4,4,1,4,3,3,3,3,3,2,3
87337,3,0,3,1,2,4,4,4,4,3,4,5,3
124007,2,1,4,1,2,2,2,2,2,2,4,1,2
128910,4,4,4,4,2,2,1,4,4,4,4,1,5
121045,2,4,2,3,4,3,4,5,5,2,2,1,3
89502,4,4,4,4,1,4,1,1,4,3,2,1,1
12719,3,3,3,3,4,3,2,4,2,4,3,4,4
106169,4,3,4,3,2,4,2,2,4,4,3,1,2
16858,1,1,1,1,5,4,5,5,5,1,1,4,5
109092,3,2,3,2,5,3,5,5,2,3,2,3,5
127032,2,2,2,2,5,4,5,5,5,5,5,5,5
36906,2,2,2,2,4,1,2,5,5,5,5,3,4
118428,1,1,1,1,5,5,5,5,5,5,5,4,4
117486,2,2,2,4,2,2,2,2,4,3,3,1,2
56123,2,2,2,3,5,2,5,5,3,4,5,5,5
50971,2,5,4,1,4,4,4,4,5,5,4,5,4
125631,1,1,1,1,5,5,5,5,4,4,4,5,5
35061,1,1,1,4,5,1,5,5,2,4,4,3,5
41475,5,5,5,5,5,3,5,5,5,5,5,2,1
93626,2,1,1,1,1,2,1,1,4,3,4,3,1
66296,3,3,3,1,5,3,5,5,4,2,4,4,5
76321,5,4,5,4,5,5,5,5,3,4,2,1,5
122320,3,5,1,1,5,4,4,4,4,3,4,2,3
30620,3,5,5,5,2,1,1,3,3,3,3,1,1
127353,5,3,5,3,5,5,1,5,1,3,4,4,5
115069,2,3,3,2,2,3,2,2,4,4,4,5,2
8947,3,2,3,4,4,3,4,4,3,4,3,3,4
128338,5,5,5,5,4,5,5,5,5,5,5,4,3
109923,3,2,3,3,4,3,4,4,2,3,2,3,4
46051,2,4,2,3,2,2,2,2,5,3,5,5,2
62358,5,5,5,5,2,3,4,5,5,5,5,3,5
58855,4,4,4,4,2,5,4,4,4,4,4,3,3
23671,4,3,3,3,4,4,4,4,2,1,4,5,4
127177,2,2,2,3,1,2,1,1,1,3,3,1,1
48114,3,3,3,3,1,4,1,4,4,5,3,5,3
105946,2,5,2,2,4,4,4,1,1,2,1,5,5
112020,2,2,2,2,2,5,4,5,5,5,5,4,3
89526,2,5,2,3,4,2,4,4,4,5,5,5,4
6268,1,1,4,1,4,4,4,4,4,4,4,5,3
85787,1,1,1,1,3,4,5,4,4,4,4,4,4
29589,5,5,5,5,4,4,4,4,3,5,2,5,4
98411,1,1,1,1,5,1,5,5,5,4,5,5,5
126189,3,3,3,3,1,3,5,1,4,4,3,4,1
20939,1,1,1,5,2,1,5,2,4,5,5,3,2
40422,1,1,1,1,1,1,1,1,2,5,4,4,1
70968,2,4,2,3,3,4,4,2,2,2,2,1,2
51485,3,4,4,4,4,4,3,3,3,2,3,4,1
64055,4,4,4,4,4,4,4,4,2,2,2,4,4
53389,0,3,0,1,3,0,3,3,3,2,4,2,3
115110,5,2,5,5,4,5,4,2,2,2,2,5,3
112518,2,4,1,2,1,3,1,4,3,5,4,1,1
59878,3,3,3,3,2,5,5,4,4,4,4,3,3
95838,4,3,3,2,1,3,1,1,3,4,5,4,1
92743,2,4,1,1,2,3,5,3,3,1,3,4,5
92931,2,0,2,4,4,2,4,4,1,4,1,3,4
94111,0,3,0,3,3,0,3,3,1,2,4,2,3
4127,0,0,0,2,3,0,1,3,3,3,5,5,3
85725,2,1,1,1,4,2,2,2,2,2,2,2,2
92674,5,5,5,5,3,5,4,5,5,5,5,3,5
59229,5,5,3,5,5,4,5,2,2,2,2,3,5
106561,1,1,1,1,4,5,5,5,5,5,5,5,4
88117,5,0,5,2,3,5,3,3,5,4,5,4,3
28817,4,3,3,3,4,4,4,4,2,1,2,5,4
46976,4,3,4,3,3,4,3,3,3,5,3,4,3
47725,4,4,4,4,4,4,4,3,3,3,3,5,5
20072,3,3,3,3,4,3,3,4,2,5,3,3,4
115619,4,4,4,4,4,4,4,5,5,5,5,4,4
12032,2,1,1,1,4,3,3,2,2,2,2,1,3
79560,4,4,4,4,3,4,4,4,4,4,4,3,3
92276,2,4,4,4,3,2,3,3,1,4,3,1,3
55380,3,3,3,3,1,3,1,1,1,1,4,2,1
35303,1,1,1,2,4,1,4,4,5,2,4,4,4
25916,5,2,5,3,2,5,5,2,2,1,2,5,2
17046,4,3,4,4,4,4,4,4,4,5,3,4,4
30691,5,3,2,2,5,5,5,5,4,3,1,3,5
71347,3,5,3,4,3,3,5,3,3,5,3,3,3
60396,1,1,1,4,5,1,5,5,4,4,3,3,5
119623,3,5,3,4,2,3,2,2,1,5,4,1,2
24145,2,2,2,2,1,4,3,5,5,5,5,5,3
88317,5,5,5,4,3,5,3,3,4,3,5,5,3
114494,0,0,0,4,3,5,5,3,3,3,3,3,3
39496,2,4,2,2,4,2,4,4,3,4,4,5,4
56634,1,4,4,4,5,4,4,1,1,1,1,1,4
5643,1,5,5,5,2,3,2,1,1,1,1,2,2
48921,4,1,1,1,4,4,4,4,1,5,2,4,4
13912,5,1,1,1,5,5,5,5,3,2,2,4,5
16227,3,4,4,4,3,3,3,3,3,3,3,1,2
86355,2,2,2,2,2,4,5,3,3,3,3,4,4
99100,5,5,5,2,3,5,2,3,5,3,5,4,3
25119,2,5,2,1,2,2,3,2,4,1,3,4,2
72523,1,1,4,1,4,5,4,4,4,4,4,4,3
5279,2,5,2,3,5,2,5,5,5,4,5,3,5
14361,4,1,4,4,4,4,4,4,4,5,4,1,4
16592,4,2,4,3,3,4,3,3,4,3,3,2,3
33193,4,4,4,4,4,4,4,4,5,4,4,2,4
106204,1,1,1,1,5,5,4,5,5,5,5,3,4
31038,0,0,0,2,1,0,1,1,4,3,3,3,1
65958,2,2,2,1,5,2,4,5,5,2,5,5,5
11002,3,0,4,1,2,4,2,2,4,4,4,5,2
37126,1,1,1,3,1,2,2,3,3,1,2,2,2
25537,3,5,3,4,4,3,4,4,3,5,2,4,4
96715,4,2,4,2,5,4,1,5,4,5,4,4,5
9871,3,5,5,5,3,4,4,3,3,3,3,2,4
75877,3,4,3,3,3,3,1,3,1,4,2,3,3
11143,4,5,0,5,4,0,4,4,4,2,5,2,4
43000,1,1,1,1,4,5,1,4,4,4,5,3,3
72252,1,1,1,4,5,1,5,5,3,3,4,4,5
18690,4,4,4,5,4,4,4,4,4,2,3,2,4
19834,3,3,3,2,3,5,1,3,3,3,3,3,5
118232,3,3,3,3,2,3,2,2,4,2,4,4,2
116996,0,0,0,4,2,0,2,2,5,5,5,5,2
48694,4,4,4,3,4,4,5,4,5,5,5,4,4
44850,5,2,2,2,5,5,5,5,1,5,5,4,5
38331,2,2,2,3,3,2,3,3,5,1,5,2,3
84613,5,5,5,5,3,5,5,5,5,5,5,3,4
73792,3,5,4,5,3,4,3,3,3,3,3,1,3
96447,3,2,3,3,4,4,4,4,3,2,5,3,4
86175,3,3,5,3,4,5,5,4,4,4,4,5,4
26294,5,4,4,4,5,5,4,5,1,1,1,3,5
34594,3,4,4,1,2,4,2,2,1,5,2,2,2
15342,2,2,2,2,5,5,4,5,5,5,4,5,5
125398,5,5,5,5,3,2,2,5,5,5,5,4,3
44784,3,3,3,4,4,3,2,4,1,3,4,2,4
19745,2,1,2,3,3,2,3,3,3,1,4,1,3
67414,2,1,1,1,1,2,1,1,2,5,2,2,1
45596,5,2,2,2,4,5,4,4,4,2,5,1,4
5028,2,3,4,3,1,3,3,2,2,2,2,1,4
6845,4,1,4,3,5,4,5,5,4,1,4,2,5
91447,4,4,4,4,2,5,4,5,5,5,5,4,4
28731,3,3,3,5,3,3,3,3,3,2,4,5,3
99290,3,5,3,3,5,3,5,5,3,4,4,5,5
80838,4,4,4,4,5,4,5,5,3,4,4,5,5
55233,3,3,3,3,3,4,4,3,3,3,3,1,1
88669,1,4,1,4,3,4,4,5,5,1,4,5,3
81738,1,1,1,1,4,4,4,5,5,4,5,3,5
96570,5,5,5,1,3,5,3,3,3,2,4,3,3
126069,2,0,2,4,4,2,4,4,5,2,5,5,4
49652,2,2,5,2,3,1,2,5,5,5,5,3,1
94283,4,4,4,4,4,4,4,4,4,4,4,5,4
13818,5,5,1,5,5,4,5,5,3,1,2,3,5
55892,3,4,4,4,2,3,4,3,3,3,3,1,2
124480,5,5,5,5,4,4,5,5,5,5,5,3,5
106962,2,2,2,2,4,4,4,5,5,5,5,4,5
50133,0,1,1,2,4,4,2,5,5,5,5,3,4
127086,3,4,4,4,3,3,3,3,2,5,3,3,3
22059,1,1,1,1,5,3,5,5,5,5,5,2,4
115458,1,1,1,1,3,5,5,3,3,3,3,5,4
129506,2,5,5,5,2,2,2,2,4,2,1,5,2
114674,0,0,0,2,4,4,5,4,4,4,4,4,3
89254,2,2,2,2,5,4,5,3,3,4,3,4,4
53613,2,4,3,4,2,4,2,2,2,2,2,1,1
42758,1,3,3,3,1,1,1,1,1,5,4,1,1
41737,4,4,4,4,5,5,5,5,3,1,4,2,5
96559,2,2,2,1,3,2,3,3,4,2,5,4,3
104002,5,4,4,4,5,5,5,5,4,1,2,3,5
108653,5,5,5,5,3,5,5,5,5,5,5,5,5
358,2,2,2,4,5,2,5,5,4,4,4,5,5
57303,4,5,4,4,3,4,3,3,5,2,5,3,3
107161,2,2,2,2,3,5,4,5,5,5,5,3,5
29919,5,5,5,5,5,2,2,5,5,5,5,5,5
76267,1,1,1,4,5,1,4,5,1,4,4,3,5
15007,2,2,2,3,1,4,3,3,3,2,2,3,2
21360,3,5,3,3,3,3,3,3,3,4,5,3,3
122027,2,2,4,2,4,5,5,4,4,4,4,5,3
54945,3,4,3,2,2,3,5,2,3,2,5,4,2
30091,4,3,4,3,4,4,4,1,1,4,1,1,4
23129,4,1,4,4,2,5,1,5,5,4,5,3,4
12875,2,0,2,2,1,2,1,1,4,3,1,4,1
125440,4,4,4,4,4,4,4,4,4,5,4,3,5
84725,4,0,4,2,3,4,3,3,4,4,4,5,3
78863,2,2,2,2,2,4,4,4,4,4,4,4,5
46569,3,3,3,3,5,4,3,5,5,5,5,3,5
47503,3,1,2,3,1,2,1,1,3,1,3,2,1
124593,3,5,5,5,3,2,3,3,2,3,4,1,3
6549,4,4,4,3,1,4,1,1,4,2,4,3,1
20009,3,4,3,2,3,1,4,4,4,3,4,4,5
90578,4,4,4,1,1,4,1,1,3,2,5,4,1
69769,3,2,3,4,1,3,1,1,3,3,3,4,1
73689,3,5,5,5,3,3,3,3,2,2,3,3,3
72859,2,4,4,4,2,2,2,2,2,4,3,1,2
77635,1,1,1,1,4,5,4,4,4,5,4,4,5
42186,3,3,3,3,3,3,1,5,5,5,5,4,3
115522,4,5,4,2,3,4,3,3,5,2,5,5,3
123256,2,4,2,3,5,5,3,2,2,2,2,4,3
23686,4,1,1,1,4,4,4,4,1,1,3,1,4
47259,2,2,2,2,2,5,4,5,5,5,5,5,5
81726,4,4,4,3,5,4,5,5,5,5,4,3,5
100763,2,2,2,2,4,4,4,4,4,4,4,3,4
114987,2,1,1,1,2,3,4,2,2,2,2,3,1
1117,2,5,2,3,1,2,1,1,3,3,4,5,1
76123,1,1,1,1,5,5,5,4,4,4,4,3,5
118813,3,3,3,3,3,5,5,3,3,2,3,3,3
7793,1,1,1,1,3,5,5,5,5,5,5,5,3
73161,2,2,4,2,2,2,2,2,5,2,5,5,2
125363,3,4,3,1,4,3,4,4,4,4,4,5,4
18180,4,4,4,4,5,4,5,4,4,4,4,3,4
16050,4,4,5,4,4,3,1,4,4,4,4,1,5
63417,2,2,2,3,1,3,3,2,2,2,2,2,2
107572,1,5,1,3,3,1,3,3,1,5,2,2,3
7278,4,0,4,4,3,4,3,3,4,3,5,4,3
66861,4,3,4,5,5,4,4,3,3,4,1,5,5
78425,1,1,1,1,5,5,5,5,5,4,5,3,3
69578,5,5,3,3,5,4,5,3,2,4,5,5,5
12037,5,5,5,5,5,5,5,5,1,1,4,3,5
129678,3,3,3,3,2,4,4,3,3,3,3,5,3
16704,0,0,0,2,1,3,1,5,5,5,5,5,5
5874,4,4,4,4,4,4,4,4,4,4,5,5,4
28267,5,4,4,4,5,5,5,5,2,1,5,2,5
72873,1,5,1,3,1,1,1,1,2,4,4,5,1
2058,4,4,4,4,2,4,2,2,4,3,4,2,2
8323,4,4,4,5,3,4,5,1,1,4,1,5,5
109222,1,3,1,3,4,1,5,4,3,5,4,2,4
114829,1,1,1,1,2,5,5,4,4,4,4,4,4
75313,3,3,3,1,3,3,3,3,2,5,5,3,3
59865,3,3,3,3,3,3,3,3,4,2,3,1,3
29654,2,5,2,3,2,3,4,2,2,2,2,1,3
8328,2,0,3,5,3,3,3,3,5,2,5,4,3
3941,1,1,1,1,2,3,2,2,3,3,5,3,2
80147,3,3,3,3,4,4,4,5,4,5,4,4,4
28890,4,1,1,1,4,4,4,4,1,4,1,1,4
55480,2,4,4,4,2,2,2,2,4,4,3,2,2
10690,3,2,2,2,5,2,2,3,3,3,3,1,4
65485,1,5,1,3,4,3,5,2,2,1,2,4,4
75945,5,0,5,3,2,5,2,2,4,2,5,3,2
40790,3,1,1,1,3,5,3,3,3,3,3,3,2
109408,3,3,3,3,3,4,4,5,5,5,5,4,4
2491,2,2,2,2,2,2,2,2,4,2,4,1,2
9265,2,2,2,2,5,4,5,5,5,5,5,3,5
74228,3,3,3,2,2,3,2,2,4,3,4,5,2
55559,3,3,3,4,1,3,1,1,4,5,3,3,1
79817,0,3,0,1,4,0,4,4,3,4,5,3,4
116849,1,1,1,1,2,5,5,5,5,5,5,4,4
73225,1,2,2,2,1,1,1,1,2,2,3,3,1
125635,3,4,4,3,3,4,3,3,1,2,4,2,3
20637,5,5,5,5,4,4,4,4,1,5,1,1,4
59874,3,3,3,3,5,4,5,4,4,5,4,3,4
71251,3,3,3,3,5,5,5,4,4,4,4,4,5
127990,2,5,2,1,3,2,2,3,4,4,4,4,3
87671,1,3,3,3,3,3,4,1,1,1,1,1,4
68042,5,5,2,5,5,5,5,4,4,4,4,4,4
77542,1,1,1,1,4,4,4,4,4,2,4,3,4
26838,5,0,5,2,2,5,2,2,1,5,1,5,2
66762,3,5,3,3,1,3,1,1,2,2,5,2,1
91085,2,2,2,3,5,2,5,5,3,3,3,1,5
62283,3,3,3,3,3,4,4,4,4,4,4,3,5
9236,4,4,4,4,2,1,3,5,5,5,3,4,3
87650,1,1,1,1,2,4,5,4,4,4,4,4,5
16885,2,2,2,2,5,5,5,5,2,2,5,4,5
98069,2,1,1,1,5,3,4,2,2,2,2,3,4
33154,3,5,3,2,2,3,2,2,4,4,4,3,2
33902,3,4,3,3,3,3,3,1,1,3,3,4,1
121976,2,2,2,2,5,5,5,5,5,5,5,4,5
11880,2,5,2,3,2,1,2,5,3,5,5,2,2
70826,3,4,3,3,1,3,5,1,5,4,4,1,1
92037,4,4,4,4,5,5,5,5,3,2,5,4,5
34324,2,4,2,5,2,2,2,2,5,3,4,3,2
103837,3,3,3,4,4,3,4,4,2,2,4,3,4
101325,4,5,4,3,5,4,5,5,4,4,5,3,5
92972,2,5,2,4,3,4,4,1,1,2,1,5,3
46060,5,3,1,1,5,1,1,5,5,5,5,2,3
82781,1,1,1,1,2,4,5,5,5,5,5,3,3
9441,2,2,2,2,2,2,2,2,3,4,3,2,2
29201,2,2,2,4,2,3,4,1,1,2,1,2,3
6324,3,3,4,3,2,5,5,4,4,4,4,5,3
57681,3,3,3,3,4,4,4,5,5,5,5,3,3
87467,1,4,1,4,3,1,3,3,5,2,4,4,3
11191,1,4,1,4,3,1,3,3,3,2,5,4,3
127356,2,4,2,3,2,4,5,2,2,2,2,3,5
46169,2,4,2,2,3,2,3,3,3,4,5,5,3
75056,1,4,1,2,1,1,1,1,3,4,4,5,1
67543,2,4,2,4,3,2,3,2,2,2,2,2,1
35512,1,3,1,3,2,1,4,2,2,4,3,1,2
94784,1,2,2,2,1,1,1,1,4,2,4,3,1
47370,4,5,5,5,4,4,2,4,4,4,3,1,4
54809,5,5,5,5,4,5,4,4,5,5,3,4,4
116069,4,5,4,3,4,4,5,4,4,5,4,3,4
2896,2,5,3,2,2,3,2,2,3,3,4,3,2
68221,5,5,5,2,5,5,5,5,3,4,5,4,5
25187,3,4,4,4,5,4,4,3,3,2,3,1,3
109848,2,2,2,2,2,4,5,4,4,4,4,3,4
21661,4,4,4,2,1,4,1,1,2,5,5,1,1
53996,1,1,1,4,4,1,4,4,2,5,2,4,4
94559,3,1,3,3,2,3,2,2,3,5,3,4,2
113194,5,5,5,5,4,5,4,4,5,4,4,3,4
67201,4,5,5,1,5,5,5,5,4,3,4,5,5
20819,5,5,5,5,4,4,4,4,3,3,5,5,4
26354,1,1,1,1,2,4,5,4,4,5,4,5,3
48202,2,2,2,1,2,2,2,2,3,1,2,2,2
73389,3,3,2,3,5,4,4,3,3,4,3,3,4
111396,4,4,4,2,3,4,3,3,4,2,4,5,3
517,0,0,0,4,5,5,4,4,4,4,4,3,5
53633,2,2,2,3,4,2,4,4,4,2,4,3,4
45175,4,4,4,3,1,4,1,1,2,5,4,3,1
118671,4,2,4,3,2,4,2,2,3,4,4,1,2
111388,3,3,3,3,1,4,1,4,4,4,4,5,1
73539,2,1,3,3,4,3,4,4,4,4,4,2,4
94581,4,4,5,4,2,5,5,4,4,4,4,5,3
66776,2,2,2,2,1,2,1,1,5,5,5,4,1
34202,3,4,3,3,4,3,4,4,4,3,4,3,4
13171,3,5,3,1,3,3,3,3,4,3,1,3,3
25553,2,3,2,4,3,2,3,3,1,4,4,4,3
2692,1,1,1,1,5,4,5,5,5,5,5,4,5
91846,2,2,3,2,5,3,4,3,3,3,3,3,5
28347,1,1,1,3,1,4,4,2,2,1,2,1,2
46929,2,1,2,3,5,2,5,5,2,3,4,4,5
107038,3,3,3,3,3,4,3,3,3,3,3,4,4
113152,3,3,3,3,1,3,1,1,1,5,4,1,1
54385,4,0,4,1,3,4,3,3,1,5,3,4,3
9079,3,2,3,3,4,3,4,4,2,2,3,1,4
9142,0,0,0,4,2,4,4,5,5,3,3,3,3
25176,5,5,5,5,3,3,3,3,5,3,4,3,3
38877,3,3,3,3,5,3,1,4,4,4,4,5,2
44506,3,4,3,2,3,5,5,2,2,3,2,5,3
94570,1,1,2,1,4,4,4,5,5,5,5,3,5
51116,3,5,3,1,5,3,5,5,1,1,5,1,5
51395,2,5,2,4,1,2,1,1,3,2,1,2,1
111366,4,4,5,4,4,4,4,5,5,5,5,5,4
92782,2,1,2,1,4,1,2,2,2,2,2,2,2
71687,4,5,4,1,2,4,2,2,4,4,5,3,2
92296,3,5,3,1,3,3,3,3,4,4,3,4,3
93720,4,4,4,4,5,3,3,4,4,4,4,4,1
95799,4,4,3,4,4,5,5,5,5,4,5,4,3
42399,4,4,4,4,4,4,4,4,3,1,3,1,4
21287,5,5,5,5,4,4,4,4,4,1,2,3,4
112043,4,4,4,2,2,4,4,2,2,1,2,4,2
94773,3,1,5,1,3,3,3,3,1,1,4,4,3
91314,4,4,4,4,2,4,5,5,5,5,5,5,5
56858,1,1,1,1,4,3,3,3,5,3,4,3,3
5038,1,1,5,1,3,4,5,4,4,4,4,3,5
125989,2,5,3,5,5,5,5,4,4,3,4,3,5
70857,2,2,2,2,4,4,5,4,4,4,4,4,3
25584,4,4,4,4,4,4,4,4,3,4,4,2,4
111089,2,4,2,3,4,2,4,4,1,5,3,2,4
60312,4,5,4,3,2,4,2,2,5,3,4,5,2
28143,5,2,5,2,5,5,5,5,3,3,1,3,5
92747,2,5,2,3,4,2,4,4,3,4,3,3,4
121385,2,4,2,1,5,2,5,5,3,4,5,4,5
74883,3,3,3,3,4,4,4,5,5,5,5,5,3
33757,4,1,1,1,3,4,3,3,4,4,3,2,3
24954,4,4,3,1,4,3,4,4,5,3,4,5,4
75874,4,5,5,4,4,4,4,4,3,2,2,3,4
20440,5,2,2,2,1,2,5,5,5,5,5,2,5
59335,4,4,4,4,4,4,4,4,5,5,3,4,4
21865,4,1,1,1,4,3,4,3,3,4,3,2,3
81730,4,4,4,4,4,4,4,4,4,4,4,3,4
125002,2,2,2,2,5,3,3,5,5,5,5,5,3
114118,2,1,2,3,5,4,3,1,1,2,1,2,2
52474,3,5,0,1,5,3,2,5,5,0,1,2,4
103543,3,4,2,2,1,4,4,3,3,3,3,4,4
95382,4,4,4,1,3,4,4,1,1,4,1,5,1
39689,1,1,1,3,1,1,1,1,5,2,2,5,1
119710,2,5,2,2,3,5,4,4,4,4,4,5,4
41669,3,4,4,1,2,4,2,2,3,3,4,5,2
10830,2,2,2,4,4,2,4,4,3,3,5,4,4
121924,2,2,2,2,2,5,5,4,4,4,4,4,3
76754,5,5,3,5,2,5,4,5,5,5,5,3,3
42172,3,3,3,2,3,3,3,3,2,2,2,3,3
47106,2,5,2,3,3,2,2,3,4,2,5,3,3
59960,1,1,1,1,2,4,5,3,3,3,3,3,5
51061,0,3,0,3,3,3,3,2,2,0,2,1,2
96604,2,2,2,2,3,2,3,3,5,4,5,5,3
113241,4,4,4,3,5,2,2,3,3,4,3,1,1
101179,4,5,4,2,4,4,5,4,3,4,5,5,4
26856,2,4,0,4,5,5,5,5,5,0,5,4,3
61561,4,1,4,3,3,4,3,3,2,3,3,3,3
127253,1,1,1,1,1,4,3,1,1,1,1,2,1
55880,2,2,2,4,5,2,4,5,2,5,4,4,5
119484,1,1,1,1,5,4,4,5,5,5,5,3,4
122128,5,5,5,5,4,5,4,4,4,5,4,3,4
20004,4,5,3,5,1,3,3,4,4,4,4,4,3
37740,2,1,2,4,5,2,5,5,2,4,4,1,5
21044,1,1,1,1,5,4,1,5,5,5,4,3,2
36206,5,4,3,3,1,1,5,5,5,5,5,5,3
53314,2,4,2,5,5,2,5,5,4,5,4,3,5
63133,3,3,3,3,3,3,3,3,3,3,3,2,4
26764,4,4,4,3,3,3,3,1,1,4,1,3,4
66510,1,5,1,3,3,1,2,3,3,3,5,5,3
75995,1,1,1,1,5,4,5,5,5,5,5,5,3
94446,2,0,2,3,5,2,5,5,4,2,5,4,5
72159,4,3,4,3,3,3,2,5,5,4,5,3,3
109191,2,4,4,4,2,2,2,2,2,5,4,1,2
101204,1,3,1,1,1,1,1,1,3,1,1,4,1
54126,4,4,4,4,5,3,1,4,4,4,4,5,2
95297,2,3,2,3,5,2,5,5,4,3,4,2,5
38460,3,4,3,3,4,3,4,4,2,5,4,1,4
21457,1,5,5,5,3,4,4,1,1,1,1,2,2
32869,4,5,0,2,2,0,4,2,5,2,4,3,2
54602,3,5,3,2,5,3,5,5,5,5,4,4,5
96071,1,5,1,3,4,4,5,3,3,1,5,5,4
82976,3,3,3,3,2,5,5,5,5,5,5,3,5
52029,1,2,1,2,3,1,3,3,3,1,2,2,3
73942,3,2,2,2,3,3,3,2,4,2,4,3,3
7484,4,4,4,4,2,4,5,4,4,4,4,4,5
58323,2,0,3,3,5,3,5,5,2,2,1,1,5
651,4,4,4,4,3,4,4,5,5,5,5,4,4
6031,3,5,5,5,4,3,3,3,3,3,3,2,1
13590,1,4,0,2,3,0,3,3,5,4,4,5,3
49528,2,5,1,4,3,1,3,3,3,5,3,5,3
116710,5,5,5,5,5,5,5,5,3,1,1,1,5
116848,2,1,2,2,5,2,3,4,4,2,2,1,1
84729,3,3,3,3,4,4,5,5,5,5,5,5,5
25062,5,5,5,2,4,5,4,4,2,3,5,4,4
65466,1,1,1,1,4,5,4,2,2,2,2,3,3
10427,2,2,2,2,4,4,5,4,4,4,4,5,4
71705,2,5,2,1,1,2,1,1,5,3,5,4,1
46242,4,3,3,3,2,2,2,4,4,4,4,4,1
17619,4,3,3,3,4,4,4,4,4,5,1,3,4
109027,2,2,2,2,2,5,4,5,5,5,5,4,3
108713,4,4,4,4,3,4,4,5,5,5,5,5,4
13528,0,0,1,5,5,1,5,5,1,5,5,1,5
8981,1,1,1,3,5,1,4,5,2,2,4,3,5
71111,2,2,2,2,4,4,4,4,3,5,5,5,4
28180,2,4,2,2,3,2,3,3,4,5,4,4,3
71375,3,2,3,4,4,3,4,4,2,4,4,1,4
73312,2,1,2,2,3,5,5,5,5,5,5,4,3
103854,2,3,3,3,2,1,2,2,4,2,3,3,2
2150,3,3,3,3,4,3,4,4,5,3,5,3,4
100503,1,4,4,4,1,1,1,1,2,5,4,4,1
82477,4,5,4,5,4,4,1,4,5,4,5,3,4
102590,4,1,1,1,4,3,4,4,4,1,3,1,4
55436,4,4,4,4,3,3,3,5,2,3,4,3,3
8020,4,4,4,4,2,4,5,5,5,5,5,5,5
98279,4,4,4,4,1,4,1,4,4,4,4,3,4
117682,4,4,5,4,3,5,4,4,4,4,4,4,3
94506,5,5,5,5,4,4,4,4,4,4,4,5,5
9329,2,5,2,1,4,2,4,4,4,3,4,4,4
50459,2,3,4,4,4,3,3,2,2,2,2,3,2
23923,2,3,2,3,1,1,5,3,3,2,3,3,1
6817,3,1,3,2,3,3,3,3,3,4,1,3,3
67944,3,5,3,2,1,3,1,1,5,2,4,5,1
48250,2,2,0,3,0,1,1,1,5,4,4,1,1
101042,1,1,1,1,3,5,5,5,5,5,5,3,3
90222,5,5,5,5,3,5,4,3,3,3,3,3,4
115635,1,1,1,1,5,5,5,4,4,4,4,5,3
66286,3,1,4,3,1,4,2,1,4,5,1,1,1
101118,3,3,3,3,2,4,5,3,3,3,3,5,5
124140,3,2,1,3,3,1,3,3,4,3,3,2,3
25027,1,0,0,4,4,4,3,5,5,1,5,4,3
5590,3,5,5,5,1,3,4,3,3,3,3,3,4
83489,3,3,3,3,3,3,4,3,3,3,3,4,1
108915,4,3,3,3,4,4,4,3,2,3,4,4,4
63155,2,2,2,4,3,2,2,3,5,2,5,3,3
69850,3,4,3,1,1,3,1,1,4,3,4,3,1
63242,4,4,4,4,2,4,4,5,5,5,5,4,3
30074,1,3,1,3,1,1,1,1,1,5,3,4,1
123197,1,4,2,3,4,5,5,5,5,2,5,3,3
70366,3,2,2,2,3,2,2,3,3,3,3,2,1
101047,3,3,3,3,2,5,5,5,5,5,5,5,5
117515,5,5,5,5,5,5,5,5,3,2,1,1,5
13020,4,5,3,5,3,3,4,4,4,4,4,1,4
105815,3,4,3,2,3,4,4,5,5,3,5,4,4
10698,2,2,2,2,2,2,2,2,2,3,4,2,2
42170,4,2,2,2,4,4,4,4,2,2,3,4,4
9536,5,4,5,4,4,5,4,4,5,4,5,5,4
8729,1,3,1,3,4,4,4,4,4,1,4,3,1
51517,2,5,5,5,4,1,2,2,2,2,2,3,2
88955,1,1,1,1,1,1,1,1,5,4,4,4,1
6153,2,2,2,2,5,4,5,3,3,4,3,4,3
91836,1,4,3,5,3,3,3,3,4,4,5,3,3
125032,4,4,4,4,3,3,3,5,5,3,5,3,3
92449,3,3,3,3,4,5,5,5,5,4,5,3,4
106847,1,4,2,4,4,2,4,4,4,4,5,3,4
49137,5,4,5,1,4,5,4,4,4,3,2,4,4
11621,1,2,1,3,3,3,4,3,3,1,3,1,4
89013,4,4,5,4,4,4,4,4,5,5,5,3,4
24088,1,1,1,1,4,4,4,4,1,5,1,4,4
77128,3,5,3,1,2,3,1,2,4,2,5,4,2
73858,3,5,4,1,1,5,5,2,2,4,2,4,4
104697,2,2,2,1,4,2,4,4,4,2,4,3,4
63429,4,4,4,4,5,4,5,5,5,5,5,4,5
38742,4,4,4,4,3,3,3,4,4,4,4,1,1
70960,2,2,2,1,5,2,5,5,4,4,4,3,5
114333,2,4,2,2,2,5,5,5,5,2,5,5,3
67176,3,4,3,1,2,3,2,2,4,2,4,5,2
13160,2,1,2,4,1,2,1,1,2,2,4,4,1
9155,1,5,1,3,1,1,1,1,4,5,5,3,1
25896,2,2,2,2,1,2,1,1,1,2,2,4,1
128391,3,5,5,5,3,3,3,3,3,3,3,3,3
18010,4,5,4,2,2,4,5,5,5,4,5,4,5
51152,2,2,2,4,2,2,2,2,3,4,3,3,2
100619,4,4,4,2,4,4,4,4,5,2,4,2,4
90440,2,2,2,2,3,5,4,2,2,2,2,5,4
105710,1,1,1,3,4,1,4,4,2,5,4,2,4
2460,1,1,1,1,1,1,1,1,1,1,4,4,1
122606,4,5,5,5,5,3,4,4,4,4,4,1,4
40898,2,2,2,3,2,2,2,2,5,4,3,2,2
98338,4,4,4,4,3,4,5,4,4,4,4,3,4
18551,5,5,5,5,5,5,5,5,1,5,5,1,5
22830,2,3,2,4,3,2,3,3,2,2,3,2,3
113593,2,1,1,3,5,1,5,5,4,2,4,3,5
7973,3,4,3,4,2,3,4,5,5,3,3,2,5
24812,5,5,5,4,2,5,2,2,3,1,4,3,2
11899,3,3,3,2,4,3,4,4,5,4,5,5,4
118327,3,3,3,3,4,4,4,4,4,5,4,5,5
26546,2,4,2,1,2,2,2,2,5,3,5,3,2
106792,5,5,5,5,4,5,4,5,5,5,5,3,5
34467,5,1,1,1,5,5,5,5,2,3,5,4,5
58419,3,3,3,3,3,3,3,3,2,2,3,3,3
74034,3,4,3,5,3,3,3,3,4,5,4,4,3
65630,2,5,2,1,5,2,5,5,5,4,4,3,5
7208,3,3,3,2,1,3,1,1,5,2,4,4,1
45137,4,3,3,3,4,4,4,4,5,4,1,4,4
58673,3,3,2,3,5,4,5,3,3,3,3,3,5
91642,4,4,4,3,5,3,5,4,4,4,4,5,5
37031,3,3,3,3,3,4,1,4,4,4,4,5,4
86441,2,5,1,1,3,4,3,2,2,2,2,4,1
13246,4,4,4,4,4,4,4,4,2,1,3,2,4
94732,3,3,3,3,3,3,3,3,3,5,4,4,3
49875,1,3,2,3,1,1,1,1,2,1,1,1,1
114811,3,3,4,3,4,4,4,5,4,5,4,4,4
50682,4,3,4,2,2,4,2,2,2,3,3,3,2
39096,3,4,3,2,4,5,4,4,4,3,4,4,4
22513,1,2,2,5,5,2,5,5,2,1,4,3,5
86801,1,1,5,1,5,5,4,5,5,4,5,5,3
84535,3,2,2,2,3,3,3,3,4,1,4,4,3
119053,3,4,4,4,3,4,3,3,3,3,3,3,4
82778,4,3,4,4,4,4,4,4,4,5,1,2,4
126605,4,0,4,1,4,4,4,4,4,5,4,4,4
111916,5,5,5,5,5,4,5,4,4,4,4,3,5
23221,3,1,3,1,2,1,2,1,1,3,1,1,1
110320,5,5,5,5,2,4,5,3,3,3,3,3,4
113305,3,3,3,1,3,2,2,5,5,4,4,2,2
66996,3,3,3,3,2,4,5,5,5,5,5,5,3
84136,3,1,5,5,2,3,2,2,1,1,4,3,2
108202,3,1,3,2,1,3,1,1,3,1,2,1,1
36673,1,5,1,2,3,1,3,3,2,2,5,5,3
72418,5,5,2,5,2,4,5,4,4,4,4,4,5
92568,4,4,4,4,5,4,5,3,3,3,3,5,4
69889,2,2,2,2,3,4,4,4,4,4,4,5,4
127257,4,4,4,4,4,4,4,4,4,4,4,4,4
71068,2,4,2,5,1,1,5,5,5,2,5,4,3
5299,2,3,0,1,3,0,3,3,2,2,2,2,3
89288,4,5,5,5,3,4,4,4,4,4,4,3,1
92761,5,5,5,5,4,4,5,4,4,4,4,3,4
19957,3,1,1,1,3,3,3,3,2,4,4,3,3
79900,3,3,3,3,3,5,4,4,4,4,4,5,4
24216,3,4,3,3,1,3,1,1,1,5,4,2,1
55120,1,5,1,4,4,4,5,3,3,1,5,5,4
64622,2,2,2,5,3,2,3,3,5,3,4,5,3
50975,4,5,0,4,1,0,1,1,4,4,4,4,1
62324,2,2,2,3,3,2,3,3,2,4,4,2,3
88185,1,1,1,1,3,4,4,4,4,4,4,4,4
43635,3,3,3,2,1,3,1,1,5,2,4,4,1
97833,3,5,2,5,3,2,3,3,3,3,4,4,3
75497,4,4,3,4,3,4,4,5,5,5,5,3,4
1090,3,4,3,5,4,3,4,4,3,3,4,5,4
67298,3,4,3,3,5,3,5,5,2,5,4,3,5
20209,1,5,5,4,3,5,5,1,1,5,1,4,4
114906,3,3,3,3,2,5,4,5,5,5,5,4,5
62645,2,4,2,5,3,2,3,3,3,4,4,2,3
86850,5,5,5,3,4,5,4,4,4,2,4,3,4
82219,2,2,2,2,3,4,4,5,5,5,5,5,3
25498,3,3,3,3,3,3,3,3,2,5,3,4,3
21660,2,2,2,2,1,2,1,1,2,4,1,2,1
35483,3,3,3,4,5,3,5,5,2,5,5,2,5
91075,1,4,0,1,5,5,4,4,4,0,4,5,5
15828,5,5,5,5,5,5,5,5,1,3,5,2,5
31610,4,4,4,4,3,5,5,5,5,5,5,3,3
79081,1,5,5,2,3,5,4,5,5,5,5,3,5
8701,4,3,2,2,4,4,4,4,2,1,4,5,4
116841,3,4,3,3,3,4,4,4,4,3,4,2,2
5031,3,3,3,3,2,4,4,5,5,5,5,4,3
2487,3,3,3,5,4,3,4,4,4,3,5,5,4
5992,4,4,4,4,3,5,5,5,5,5,5,3,4
52700,3,1,3,2,1,3,2,1,1,3,1,4,4
100342,1,1,1,1,3,3,4,5,5,5,5,4,3
22882,1,4,1,3,5,1,5,5,3,3,5,3,5
20660,4,1,1,1,4,4,4,3,5,5,3,4,4
118898,5,4,5,1,1,5,1,1,5,4,4,3,1
15648,3,4,3,2,2,4,5,2,2,3,2,4,3
79891,2,4,4,4,1,4,3,3,3,2,3,3,4
56667,3,3,4,1,5,3,4,4,4,4,4,4,2
118977,3,3,3,3,4,5,5,5,5,5,5,5,4
70496,2,4,4,4,2,2,2,2,4,4,4,4,2
96075,2,5,2,3,3,5,5,2,2,2,1,5,3
72134,1,1,1,1,4,1,4,4,4,2,5,3,4
119275,5,5,5,5,4,5,3,5,3,4,4,3,3
39144,4,5,4,4,3,4,3,3,3,2,5,5,3
66771,4,4,4,3,3,4,3,3,3,3,4,3,3
123009,2,3,3,3,2,2,2,2,2,3,4,1,2
116789,4,5,4,5,3,4,3,3,3,2,5,2,3
84768,3,3,3,3,2,4,4,5,5,4,5,3,5
98677,4,0,4,1,2,4,2,2,4,5,5,5,2
74988,3,2,2,2,3,2,3,3,2,5,4,3,3
48143,5,5,2,5,5,1,2,5,5,5,3,3,3
49200,2,4,2,3,2,1,1,2,1,3,4,1,1
83870,1,1,1,3,5,3,2,2,2,1,3,4,3
23825,2,4,4,4,2,2,2,2,4,3,4,3,2
111848,2,2,4,2,3,5,5,4,4,5,4,3,3
103506,5,5,5,5,4,4,4,4,4,2,4,5,4
72025,1,1,1,5,1,2,2,5,5,5,4,2,2
66720,3,5,3,3,5,4,5,4,4,3,4,3,3
97823,5,5,5,5,5,4,5,4,4,4,4,3,5
74148,3,1,1,1,5,4,4,3,3,3,3,2,3
95552,2,5,2,3,2,2,2,2,4,4,4,4,2
53708,5,5,4,4,5,5,5,5,1,2,4,1,5
1987,3,4,3,3,3,3,3,3,4,2,4,1,3
115238,3,3,3,1,4,3,4,4,4,3,4,5,4
105527,1,2,0,3,5,0,5,5,1,3,4,2,5
43485,1,1,1,4,1,1,1,1,1,2,4,1,1
110621,1,1,1,3,2,1,2,2,3,3,4,4,2
38684,5,5,5,1,2,5,2,2,5,1,3,1,2
3610,3,2,2,2,3,3,3,3,5,3,3,3,3
59630,4,4,4,4,3,3,3,3,5,3,5,5,3
21794,3,2,2,2,5,3,4,3,3,3,3,3,4
115024,1,1,1,1,3,5,4,5,5,5,5,3,5
118490,0,0,0,4,5,4,5,4,4,4,4,3,4
51035,2,4,2,4,1,2,1,1,5,3,5,4,1
46680,1,4,0,3,3,4,4,2,2,0,2,1,3
114265,4,3,3,3,4,4,4,4,3,5,4,1,4
123487,4,2,4,3,3,4,3,3,4,4,5,3,3
91493,4,4,4,2,3,4,3,3,3,3,4,3,3
52952,1,4,1,5,4,1,1,4,4,2,4,5,4
71416,2,2,2,4,3,2,3,3,4,3,4,3,3
127261,3,3,3,4,3,3,5,3,2,1,4,4,3
50141,2,3,3,3,1,4,3,3,3,3,2,1,4
102577,3,4,4,4,3,3,3,3,1,5,3,2,3
15193,3,3,3,3,4,1,1,4,4,4,4,3,4
104608,2,4,2,2,5,4,4,5,5,5,5,4,5
8561,3,4,5,5,2,4,4,3,3,3,3,4,4
105584,1,4,1,3,3,5,5,1,1,1,3,4,4
87098,4,5,4,2,5,4,2,5,3,2,4,3,5
30626,1,4,1,1,2,1,2,2,5,2,5,4,2
88977,2,5,2,2,4,3,5,3,3,2,4,5,4
43893,2,3,2,3,4,2,4,4,4,4,1,1,4
306,5,5,5,3,3,4,3,3,3,4,5,4,3
63109,4,4,4,2,3,4,3,3,3,5,4,3,3
34760,3,4,4,4,3,3,3,3,1,3,3,4,3
29079,1,1,1,3,2,1,2,2,3,1,4,1,2
6490,3,3,3,4,3,3,3,3,3,2,4,3,3
31910,3,3,4,3,4,4,4,5,5,5,5,3,4
83602,2,2,2,2,2,4,5,4,4,4,4,3,3
75629,1,1,1,1,4,1,4,4,4,4,4,4,4
97263,3,4,3,3,4,3,3,4,3,5,5,4,4
69260,1,4,3,4,2,4,3,1,1,1,1,2,4
14200,2,5,5,5,2,2,2,2,3,1,2,1,2
32678,1,3,3,3,5,3,3,3,3,4,1,2,1
124199,3,3,3,3,4,4,4,5,5,5,5,3,3
98616,5,5,5,5,3,4,5,4,4,4,4,4,3
115475,2,4,3,4,2,1,3,2,4,1,3,2,2
93715,3,1,3,3,2,3,3,2,4,4,3,3,2
51473,4,4,4,4,3,4,4,4,4,4,4,4,5
28189,1,4,0,4,4,0,4,4,1,5,4,4,4
45598,1,1,1,1,5,3,3,1,1,1,1,4,1
109303,1,2,2,2,1,1,2,1,4,2,3,4,1
14977,5,1,1,1,5,5,5,5,5,3,1,2,5
76655,2,3,2,4,1,2,4,1,2,1,3,1,1
97662,1,1,1,4,5,1,5,5,3,4,4,5,5
65344,5,5,5,5,2,2,2,2,4,4,4,4,2
4559,1,1,1,1,4,2,1,5,5,5,4,5,5
17877,4,2,4,3,5,4,3,3,3,4,3,3,2
126153,2,2,2,2,2,5,5,2,2,2,2,5,4
53099,2,1,2,3,2,2,4,1,1,2,1,2,4
107616,3,1,3,3,3,3,3,3,2,3,3,1,3
110480,2,4,2,3,1,2,1,1,1,1,4,2,1
96565,1,1,1,1,4,4,5,4,4,4,4,4,5
22795,4,5,3,1,5,3,5,5,3,1,1,2,5
94474,1,0,0,3,2,0,2,2,5,2,5,3,2
49810,3,2,3,4,2,3,2,2,2,4,4,2,2
44737,1,3,3,3,1,1,1,2,5,4,3,1,1
1909,3,5,5,5,4,3,4,3,3,3,3,1,2
103184,4,4,3,4,3,4,3,4,4,4,4,1,2
38805,5,5,5,3,5,5,5,5,1,3,1,5,5
26912,4,4,4,4,4,4,4,4,4,2,4,4,4
60724,2,5,2,4,1,2,1,1,5,2,4,3,1
37539,2,2,2,2,1,2,1,1,3,4,2,3,1
30099,4,4,4,3,1,4,1,1,4,5,5,5,1
9544,3,3,3,3,4,4,5,5,5,5,5,5,3
74103,3,3,3,3,5,5,5,5,5,5,5,4,5
22010,4,5,4,2,3,4,3,3,3,1,2,5,3
117433,3,3,4,3,4,4,4,4,4,4,5,3,4
20150,5,1,1,1,1,4,5,5,5,5,5,1,3
28921,2,2,2,2,3,4,4,2,2,2,2,3,1
100625,2,3,3,3,2,4,3,2,2,2,2,2,1
96237,2,4,2,2,4,3,3,5,5,5,5,2,1
17097,4,4,4,1,4,3,3,5,4,1,5,3,3
108598,4,1,1,1,3,3,3,4,4,4,4,4,4
37970,5,5,5,2,3,5,3,3,3,2,5,3,3
107904,5,5,5,5,3,3,3,3,5,4,4,4,3
124352,4,5,4,2,4,4,4,4,3,5,4,3,4
121664,5,5,5,5,3,4,5,2,2,2,2,4,3
53844,1,5,5,5,1,1,1,2,5,3,3,1,1
41815,3,3,2,3,3,3,3,3,1,2,1,3,3
31505,4,2,2,2,2,4,3,4,4,4,4,3,3
102752,2,2,2,3,2,2,2,2,4,1,4,3,2
123481,1,1,4,1,5,5,5,3,3,4,3,5,4
121220,4,2,2,2,3,3,4,4,4,4,4,3,2
11649,4,3,4,4,2,5,5,1,1,2,1,5,4
129382,2,2,2,1,3,2,3,3,5,4,1,1,3
46319,3,0,3,5,4,3,4,4,5,1,3,5,4
38081,3,1,1,1,3,3,3,3,2,5,5,1,3
20615,3,2,2,2,3,3,3,3,4,5,4,3,3
117783,1,1,1,1,5,5,5,5,5,5,5,3,4
42159,2,5,2,3,4,2,4,4,5,2,1,1,4
108407,1,3,3,3,1,1,1,1,3,4,3,1,1
38433,5,5,5,5,5,5,5,5,1,4,3,5,5
97852,4,3,4,4,3,5,4,4,4,4,4,4,3
30729,1,3,1,3,4,1,4,4,1,5,3,3,4
108045,1,1,1,1,3,4,5,4,4,4,4,3,4
123308,5,5,5,5,3,5,4,5,5,5,5,5,4
121666,3,3,3,3,5,5,4,4,4,4,4,5,3
78958,4,4,4,4,5,4,4,4,4,4,4,4,3
81865,3,3,3,2,1,3,1,1,3,3,4,5,1
37301,5,2,2,2,2,3,5,5,5,5,5,5,4
128890,1,1,1,1,4,4,4,4,2,5,4,4,4
62375,3,5,3,3,2,4,4,4,4,4,4,4,3
107339,4,2,2,2,4,4,4,4,4,5,3,2,4
62464,1,4,2,2,3,5,4,4,4,2,4,4,5
70503,3,4,3,3,4,3,4,4,5,4,5,4,4
38422,4,2,2,2,4,4,4,4,5,5,2,1,4
50432,1,5,5,5,5,4,4,1,1,1,1,2,2
71846,4,2,4,2,4,2,4,4,4,3,4,1,4
100730,0,0,0,2,2,0,2,2,4,2,5,5,2
76526,4,4,4,4,1,4,1,1,3,3,5,3,1
56533,2,2,5,2,2,5,5,4,4,4,4,3,5
104678,0,4,0,5,1,0,2,1,4,3,5,5,1
37632,3,4,3,2,3,3,1,3,5,3,5,4,3
59569,5,5,5,5,5,5,4,4,4,4,4,5,5
127857,3,3,3,2,4,3,4,4,5,2,5,4,4
86642,4,2,2,2,4,4,4,4,2,1,2,1,4
85231,2,2,2,3,1,2,1,1,4,2,3,1,1
121146,1,3,5,5,2,2,4,1,1,1,1,1,2
116987,2,5,5,5,2,2,2,2,1,2,4,2,2
42849,2,4,4,4,3,2,3,3,4,1,3,1,3
6447,1,3,1,4,1,5,4,3,3,1,4,4,4
124397,3,3,3,3,2,3,1,2,1,1,3,3,2
104546,5,3,5,1,2,5,1,2,3,3,2,3,2
114892,5,1,5,5,4,4,5,2,2,2,2,3,5
44429,2,2,2,2,2,2,2,2,4,4,3,1,2
9324,2,3,2,4,1,2,1,1,3,2,3,3,1
44159,4,4,4,3,5,4,5,5,3,1,3,3,5
18402,2,3,3,3,3,3,4,2,2,2,2,3,2
118067,2,4,2,1,4,2,4,4,3,3,5,3,4
119733,4,4,4,4,2,1,3,2,2,2,2,2,4
34142,2,5,5,5,2,2,2,2,3,3,4,3,2
91463,4,4,4,4,2,4,2,2,2,4,4,2,2
25519,4,3,4,1,4,4,4,4,4,5,3,5,4
58753,3,3,3,3,4,4,4,4,4,4,4,3,5
107583,3,5,4,4,3,4,3,3,4,4,3,5,3
68924,2,2,2,2,5,5,5,5,5,5,5,4,5
89091,5,5,5,5,5,5,4,2,2,2,2,3,4
83387,4,4,2,4,2,5,5,3,3,3,3,3,4
118394,2,5,5,5,1,2,2,2,2,2,2,3,4
123381,4,4,4,4,4,4,4,4,4,4,4,3,5
44709,3,4,0,2,2,0,5,2,3,2,5,5,2
19814,3,3,3,3,3,3,3,3,2,1,2,2,3
56779,3,5,3,5,2,3,1,2,3,3,4,4,2
109238,1,1,1,3,1,1,1,1,4,5,3,1,1
40369,4,4,4,4,1,2,3,3,3,3,3,2,2
3079,5,5,5,5,3,4,5,5,5,5,5,4,5
47432,0,4,0,4,5,4,4,3,3,3,3,3,1
4743,2,4,2,4,3,2,3,3,4,4,5,4,3
69424,3,3,3,3,3,2,2,3,3,3,3,4,1
25163,2,3,3,3,2,2,2,2,3,1,4,3,2
63838,2,2,2,2,3,4,3,3,4,4,4,4,3
45002,4,4,4,4,5,1,3,3,3,3,3,2,3
61336,3,3,3,4,5,3,5,5,4,5,5,3,5
114443,2,2,2,2,2,5,5,1,1,2,1,4,5
10133,3,4,3,4,3,3,1,3,2,4,2,4,3
73937,2,4,4,4,2,2,2,3,1,3,3,2,2
84267,3,1,1,1,3,3,3,3,3,3,4,2,3
33747,5,1,1,1,5,5,5,5,5,1,4,2,5
100947,2,2,2,2,5,4,5,5,5,5,5,5,3
63594,2,1,2,3,4,2,2,4,4,2,4,1,1
40659,2,4,2,2,5,5,4,4,4,5,4,4,5
19675,5,5,5,5,4,4,4,4,4,1,2,2,4
68880,1,2,2,2,1,1,1,1,3,3,3,1,1
38763,5,1,1,1,5,5,5,5,3,1,1,1,5
51874,1,1,1,1,5,1,3,5,2,5,2,1,5
17670,0,0,0,1,5,2,2,4,4,4,2,1,4
22343,3,1,3,4,4,3,4,4,2,5,4,2,4
55173,4,4,3,4,2,5,4,2,2,3,2,3,5
58089,3,1,5,1,2,4,3,3,3,3,3,3,4
109938,2,2,2,3,4,2,4,4,1,2,3,4,4
49114,5,4,3,4,4,5,1,5,5,5,5,1,1
107634,0,0,0,3,4,0,4,4,4,3,4,5,4
11314,1,2,1,3,3,1,4,3,1,2,3,1,3
88596,4,5,4,4,1,4,1,1,5,5,4,5,1
120141,3,3,3,3,5,5,5,5,5,3,4,5,5
17909,1,1,1,2,3,1,3,3,2,5,2,3,3
37615,3,2,3,4,2,3,2,2,3,1,3,3,2
5461,2,3,2,3,2,2,2,2,1,2,3,4,2
94304,4,4,4,4,3,4,4,5,5,5,5,4,5
95052,1,4,1,3,2,5,5,3,3,1,3,4,3
49780,1,1,1,3,3,1,3,3,4,3,3,1,3
81316,3,0,3,3,1,3,1,1,3,5,5,3,1
122894,3,4,0,1,4,0,4,4,5,3,4,3,4
122205,5,5,5,5,5,5,5,5,5,5,5,3,5
9569,2,2,2,4,3,2,3,3,3,2,5,4,3
67635,5,5,5,5,5,4,4,4,4,4,4,5,5
39133,4,1,1,1,4,4,4,4,4,3,3,5,4
123438,3,3,3,1,5,3,5,5,5,2,5,3,5
44128,4,5,5,2,4,5,4,4,1,5,4,3,4
108748,1,1,1,1,2,4,4,5,5,5,5,3,4
127342,5,5,5,5,4,5,5,5,5,5,5,4,5
53286,4,4,3,4,4,4,1,2,2,3,2,2,3
26020,3,2,3,3,1,3,1,1,1,3,3,1,1
5677,3,3,3,3,4,5,5,3,3,4,4,4,3
86378,1,1,1,1,2,4,5,3,3,4,3,4,4
5445,3,3,3,3,4,4,5,5,5,5,5,4,4
108705,1,1,1,1,2,4,5,4,4,5,4,3,4
86431,2,2,2,4,2,2,2,2,3,1,3,1,2
95561,3,4,3,2,2,3,2,2,5,5,5,4,2
110456,4,4,4,2,4,4,4,4,1,5,5,4,4
108896,5,3,5,5,5,5,4,5,5,5,5,4,5
39262,3,2,2,2,3,3,3,3,4,2,4,4,3
126378,3,4,3,1,1,3,1,1,3,4,4,4,1
47743,5,5,5,5,1,1,5,4,4,4,4,4,2
34163,4,4,4,2,5,4,3,5,3,2,4,1,5
26580,4,4,4,4,2,3,3,3,3,4,3,1,4
2792,2,1,1,1,2,2,2,2,2,2,4,1,2
51512,5,1,1,1,1,1,5,4,4,5,4,1,2
10599,2,2,3,3,5,3,5,5,3,1,4,3,5
100719,1,1,1,1,3,5,4,4,4,4,4,4,3
83149,2,4,2,3,5,4,4,1,1,2,5,3,3
45806,2,5,5,5,5,4,4,2,2,2,2,3,1
124785,1,1,1,1,3,5,4,4,4,4,4,5,5
67746,2,1,1,1,5,4,3,2,2,2,2,4,3
111378,2,3,3,4,5,3,5,5,2,5,3,3,5
72775,5,5,5,5,5,5,5,5,5,5,5,3,4
99362,1,1,1,1,5,5,5,5,5,5,5,3,4
82819,3,4,4,4,1,4,3,3,3,3,3,2,1
18138,2,2,2,3,1,2,1,1,4,1,1,2,1
92266,2,2,2,2,3,4,4,5,5,5,5,3,3
25712,3,1,1,1,4,4,4,4,4,3,4,3,1
54159,1,3,3,3,1,1,1,1,2,1,2,3,1
31979,2,2,2,2,2,4,5,4,4,4,5,3,5
80577,2,1,1,1,2,2,2,2,4,3,4,3,2
75668,4,4,4,4,4,4,4,4,4,4,4,3,4
69854,2,4,2,1,1,2,1,1,4,4,4,4,1
28970,4,2,2,2,1,2,2,4,4,4,4,3,3
46446,2,3,2,4,1,2,1,1,4,1,4,2,1
104683,2,5,5,5,5,4,4,2,2,2,2,1,4
90118,2,5,5,5,4,4,4,2,2,2,2,4,3
115281,4,4,4,4,4,4,4,4,3,5,4,4,4
88105,5,5,5,5,5,5,5,5,3,4,4,4,5
124458,4,4,2,4,5,5,5,5,3,2,5,4,5
113456,3,3,3,3,5,5,5,4,4,4,4,4,5
19623,3,2,2,2,4,3,3,3,3,2,3,1,4
108533,3,2,3,4,1,3,1,1,4,5,4,1,1
118126,1,5,0,1,1,0,1,1,3,1,2,4,1
58457,4,4,4,4,2,5,4,5,5,5,5,4,3
104484,2,2,2,2,4,5,5,3,3,4,3,5,4
39036,3,0,0,2,3,4,3,1,1,0,1,5,1
4323,2,5,5,5,1,4,3,1,1,1,2,1,2
67052,3,5,5,5,3,2,3,3,1,1,3,3,3
120154,5,5,5,2,5,3,3,5,2,5,4,3,3
91134,3,5,3,2,2,5,4,3,3,3,3,4,5
29709,5,5,5,5,4,3,1,4,4,5,4,2,2
91264,3,3,2,4,3,2,3,3,1,1,1,2,3
97575,3,3,3,3,3,3,3,3,3,4,4,3,3
64821,4,4,4,4,5,4,4,4,4,4,4,3,5
90748,1,1,1,2,3,1,3,3,3,2,3,1,3
123161,2,0,2,1,4,2,4,4,3,3,2,2,4
58707,3,2,2,4,3,2,2,2,3,5,4,2,2
13987,4,4,4,3,2,5,4,2,2,4,2,5,4
111511,4,1,1,1,4,4,4,4,4,2,2,3,4
2134,3,3,3,3,3,3,3,3,3,2,4,3,3
120304,3,3,3,3,4,5,5,4,4,4,4,5,4
127992,3,3,3,3,4,5,4,5,5,5,5,3,5
124968,0,5,0,5,2,4,4,3,3,3,3,4,3
71122,5,5,5,5,2,4,4,5,5,5,5,4,5
69281,1,4,1,1,3,5,1,2,2,1,2,2,2
121444,2,5,5,5,3,4,3,2,2,2,2,1,3
87478,4,4,4,4,4,4,4,5,5,5,5,4,3
67297,4,4,4,4,3,5,5,4,4,4,4,5,3
13647,2,2,2,2,5,3,4,5,5,5,5,5,4
66449,4,3,3,3,4,4,4,4,3,3,4,4,4
94839,2,1,2,4,2,2,2,2,3,4,3,3,2
74556,2,4,4,4,1,4,3,2,2,2,2,1,3
115673,2,3,3,5,3,3,3,3,3,4,4,5,3
119723,4,4,4,4,4,5,4,4,4,4,4,5,5
121538,1,1,1,1,4,4,4,4,5,2,5,4,4
98900,1,5,1,3,2,4,5,3,3,1,3,3,4
81001,4,5,4,1,5,4,5,5,4,5,4,3,5
86597,3,2,3,3,3,3,3,3,1,4,4,2,3
62503,2,2,4,2,5,4,4,4,4,4,4,4,5
88136,4,4,4,4,4,4,5,5,5,5,5,3,4
53147,2,4,2,5,2,2,3,2,5,2,4,5,2
69479,2,2,2,2,3,4,4,5,5,5,5,4,5
115788,1,5,5,5,5,4,4,1,1,2,1,1,1
88155,4,4,4,4,5,4,5,5,5,5,5,3,5
13453,2,4,2,3,2,3,2,1,1,2,1,3,5
36041,5,5,5,5,5,4,4,4,4,4,4,4,2
15692,1,4,1,3,2,1,3,2,3,5,5,5,2
6720,1,4,1,1,3,1,3,3,5,2,5,2,3
59825,1,1,1,1,3,5,4,4,4,4,4,3,4
25852,4,4,4,3,3,5,4,4,4,4,4,4,3
116440,0,5,0,1,1,0,3,1,3,2,5,4,1
108926,1,2,1,3,4,1,4,4,4,3,3,4,4
33894,1,1,1,5,5,1,5,5,2,5,5,5,5
38925,3,0,3,4,3,3,3,3,3,2,1,4,3
128776,5,5,5,4,1,5,1,1,1,3,5,2,1
7056,4,4,4,4,2,4,4,2,4,3,4,5,2
365,2,2,2,2,5,5,4,4,4,4,4,5,4
75928,2,5,0,3,3,0,3,3,2,4,4,1,3
102582,4,1,4,3,1,4,1,1,1,5,2,2,1
110042,3,2,2,2,3,3,3,3,2,2,2,4,3
20175,0,5,0,1,3,0,3,3,5,2,4,5,3
119598,1,1,1,1,3,5,5,4,4,4,4,4,5
54325,3,4,4,4,2,3,3,3,5,1,2,3,3
6163,1,1,4,1,1,1,1,1,1,3,3,1,1
17997,2,2,3,2,4,4,4,4,2,3,5,4,4
7596,1,1,1,1,5,5,5,5,3,4,5,5,5
61510,4,3,4,3,1,4,1,1,1,2,3,4,1
37648,3,5,3,4,2,3,2,2,4,4,4,4,2
110661,4,0,4,2,4,4,4,4,3,2,5,4,4
77533,1,1,1,1,2,4,5,4,4,4,4,4,3
84561,1,1,1,3,4,1,4,4,3,5,2,3,4
1316,1,1,1,1,3,4,4,4,4,4,4,3,3
58233,2,4,2,3,2,2,2,2,5,5,4,3,2
66742,2,3,3,3,5,3,1,5,1,2,5,4,5
103672,2,2,2,2,5,5,5,5,3,3,4,5,5
31009,2,2,2,2,2,2,2,2,2,2,2,1,2
18246,4,2,2,2,5,4,3,4,4,3,4,3,4
27489,1,5,5,5,4,4,3,1,1,1,1,3,2
24121,1,3,1,5,1,3,5,4,2,2,3,5,5
22860,3,4,3,2,4,4,5,3,3,3,3,4,4
125329,3,3,3,3,5,4,5,4,4,4,4,3,5
8230,2,4,2,2,1,2,1,1,2,1,3,5,1
61157,1,1,1,1,3,5,4,5,5,5,5,4,5
83419,0,3,0,5,4,0,4,4,4,3,2,5,4
10934,2,2,5,2,2,2,2,2,4,3,2,2,2
72331,3,3,3,3,4,4,5,4,4,4,4,3,5
97677,2,4,2,4,5,2,5,5,4,3,3,1,5
20884,5,3,3,3,5,5,5,5,2,4,3,1,5
107335,1,1,4,1,4,5,5,4,4,4,4,4,5
51076,1,5,1,1,2,1,2,2,2,3,5,3,2
55876,1,1,1,1,3,5,4,5,5,5,5,4,4
72222,4,4,4,4,5,4,4,4,4,4,4,4,4
63546,2,2,2,3,5,2,5,5,1,2,4,2,5
17524,3,5,3,3,5,3,5,5,5,5,5,3,5
62557,2,2,2,4,1,2,1,1,1,5,3,3,1
28936,2,4,3,3,5,3,4,2,2,2,2,4,4
65594,4,1,5,2,5,5,5,5,4,4,3,2,5
31929,5,5,5,5,3,5,4,5,5,5,4,3,5
114760,2,2,2,2,4,4,5,5,5,5,5,5,3
124304,2,5,3,5,2,2,2,2,4,1,3,2,2
75316,1,1,1,1,5,3,4,5,5,5,5,3,5
86398,4,4,4,4,4,4,4,4,4,2,5,5,4
107798,0,1,1,3,3,5,4,3,3,3,3,4,4
5540,1,1,1,3,5,1,5,5,3,3,3,3,5
11439,1,5,4,4,1,1,1,1,2,4,1,4,1
18679,0,4,0,3,2,0,2,2,3,1,4,2,2
85043,2,2,2,2,3,5,4,5,5,5,5,3,3
128111,2,3,3,1,2,2,2,2,3,5,4,4,2
118746,4,5,4,3,4,5,5,4,2,4,1,5,5
70346,2,4,3,5,3,3,3,3,3,5,5,3,3
117391,2,4,2,2,3,2,3,3,4,2,4,3,3
52676,3,5,3,3,3,3,2,3,3,4,4,4,3
64390,1,0,1,3,4,1,4,4,3,4,5,4,4
76726,0,0,0,4,3,0,3,3,3,4,3,5,3
114862,5,5,5,5,2,5,2,2,5,2,5,4,2
73245,2,2,2,2,4,4,5,4,4,4,4,3,4
62783,4,1,3,3,4,4,4,4,1,2,4,5,4
68081,1,1,4,1,4,4,4,2,2,2,2,4,5
67453,3,4,3,1,2,4,4,1,1,3,1,5,4
66855,1,4,1,3,4,4,4,2,2,1,2,4,1
3789,2,2,2,3,1,2,1,1,4,2,4,2,1
19668,4,4,3,4,5,4,5,3,3,3,3,5,4
41139,3,5,3,1,5,3,2,5,4,2,2,3,5
64371,2,3,2,3,2,5,3,3,3,2,3,3,3
67363,0,4,0,1,5,4,5,3,3,0,3,4,4
47768,5,5,5,5,2,1,4,4,4,4,4,2,1
80798,1,1,1,1,4,4,4,4,4,5,4,3,4
88059,1,1,1,1,3,4,3,3,5,3,4,5,3
128939,2,2,2,2,2,5,5,4,4,4,4,4,4
44048,2,5,2,3,1,2,1,1,5,2,4,5,1
82583,2,2,2,3,4,2,4,4,4,5,4,4,4
109189,2,1,2,4,4,2,4,4,4,3,3,1,4
73991,4,2,4,4,4,4,4,4,4,3,4,3,4
100525,4,2,4,3,2,4,2,2,4,5,4,1,2
77726,2,3,3,3,2,2,2,2,3,5,4,1,2
76620,1,4,1,2,3,1,3,3,4,2,2,1,3
69007,5,5,5,5,4,4,4,4,4,3,5,5,4
60773,4,2,2,2,3,3,1,4,4,4,4,2,1
67619,3,3,3,3,2,4,5,5,5,5,5,5,5
43845,4,4,4,4,4,4,4,4,5,3,4,3,4
121517,3,3,3,4,2,3,2,2,4,3,3,4,2
104454,1,1,5,1,2,4,5,2,2,2,2,5,4
69172,1,0,1,3,5,1,5,5,5,1,1,1,5
116355,2,4,2,5,5,2,5,5,5,2,4,3,5
108333,2,2,2,1,1,2,1,1,3,2,5,4,1
60714,3,2,2,2,3,4,4,3,3,3,3,1,1
118040,3,3,3,3,5,4,4,4,4,4,4,5,3
24100,1,4,1,4,5,4,5,1,1,1,1,3,3
107036,1,1,1,1,3,1,3,3,3,3,5,3,3
34981,0,1,0,2,4,0,4,4,4,3,3,1,4
22960,3,3,3,3,2,2,2,2,4,5,5,3,2
87363,4,4,4,4,2,4,2,2,4,5,4,3,2
40735,2,2,2,2,3,5,5,5,5,5,5,3,2
87451,2,2,2,2,2,5,4,3,3,4,3,5,4
91436,1,4,1,1,2,5,5,1,1,1,1,4,4
54221,4,2,4,4,4,1,5,3,3,4,3,5,1
100419,4,1,4,2,2,4,2,2,3,2,3,4,2
81708,2,2,2,2,5,5,4,3,3,3,3,4,3
114033,5,0,4,2,2,4,2,2,5,3,5,3,2
98721,3,4,3,4,5,3,5,5,5,5,4,4,5
90304,2,5,2,1,1,2,1,1,3,2,4,5,1
60688,4,4,4,4,2,4,4,5,5,5,5,4,3
126853,4,4,4,2,4,4,4,4,2,5,2,3,4
102655,5,5,5,5,5,5,4,5,5,5,5,4,4
23240,2,3,2,3,3,2,2,3,1,5,4,1,3
85393,1,1,5,1,4,5,4,5,5,4,5,4,5
28245,2,1,2,4,3,3,4,5,5,2,5,2,3
97023,4,4,4,4,5,4,5,5,5,5,5,4,4
49061,4,5,5,5,4,4,4,4,1,3,5,3,4
128306,4,0,4,2,1,4,1,1,5,5,4,5,1
74973,1,4,1,2,3,1,3,3,4,5,4,4,3
88399,2,1,1,1,2,2,2,2,3,3,3,3,2
76614,4,5,5,5,5,3,3,4,4,3,4,4,3
9476,1,4,4,3,3,4,1,3,5,5,4,3,3
42806,2,2,1,2,2,2,2,4,4,4,4,4,5
24987,1,1,1,4,4,1,4,4,2,1,3,2,4
24222,1,5,5,5,2,3,3,1,1,1,1,3,3
102562,3,5,3,2,3,3,3,3,4,4,5,5,3
70710,5,5,5,5,4,4,4,5,5,5,5,3,4
53587,4,4,5,3,1,2,3,4,4,5,1,1,5
123355,3,3,3,3,3,5,5,5,5,5,5,4,4
116700,2,3,3,3,2,2,2,2,1,4,3,1,2
12624,3,3,3,2,1,3,1,1,1,5,3,4,1
85006,2,2,2,2,5,4,4,5,5,5,5,5,5
53986,2,4,2,2,2,4,3,5,5,5,5,5,4
14218,3,5,3,3,1,3,1,1,4,5,5,5,1
119479,2,2,2,1,2,2,2,2,5,4,4,5,2
17933,2,5,2,5,2,2,2,2,4,4,5,5,2
7494,1,1,1,1,5,5,5,5,2,3,5,5,5
11476,4,5,4,4,3,4,1,3,1,5,3,3,3
73645,3,3,3,3,4,4,5,5,5,5,4,4,5
105773,3,4,4,4,1,4,4,3,3,3,3,1,4
126049,4,4,4,4,3,5,4,5,5,5,5,4,5
10920,2,2,4,2,2,3,2,2,1,2,4,1,2
73499,4,5,5,5,1,4,1,1,3,5,4,3,1
75457,3,2,2,2,3,4,3,3,3,3,3,4,1
57300,4,4,4,4,3,5,5,4,4,4,4,5,3
86919,4,4,4,3,3,4,4,5,5,4,5,4,4
89775,1,3,1,3,4,1,4,4,4,1,4,1,5
29320,2,3,2,3,2,4,3,1,1,2,1,2,3
56203,2,2,2,2,5,4,4,4,4,4,4,4,4
55554,1,0,1,3,4,1,4,4,1,2,3,5,4
48275,2,3,1,4,4,1,5,4,4,3,3,4,4
75013,2,0,2,1,3,2,3,3,4,3,4,3,3
73795,0,5,0,2,3,5,5,4,4,4,4,4,4
113184,1,1,1,1,2,1,2,2,3,5,4,3,2
82729,3,3,5,3,3,4,5,4,4,4,4,4,5
129577,1,5,1,1,5,1,5,5,4,1,3,3,5
124789,4,4,4,4,5,4,5,5,3,4,5,5,5
39887,2,0,2,3,5,4,5,1,1,2,1,4,3
2859,3,3,3,3,5,3,2,3,3,3,3,3,2
69160,3,1,3,3,5,3,5,5,2,2,3,4,5
104812,2,3,2,4,1,2,5,1,4,4,5,3,1
73904,5,5,5,5,2,5,5,4,4,5,4,4,3
57425,1,4,1,1,2,1,5,2,3,5,4,4,2
120839,3,3,3,3,5,5,5,5,4,2,4,5,5
92265,5,5,5,5,4,5,5,5,5,5,5,3,4
63549,2,4,2,4,5,5,2,4,4,2,4,3,1
31921,2,0,3,3,5,3,5,5,4,4,4,4,5
98971,1,1,1,1,2,1,1,5,5,5,5,5,4
58083,3,5,5,5,3,2,3,3,3,1,2,4,3
82808,4,2,2,2,4,2,1,4,4,3,4,2,4
98449,4,0,4,4,5,4,5,5,5,3,4,3,5
115120,3,3,3,3,2,4,5,5,5,4,5,5,3
118550,5,5,4,5,3,4,5,4,4,4,4,5,4
113499,4,4,4,4,3,4,4,4,4,4,4,4,4
35012,2,2,2,2,5,5,5,5,3,3,4,4,5
1602,3,0,0,1,1,0,1,1,3,5,5,4,1
31350,2,5,2,3,1,2,1,1,5,3,5,5,1
40874,2,4,2,3,5,4,3,5,5,2,5,3,2
118316,4,4,4,4,4,5,4,3,3,3,3,4,3
87529,0,0,0,2,3,4,4,2,2,4,4,4,5
98306,1,1,1,1,2,5,4,4,4,4,4,4,3
65477,3,2,2,2,3,3,3,3,2,3,4,2,3
54297,2,5,2,4,2,5,4,4,4,2,4,5,3
101947,1,1,1,1,5,5,5,5,4,5,5,4,5
89138,2,2,2,2,4,3,5,4,4,4,4,3,3
40822,5,2,5,5,3,3,3,3,2,2,1,5,3
73179,3,3,3,3,3,5,4,4,4,5,4,5,4
61281,3,5,3,3,5,3,5,5,3,3,5,1,5
81476,2,4,3,4,1,3,3,2,2,2,2,4,4
95542,1,1,1,3,5,1,5,5,3,4,4,1,5
68158,4,4,4,4,2,4,4,4,4,4,4,3,5
56716,2,1,2,3,2,4,3,2,2,2,2,1,3
30301,3,3,3,3,4,3,4,4,1,5,4,3,4
52049,1,5,4,5,2,5,5,3,3,4,3,3,5
122615,3,1,3,3,4,3,4,4,1,2,4,1,4
61743,1,0,0,3,0,5,5,2,1,3,4,5,5
101610,5,5,5,5,5,4,4,3,3,4,3,5,4
76442,3,5,3,1,4,3,5,4,4,5,4,5,4
34474,4,2,2,2,1,1,3,3,3,4,3,4,4
83471,3,3,3,3,4,5,4,5,5,5,5,4,4
17333,2,3,3,3,5,3,3,2,2,2,2,1,3
2214,1,1,1,1,5,5,5,5,5,5,5,5,3
37701,2,4,2,3,2,2,2,2,3,3,5,5,2
49506,2,2,2,2,4,4,4,5,3,4,5,4,4
85242,2,0,2,1,3,2,3,3,4,5,4,2,3
58060,5,5,5,5,3,4,5,4,4,4,4,3,3
50341,4,4,4,4,4,4,4,4,3,2,5,5,4
35190,2,2,2,4,2,2,2,2,4,3,2,5,2
38572,2,4,2,2,4,2,4,4,4,3,4,5,4
103866,2,3,2,4,1,4,3,3,3,2,2,1,3
71724,2,4,2,1,3,2,3,3,4,5,5,5,3
30944,3,4,4,4,3,3,3,3,3,2,4,2,3
7359,2,4,2,3,3,5,4,5,5,2,5,5,4
40739,4,1,1,1,4,4,4,4,1,4,4,1,4
126931,1,1,1,1,3,4,5,5,5,5,5,4,5
116802,2,1,3,3,5,3,5,5,3,1,3,4,5
92133,2,5,3,1,2,3,2,2,4,4,4,3,2
32113,1,5,1,4,5,1,4,5,4,2,2,1,5
104513,3,3,3,3,3,4,5,5,5,5,5,3,4
21286,4,4,4,4,4,4,4,4,2,2,5,5,4
48985,2,0,1,4,3,1,3,3,5,1,4,3,3
111266,2,2,2,2,2,5,4,4,4,4,4,3,5
110691,2,4,3,2,5,3,5,5,5,3,4,3,5
73911,3,3,3,3,5,5,5,5,2,4,5,5,5
110681,1,4,1,4,5,1,5,5,5,4,4,3,5
73166,3,4,3,2,3,3,3,3,5,4,5,5,3
23632,3,2,2,3,2,2,3,2,3,5,3,4,2
35865,3,1,3,4,3,3,3,3,1,5,4,1,3
23154,5,5,5,3,5,2,1,4,4,5,4,1,5
32970,3,5,3,4,5,3,5,5,4,5,5,3,5
101469,0,0,0,3,4,5,4,5,5,5,5,3,4
119619,0,1,1,1,3,5,4,4,4,4,4,3,4
25878,2,2,5,2,5,5,5,5,5,1,1,3,5
117629,3,4,2,3,2,4,2,5,3,5,5,2,2
93264,1,1,1,5,1,1,1,1,3,4,5,3,1
49804,5,5,5,5,1,2,1,4,4,4,4,3,3
52821,3,3,3,4,3,5,5,1,2,1,2,5,5
47119,1,4,2,5,4,2,4,4,4,4,4,4,4
86328,1,1,1,1,4,4,5,4,4,4,4,4,3
117175,1,4,1,1,1,1,1,1,2,5,5,1,1
106763,1,4,1,1,4,1,4,4,4,4,5,4,4
20858,1,5,1,3,2,1,4,2,5,4,4,5,2
101524,3,5,3,4,2,3,2,2,4,5,4,4,2
122195,5,5,3,5,5,4,4,4,4,4,4,4,3
122808,2,2,2,3,5,2,5,5,1,5,4,4,5
119400,5,5,5,5,5,5,5,3,3,2,3,4,3
69353,2,2,2,2,3,4,4,5,5,5,5,3,3
2167,2,5,3,5,2,2,3,2,2,2,2,3,4
109130,4,4,4,4,5,4,5,5,5,5,5,4,5
30892,2,2,2,3,5,2,5,5,4,3,3,4,5
61376,5,5,5,5,2,4,5,4,4,4,4,3,4
119973,3,5,3,1,4,3,1,4,1,4,5,3,4
7905,3,1,1,1,3,2,3,3,4,4,4,3,3
93183,5,5,5,5,4,5,4,5,5,5,5,3,4
15116,4,1,1,1,4,4,4,4,4,2,4,3,4
87857,3,0,3,5,3,5,4,4,4,3,4,4,5
41975,4,5,4,1,4,4,4,4,3,4,4,5,4
97861,3,5,3,2,2,4,4,3,3,3,3,5,4
23662,4,4,4,4,1,1,3,4,4,4,3,1,3
42928,3,3,3,3,3,4,5,5,5,5,5,5,4
48973,2,0,2,4,4,2,4,4,2,4,1,2,4
20163,3,1,3,4,5,3,5,5,2,2,4,2,5
90546,5,0,5,3,1,5,1,1,5,2,5,5,1
58741,3,3,3,3,5,4,4,4,4,4,4,3,5
32636,2,3,3,3,5,3,5,5,4,2,3,4,5
25886,1,0,0,4,2,0,2,2,3,5,4,4,2
81829,3,5,3,1,1,3,1,1,5,4,4,4,1
76130,5,5,5,5,4,4,4,4,3,5,5,3,4
87673,2,4,4,4,1,3,3,2,2,2,2,1,2
113816,1,1,1,1,1,1,1,1,1,5,4,1,1
116675,3,4,4,4,4,3,4,4,3,2,3,4,4
118590,2,2,2,2,3,5,5,5,5,5,5,4,5
78806,3,4,3,5,1,3,1,1,4,2,4,5,1
110808,2,1,2,4,5,2,5,5,4,2,4,3,5
89067,2,2,2,2,4,5,4,3,3,4,3,4,5
107429,2,5,2,3,2,2,2,2,4,4,5,3,2
38017,5,5,5,3,3,5,3,3,1,4,3,2,3
64605,2,2,2,2,2,4,4,4,4,4,4,5,3
107678,4,4,1,1,5,4,5,5,3,1,3,2,5
95320,3,4,3,5,3,3,4,3,3,3,3,1,3
26148,5,5,5,5,3,5,2,3,3,3,3,1,5
94867,2,3,2,3,2,2,2,2,1,1,3,3,2
97370,1,4,1,4,3,1,5,3,2,4,3,3,3
95958,2,2,2,2,4,5,4,3,3,3,3,3,5
34879,3,3,3,2,1,3,1,1,5,2,5,5,1
62449,2,2,2,4,5,2,3,5,5,3,3,4,5
7754,4,2,4,3,1,4,4,4,4,4,4,1,3
44112,1,3,3,3,1,1,1,1,4,4,3,2,1
41900,1,1,1,1,3,5,2,4,4,4,5,4,3
21652,1,1,1,1,4,5,5,4,4,4,4,5,5
12608,4,5,4,5,1,4,1,1,3,3,4,5,1
128579,1,1,1,1,4,4,4,5,2,4,4,4,4
81254,2,2,2,2,4,4,4,4,4,4,4,4,5
90752,4,3,4,4,2,4,4,2,1,3,3,3,2
27572,3,4,3,3,3,5,5,5,5,3,5,5,3
112710,4,4,4,4,1,1,3,5,5,5,5,4,5
121043,2,1,2,3,1,2,4,1,3,1,4,4,1
36894,3,3,3,1,4,3,4,4,4,5,3,4,4
77143,2,2,2,4,1,2,1,1,3,4,3,2,1
55264,2,5,5,5,2,1,2,2,1,1,2,2,2
41447,3,3,3,3,5,4,4,4,4,4,4,5,3
62027,4,4,4,3,3,4,3,3,5,2,3,3,3
6548,1,1,1,1,5,4,5,5,5,5,5,5,5
39154,2,5,0,3,1,0,1,1,4,2,1,2,1
126286,4,2,4,4,3,4,3,3,2,4,4,3,3
25339,5,4,5,1,3,5,3,3,4,2,5,5,3
11509,1,4,1,4,2,1,2,2,3,5,4,3,2
2601,2,5,2,4,1,2,1,1,5,4,5,3,1
69787,2,4,2,1,2,5,5,1,1,2,1,4,3
92164,4,4,4,4,4,4,5,1,1,4,1,5,1
1318,3,3,3,3,3,5,5,5,5,5,4,3,4
110486,1,4,1,4,1,1,1,1,4,3,3,5,1
65854,2,4,2,4,2,4,1,1,1,2,1,5,4
89803,3,3,3,3,2,4,5,4,4,4,4,3,4
60437,4,4,4,4,3,3,3,3,4,3,4,4,3
58362,4,5,4,5,4,4,4,4,3,1,2,5,4
126243,3,4,3,1,5,3,1,5,3,3,3,1,5
100955,4,4,1,1,4,4,4,4,4,1,3,4,4
3813,3,3,3,1,5,3,2,5,4,4,4,4,5
93805,4,1,1,1,4,3,5,4,4,4,4,1,5
64451,4,5,4,4,1,4,1,1,5,5,5,4,1
99161,3,3,3,3,4,4,4,4,4,5,4,4,4
76515,3,3,3,3,5,5,5,5,3,3,5,3,5
91929,5,5,5,5,2,3,4,4,4,4,4,5,4
127440,5,5,5,5,5,4,5,4,4,4,4,3,4
100251,2,2,2,4,2,2,2,2,5,2,4,4,2
40412,0,3,0,4,4,0,4,4,3,2,3,1,4
100998,3,3,3,3,2,5,4,5,5,5,5,3,4
95513,1,0,0,3,3,4,3,2,2,1,2,1,1
93321,4,4,4,4,5,4,5,5,4,2,4,4,5
116738,1,5,5,2,4,5,5,3,3,5,3,5,4
15407,3,3,3,3,3,3,3,3,4,4,3,3,3
12155,5,2,2,2,5,5,5,5,2,2,3,3,5
25890,4,4,4,4,5,4,5,5,1,1,3,3,5
87047,2,2,2,2,2,1,1,4,4,4,4,1,1
83005,5,5,5,3,5,5,2,5,3,5,4,3,5
1034,1,5,4,4,3,4,4,3,3,3,1,3,3
15353,3,2,3,4,1,3,3,2,2,3,2,1,1
77302,2,5,2,5,2,2,2,2,3,3,5,3,2
117231,3,4,3,3,4,3,1,4,3,4,4,5,4
111447,2,3,2,2,2,1,2,2,3,3,4,4,2
22148,2,2,2,2,4,4,4,4,4,3,4,3,4
74885,4,1,4,4,5,5,4,5,5,5,5,4,3
55084,2,4,4,4,2,2,4,2,3,3,3,1,2
297,1,1,1,1,3,5,4,4,4,4,4,3,5
79820,2,2,2,2,3,4,5,4,4,4,4,4,5
8008,0,5,0,1,2,4,4,4,4,4,4,3,3
84653,4,4,4,3,2,4,2,2,4,5,4,5,2
105350,4,4,4,1,4,4,4,4,4,4,4,4,4
58610,3,1,3,3,5,4,3,3,3,3,3,1,3
76475,3,2,4,2,5,3,3,3,3,3,3,1,1
2311,1,2,1,4,4,1,4,4,4,1,3,1,4
13195,5,2,3,2,5,5,5,5,2,5,2,1,5
7315,1,4,0,4,5,4,2,4,4,0,5,4,4
14660,2,4,2,4,5,5,5,3,3,2,3,5,4
96186,2,1,1,1,3,3,3,1,1,2,1,1,1
8784,2,1,2,2,4,2,2,2,2,2,2,3,1
43732,1,2,4,3,4,4,4,4,2,3,4,4,4
110923,4,2,4,3,4,4,4,4,1,3,3,4,4
101615,3,3,3,2,3,3,3,3,3,5,5,4,3
4756,3,4,3,1,3,3,3,3,5,3,5,3,3
63259,3,3,3,3,4,4,5,5,5,5,5,5,3
32920,4,5,4,2,4,5,1,2,2,4,2,4,4
78988,2,2,2,2,3,5,5,4,4,4,4,5,5
32308,5,5,5,5,2,1,1,4,4,4,5,2,4
92890,1,1,1,1,2,4,5,5,5,4,4,4,3
37222,2,1,1,3,4,1,4,4,4,5,5,4,4
106061,0,0,0,2,5,5,5,3,3,3,3,3,5
121903,3,4,5,2,1,5,1,1,5,2,5,5,1
35120,5,3,3,3,5,5,5,5,2,2,1,1,5
92093,5,0,5,4,5,5,2,5,5,2,4,3,5
126722,2,2,2,3,3,2,3,3,4,4,3,3,3
49689,4,1,4,4,4,4,2,4,4,4,5,2,3
101933,3,5,3,1,4,5,5,4,4,3,4,3,5
107,4,4,4,4,2,4,5,5,5,5,5,5,3
125315,1,4,0,2,2,4,4,3,3,0,3,5,3
83376,2,5,2,1,5,2,5,5,3,2,3,5,5
41165,2,5,0,4,3,0,3,3,4,2,4,5,3
36961,2,2,2,2,2,2,2,2,4,5,4,5,2
119189,3,5,5,5,3,3,3,3,4,3,2,1,3
125233,5,5,5,3,1,5,1,1,4,3,5,3,1
80006,2,3,2,4,1,3,3,3,3,2,3,4,2
26015,2,1,2,3,1,2,4,1,4,1,3,3,1
39238,0,0,0,3,3,4,4,4,4,4,4,4,3
83302,1,5,5,5,1,1,1,1,4,2,4,3,1
28682,1,4,4,4,2,3,4,1,1,1,1,4,3
74849,2,2,5,2,2,4,4,4,4,4,4,5,5
80624,5,5,5,3,5,5,5,5,3,3,5,3,5
13848,4,1,1,1,4,4,4,4,4,5,1,1,4
112027,3,5,3,4,5,3,5,5,1,2,5,1,5
90439,1,1,1,1,3,4,4,4,4,4,4,5,3
122631,2,5,2,5,4,2,5,4,2,1,1,3,4
85086,1,1,1,1,5,5,4,3,3,3,3,4,3
126479,3,3,3,3,3,3,3,3,3,4,3,1,3
24764,2,4,4,4,1,3,3,2,2,2,2,2,3
66823,2,2,2,3,5,2,5,5,4,2,4,4,5
79450,3,1,5,5,4,4,4,3,3,4,3,2,1
67783,1,1,1,3,3,1,3,3,2,3,3,4,3
20640,3,4,3,3,4,4,5,2,2,3,2,5,4
63173,2,3,2,2,4,5,5,5,5,5,5,5,5
46472,3,4,4,4,2,4,4,3,3,3,3,3,1
126298,2,2,2,2,2,2,2,2,1,3,3,3,2
82865,4,4,4,2,3,4,3,3,4,5,4,5,3
39880,1,4,0,1,2,0,2,2,4,1,1,4,2
43572,4,4,4,3,3,4,3,3,3,2,2,4,3
85375,2,4,4,4,4,3,2,3,3,2,2,3,3
42077,5,3,3,3,5,5,5,5,3,2,3,4,5
29966,3,0,3,4,5,3,5,5,2,3,5,4,5
20472,3,4,4,4,3,3,3,3,1,1,3,1,3
3115,2,2,2,2,5,5,4,4,4,5,4,3,3
104116,4,5,4,1,2,4,2,2,3,5,4,5,2
38498,3,3,3,3,2,4,5,3,3,4,3,1,2
51665,1,5,0,1,1,0,1,1,2,1,4,4,1
44976,4,1,1,1,4,4,4,3,3,3,4,4,4
67961,4,5,5,2,5,4,5,5,4,3,5,5,5
52092,4,1,1,1,4,4,4,4,5,3,5,3,4
49699,3,3,3,3,4,4,4,4,3,5,2,5,4
105486,2,2,2,2,4,4,4,5,5,5,5,5,4
94310,4,4,4,4,5,4,4,4,4,4,4,3,3
42334,3,2,3,4,4,3,4,4,4,1,3,1,4
123878,3,0,3,2,4,3,5,4,4,2,2,3,4
51859,2,5,4,5,2,2,2,2,4,2,4,2,2
29739,4,4,4,4,5,4,5,4,4,4,5,3,4
60178,1,4,1,5,2,1,2,2,4,5,5,5,2
63135,2,3,3,3,4,4,4,2,2,2,2,3,3
36189,3,3,3,2,1,3,1,1,3,4,2,2,1
20108,1,2,4,2,2,4,4,1,1,1,1,3,3
34854,2,2,5,2,4,4,4,4,5,1,5,5,4
51206,2,2,2,1,4,2,2,4,1,3,5,1,4
16248,2,2,3,2,4,4,4,4,5,3,5,2,4
85497,3,4,4,4,1,4,1,1,3,2,3,4,1
111092,1,5,1,5,4,1,4,4,4,5,4,4,4
95664,2,4,2,2,2,2,2,2,4,3,3,1,2
116419,5,2,5,3,3,2,3,5,5,5,5,1,3
121597,1,4,1,3,3,4,4,2,2,1,2,2,4
113422,5,5,4,5,5,4,5,4,4,4,4,3,4
35314,1,1,1,1,3,3,4,1,1,1,1,1,2
78560,4,4,3,3,3,3,2,3,5,4,4,5,3
59039,1,1,1,3,1,1,1,1,2,3,3,2,1
114294,1,1,1,4,1,1,1,1,2,3,3,1,1
5204,2,1,2,2,3,5,4,4,4,4,4,4,3
81021,1,2,1,3,2,4,4,1,1,1,5,4,1
31709,4,5,4,3,4,4,4,4,4,2,5,3,4
38890,2,2,2,2,5,3,4,2,2,2,2,1,2
124923,2,2,2,3,5,2,5,5,4,3,4,5,5
45764,4,5,4,4,3,4,3,3,5,5,2,4,3
11775,4,1,4,3,2,4,2,2,4,1,2,4,2
106544,1,1,5,1,5,5,4,5,5,5,5,4,4
97628,1,4,4,4,1,1,1,1,1,4,4,4,1
114783,2,4,2,5,2,2,2,2,5,5,5,5,2
79257,4,5,4,4,2,4,2,2,3,2,4,5,2
4154,3,3,3,3,4,3,3,4,4,4,4,2,1
95871,1,3,3,3,4,3,2,1,1,2,1,2,3
88907,2,4,2,3,4,2,4,4,5,2,3,4,4
56258,2,4,4,4,2,2,2,2,2,1,2,1,2
22905,3,5,0,4,2,5,4,2,2,0,2,4,4
16997,2,3,3,3,3,3,3,3,1,5,5,1,3
5609,5,5,3,5,5,4,4,4,4,4,4,3,5
36383,3,4,3,2,4,4,5,1,1,3,1,5,3
116556,3,5,3,4,5,3,5,5,4,2,5,2,5
37501,1,1,1,1,5,4,5,5,3,5,3,2,5
83075,2,1,1,4,4,1,4,4,1,4,3,2,4
99118,0,4,0,5,1,0,1,1,5,5,5,5,1
29822,2,2,2,2,5,4,2,4,4,4,5,1,5
50554,4,5,4,2,3,4,3,3,4,4,4,4,3
40991,4,4,4,1,4,4,5,4,5,3,4,4,4
30788,4,4,4,4,5,4,4,1,2,3,2,4,4
89266,3,3,3,3,3,5,5,5,5,5,5,5,4
40453,1,1,5,1,4,1,3,5,5,5,5,4,3
129743,2,3,3,3,2,2,2,4,3,3,3,2,2
105446,1,1,1,1,3,4,3,3,5,3,5,4,3
94569,4,2,2,2,5,1,2,4,4,4,4,4,4
104957,4,4,4,4,3,4,4,5,5,5,5,5,3
33765,3,5,5,5,3,2,3,3,5,1,5,1,3
111776,4,0,5,2,5,4,4,5,3,4,5,4,4
97324,5,5,5,5,4,4,4,4,5,4,4,4,4
92076,2,4,4,4,2,2,2,2,2,1,3,2,2
99576,3,5,5,5,5,4,4,3,3,3,3,4,2
17999,2,5,5,5,2,2,2,2,4,1,4,1,2
103379,5,5,5,5,2,4,4,4,4,4,4,5,4
1315,4,5,5,3,3,5,3,3,5,3,5,5,3
51045,3,0,3,1,3,3,3,3,4,3,5,5,3
34076,3,1,3,3,2,3,5,2,2,4,4,2,2
127837,4,4,4,4,3,4,5,4,4,5,4,3,3
80950,1,5,1,5,5,5,4,2,2,1,4,4,4
78917,4,4,4,4,5,5,5,5,5,5,5,5,4
53569,2,1,1,2,1,1,1,1,3,2,5,5,1
108003,3,1,3,4,4,4,3,5,5,3,3,4,3
25495,5,0,5,1,4,5,4,4,3,4,3,3,4
36536,2,2,2,4,5,2,5,5,5,5,2,4,5
68043,2,2,3,2,5,4,5,5,5,5,5,3,3
78276,4,4,4,2,4,4,4,4,5,4,5,5,4
79302,1,5,5,5,1,1,1,4,3,4,3,1,1
90421,5,5,5,5,5,5,4,5,5,5,5,4,5
92921,1,1,1,1,5,5,5,3,3,4,4,5,4
32706,2,5,1,1,2,1,2,2,3,2,5,4,2
115573,3,2,2,2,1,3,4,3,3,3,3,3,2
123868,1,1,1,1,5,4,5,5,5,5,5,5,4
86345,4,4,4,4,4,5,5,4,4,4,4,4,3
118212,4,5,5,5,4,4,1,4,4,4,4,3,4
110417,3,4,4,4,2,4,4,3,3,2,3,4,1
120190,1,1,3,1,4,4,4,5,5,5,5,3,3
101100,1,0,0,2,3,0,2,3,4,4,5,4,3
34029,3,5,3,4,2,3,2,2,5,5,4,5,2
42184,3,3,3,3,3,1,5,5,5,5,5,4,3
124640,4,0,4,4,3,4,3,3,4,4,5,3,3
77316,4,4,4,4,3,5,5,4,4,4,4,4,3
15768,4,1,1,1,3,4,2,4,4,4,4,5,2
117803,0,0,0,3,4,5,5,5,5,5,5,5,4
106896,2,5,2,3,4,2,4,4,5,3,5,3,4
110325,3,3,3,4,1,3,1,1,4,1,3,3,1
26657,1,0,1,3,4,1,4,4,5,5,2,3,4
30052,4,1,1,1,4,4,4,4,3,2,5,5,4
97158,2,4,4,4,2,2,2,2,2,3,4,4,2
31842,2,5,2,2,4,4,4,4,5,2,3,5,4
79221,1,4,1,2,5,1,5,5,2,1,5,3,5
49030,5,5,5,5,2,4,5,5,5,5,5,5,1
52122,2,3,3,3,2,2,2,2,3,2,5,1,2
78712,3,2,3,3,3,3,2,3,2,3,4,3,3
84035,3,3,3,3,2,5,5,5,5,5,5,4,4
60462,3,2,2,2,4,3,3,3,3,3,3,3,4
103771,3,3,4,3,3,4,3,3,3,3,3,2,2
38432,4,5,5,5,3,5,2,4,4,4,4,5,2
22921,2,2,4,2,5,4,4,5,5,5,5,4,5
116454,3,4,3,3,5,3,5,5,2,1,4,4,5
109065,1,2,2,2,3,1,2,1,1,1,1,1,2
74317,2,1,1,1,1,2,2,2,2,1,2,4,3
77151,3,4,3,4,3,3,3,3,4,1,3,4,3
68304,1,5,1,4,4,1,4,4,5,4,4,3,4
123595,2,4,2,5,1,2,1,1,2,4,4,1,1
96282,1,4,1,3,2,5,5,1,1,1,1,3,4
121540,3,3,3,3,4,4,4,4,3,4,4,5,4
94383,3,5,3,3,3,3,5,3,3,2,5,4,3
118942,5,5,5,5,3,5,4,4,4,4,4,5,3
119857,2,3,3,3,2,2,2,2,4,4,3,4,2
13659,3,3,3,3,4,4,4,4,2,1,5,5,4
92978,1,1,1,1,4,4,4,5,5,5,5,4,5
123186,4,0,4,4,4,4,1,4,3,2,3,4,4
11876,2,5,2,3,2,4,5,3,3,2,2,4,4
107992,4,1,1,1,4,4,4,4,4,4,3,3,4
78915,1,1,1,1,3,5,4,4,4,4,4,5,3
117935,4,2,2,2,5,4,4,4,4,4,4,2,4
51243,0,0,0,1,3,0,3,3,3,2,5,1,3
98640,2,2,2,3,3,2,3,3,3,5,4,4,3
129094,2,2,2,4,2,2,2,4,3,4,3,2,2
1657,3,1,3,1,2,3,3,3,3,3,3,3,1
109376,3,3,3,4,1,3,1,1,3,1,3,2,1
122535,3,3,3,4,2,3,2,2,4,2,4,3,2
93030,0,4,0,1,4,4,4,4,5,5,5,5,4
3049,3,2,3,4,5,3,2,5,4,5,4,1,5
123741,3,3,2,4,5,2,2,5,1,2,4,2,5
18373,3,5,3,4,1,3,1,1,4,5,5,5,1
37434,2,2,2,3,5,2,5,5,3,3,4,3,5
39451,2,0,2,2,5,2,5,5,4,5,5,5,5
30705,4,2,1,2,4,4,5,4,1,1,3,2,4
95159,2,5,2,3,5,2,5,5,5,3,4,4,5
87759,5,5,5,5,4,4,5,5,5,5,5,3,4
103968,3,4,3,4,4,3,4,4,5,5,5,3,4
104794,2,2,2,2,3,5,4,4,4,5,4,5,5
81545,2,4,2,1,4,2,4,4,4,2,3,5,4
111520,2,4,3,2,1,3,1,1,5,5,4,4,1
78947,5,2,5,5,2,5,5,4,4,4,4,4,4
57373,4,3,4,1,5,4,1,5,3,2,3,5,5
117895,1,1,1,1,2,1,2,2,4,5,2,3,2
92210,1,2,1,4,4,1,4,4,2,1,4,3,4
10167,4,0,4,3,1,4,1,1,3,5,5,5,1
106954,2,2,2,2,5,5,5,5,3,4,4,3,5
3827,2,3,2,3,5,2,5,5,2,4,4,1,5
10414,2,2,2,2,2,4,5,4,4,4,4,3,5
128152,1,1,5,1,2,3,4,1,1,2,1,5,4
23191,3,1,0,3,2,0,2,2,2,4,4,4,2
1526,1,1,1,1,3,3,4,1,1,1,1,4,4
102013,4,4,4,3,3,4,2,3,3,3,5,3,3
122958,5,5,5,5,2,5,4,5,5,5,5,4,3
120961,2,3,3,3,1,3,2,2,2,2,2,1,1
104358,5,1,5,2,3,5,3,3,1,2,2,3,3
110165,3,5,3,4,2,3,1,2,4,3,5,3,2
12602,3,4,3,4,1,3,1,1,2,1,1,4,1
6233,5,5,2,5,3,5,5,4,4,4,4,5,4
72678,4,1,4,2,5,4,5,5,1,1,3,2,5
22920,2,2,2,2,2,5,4,5,5,4,5,5,4
77839,2,2,2,3,5,2,5,5,5,5,5,4,5
19197,5,5,2,5,4,2,2,4,4,4,5,1,1
55427,5,5,5,5,4,4,4,4,3,5,4,4,4
24606,2,5,5,5,5,3,3,2,2,2,2,1,3
13695,4,5,5,5,5,3,2,4,4,4,4,3,3
77571,2,2,2,2,3,4,4,4,4,4,4,5,4
78796,3,2,2,2,3,3,3,3,3,5,3,2,3
25849,3,4,4,4,3,3,4,3,3,3,3,3,3
3068,3,3,3,5,5,3,5,5,5,4,5,4,5
55545,0,0,0,1,4,0,4,4,5,4,4,2,4
88818,3,5,5,5,3,3,3,3,1,4,3,3,3
103409,5,5,5,5,3,5,5,4,4,4,4,5,3
30167,2,4,2,1,4,2,4,4,3,4,4,3,4
16017,3,2,3,4,5,3,5,5,2,1,4,4,5
23441,4,4,4,4,3,1,4,5,5,5,5,4,4
9213,0,4,0,2,4,4,4,3,2,5,4,4,4
68572,3,3,3,3,5,5,4,2,2,2,2,3,5
4115,3,3,3,3,4,3,3,3,3,3,3,3,4
9666,2,2,2,2,3,4,4,4,4,4,4,4,5
56348,4,5,5,5,4,4,4,4,3,3,4,4,4
93021,3,2,3,2,4,3,4,4,1,1,2,4,4
9616,2,5,0,2,2,0,4,2,3,4,5,4,2
103461,2,3,2,4,3,2,2,3,2,2,2,4,3
8000,4,4,4,4,3,4,5,3,3,4,3,3,5
10261,4,4,4,4,5,4,1,5,4,4,5,4,5
6627,3,4,3,3,4,4,4,4,3,3,3,4,4
41027,2,2,2,3,5,2,5,5,5,4,1,1,5
54494,1,3,3,3,1,1,1,1,1,1,3,3,1
67816,4,3,3,3,3,4,3,4,4,4,4,3,4
116828,3,3,3,3,3,3,3,3,3,3,3,3,3
57363,3,5,3,1,3,3,3,3,2,4,5,2,3
114991,2,2,2,2,2,5,5,5,5,5,5,4,3
23626,2,2,2,3,1,2,1,1,4,2,1,1,1
96970,5,2,2,2,1,3,4,5,5,4,5,3,2
96676,4,4,4,4,4,4,4,4,4,5,4,3,4
7293,3,0,3,3,3,3,3,3,3,4,4,3,3
30118,5,5,5,5,2,5,2,2,3,3,1,4,2
87926,1,2,2,2,3,3,3,1,1,1,1,2,1
116536,2,4,2,4,4,2,4,4,5,5,4,5,4
25658,3,3,4,3,5,5,5,5,2,4,1,2,5
81358,3,4,3,4,4,4,5,4,4,3,4,5,3
38673,3,3,4,4,2,4,4,2,1,3,2,1,2
106749,5,4,4,4,5,5,5,5,5,1,5,1,5
51203,2,5,5,5,2,2,2,2,2,3,1,4,2
91827,3,3,5,3,3,5,4,5,5,5,5,3,4
8114,1,1,4,1,2,5,4,5,5,5,4,4,3
84706,2,2,2,4,5,2,5,5,4,1,3,2,5
227,3,0,0,3,4,4,5,5,5,0,5,3,5
2247,2,1,1,1,2,2,2,2,5,3,3,2,2
25797,3,5,3,1,2,4,4,4,4,3,4,3,5
67868,1,4,1,5,4,5,4,2,2,1,2,3,5
27654,2,2,2,3,2,2,2,2,1,3,2,4,2
97671,2,2,2,2,5,5,5,5,5,5,5,5,3
593,2,2,2,2,4,5,4,5,5,5,5,4,5
120989,2,2,3,2,3,5,4,5,5,5,5,3,3
33739,2,2,2,4,5,2,5,5,2,3,3,4,5
82572,2,2,2,2,2,5,4,4,4,5,4,3,4
79288,5,5,5,5,3,4,4,4,4,4,4,4,3
53896,2,5,0,1,4,4,5,3,3,0,3,5,3
43589,2,0,2,2,4,2,4,4,2,2,1,1,4
18252,2,4,2,2,3,2,3,3,5,5,4,4,3
81612,3,4,2,3,4,2,4,4,5,5,4,5,4
4494,2,1,1,1,1,4,4,2,2,2,2,4,4
102925,4,2,4,2,4,4,4,4,3,2,2,4,4
32467,3,1,1,1,3,3,3,3,2,2,3,3,3
75483,2,3,2,2,1,2,1,1,4,4,5,4,1
109333,2,5,2,4,3,3,5,4,4,2,4,4,5
67312,4,1,1,1,4,4,4,4,1,2,3,4,4
78651,4,4,4,1,4,4,4,4,2,3,4,4,4
76395,1,5,0,4,3,5,4,1,1,0,3,4,4
91700,2,2,2,2,4,4,4,4,4,2,4,5,4
7068,1,1,1,1,5,5,5,5,5,5,4,5,5
66764,3,4,3,1,2,4,5,2,2,3,4,4,4
23340,1,4,1,3,3,5,4,5,5,1,5,3,3
101542,1,1,1,4,3,1,3,3,3,1,4,2,3
84594,1,0,0,2,1,0,1,1,4,3,4,5,1
69118,4,4,4,3,5,4,5,5,4,5,3,3,5
95962,5,5,5,5,4,4,5,4,4,4,4,5,4
111973,5,5,5,5,5,5,5,5,1,2,5,1,5
57622,4,3,3,3,2,4,2,2,4,4,5,4,2
32960,2,4,2,2,1,2,1,1,3,1,2,3,1
54288,4,3,3,3,4,4,4,4,3,4,2,5,4
63181,3,4,3,3,2,5,5,5,5,5,5,4,5
6669,3,3,3,3,5,5,4,5,5,5,5,5,5
2951,2,2,2,4,2,2,2,2,4,1,4,1,2
50235,3,3,3,3,5,4,3,3,3,3,3,1,2
13791,3,3,3,3,3,3,3,3,3,5,1,1,3
54586,5,5,5,5,3,4,4,5,5,5,5,3,5
36564,1,1,1,1,1,1,2,1,4,3,3,3,1
99830,3,3,3,3,2,5,4,4,4,4,4,5,3
110421,2,2,2,3,4,2,4,4,4,3,3,1,4
100813,4,1,1,1,4,4,4,1,1,1,1,4,4
32836,4,5,4,2,2,4,2,2,3,2,4,4,2
44196,4,3,4,3,5,5,4,1,1,4,1,4,3
10984,3,3,3,3,4,5,3,4,4,4,3,2,3
128699,1,1,2,1,5,4,4,4,4,5,4,3,3
41992,4,2,2,2,5,2,4,4,4,4,4,4,2
1146,2,4,2,3,5,4,5,1,1,2,1,4,4
32379,5,2,4,2,5,2,1,5,5,5,5,5,1
26043,3,5,3,3,5,3,1,5,5,4,5,2,5
114128,4,4,4,4,4,5,4,5,5,5,5,3,3
122326,3,1,1,1,3,3,3,3,2,4,3,1,3
81828,2,4,2,3,4,2,4,4,4,3,4,4,4
84872,3,2,3,1,3,3,3,3,2,4,2,1,3
78349,3,4,3,3,2,3,2,2,4,2,4,3,2
123359,4,5,5,5,3,4,4,4,4,4,4,4,4
102605,1,5,1,2,4,1,4,4,3,5,4,5,4
75616,4,4,4,1,4,5,4,3,5,5,4,4,4
120552,3,3,3,3,2,3,2,2,1,4,2,4,2
44820,5,4,5,2,3,5,3,3,1,4,3,3,3
97477,3,3,3,3,4,4,5,4,4,4,4,5,3
28104,3,0,3,5,1,3,1,1,3,4,1,2,1
41894,3,4,4,4,3,4,3,3,3,2,4,5,3
24906,3,3,3,1,5,3,5,5,3,3,5,2,5
17520,3,5,3,5,3,3,5,3,4,5,4,5,3
20025,2,4,2,1,4,2,5,4,1,5,5,1,4
85834,1,4,1,5,3,1,3,3,4,5,3,1,3
118912,1,2,1,4,4,4,3,5,5,1,5,4,1
105458,2,5,2,3,2,2,2,2,3,5,2,2,2
9114,4,4,4,4,3,5,4,4,4,4,4,5,5
12009,1,2,2,3,3,2,3,3,4,5,3,3,3
28141,5,5,5,3,3,5,3,3,5,1,4,1,3
73042,3,2,3,2,3,3,5,3,4,1,2,1,3
66253,2,2,2,4,2,3,4,5,5,2,4,1,2
32476,5,3,3,3,5,5,5,5,3,1,4,1,5
47080,3,4,3,3,4,4,5,3,3,3,3,3,4
66862,3,2,3,3,4,3,4,4,1,5,4,3,4
41078,4,4,4,4,5,3,1,5,5,5,5,5,2
84365,2,2,2,2,1,3,3,2,2,2,2,3,1
126967,3,3,3,3,5,4,5,5,5,5,5,4,5
77022,1,1,2,2,5,4,3,1,1,1,1,4,4
87888,5,5,5,5,2,5,5,4,4,4,4,5,3
67756,2,2,2,2,3,4,5,3,3,4,3,3,5
124313,2,5,2,4,4,2,4,4,4,4,4,2,4
64617,2,2,2,2,4,4,5,4,4,4,4,3,5
40436,4,4,4,4,4,4,5,4,4,4,4,4,3
54822,5,5,5,5,5,5,5,5,1,2,4,3,5
107645,4,4,4,4,4,5,5,5,5,5,5,3,5
2399,2,2,2,2,2,4,5,2,2,2,2,3,3
25254,2,3,2,2,4,4,5,4,4,3,4,3,4
51174,4,1,4,4,2,3,3,4,4,4,4,3,2
89045,5,5,5,5,3,5,5,5,5,5,5,4,3
108095,1,3,3,3,1,1,1,1,2,1,4,2,1
104924,1,1,3,1,3,4,4,4,4,4,4,5,3
15590,1,1,1,1,3,4,2,5,5,5,5,1,1
55476,2,4,2,3,1,2,1,1,4,5,4,4,1
101705,4,4,4,4,3,4,4,5,5,5,5,3,3
7318,3,3,3,2,3,3,3,3,4,4,3,2,3
21774,5,0,5,3,2,5,2,2,3,3,3,2,2
37228,4,4,4,4,3,5,4,4,4,4,4,4,3
125486,2,2,2,2,2,2,2,4,5,4,3,2,2
9741,3,3,3,2,3,3,3,3,4,4,5,5,3
86729,4,3,4,4,2,4,2,2,1,3,2,2,2
42364,5,2,5,4,5,5,5,5,4,2,4,3,5
44852,2,4,2,4,4,2,4,4,3,2,5,3,4
114824,2,2,5,2,2,5,4,5,5,4,5,5,5
36948,2,4,3,3,2,3,2,2,2,3,4,2,2
23050,2,2,2,4,3,2,3,3,5,5,4,4,3
9000,4,3,4,3,2,2,2,2,2,4,2,4,2
50821,3,2,3,3,3,3,3,3,2,4,4,3,3
100290,1,1,1,2,4,1,4,4,5,2,5,4,4
119789,5,5,5,5,2,5,4,4,4,4,4,4,5
106827,3,4,2,2,4,2,4,4,3,1,5,2,4
17387,1,1,1,1,5,4,4,5,5,5,5,3,5
78156,0,0,0,1,4,5,4,3,3,3,3,4,3
35733,3,2,3,4,3,5,4,3,2,2,4,4,4
41300,2,2,2,3,1,3,3,1,1,2,3,3,3
73147,5,5,5,1,3,5,3,3,4,4,5,4,3
117541,2,2,2,2,5,2,1,5,5,4,4,4,5
8591,1,4,1,3,5,5,5,2,2,1,5,5,3
26313,5,5,5,5,5,5,5,5,3,5,5,4,5
69351,0,0,0,4,2,0,2,2,5,3,4,3,2
102737,4,5,4,1,3,4,3,3,4,5,5,3,3
45395,4,5,4,5,2,4,4,4,4,4,4,1,2
5494,2,2,2,2,3,5,5,4,4,4,4,4,5
34580,2,2,2,2,3,5,5,2,2,2,2,3,5
35630,4,5,5,5,4,4,4,4,5,5,1,3,4
100055,3,3,3,3,4,3,4,4,2,1,4,3,4
24786,3,4,3,1,5,4,4,4,4,3,1,5,3
103355,3,5,3,5,4,3,4,4,5,2,4,5,4
114717,1,1,1,1,2,5,5,3,3,3,3,5,4
4929,0,0,0,2,2,0,2,2,3,4,5,5,2
73060,1,4,1,4,4,1,4,4,1,4,3,4,4
13788,3,4,3,2,2,5,5,4,4,3,4,4,4
129490,3,4,3,3,1,3,1,1,1,5,4,2,1
97899,4,4,4,4,4,4,4,4,3,2,3,2,4
107197,2,4,2,2,1,2,1,1,4,5,4,3,1
20533,4,4,4,4,4,4,4,4,4,2,4,2,4
11826,5,5,5,5,4,4,5,4,4,4,4,5,3
105660,3,3,3,3,4,4,4,4,4,3,5,5,4
22159,1,1,1,1,3,4,4,1,5,4,5,4,4
6050,3,5,3,3,5,3,5,5,4,3,4,5,5
96614,2,2,2,2,4,5,4,5,5,5,5,5,3
18727,2,5,5,5,3,3,3,2,2,2,2,1,4
114654,5,5,5,5,3,5,4,5,5,5,5,3,4
11161,2,5,2,5,5,2,5,5,5,5,5,4,5
1517,1,1,1,1,5,5,5,5,4,3,4,3,5
118065,3,5,2,4,2,2,2,2,3,4,4,2,2
77880,2,2,2,2,4,2,1,2,2,2,2,4,1
92686,4,5,4,2,3,4,2,3,4,3,4,3,3
4022,5,0,5,5,4,5,4,4,5,5,5,3,4
106657,3,3,3,3,2,5,5,3,3,3,3,5,4
39830,1,1,1,1,5,1,2,4,4,4,4,5,1
42411,3,2,2,2,4,4,4,3,3,3,3,1,3
99387,2,4,4,4,2,2,2,2,1,2,3,4,2
114003,2,5,2,4,2,1,1,5,4,5,4,1,1
4421,1,1,1,1,2,4,4,5,5,5,5,5,3
112180,2,4,2,2,1,2,2,1,3,2,4,4,1
98793,4,2,4,3,5,4,5,5,3,5,3,3,5
13512,4,4,4,4,4,5,2,4,4,4,4,2,5
128650,1,1,1,4,1,4,4,5,4,4,5,4,4
35176,4,4,4,4,1,4,1,1,1,3,1,5,1
57770,2,2,2,4,2,4,4,2,4,4,3,4,4
36848,1,2,2,2,1,1,1,1,3,4,3,1,1
104936,3,5,3,3,4,4,5,5,5,5,5,4,4
3888,4,4,4,3,5,4,5,5,4,4,3,3,5
33722,2,3,2,3,5,4,3,1,1,2,1,3,2
119810,1,1,1,1,3,1,3,3,4,2,5,4,3
48290,2,4,4,4,3,3,4,2,2,2,2,1,3
68868,1,1,1,1,2,5,4,5,5,5,5,4,3
40113,3,4,3,4,2,3,1,2,3,4,4,1,2
17581,2,4,2,2,5,2,5,5,5,2,5,5,5
56770,0,5,0,4,3,0,3,3,3,3,4,3,3
60896,2,2,2,3,2,2,2,2,1,4,3,1,2
111654,4,5,4,3,1,4,1,1,4,4,4,5,1
101304,3,3,3,3,4,4,4,4,3,4,5,5,4
51476,4,3,3,4,2,4,2,2,4,4,4,5,2
20653,3,3,3,3,5,4,1,5,5,5,5,3,1
86567,1,1,1,1,3,1,4,3,4,2,1,2,3
95802,3,3,3,3,4,5,4,5,5,5,5,4,4
30107,3,2,3,3,2,3,2,2,4,5,4,2,2
39560,5,5,1,5,2,2,2,2,4,1,2,2,2
37471,2,2,2,4,2,2,2,2,3,4,3,5,2
1905,1,1,1,1,3,4,5,5,5,5,5,5,3
25433,1,1,1,1,5,5,5,5,5,2,5,2,5
113019,4,4,4,4,3,4,4,4,4,4,4,5,3
118207,2,4,2,2,4,5,3,4,4,2,3,4,1
44,4,1,4,4,2,5,5,5,5,5,5,5,4
82588,3,3,3,3,2,4,5,5,5,5,5,3,5
81397,2,5,2,3,3,5,5,3,3,2,3,4,5
60912,1,5,1,4,4,1,4,4,4,4,5,3,4
36246,1,1,2,1,4,5,1,3,3,4,3,5,2
127659,3,4,4,5,4,4,1,4,4,3,5,3,4
95713,4,1,1,1,5,4,4,4,4,4,4,4,1
66120,5,5,5,5,3,4,5,4,4,4,4,3,5
41553,2,3,5,3,2,4,4,2,2,2,2,2,2
108525,1,2,2,4,1,4,4,4,4,2,4,2,2
44262,3,4,3,3,3,3,4,3,3,5,5,4,3
70080,2,2,2,2,4,5,4,2,2,2,2,5,5
76248,4,1,4,2,3,3,3,1,1,4,1,3,4
31344,2,2,2,2,3,2,5,3,4,3,4,1,3
104458,5,3,5,2,1,5,1,1,4,4,5,3,1
114946,3,3,3,3,4,4,5,4,4,4,4,5,5
60993,3,2,3,4,2,3,4,2,2,3,2,1,3
13353,4,1,1,1,4,3,4,4,3,4,3,2,4
87043,2,1,2,2,4,4,5,3,3,3,3,4,3
37242,5,3,5,4,5,5,5,5,1,3,4,2,5
9572,2,2,2,4,4,2,4,4,2,3,4,4,4
87455,4,4,4,4,5,4,4,4,4,4,4,4,5
124005,1,1,1,1,1,3,3,4,4,4,1,4,3
22990,3,4,3,1,4,3,4,4,5,2,5,4,4
61808,2,5,2,4,1,2,1,1,3,3,4,4,1
112907,2,2,2,2,3,3,4,2,2,2,2,1,4
62424,4,5,4,4,4,4,1,4,4,5,4,3,4
122937,4,5,4,4,4,4,4,4,5,2,4,4,4
56687,3,5,3,1,1,3,1,1,3,5,3,5,1
26966,4,4,4,4,3,1,3,5,5,5,5,1,1
107816,3,3,3,3,5,3,5,5,4,1,2,2,5
33010,5,5,0,5,2,2,3,1,1,0,1,2,4
108578,4,4,4,4,4,4,4,4,5,5,5,4,4
14259,2,3,2,1,3,2,2,3,4,5,5,2,3
97193,2,4,2,1,2,3,4,4,5,3,4,4,4
48398,3,5,3,5,3,3,1,3,5,2,5,4,3
40459,1,0,1,3,4,1,4,4,4,4,3,2,4
46993,4,2,2,2,4,4,4,4,3,1,4,1,4
6181,4,5,4,3,1,4,1,1,3,5,5,5,1
726,3,5,3,5,2,3,3,3,3,3,3,1,2
38972,3,2,2,2,3,3,3,3,3,3,3,5,3
46034,4,4,4,4,2,2,5,5,5,5,5,3,1
34160,1,0,0,1,5,0,5,5,3,2,5,4,5
10400,1,1,1,1,5,5,4,4,4,4,4,3,4
53919,5,3,3,3,5,5,5,5,5,3,4,1,5
51264,3,3,3,2,5,3,2,5,5,5,3,2,5
56082,2,2,2,4,2,5,5,3,2,3,4,5,5
104236,2,2,2,2,4,4,4,4,5,3,5,3,4
105988,4,2,2,2,3,4,4,3,2,2,2,4,4
29115,2,5,2,4,2,2,4,2,4,2,5,4,2
88243,5,5,5,4,4,5,4,4,4,5,5,5,4
77406,1,4,1,3,5,1,5,5,3,5,4,5,5
7192,4,4,4,4,3,5,5,4,4,4,4,4,5
66966,2,2,2,2,2,4,4,5,5,5,5,4,3
119152,2,2,2,2,3,4,4,5,5,5,5,4,3
114323,5,5,5,4,4,4,5,4,4,5,1,4,4
121024,4,4,4,3,2,4,2,2,4,4,4,3,2
94338,5,5,5,5,5,5,4,5,3,5,5,3,5
67117,2,2,2,2,2,2,3,2,2,4,3,1,2
88398,4,4,4,4,2,4,4,5,5,5,5,4,3
73149,2,3,5,3,2,2,2,2,3,2,4,4,2
96326,3,5,3,3,3,3,4,3,4,5,4,3,3
85722,2,2,2,2,2,5,4,4,4,4,4,4,4
77798,3,0,3,3,2,3,2,2,5,4,3,3,2
117593,1,5,5,5,5,3,4,1,1,1,1,3,2
102982,5,5,2,5,5,4,5,5,5,4,5,3,4
117920,2,2,2,4,1,2,1,1,3,3,3,1,1
58386,2,2,2,2,3,4,5,4,4,4,4,3,3
2976,4,4,4,4,5,4,4,5,5,5,5,4,5
47784,3,0,3,2,5,3,5,5,3,5,4,2,5
105720,4,4,4,1,4,4,4,4,5,5,4,4,4
103009,4,4,4,4,3,4,4,2,2,2,2,3,4
8466,2,1,2,2,4,2,5,4,1,5,3,2,4
31902,4,4,4,4,5,5,4,5,5,2,5,3,5
79024,4,4,5,4,5,4,4,5,5,5,5,4,3
96156,1,1,1,1,4,5,5,4,4,4,4,4,5
82293,1,4,1,4,4,1,4,4,5,4,4,3,4
44864,2,1,1,1,5,3,3,2,2,2,2,2,3
56197,2,3,2,3,3,2,3,3,4,5,4,2,3
110193,1,1,1,3,3,1,2,3,2,4,3,4,3
63332,4,1,5,3,3,5,3,3,2,3,4,4,3
4480,1,1,1,1,3,4,4,5,5,5,5,4,4
29979,2,2,2,1,2,2,4,2,2,1,1,5,2
108954,1,1,1,1,5,4,4,5,5,5,5,3,5
83461,4,0,4,1,1,4,1,1,4,3,4,4,1
116317,2,5,2,5,2,2,2,2,3,5,4,4,2
36085,4,5,4,3,2,3,3,3,3,4,3,5,5
115385,4,4,4,4,5,5,4,5,5,5,5,5,4
68094,3,2,2,2,4,4,3,3,3,3,3,4,2
55999,1,1,1,1,2,5,5,4,4,4,4,3,3
99483,2,5,5,5,2,2,2,2,2,1,4,2,2
84732,4,4,4,4,4,4,4,4,4,4,4,3,5
105906,4,3,4,4,4,4,5,4,4,5,4,1,4
25727,3,5,3,4,4,3,4,4,1,5,5,1,4
114586,4,4,4,4,5,5,5,4,4,5,4,3,4
109623,2,2,2,1,4,2,1,4,4,4,4,3,4
50405,1,0,0,2,2,0,3,2,5,5,5,3,2
128154,1,1,1,1,4,3,5,5,5,4,5,5,5
16506,2,4,2,4,4,2,4,4,1,2,2,1,4
115215,3,2,2,2,3,2,3,3,2,4,4,3,3
10786,2,2,2,2,4,4,4,4,5,2,5,5,4
38971,2,2,2,2,4,1,3,2,2,2,2,1,2
109615,1,1,1,1,2,4,5,5,5,5,5,3,5
62928,3,2,2,2,1,3,4,3,3,2,3,1,2
4530,1,1,1,1,4,4,4,4,3,3,5,3,4
87356,4,4,1,4,3,5,5,4,4,4,4,3,3
42602,2,2,2,1,4,2,4,4,3,2,4,3,4
67001,4,4,4,4,2,4,4,5,5,5,5,4,4
109400,5,5,5,4,2,5,2,2,3,4,5,4,2
95092,2,5,2,4,5,2,5,5,4,2,4,4,5
10155,3,3,3,3,2,5,4,5,5,5,5,5,3
52640,2,5,2,2,3,2,3,3,4,3,4,1,3
15604,4,2,4,3,4,4,4,4,3,4,4,2,4
55021,1,1,1,1,3,5,5,5,5,5,5,3,4
23744,2,5,2,5,5,4,3,5,5,2,5,1,4
123465,2,2,2,2,2,5,4,4,4,4,4,3,5
44948,3,2,1,2,1,2,2,3,3,3,3,1,2
31148,3,1,1,1,3,2,1,3,3,3,3,1,2
93289,3,4,3,2,5,2,5,1,1,3,1,5,5
54745,2,4,2,3,5,2,5,5,5,2,5,3,5
818,3,3,3,3,1,2,2,3,3,3,3,3,1
95694,0,4,0,1,4,4,4,3,3,3,3,5,3
58023,4,4,4,5,3,4,3,3,5,5,3,5,3
45245,4,4,4,3,2,4,3,2,3,4,3,2,2
59668,2,5,2,1,1,2,1,1,4,5,4,5,1
123875,1,1,1,1,3,5,5,5,5,5,5,5,3
51291,2,3,3,5,5,3,5,5,1,4,3,4,5
21302,3,5,3,3,4,4,5,3,3,3,3,3,5
10180,5,5,5,5,4,5,5,1,1,2,1,5,4
8371,3,3,3,3,3,3,4,3,3,2,3,4,4
27070,2,3,2,4,4,5,4,4,4,2,4,1,3
125061,1,1,1,1,4,4,4,5,5,5,5,3,4
59180,1,1,1,1,4,5,4,2,2,2,2,3,3
113701,4,2,0,4,4,0,2,4,2,2,4,2,4
99661,5,4,5,3,5,5,5,5,4,3,5,4,5
48088,3,2,2,2,3,3,3,3,4,2,5,4,3
53951,5,5,5,5,2,4,4,5,5,4,5,1,4
118546,2,4,2,2,2,4,5,4,4,4,4,3,5
63453,1,1,1,1,4,4,5,5,5,5,5,4,5
121460,5,4,5,3,3,5,2,3,4,2,3,1,3
27331,3,3,3,3,5,3,1,5,5,5,5,1,5
11992,2,5,2,1,5,2,5,5,4,2,5,5,5
762,3,3,3,3,2,5,4,5,5,5,4,5,4
59662,1,5,1,1,4,5,4,1,1,1,5,5,4
54197,2,5,2,1,2,2,2,2,3,2,5,5,2
104666,2,0,2,2,4,2,2,4,1,1,2,5,4
62316,3,4,3,3,2,3,2,2,2,1,3,3,2
53193,1,1,1,1,4,4,4,2,3,1,4,4,4
38699,1,2,2,2,1,2,1,1,2,3,4,5,1
45743,4,2,4,3,5,4,5,5,3,5,3,4,5
89941,3,3,3,3,2,3,2,2,1,3,4,2,2
88245,4,4,4,4,4,4,4,4,4,4,4,3,5
86037,2,4,2,3,5,2,5,5,3,2,4,5,5
91369,1,4,1,3,5,1,5,5,3,1,3,4,5
58506,4,5,5,5,2,4,3,4,4,4,4,1,2
36022,3,3,3,3,3,5,4,4,4,4,4,1,2
79079,3,4,3,3,3,3,3,3,4,3,5,4,3
55346,5,4,5,4,3,5,3,3,5,3,4,4,3
29275,2,5,5,5,2,2,2,2,3,5,4,4,2
121524,4,3,4,3,5,4,5,5,3,2,5,4,5
44719,2,4,0,1,2,4,4,3,3,0,2,3,4
83526,2,1,1,2,1,1,1,1,3,4,3,4,1
123655,0,5,0,1,3,5,5,5,5,1,1,3,4
109952,2,4,2,4,2,2,2,2,5,2,4,3,2
105119,1,2,2,2,5,2,2,1,1,1,1,2,1
88561,3,4,3,3,5,3,5,5,5,2,5,4,5
6127,2,2,5,2,2,4,5,5,5,5,5,4,5
57447,1,1,3,1,4,4,5,4,4,4,4,5,4
66193,2,5,5,5,5,3,3,2,2,2,2,3,4
14996,0,5,0,4,3,0,4,3,2,4,2,3,3
18205,1,1,1,1,4,2,3,4,4,4,4,4,5
43641,5,5,4,5,2,3,2,2,2,3,3,3,2
86833,5,2,4,3,3,4,5,3,3,2,2,2,3
81283,3,1,3,2,4,3,4,4,3,1,2,2,4
26403,4,5,4,4,4,4,4,4,5,3,5,3,4
15191,2,2,2,4,5,2,5,5,4,1,4,1,5
7485,5,5,5,5,3,4,4,5,5,5,5,4,3
55368,5,3,5,4,2,5,2,2,3,2,5,5,2
66773,1,1,1,1,3,3,3,3,4,3,4,4,3
65375,1,1,1,1,5,5,5,4,4,4,4,5,4
61759,3,5,3,3,3,3,3,3,3,5,4,5,3
32500,3,2,5,5,3,3,3,3,3,3,3,4,3
128069,3,3,3,3,4,4,4,5,2,4,5,4,4
51498,2,3,5,4,5,5,5,5,3,2,5,2,5
4493,4,4,4,4,2,4,5,5,5,4,5,5,4
114058,1,1,1,2,3,1,3,3,4,5,4,3,3
62461,3,3,3,4,1,3,1,1,1,2,3,3,1
50006,3,4,4,4,3,2,3,3,3,3,3,1,4
24719,4,5,5,3,2,5,2,2,2,1,4,4,2
73650,2,2,2,2,5,3,2,2,2,2,2,3,1
16554,3,3,3,1,3,3,3,3,4,4,3,2,3
121637,2,2,2,5,2,2,2,2,5,5,5,3,2
58902,1,1,1,3,1,1,4,1,3,4,3,4,1
13260,2,4,2,3,2,2,2,2,3,4,4,2,2
113353,5,5,5,5,5,4,4,5,5,5,5,4,5
61496,1,5,2,5,2,3,3,1,1,1,1,4,2
7855,4,3,4,3,4,3,3,2,4,4,1,3,3
76058,1,2,2,2,5,4,4,1,1,1,1,4,4
50732,1,4,1,5,3,1,3,3,5,4,5,5,3
90498,2,2,2,2,5,4,4,5,5,5,5,4,4
110053,3,4,3,3,1,3,2,1,3,3,5,5,1
52595,2,3,3,3,2,2,2,3,3,2,2,1,2
71821,5,5,5,3,3,5,1,3,4,2,4,4,3
39106,1,1,4,1,4,5,1,4,4,4,3,3,5
40884,3,4,3,5,2,5,4,4,4,3,4,5,4
32196,2,2,2,2,1,2,1,4,4,4,5,3,1
29116,3,5,3,2,3,3,3,3,5,4,5,5,3
61838,3,3,3,3,1,3,1,1,3,5,5,3,1
110883,5,5,5,5,5,4,5,5,5,5,5,3,5
76777,2,3,1,3,2,3,2,2,3,3,4,2,2
13231,2,3,3,3,2,2,2,2,2,2,3,3,2
70524,3,3,3,3,3,5,4,5,5,5,5,4,5
88007,2,2,2,2,2,4,4,5,5,5,5,4,4
90854,3,3,3,3,2,3,2,2,3,1,4,4,2
39993,3,5,5,5,3,3,3,3,2,1,2,3,3
59900,4,4,4,4,4,5,5,3,3,3,3,3,4
88139,5,0,0,3,4,0,4,4,4,3,5,5,4
27232,3,3,3,3,3,3,3,3,5,4,2,5,3
24636,2,1,2,3,5,2,5,5,1,2,4,2,5
53674,1,1,1,1,5,1,2,4,4,4,4,3,5
4994,3,4,4,4,3,3,3,3,1,3,4,4,3
90889,2,2,2,4,3,2,3,3,1,5,3,4,3
102685,1,5,5,5,5,4,4,1,1,1,1,3,3
97782,3,0,3,4,2,3,2,2,4,3,4,5,2
107474,5,5,5,5,3,4,3,3,5,2,4,3,3
4658,3,1,5,1,4,3,2,3,3,3,3,2,4
58656,3,4,3,3,3,5,2,3,3,5,5,2,2
57111,2,2,4,4,1,4,3,3,3,2,3,1,2
101560,0,1,1,4,5,4,4,3,3,2,2,4,5
99938,2,4,2,1,3,2,5,3,4,3,4,5,3
113275,5,5,5,5,5,4,5,4,4,4,4,3,3
129675,1,1,1,4,4,1,4,4,3,1,4,3,4
89651,2,2,2,2,2,2,2,2,2,3,3,2,2
45390,4,5,5,5,4,4,4,4,1,5,2,4,4
54320,5,5,5,5,4,4,4,4,1,4,3,3,4
8033,1,1,1,1,4,5,4,4,4,4,4,4,3
123772,2,2,2,1,1,2,1,1,3,5,4,3,1
45162,4,5,5,5,2,4,3,3,3,3,4,4,1
16864,1,1,1,1,3,3,3,3,3,1,1,4,3
103397,2,2,2,2,4,5,5,5,5,5,5,4,3
61917,4,4,4,4,5,5,5,5,5,4,5,5,3
122337,1,5,1,4,1,1,1,1,4,5,4,5,1
44879,1,3,1,3,1,1,2,1,1,1,3,3,1
69694,4,4,4,4,5,5,5,3,2,4,4,5,5
85391,1,1,1,1,5,4,5,3,4,4,5,5,5
82062,3,3,3,3,4,4,4,4,4,4,4,4,5
118406,2,2,2,2,5,5,5,5,3,3,5,4,5
35869,4,4,4,5,2,4,2,2,5,5,5,3,2
37548,1,1,1,4,1,1,3,1,4,5,1,2,1
6224,4,4,4,4,3,4,3,3,5,4,4,4,3
85502,3,4,3,3,1,3,1,1,4,4,4,5,1
36268,3,3,3,4,3,3,3,3,4,2,4,4,3
7292,3,3,0,3,3,4,3,4,4,0,4,4,4
58654,2,1,2,2,4,2,4,4,4,1,1,2,4
42086,4,3,3,3,4,4,4,4,2,2,2,3,4
101355,4,4,3,4,4,4,4,4,4,4,4,5,4
65109,1,5,1,1,2,5,5,3,3,1,2,5,4
116373,3,4,3,3,3,3,3,3,4,5,4,4,3
4086,2,2,2,3,5,2,5,5,1,4,3,2,5
34349,5,1,1,1,5,5,5,5,4,1,5,5,5
33868,3,1,1,1,3,3,3,3,4,3,4,2,3
42330,3,1,3,4,5,3,4,4,4,3,3,3,2
112543,3,3,3,3,5,4,5,5,5,5,5,4,3
40715,2,0,1,4,3,1,3,3,1,2,4,1,3
42467,0,0,0,5,5,0,5,5,4,2,5,4,5
77350,2,2,2,2,5,5,5,5,3,2,4,3,5
13082,5,5,5,5,5,5,5,5,3,5,5,5,5
9510,4,5,4,2,1,4,1,1,1,3,1,2,1
22745,5,3,3,3,5,4,5,5,1,1,4,1,5
23498,0,0,0,2,4,5,4,5,5,5,5,1,5
34431,1,4,4,4,1,1,1,1,2,5,3,1,1
35986,2,3,3,3,3,1,1,4,3,4,3,1,1
114237,3,4,4,3,3,4,3,3,4,1,4,3,3
33400,1,1,1,1,4,4,4,3,2,3,5,4,4
44856,2,2,2,4,2,2,1,2,2,3,4,2,2
89217,1,4,1,2,2,1,2,2,3,4,4,5,2
22814,3,3,3,3,2,3,1,4,4,4,3,5,5
58878,3,3,3,3,3,5,5,4,4,4,4,3,4
71873,1,3,1,1,4,1,4,4,2,5,4,4,4
47938,3,3,3,3,2,3,2,2,2,2,3,4,2
110954,0,4,0,4,2,0,5,2,3,5,4,4,2
91648,1,3,1,3,2,1,2,2,3,5,4,2,2
31304,5,3,1,3,3,1,5,5,5,5,5,5,1
57737,1,5,1,4,4,1,4,4,3,5,3,5,4
128548,5,5,5,5,5,5,4,5,5,5,5,4,5
12187,3,5,3,4,3,3,3,3,3,4,4,5,3
37454,2,2,2,1,5,2,5,5,4,3,3,3,5
94451,3,3,3,3,3,5,5,5,5,5,5,4,3
27571,2,4,2,1,1,2,3,1,4,5,4,3,1
112633,3,2,3,4,2,3,2,2,3,1,3,1,2
55711,2,3,2,3,3,2,3,3,3,1,3,1,3
42350,2,5,2,3,3,2,3,1,1,2,1,2,1
83144,2,4,2,4,5,2,5,5,3,4,3,5,5
74841,2,5,2,2,1,2,1,1,5,3,3,4,1
59438,2,2,4,2,1,2,2,1,4,3,4,2,2
89701,5,0,5,4,4,5,4,4,1,3,5,3,4
89303,2,5,2,4,4,2,3,4,2,4,3,1,4
24608,5,1,1,1,5,5,5,5,1,5,1,3,5
127211,5,2,5,3,1,5,2,1,2,2,3,2,1
9582,2,2,2,2,4,4,4,1,5,3,2,4,4
92715,2,2,2,2,3,4,5,4,4,4,4,5,4
123606,2,1,2,3,2,2,2,2,3,4,3,3,2
15261,2,3,3,3,2,2,2,2,3,5,3,2,2
114222,2,1,1,4,2,1,3,2,3,3,3,3,2
50427,3,1,1,1,3,4,3,3,3,3,3,4,4
77738,3,3,5,3,3,3,3,3,4,4,3,3,3
6522,1,2,1,4,5,1,5,5,1,2,4,2,5
58297,2,2,2,3,3,2,3,3,4,3,4,4,3
63414,1,3,5,4,4,5,4,4,3,3,3,1,4
101327,4,5,4,3,3,4,3,3,4,5,4,3,3
15034,2,2,5,2,3,1,5,5,5,5,5,3,4
110678,4,4,4,4,2,3,3,4,4,4,4,3,4
69691,4,4,4,4,4,4,4,4,4,4,4,4,5
72988,1,1,1,2,1,1,1,1,2,2,3,3,1
86108,2,2,2,2,4,5,5,4,4,4,4,4,3
84792,4,4,4,4,2,4,5,5,5,5,5,4,3
29087,4,3,4,2,4,4,4,4,1,4,2,3,4
32235,2,2,2,2,1,2,2,5,5,5,3,3,2
124962,1,1,1,1,5,4,5,4,4,4,4,3,4
1869,3,5,5,5,3,3,3,3,4,4,3,4,3
113654,1,4,1,3,5,1,5,5,3,5,3,4,5
31647,4,1,1,1,4,4,4,4,4,3,5,3,4
114355,3,3,3,3,4,4,5,3,3,3,3,4,5
77162,3,4,4,4,3,3,3,3,3,4,4,2,3
66592,1,1,1,1,4,4,4,5,5,5,5,4,3
61463,5,5,5,5,4,5,4,5,5,5,5,3,4
35182,1,3,5,3,3,3,2,1,1,2,1,4,1
37089,5,5,5,5,5,4,1,5,5,5,5,5,4
93782,2,3,1,2,1,5,5,3,4,5,5,5,5
21312,4,5,4,2,3,4,3,3,5,3,4,4,3
41135,2,3,2,3,4,2,5,4,1,3,3,3,4
115976,2,0,2,4,3,2,3,3,1,5,4,4,3
23938,1,5,1,2,4,1,4,4,4,4,3,5,4
70412,3,5,3,3,4,3,4,4,1,2,5,1,4
9263,4,0,4,2,2,4,5,2,3,5,4,3,2
19241,1,2,2,2,1,1,1,1,4,2,4,2,1
26469,1,5,1,2,5,4,5,1,1,1,1,3,4
114849,1,5,1,4,1,1,5,1,4,3,4,5,1
32077,0,5,0,2,4,1,2,2,2,2,2,1,3
21693,3,1,1,1,3,3,3,3,3,1,1,3,3
127946,0,4,0,1,1,0,1,1,5,2,3,4,1
128551,1,1,1,4,5,1,5,5,4,5,3,1,5
21947,2,2,2,2,3,2,1,5,5,4,5,4,5
41629,3,2,2,2,3,3,3,3,4,4,3,3,3
74183,2,4,2,1,4,4,5,1,1,2,2,3,3
108682,4,4,4,4,5,5,4,5,5,5,5,5,3
49846,1,5,5,5,4,4,3,1,1,1,1,3,2
31031,1,4,2,3,1,2,1,1,4,5,4,3,1
115589,2,2,3,2,2,2,2,2,4,5,4,2,2
39772,4,3,3,3,4,4,4,4,3,3,2,4,4
124395,5,4,4,4,5,4,5,5,2,2,4,1,5
11859,1,1,1,4,1,1,1,1,5,3,5,5,1
96824,4,5,5,2,5,5,5,5,5,2,4,4,5
97999,1,1,1,1,5,4,4,4,4,4,4,5,4
117587,2,2,2,2,3,3,4,2,2,2,2,2,1
19120,2,0,2,1,1,2,1,1,5,2,1,5,1
113433,3,5,5,5,5,4,3,3,3,3,3,1,1
25068,2,1,2,3,5,2,5,5,3,5,3,3,5
20034,4,2,5,2,4,4,4,4,4,5,2,3,4
59213,1,2,1,3,3,1,3,3,4,4,4,2,3
108422,4,4,4,4,3,5,4,4,4,4,4,3,3
119303,4,4,4,4,3,4,3,3,3,1,3,2,3
27805,1,3,3,3,1,1,1,1,4,2,3,2,1
108612,5,1,5,3,5,5,5,5,1,2,3,4,5
121615,3,5,3,2,4,5,4,2,2,3,2,4,5
111163,5,5,2,5,4,5,5,5,5,5,5,3,4
22723,3,4,5,5,2,3,2,2,2,2,3,2,3
62190,3,3,3,3,3,3,3,3,4,1,3,2,3
63385,4,1,4,3,1,4,4,1,4,4,2,2,1
105425,3,3,3,3,4,3,3,4,4,4,4,5,4
94186,3,3,3,3,2,5,4,4,4,4,4,3,4
123723,1,4,2,3,5,2,5,5,4,2,5,3,5
37389,5,5,5,5,4,4,4,4,4,3,1,2,4
5768,2,3,3,3,2,2,2,2,2,3,2,2,2
102983,1,1,3,1,5,5,5,5,5,4,5,3,4
120169,3,4,3,2,2,3,2,2,4,4,4,5,2
56828,3,4,3,2,3,3,3,3,4,3,5,3,3
65247,3,3,3,2,5,3,5,5,3,2,3,1,5
11021,5,0,5,1,3,5,2,3,1,2,5,5,3
46893,2,2,2,2,5,5,5,5,5,1,3,3,5
31237,4,4,4,4,2,2,2,5,5,5,5,1,5
118190,3,2,2,2,5,2,1,3,3,3,3,3,1
68432,5,5,5,5,2,5,5,4,4,4,4,3,4
104445,3,1,3,3,3,3,4,3,1,2,3,1,3
101545,4,4,4,1,4,4,4,2,2,4,2,3,3
3960,3,5,3,4,3,3,3,3,5,3,5,4,3
51955,5,5,5,4,2,5,1,2,1,1,4,5,2
12097,1,1,1,1,3,1,3,5,5,5,5,3,5
61007,3,3,3,3,4,4,4,4,5,3,4,4,4
83488,4,0,4,1,4,4,4,4,3,3,5,3,4
36442,5,5,5,1,3,5,5,3,5,1,1,3,3
25189,2,4,3,3,1,3,1,1,1,4,4,4,1
113814,3,3,3,3,3,3,3,3,4,5,4,1,3
56448,2,3,2,3,3,2,2,3,4,3,3,3,3
117596,2,2,2,3,3,2,3,3,1,2,3,3,3
22901,1,5,0,4,5,0,1,5,5,5,3,4,5
16900,2,5,3,2,3,3,3,3,4,5,5,4,3
106525,3,3,3,4,3,3,3,3,3,5,4,4,3
78861,3,5,3,1,2,3,2,2,3,4,5,3,2
74763,2,4,2,4,2,2,2,2,2,2,4,4,2
75363,2,4,2,3,2,3,2,4,4,5,4,2,2
92299,3,3,3,3,3,5,5,3,3,2,3,3,5
5151,2,5,1,1,4,4,4,1,1,1,2,4,2
52971,3,1,3,1,2,3,2,2,2,4,2,4,2
91472,4,5,3,4,1,3,1,1,5,3,2,3,1
61939,4,4,4,4,4,4,4,4,3,4,5,4,4
30861,2,2,2,4,3,2,3,3,1,5,4,4,3
125003,4,5,5,5,3,4,3,3,2,3,2,2,3
50285,4,4,4,4,5,2,1,5,5,5,3,2,5
78579,3,4,3,1,1,3,1,1,4,3,5,4,1
100882,1,1,1,1,4,4,4,3,3,4,3,1,1
23145,0,0,0,1,4,1,5,5,5,5,2,1,5
37828,4,4,4,4,2,4,5,5,5,5,5,5,1
82679,3,3,3,3,4,5,4,4,4,4,4,3,5
34073,3,1,3,3,2,3,2,2,1,3,3,4,2
84984,4,4,4,4,5,4,4,4,4,4,4,5,3
58991,4,4,4,4,2,4,4,4,4,4,4,5,4
108617,2,4,2,4,4,5,4,1,1,2,1,3,5
35161,4,1,1,1,4,4,4,4,1,1,4,3,4
94010,3,3,1,3,4,5,5,5,5,4,5,3,3
63410,3,1,3,4,2,3,2,2,2,3,3,2,2
639,4,4,4,4,4,4,5,5,5,5,5,3,5
106108,5,5,5,4,2,5,2,2,5,5,5,5,2
14260,2,4,0,3,2,5,4,4,4,0,4,3,4
25190,3,2,3,4,5,3,5,5,3,4,3,3,5
125987,2,4,2,2,3,2,3,3,2,3,5,3,3
21583,3,5,0,3,3,0,3,3,3,5,4,3,3
1553,2,5,2,2,5,4,4,5,5,2,5,4,5
94431,2,3,3,3,2,3,3,2,2,3,2,3,4
13531,3,2,3,3,4,3,4,4,1,3,3,3,4
70373,3,4,2,3,1,2,1,1,3,2,3,5,1
52373,2,0,2,2,2,2,4,2,4,3,5,5,2
117109,1,1,1,3,1,1,1,1,2,4,4,3,1
38485,2,2,2,2,4,4,4,2,2,2,2,4,4
11555,5,5,5,1,1,5,5,1,5,4,4,5,1
77084,3,4,3,5,5,3,5,5,5,3,4,4,5
65070,5,5,5,4,5,5,5,5,3,2,5,4,5
9516,2,2,2,5,4,2,5,4,5,4,5,3,4
4452,2,2,2,3,4,2,1,4,4,4,4,2,4
123325,2,2,2,1,2,2,2,2,4,4,3,4,2
64442,2,2,2,1,2,2,2,2,3,4,1,4,2
31445,5,3,3,3,5,5,5,5,5,5,4,3,5
94941,4,4,4,4,3,3,3,4,4,4,4,3,2
99255,3,3,2,3,3,2,1,3,4,4,4,2,3
25074,3,5,5,5,3,3,4,3,3,3,3,4,4
22888,3,1,3,3,4,3,4,4,2,5,4,3,4
123945,5,1,5,5,4,5,5,5,5,5,5,4,3
97184,3,2,2,4,5,2,5,5,4,3,2,4,5
51417,1,3,1,2,2,1,2,2,1,4,2,2,2
84985,1,5,3,5,1,1,1,1,3,1,2,1,1
4629,3,3,3,3,5,3,4,5,2,4,4,2,5
53637,2,2,2,3,5,2,5,5,4,2,4,1,5
5877,1,1,1,1,4,5,4,5,5,5,5,4,3
100806,5,5,5,5,2,4,5,4,4,4,4,4,4
7498,1,5,1,3,2,5,4,4,4,1,4,3,3
24490,2,4,2,4,1,2,1,1,3,5,3,2,1
114424,4,4,4,4,4,4,4,4,4,4,4,3,5
66728,3,3,4,3,3,4,3,3,3,2,3,4,3
17797,3,2,2,2,1,1,2,3,3,3,3,2,3
99984,3,4,3,3,4,4,4,3,3,3,3,5,5
54726,3,4,3,1,3,5,4,2,2,3,2,4,3
60732,3,4,3,5,4,3,4,4,4,5,3,3,4
71528,2,2,2,2,2,2,2,2,4,5,4,5,2
23940,4,1,1,1,4,4,4,4,3,5,5,5,4
51771,2,4,2,3,4,2,4,4,4,3,1,1,4
20075,1,4,1,3,3,1,3,3,5,2,5,3,3
53455,3,3,3,1,3,1,4,2,3,3,2,4,4
74170,1,5,1,4,5,5,5,2,2,1,2,3,3
98568,1,1,1,3,4,1,4,4,4,2,3,4,4
8526,3,5,3,2,4,3,4,4,3,3,5,4,4
4528,1,1,1,1,3,5,5,4,4,4,4,4,5
119298,2,5,5,5,5,3,4,2,2,2,2,4,3
1232,1,4,0,4,3,3,4,5,5,0,1,3,1
120655,4,0,4,3,5,4,5,5,4,2,5,3,5
58950,3,5,3,3,5,3,4,5,5,2,5,3,5
54279,3,4,2,3,2,2,1,2,4,1,3,4,2
88405,2,3,3,3,2,2,2,2,2,2,4,1,2
60236,2,0,2,3,1,2,1,1,2,5,4,1,1
43453,5,5,5,5,4,4,4,4,5,2,2,2,4
120090,4,3,3,3,4,3,2,4,4,4,2,2,4
101284,2,1,1,1,2,2,2,4,5,4,4,2,2
73897,5,5,2,5,3,4,4,4,4,4,4,3,4
6047,3,2,3,3,1,3,3,1,1,5,2,1,1
126095,3,3,3,2,2,3,2,2,5,5,5,5,2
91186,2,5,2,3,3,2,3,3,4,2,4,4,3
45889,4,5,4,1,1,4,1,1,3,2,4,1,1
47288,2,2,2,2,3,2,2,5,5,5,5,2,4
42135,2,2,1,1,2,2,1,2,1,5,3,1,2
40593,3,3,3,3,2,3,2,2,2,4,4,4,2
10268,2,3,2,3,5,2,5,5,1,1,1,3,5
109892,5,5,5,5,4,4,4,4,4,2,3,1,4
84923,2,3,2,4,5,2,3,3,3,2,3,1,3
75536,1,4,1,3,5,4,4,2,2,1,2,4,5
92958,4,5,5,4,2,5,2,2,2,3,4,1,2
85427,3,1,3,1,3,3,3,3,5,2,2,3,3
87377,3,3,3,3,2,3,3,3,3,3,3,3,3
53031,4,5,5,5,4,4,4,4,4,4,2,4,4
18038,2,5,5,5,4,3,4,2,2,2,2,2,4
62318,2,2,2,4,2,2,2,2,3,1,3,4,2
38439,0,0,0,3,5,0,5,5,5,4,3,2,5
105365,1,1,1,1,3,1,3,3,5,5,4,3,3
5466,4,1,4,3,3,4,3,3,1,3,2,4,3
98276,2,4,4,4,3,4,3,2,2,2,2,3,3
59817,3,5,3,5,4,5,4,4,4,3,5,5,5
61779,3,5,3,1,2,3,2,2,4,2,3,5,2
25188,2,1,2,3,4,2,2,4,3,4,2,1,4
10089,4,0,4,1,2,4,2,2,4,3,5,5,2
126639,2,2,2,2,4,4,4,4,5,4,4,3,4
23274,2,4,2,4,4,5,5,4,4,2,1,4,3
77458,5,5,5,5,3,5,5,5,5,5,5,4,3
120111,2,2,2,2,5,5,5,5,3,3,5,5,5
43472,1,3,3,3,4,4,4,1,1,1,1,4,4
57119,3,3,3,3,5,5,5,5,3,5,5,4,5
18418,3,3,3,5,5,3,5,5,2,1,4,2,5
5142,5,5,5,5,5,4,4,4,4,4,4,3,3
115364,2,3,2,2,1,3,2,2,2,2,2,3,4
116740,1,3,1,4,3,4,4,2,2,1,2,2,2
120939,5,5,4,5,2,4,5,4,4,4,4,5,3
58290,1,1,1,4,3,1,4,3,4,5,3,4,3
45048,1,2,1,3,4,1,5,4,4,1,3,3,4
89625,2,3,3,3,2,2,2,2,3,4,3,1,2
61283,2,5,2,4,2,5,5,1,1,2,1,3,4
103222,4,4,1,4,5,4,4,4,4,4,4,4,5
37128,3,5,5,5,1,3,3,3,3,3,3,1,2
75396,2,2,2,3,1,2,1,1,4,3,3,3,1
15364,1,1,3,1,2,2,4,5,5,5,5,3,5
19900,4,4,4,4,2,2,1,5,5,5,5,2,5
92939,2,3,2,3,5,2,5,5,1,2,4,3,5
98803,4,4,4,4,4,4,4,4,3,5,5,3,4
18841,4,4,4,4,4,4,4,4,3,2,4,2,4
48761,3,3,3,3,4,4,5,3,3,3,3,4,3
119508,3,5,5,5,2,3,2,2,3,2,3,4,2
98734,1,1,1,1,3,4,5,5,5,5,5,3,4
19107,3,0,3,3,4,3,4,4,2,2,2,4,4
67869,2,5,2,3,2,2,2,2,5,4,5,5,2
12439,3,2,3,3,3,3,3,3,4,4,3,4,3
71423,3,3,3,3,2,4,5,4,4,4,4,3,4
66457,4,3,4,2,3,4,3,3,3,3,5,1,3
92059,3,3,3,3,3,5,4,2,2,3,2,3,4
86889,4,4,4,5,2,4,2,2,5,2,4,4,2
22282,3,5,5,5,4,3,4,4,4,4,4,2,4
39964,3,3,2,3,3,4,4,1,1,2,1,2,4
5060,3,5,3,1,2,3,2,2,3,2,4,4,2
129475,3,3,5,3,3,3,2,3,3,3,3,2,2
79633,4,4,5,5,4,4,1,4,3,4,1,3,4
109876,4,1,1,1,4,4,4,4,3,3,3,4,4
116348,5,4,5,2,3,5,3,3,4,2,5,3,3
5291,2,5,2,3,2,4,4,1,1,2,1,3,4
972,2,2,2,2,3,5,5,5,5,5,4,3,4
113888,1,1,1,1,5,5,5,4,4,4,4,5,4
12054,2,4,2,2,2,2,2,2,4,5,4,3,2
123303,5,5,5,5,2,5,5,5,5,5,5,3,5
88543,5,3,5,1,5,5,5,5,1,2,5,3,5
30624,4,3,3,3,1,3,4,4,4,3,4,2,2
40534,2,3,3,3,3,3,5,2,2,2,2,3,4
96969,2,5,2,2,5,4,5,5,5,5,5,3,4
118461,2,2,2,2,3,4,5,3,3,4,3,5,4
56124,3,3,2,3,4,4,5,5,5,5,5,4,3
30731,4,5,5,5,4,4,4,4,5,2,3,3,4
41505,1,1,1,1,5,3,2,4,4,5,4,2,4
122099,2,0,2,2,3,4,4,4,4,2,4,5,4
27319,1,1,1,2,1,1,1,1,5,1,2,5,1
60231,3,3,3,3,5,3,5,5,4,3,4,2,5
60259,2,4,2,3,2,2,2,2,2,2,4,2,2
9935,1,1,1,1,4,5,4,5,5,4,5,5,3
124971,2,1,1,2,4,1,4,4,5,4,5,3,4
69069,5,3,5,5,3,3,3,3,3,3,4,3,3
96809,3,4,4,3,1,4,1,1,4,3,4,2,1
127637,1,1,1,2,4,2,3,1,1,1,1,3,3
86167,4,1,4,4,4,4,4,4,3,2,5,4,4
72779,2,4,4,4,2,2,2,2,3,1,3,1,2
7624,3,3,3,3,5,4,4,5,5,4,5,5,4
124142,1,1,4,1,4,4,4,4,3,2,4,5,4
81492,2,5,2,3,3,2,3,3,3,2,5,3,3
26991,1,3,3,3,1,1,1,1,1,3,4,1,1
120392,3,3,3,3,3,5,5,4,4,4,4,5,3
73717,4,5,5,5,1,4,3,3,3,3,4,1,3
105441,3,3,3,3,5,5,5,5,5,3,4,4,5
11437,4,4,4,5,3,4,3,3,5,4,4,3,3
76301,2,2,2,2,3,4,3,3,5,5,4,3,3
91198,2,4,2,4,5,2,1,5,4,4,5,5,5
129145,3,5,5,5,1,4,3,3,3,3,3,3,3
101678,5,5,5,5,3,4,5,2,2,2,2,3,5
99063,3,3,3,3,3,5,4,4,4,4,4,3,3
3524,4,3,3,3,2,3,3,4,4,4,4,4,4
46354,3,4,4,4,3,3,3,3,3,3,3,3,1
69828,3,3,3,3,2,5,5,4,4,5,4,4,4
40919,3,4,3,4,3,3,3,3,4,5,5,4,3
109670,5,1,1,1,5,5,5,5,2,2,5,1,5
94825,1,4,1,2,4,1,4,4,5,2,4,5,4
30438,2,3,2,3,3,2,3,3,2,2,2,1,3
87841,2,4,2,1,1,2,5,1,5,2,4,4,1
16695,4,4,4,4,1,4,1,1,5,3,5,4,1
110592,5,4,5,2,5,5,5,5,4,4,5,4,5
51279,5,4,4,4,1,5,5,4,4,5,4,3,2
120786,2,2,2,2,5,2,5,5,1,5,2,1,5
100471,1,1,1,1,4,4,4,5,5,5,5,3,4
38202,0,3,0,2,2,0,2,2,2,1,4,2,2
75072,2,2,2,2,2,2,2,2,3,2,2,1,2
81935,4,4,4,2,3,4,3,3,3,4,4,5,3
34495,0,3,0,4,2,0,2,2,3,3,3,2,2
33252,3,3,3,3,2,3,2,2,2,1,4,2,2
8129,5,5,5,5,5,4,5,4,4,4,4,5,5
62168,3,3,3,3,4,3,4,4,2,5,3,4,4
112425,1,3,3,3,1,1,1,1,2,2,4,4,1
18196,4,4,4,4,4,3,5,4,4,4,4,5,2
64495,3,3,3,3,4,4,4,3,4,5,4,4,4
28652,2,3,2,3,5,2,5,5,2,1,4,4,5
39617,3,5,3,4,1,3,1,1,5,4,4,5,1
58668,4,4,4,3,3,4,3,5,5,4,5,4,2
42455,3,4,3,3,3,3,3,3,3,5,4,1,3
76014,5,5,5,4,3,5,3,3,5,2,5,5,3
104732,4,4,4,4,3,5,5,5,5,5,5,4,3
114276,4,4,4,4,3,4,3,3,4,4,4,2,3
104431,3,2,3,4,2,3,1,2,2,1,4,2,2
70309,3,5,3,3,2,4,5,5,5,3,5,5,5
78419,2,2,2,2,2,2,2,2,4,3,3,3,2
9452,2,4,2,3,3,2,3,3,3,3,3,3,3
4687,0,5,0,4,5,0,5,5,5,3,5,5,5
61610,5,5,5,5,4,4,5,5,5,5,5,3,4
108676,4,4,4,4,5,5,5,3,2,4,4,5,5
24054,2,4,2,4,1,2,1,1,4,2,5,4,1
88859,3,3,3,3,4,5,5,5,5,5,5,4,5
45230,1,5,5,5,1,3,3,1,1,1,1,3,3
68699,2,4,2,1,5,4,4,2,2,2,2,3,3
41088,0,5,1,3,5,5,5,5,2,2,2,4,5
2522,3,3,3,3,4,4,5,5,5,5,5,5,4
99736,3,0,3,2,5,3,4,5,4,5,5,4,5
58144,1,3,1,4,5,5,2,2,2,1,2,5,3
98596,4,4,4,4,4,4,4,4,4,3,4,5,4
116843,4,3,5,3,5,2,3,3,3,5,3,4,2
102817,2,2,2,2,2,4,4,5,5,4,5,5,3
78387,4,1,1,1,4,4,4,4,2,4,4,2,4
116796,3,4,3,1,5,3,5,5,4,5,5,4,5
43018,2,1,1,1,2,2,2,2,2,2,2,3,1
122883,3,5,3,4,4,4,5,1,1,3,1,4,3
6004,3,3,2,3,3,5,5,5,5,5,5,3,5
108088,3,3,3,3,4,4,4,4,5,4,5,4,4
27862,0,0,0,3,5,0,5,5,3,1,2,3,5
53357,3,1,1,1,3,3,3,3,4,4,4,3,3
23795,2,5,5,5,2,1,2,2,2,2,2,4,3
117628,3,5,1,3,5,4,3,3,3,1,3,1,3
97160,2,5,2,4,5,2,5,5,1,5,3,5,5
22278,4,2,2,2,4,4,4,4,2,5,5,4,4
104656,3,2,3,3,3,5,5,4,4,4,4,5,3
23994,2,2,2,2,3,1,2,5,5,5,5,2,1
833,5,5,3,5,3,4,5,3,3,4,3,3,5
93525,1,4,5,4,1,1,1,1,1,2,3,4,1
70903,4,5,5,5,4,4,4,4,1,2,3,4,4
56872,4,4,4,4,4,3,3,3,5,3,5,3,3
88351,5,5,5,5,2,4,4,4,4,4,4,4,5
30201,1,1,1,1,4,1,4,4,3,5,2,4,4
8723,2,5,2,2,1,2,1,1,3,2,4,3,1
54329,2,4,2,1,1,2,1,1,4,4,4,3,1
119287,1,1,1,1,2,4,5,4,4,5,5,3,3
23049,1,1,1,1,3,5,4,4,4,5,4,3,4
48674,2,2,5,2,5,4,5,5,5,5,4,5,3
64998,2,2,2,4,4,2,5,4,2,1,4,2,4
14332,3,5,3,1,4,3,5,4,3,4,5,3,4
84718,4,4,4,4,2,4,5,5,5,5,5,3,3
81059,2,2,2,3,1,2,1,1,1,4,3,4,1
128400,1,1,1,1,1,1,1,1,4,5,4,2,1
17705,2,3,4,3,2,4,4,2,2,2,2,3,2
72162,4,4,2,4,4,4,5,4,4,4,4,5,5
100488,4,4,4,2,3,4,3,3,5,5,5,5,3
112014,5,5,5,5,4,4,4,4,4,3,5,5,4
126423,5,5,5,5,3,4,4,5,5,5,5,4,5
125583,3,4,0,2,3,0,3,3,3,2,4,5,3
46982,3,4,3,4,5,3,5,5,4,5,4,5,5
1497,3,3,3,3,2,2,4,5,5,5,5,1,5
116794,3,3,3,3,2,4,3,5,5,3,5,4,2
113934,3,3,3,5,2,3,2,2,3,5,5,3,2
21542,3,4,3,4,4,5,4,5,5,3,5,5,5
16064,2,2,2,2,5,5,5,5,1,5,3,1,5
25733,3,5,5,1,1,5,1,1,4,5,4,5,1
47290,2,1,1,1,2,3,2,2,1,1,3,4,2
103701,0,2,0,4,4,0,4,4,4,1,3,4,4
35379,3,0,3,4,2,3,2,2,4,1,3,1,2
11622,4,2,4,3,5,4,4,3,3,4,5,1,4
7764,1,0,0,3,2,0,3,2,4,4,5,5,2
27301,1,0,0,1,3,0,3,3,2,1,4,5,3
2366,3,5,3,4,2,5,5,5,5,3,5,4,4
66090,4,2,4,4,5,4,5,3,3,3,3,5,4
108735,1,1,2,1,5,4,4,5,5,5,5,5,5
117316,3,5,3,4,4,3,4,4,2,4,4,2,4
66131,2,4,2,4,5,2,4,5,1,1,4,4,5
119867,4,5,4,1,3,4,3,3,4,1,3,3,3
90559,1,0,1,3,1,1,1,1,3,5,5,4,1
106537,1,3,1,4,5,1,5,5,2,2,4,1,5
59717,1,1,1,3,3,1,3,3,2,2,4,2,3
121969,2,1,1,1,1,3,3,2,2,1,2,2,2
47917,3,5,3,1,3,3,3,3,4,2,4,3,3
23198,4,3,4,3,3,4,3,3,3,5,4,2,3
58497,2,4,4,4,5,3,3,2,2,2,2,2,4
111321,2,1,1,1,5,4,3,2,2,2,2,1,2
8871,3,3,3,3,4,4,4,5,5,4,5,5,5
65310,4,2,2,2,5,4,3,4,4,4,4,4,3
40636,1,0,0,3,4,1,4,4,3,2,3,2,4
31593,1,4,5,4,1,3,3,1,1,2,1,4,1
80772,0,0,0,4,1,0,1,1,5,4,4,4,1
84678,2,4,4,4,2,2,4,2,3,5,4,4,2
59462,2,2,2,2,3,2,3,3,4,5,4,3,3
9702,2,3,2,3,4,2,4,4,2,3,2,1,4
5853,3,3,2,3,2,5,4,5,5,5,5,5,5
110961,1,1,1,4,5,1,5,5,5,4,4,5,5
60408,3,1,3,2,2,3,5,2,4,3,2,2,2
95758,2,3,2,3,3,2,3,3,2,2,3,2,3
58697,1,1,1,4,1,3,3,3,3,5,5,3,3
85541,1,1,1,1,5,5,5,4,4,4,4,4,5
89294,4,5,5,5,4,4,4,4,4,1,2,2,4
16416,2,2,2,2,4,4,4,4,5,5,1,1,4
112129,5,5,5,5,5,5,4,2,2,2,2,4,5
82997,3,3,3,3,5,4,4,5,5,5,5,4,5
40367,1,3,3,3,4,3,4,1,1,1,1,3,1
29962,5,3,3,3,5,5,5,5,5,1,3,3,5
104223,1,2,2,2,1,1,1,1,3,3,3,2,1
115139,1,2,2,2,2,4,4,1,1,1,1,4,2
118186,2,3,3,3,1,4,4,2,2,2,2,2,2
118345,2,5,2,3,2,2,3,2,3,5,5,4,2
11073,1,5,1,3,3,4,4,2,2,1,5,5,3
52014,3,3,3,3,4,2,1,4,4,4,4,5,4
23125,5,5,4,4,5,5,5,5,3,5,1,1,5
3788,4,2,4,3,2,4,2,2,3,3,4,4,2
12517,4,1,1,1,4,4,5,4,1,3,1,3,4
52728,4,4,4,1,5,4,5,5,4,3,4,5,5
96694,2,2,2,2,3,5,5,4,4,4,4,4,5
29264,4,5,5,5,5,4,4,4,4,4,4,1,1
93898,1,4,1,2,2,4,5,2,2,1,2,3,4
16960,1,1,1,1,3,3,3,1,1,1,1,3,4
33052,2,4,2,4,1,3,3,2,2,2,2,2,1
100226,4,3,3,1,4,3,4,4,4,3,5,5,4
102717,4,3,4,1,2,4,2,2,2,5,3,5,2
64558,3,3,3,3,4,5,5,4,4,4,4,3,5
72680,4,3,4,4,4,2,2,1,1,4,3,2,2
31877,3,3,3,3,3,2,2,2,4,4,4,2,2
32738,2,3,3,3,4,4,2,4,4,5,3,3,4
10520,4,4,5,4,2,5,5,5,5,5,5,4,3
52527,5,5,5,5,5,5,5,5,5,3,5,3,5
52116,3,5,3,3,5,4,4,1,1,3,1,4,4
46795,4,1,1,1,2,2,2,4,4,4,4,2,3
57283,1,5,1,3,5,5,4,5,5,1,5,3,4
118396,1,1,1,1,2,4,4,4,4,4,4,4,5
73935,2,2,2,2,5,4,4,2,2,2,2,2,1
2043,3,3,3,3,4,4,4,4,5,5,5,3,4
81147,1,1,1,1,5,5,5,4,4,4,4,4,3
83220,1,3,1,1,2,5,4,3,3,1,2,1,1
82982,5,5,5,5,4,5,4,5,5,5,5,5,4
45490,4,3,5,1,3,1,2,2,2,5,2,4,4
60648,3,2,2,2,3,3,3,3,4,5,4,2,3
84271,3,4,4,4,3,3,3,3,4,1,4,1,3
117759,1,2,2,2,1,2,2,1,2,4,2,4,1
19428,5,5,5,5,5,5,3,5,1,5,1,1,5
22138,5,1,5,3,1,5,1,1,2,4,4,1,1
21230,1,4,1,3,5,1,5,5,4,5,5,5,5
17188,4,4,4,5,1,4,1,1,4,3,5,4,1
21952,1,1,5,1,5,1,3,4,4,4,4,2,5
40005,4,4,4,4,4,1,5,4,4,4,4,3,5
84898,2,4,3,1,2,5,5,1,1,3,1,3,5
38681,4,1,4,4,5,4,4,4,4,4,4,1,1
59252,4,4,4,4,4,4,4,5,4,5,5,4,4
109633,1,1,1,1,3,4,5,5,5,5,5,3,4
80742,4,4,5,1,5,5,2,5,3,2,4,5,5
42898,3,0,3,3,5,3,3,5,3,2,2,1,5
37098,2,2,2,2,1,3,5,4,4,4,4,2,2
9205,3,5,4,5,1,4,3,4,4,4,3,4,1
90657,0,0,0,1,3,4,4,4,4,4,4,3,5
64907,1,5,5,5,3,4,3,1,1,1,1,1,3
36805,3,5,3,3,3,2,4,5,5,3,5,4,4
61715,3,3,3,3,5,4,5,5,5,5,5,5,5
12747,2,3,2,1,2,2,5,2,5,2,5,2,2
31924,2,2,2,2,5,4,4,4,4,4,5,4,5
23955,4,0,3,2,4,3,4,4,3,2,3,4,4
55479,5,5,5,5,4,4,4,4,3,3,5,4,4
33788,4,1,1,1,5,3,3,4,4,4,4,1,3
14065,4,4,4,4,4,4,4,4,2,1,4,3,4
91224,1,5,1,3,4,1,4,4,3,5,5,3,4
128236,3,4,3,3,2,3,2,2,4,5,4,3,2
94768,4,4,4,4,5,3,4,3,3,3,4,2,2
16897,4,4,4,3,1,4,1,1,4,2,5,5,1
60954,1,3,3,3,1,2,1,1,3,4,3,4,1
120604,4,4,4,4,3,4,5,3,3,3,3,3,4
70340,2,2,2,3,4,2,4,4,3,2,4,4,4
102323,1,1,1,1,5,5,4,4,4,4,4,4,4
59129,1,2,1,3,3,1,3,3,4,5,4,2,3
10893,1,1,1,1,4,5,4,5,5,5,5,3,5
17193,4,1,1,1,1,4,2,4,4,4,4,4,5
15478,1,5,1,3,4,1,1,4,5,5,5,3,4
70593,2,2,2,2,3,3,3,5,3,4,5,3,3
78576,5,5,5,5,4,5,4,5,5,5,5,5,5
51392,4,5,4,5,1,4,1,1,3,3,2,3,1
117320,2,2,2,3,5,3,4,1,1,2,1,3,2
128223,2,1,2,4,4,2,2,4,2,3,4,1,4
36426,1,3,3,3,1,1,1,1,1,3,4,2,1
112379,2,2,2,2,3,5,4,2,2,2,2,3,3
1589,3,3,3,3,5,3,5,5,1,1,1,3,5
80737,2,1,1,1,4,3,4,2,2,2,2,1,1
69513,4,4,3,4,4,3,3,4,5,5,4,3,3
108836,1,4,0,4,4,0,3,4,1,5,4,2,4
88936,1,1,1,1,5,5,5,4,4,4,4,5,5
124035,1,5,1,1,2,1,2,2,3,1,2,2,2
59766,3,3,3,3,4,4,4,4,4,4,4,5,4
45034,2,3,3,3,2,2,1,2,2,2,4,1,2
92126,2,2,2,4,4,2,1,4,2,5,4,4,4
125356,3,1,3,1,2,3,1,2,1,2,1,3,2
104204,5,0,5,3,3,5,3,3,4,4,4,3,3
2033,2,2,3,2,2,5,5,5,5,5,5,4,3
32538,3,1,5,1,3,3,3,3,1,5,4,5,3
13668,2,2,2,2,4,5,4,3,3,2,3,4,2
28667,4,2,4,3,4,4,4,4,2,2,1,4,4
95778,2,4,2,2,2,2,2,2,5,2,5,3,2
12011,5,5,5,5,4,4,5,5,5,5,5,3,5
109418,3,3,3,3,3,5,5,5,5,5,5,5,5
41473,2,3,3,4,2,2,4,2,4,4,4,1,2
63648,3,3,3,3,4,5,4,2,2,2,2,5,5
106923,2,5,2,2,5,2,2,5,5,2,5,5,5
119544,1,5,1,3,3,5,5,1,1,1,1,3,4
75375,2,3,2,4,2,3,4,5,5,2,5,3,1
101530,3,1,3,3,2,4,4,2,2,3,2,1,1
14033,3,2,3,3,3,3,3,4,4,4,4,3,5
97529,4,5,4,2,4,4,4,4,5,5,5,5,4
79422,4,5,4,4,2,4,2,2,4,5,4,5,2
82555,2,2,4,2,2,4,4,2,2,2,2,3,4
53860,2,4,4,4,2,2,2,2,1,5,1,4,2
35281,3,1,1,1,3,3,3,3,4,4,4,2,3
96750,4,4,4,4,4,4,5,4,4,4,4,3,3
115505,2,2,2,2,3,2,5,3,4,2,5,4,3
116515,1,5,1,3,4,4,5,3,3,1,3,4,3
126359,5,4,5,3,3,4,4,4,4,5,4,4,4
91803,2,2,2,4,1,2,1,1,3,3,3,1,1
32318,0,4,0,2,4,4,4,4,2,4,1,5,4
20055,3,2,3,4,4,3,3,4,2,2,4,1,4
33524,4,5,5,2,2,5,5,2,1,4,1,3,2
55442,3,4,3,3,5,3,2,5,4,3,5,3,5
59793,4,4,4,4,4,4,4,4,4,5,3,1,4
61143,3,3,3,3,5,5,5,5,4,4,4,3,5
20411,4,5,5,5,4,3,4,4,3,2,2,2,4
111412,5,0,5,3,4,5,4,4,4,2,4,3,4
25302,5,4,4,4,5,5,5,5,1,1,2,1,5
110850,1,1,1,1,5,5,5,4,4,4,4,5,3
91478,3,4,3,4,4,3,4,4,3,2,5,3,4
86242,2,3,0,4,4,0,4,4,1,1,4,3,4
106740,1,3,3,3,1,1,1,1,1,2,4,3,1
127263,3,3,3,3,5,3,3,3,3,3,3,3,1
3537,3,4,4,3,4,4,4,4,3,1,3,2,4
44564,3,3,3,3,4,1,5,5,5,5,4,1,5
31137,4,4,4,5,4,4,4,4,3,2,4,4,4
128038,5,5,5,1,3,5,3,3,5,4,5,4,3
2995,3,3,3,3,2,5,5,5,5,5,5,5,5
33020,3,4,0,1,2,0,2,2,5,5,4,3,2
115853,1,3,1,3,5,1,5,5,3,3,4,1,5
83319,5,1,5,3,1,5,1,1,2,1,3,4,1
117218,2,4,2,1,1,2,5,4,4,2,4,5,4
26686,1,2,1,2,5,1,5,5,2,4,3,4,5
87111,4,3,4,1,4,4,4,4,4,5,2,4,4
23598,4,4,4,4,4,5,3,2,2,2,2,3,2
13439,2,4,4,4,4,4,4,2,2,2,2,2,4
24371,5,3,1,3,5,5,5,5,1,5,5,5,5
111669,2,2,2,3,1,2,1,1,3,4,4,1,1
50210,3,4,4,4,2,4,3,2,2,2,3,3,3
64867,1,1,1,1,4,5,4,4,4,4,4,3,3
106746,2,2,2,2,3,2,2,2,2,2,2,2,4
42035,3,4,2,3,5,2,5,5,1,5,4,3,5
110228,3,3,3,3,3,3,3,3,4,4,4,3,3
8285,4,5,4,2,5,4,5,5,3,5,5,3,5
84144,3,3,3,3,5,5,5,4,4,4,4,4,5
113969,4,4,4,3,1,4,1,1,4,2,3,4,1
30296,5,5,5,5,4,2,4,4,4,4,4,2,2
26066,3,3,3,3,4,5,4,4,4,3,4,5,4
24433,2,4,2,3,4,2,4,4,4,5,4,5,4
24694,5,5,5,4,5,5,5,5,4,5,5,4,5
71453,3,3,2,3,3,3,3,3,2,5,4,3,3
26539,4,2,4,3,5,4,5,5,4,2,4,4,5
35355,4,2,2,2,4,4,4,4,5,2,3,4,4
24494,2,5,2,3,5,1,3,4,4,2,4,5,1
57141,5,5,5,5,5,5,5,5,4,2,5,4,5
55615,4,3,1,3,5,1,5,5,1,4,3,3,5
80609,3,3,3,3,3,4,4,5,5,5,5,5,4
74200,5,5,5,2,2,5,2,2,5,5,4,3,2
22536,3,5,3,2,2,3,2,2,4,2,5,3,2
122267,3,4,3,4,4,3,4,4,3,3,5,4,4
13836,4,4,3,4,3,5,3,3,1,2,3,2,3
18480,4,5,5,5,4,4,4,4,2,2,1,1,4
37253,2,2,2,5,4,2,4,4,2,2,5,3,4
102634,3,3,3,3,4,4,5,5,5,5,5,5,4
84236,4,4,4,3,2,4,2,2,5,3,4,5,2
111108,3,5,3,5,5,3,5,5,3,3,5,5,5
101099,1,1,1,4,2,1,2,2,5,2,5,3,2
95433,1,0,0,4,3,0,3,3,2,1,4,2,3
45253,4,4,4,4,5,4,5,5,5,2,4,5,5
3159,2,0,0,1,3,0,3,3,3,3,5,4,3
62860,2,2,5,2,5,5,5,5,4,2,3,4,5
95082,3,5,3,4,1,3,1,1,1,4,2,1,1
97484,2,3,5,3,3,2,3,3,4,3,3,1,3
108142,3,5,5,5,1,2,1,3,3,3,3,1,1
77356,3,4,2,5,2,2,2,2,3,5,4,4,2
24629,4,1,4,3,3,4,4,1,1,4,1,4,2
77795,2,3,2,4,3,2,3,5,5,2,3,4,2
36905,0,0,0,2,2,0,2,2,4,4,4,2,2
109901,5,5,5,5,5,1,2,4,4,4,4,5,3
7555,5,5,5,5,3,4,4,4,4,4,4,3,3
97508,1,4,4,4,1,1,1,1,2,1,3,4,1
85941,4,4,4,4,3,5,5,2,2,2,2,4,4
94577,2,4,2,1,2,2,2,2,4,3,4,5,2
63837,5,5,5,5,4,4,4,4,4,5,4,4,4
4472,2,3,3,1,3,3,3,3,1,3,1,2,3
87352,4,4,4,4,3,5,4,2,2,2,2,4,4
68155,3,3,3,3,3,4,4,5,5,4,5,3,5
48248,1,5,1,3,4,4,4,4,4,1,4,3,5
44643,0,5,0,1,5,4,1,3,3,3,3,1,3
107432,1,4,5,1,4,5,4,4,3,2,5,5,4
96719,1,2,2,3,3,2,3,3,1,3,3,2,3
12133,5,5,5,5,4,5,4,4,4,4,4,3,3
120880,3,4,4,3,5,4,5,5,4,2,4,3,5
84704,1,1,1,1,4,4,4,5,5,5,5,5,4
97741,1,1,1,1,2,5,4,4,4,4,4,5,3
39100,1,4,4,4,1,1,1,1,3,3,3,1,1
1030,3,0,3,4,2,3,2,2,3,3,3,2,2
21096,2,0,2,3,4,2,4,4,3,2,5,2,4
53927,1,4,4,4,1,1,1,1,2,1,2,1,1
90518,5,5,3,5,3,5,5,5,5,5,5,4,5
4981,1,4,1,3,4,1,4,4,3,4,4,4,4
71561,1,1,1,1,4,4,4,4,4,4,5,5,4
86102,4,5,4,1,4,1,4,3,3,4,4,1,1
3878,0,0,0,2,2,5,4,5,5,5,5,4,4
108927,1,5,1,1,1,4,4,4,2,4,4,4,4
64005,1,4,1,3,5,1,5,5,3,4,5,3,5
91338,4,4,4,1,1,2,2,3,3,4,3,2,5
76588,2,5,5,5,4,3,3,2,2,2,2,4,3
11141,2,5,2,2,4,5,5,5,5,2,5,3,4
82397,3,3,3,3,3,5,5,5,5,5,5,5,5
42083,2,4,2,3,3,2,3,3,3,5,5,3,3
120986,3,3,3,3,3,3,3,3,4,2,4,4,3
85037,4,4,4,4,5,4,5,5,2,4,1,5,5
78940,2,2,2,3,3,2,1,3,2,3,4,3,3
52979,2,2,2,4,5,2,5,5,4,5,5,3,5
63100,5,5,3,5,5,5,5,5,4,3,5,4,5
108937,1,1,1,3,1,1,1,1,1,2,2,3,1
94977,2,3,3,3,2,2,2,2,3,4,4,1,2
59922,2,2,2,3,5,2,5,5,1,3,4,4,5
32711,5,1,1,1,4,3,5,4,4,5,4,1,2
31481,5,1,1,1,5,5,5,5,2,2,3,1,5
6616,2,4,2,4,5,2,5,5,2,3,3,3,5
90023,4,4,4,4,3,4,5,5,5,5,5,5,3
73521,3,3,3,3,4,4,4,4,4,4,4,5,3
38384,3,3,3,3,3,3,3,3,5,3,2,1,3
14819,4,4,3,3,5,4,5,5,4,4,3,5,5
33135,2,3,2,2,4,2,4,4,1,2,2,1,4
64030,2,2,2,2,2,5,4,4,4,4,4,3,4
103629,2,0,2,4,1,2,1,1,5,2,5,4,1
55170,2,4,2,2,1,2,3,1,3,3,5,3,1
64395,2,4,2,3,1,2,1,1,1,5,3,1,1
72295,1,5,1,3,2,1,2,2,5,5,5,5,2
46542,5,1,5,1,5,5,5,5,4,3,2,5,5
62636,3,4,3,4,1,3,1,1,5,3,5,3,1
77659,1,1,1,1,2,5,5,5,5,5,5,4,5
31256,5,5,1,5,3,5,4,5,5,5,5,1,2
93977,5,5,5,2,3,5,3,3,5,5,5,5,3
39750,2,5,5,5,5,3,4,2,2,2,2,2,2
53610,4,4,4,5,3,4,3,3,1,1,4,1,3
122221,0,4,0,4,3,0,3,3,4,3,4,5,3
28644,5,5,5,2,2,5,2,2,3,3,4,3,2
100370,1,4,2,2,3,2,3,3,3,3,5,3,3
22185,5,0,5,1,2,5,2,2,5,3,4,4,2
102436,2,4,2,5,5,3,3,4,4,2,4,2,4
125034,3,3,3,3,5,5,5,3,3,3,5,5,5
16251,1,0,0,3,3,4,3,4,4,0,4,1,3
62480,1,1,1,1,5,5,5,5,5,5,5,5,3
6567,1,1,1,1,4,4,4,4,5,2,4,3,4
99044,5,5,5,5,2,5,4,5,5,5,5,5,5
86540,2,3,2,3,2,4,3,5,5,2,5,3,1
114413,4,4,4,4,2,4,5,5,5,5,5,3,5
8458,3,3,3,3,2,5,4,5,5,5,5,5,4
1886,0,0,0,2,4,5,5,5,5,5,5,3,3
33414,2,2,2,2,5,5,5,1,3,4,5,5,5
40019,2,0,2,5,4,2,4,4,1,2,4,2,4
82326,2,1,1,1,2,2,2,2,2,4,3,2,2
25311,4,5,5,5,4,4,4,4,2,4,3,4,4
35590,3,2,3,3,2,3,2,2,4,5,4,2,2
42998,4,5,4,2,4,4,4,4,3,5,2,1,4
46535,3,3,3,4,5,3,5,5,3,3,3,2,5
27879,2,2,2,4,2,2,1,2,4,2,4,1,2
19891,5,5,5,5,3,4,3,5,5,5,5,2,2
97233,3,5,2,3,1,2,2,1,4,4,4,3,1
118624,3,2,2,2,4,4,4,3,3,2,3,2,3
77531,3,4,3,1,2,3,2,2,3,5,5,4,2
115370,1,2,1,3,2,1,2,2,4,4,4,4,2
10300,4,0,4,2,4,4,4,4,3,5,5,3,4
20430,1,5,1,3,3,1,3,3,3,4,5,1,3
5563,5,5,4,5,3,4,5,5,5,5,5,4,4
90631,3,2,2,3,1,2,1,1,5,5,5,4,1
31413,4,4,4,4,5,5,5,5,2,5,4,4,5
78023,4,5,4,1,5,4,5,5,3,1,5,4,5
129395,3,4,4,4,2,4,4,3,3,3,3,3,1
67503,5,5,4,5,5,5,4,4,4,3,4,3,5
88478,5,5,5,5,5,5,4,5,1,2,4,4,5
110505,2,3,3,3,2,2,2,2,3,4,2,2,2
74748,2,3,2,4,5,3,4,3,3,2,3,2,3
129626,4,4,4,4,3,5,5,3,3,4,3,3,5
1186,3,5,3,3,1,3,1,1,4,5,4,5,1
98242,5,5,5,5,4,4,4,4,5,5,4,3,4
23051,1,2,1,3,1,5,4,3,1,4,4,4,4
30366,2,2,2,2,4,4,4,2,2,2,2,3,2
23874,2,2,2,2,3,4,4,4,4,4,4,3,5
105928,1,1,1,2,1,1,1,1,5,3,4,3,1
83632,5,5,5,5,3,5,5,4,4,4,4,5,5
114272,5,5,1,5,5,5,5,5,5,2,4,4,5
103358,0,0,0,2,1,1,1,3,5,4,5,1,1
52645,5,5,5,3,3,5,3,3,4,2,5,5,3
123730,1,0,0,1,5,0,5,5,5,5,4,4,5
78480,0,0,0,2,1,0,1,1,3,2,5,3,1
70146,3,3,3,4,5,3,4,5,1,3,3,3,5
69372,5,5,5,5,4,5,4,4,4,4,4,4,5
122589,5,5,5,3,4,5,4,4,4,4,5,5,4
48938,5,5,5,5,1,1,2,4,4,5,4,2,4
107959,3,3,3,3,2,4,5,4,4,4,4,3,4
109634,3,3,3,3,3,5,5,3,3,4,3,3,4
81141,3,2,3,3,2,4,3,4,4,3,4,2,3
80058,3,4,3,2,5,3,5,5,3,5,2,2,5
12077,0,0,0,1,1,0,1,1,1,4,4,4,1
40281,1,4,1,2,2,1,2,2,4,4,5,3,2
87415,2,5,2,5,1,2,1,1,5,3,5,3,1
52877,3,3,3,3,5,5,5,5,1,1,4,3,5
83599,0,0,0,1,4,0,2,4,4,3,4,4,4
111673,2,1,2,3,4,2,3,4,4,2,3,2,4
100997,5,5,5,5,3,4,5,4,4,4,4,3,5
113574,4,1,1,1,4,3,4,4,4,4,4,2,3
95980,1,1,1,1,4,4,4,4,4,2,5,3,4
122983,3,3,3,3,3,4,4,5,5,5,5,4,3
32087,1,1,1,1,1,3,2,4,4,4,3,5,1
128419,1,1,1,1,1,1,1,1,1,1,2,2,1
56131,2,2,2,2,5,4,4,4,4,4,4,3,3
59528,3,3,3,3,2,4,5,4,4,4,4,4,5
64739,4,5,5,5,4,3,3,4,4,4,4,1,4
120230,2,2,2,1,5,2,5,5,5,1,3,5,5
25230,3,4,4,4,3,3,3,3,1,3,4,2,3
127084,0,0,0,1,4,4,4,4,2,4,4,3,4
88730,3,0,3,1,5,3,5,5,3,4,4,5,5
40131,3,3,3,3,1,3,1,1,3,5,4,4,1
111433,3,5,3,1,3,5,5,1,1,3,1,4,4
125372,2,1,1,1,1,3,2,2,2,2,2,2,1
5888,1,1,1,2,5,1,5,5,3,2,4,3,5
110636,2,4,2,4,3,2,5,3,5,5,5,4,3
76747,2,2,2,2,3,2,3,1,1,1,2,1,1
113827,1,3,1,2,4,1,3,4,3,2,1,2,4
37516,3,5,5,5,3,3,3,2,3,3,3,3,3
129147,1,1,1,4,1,1,1,1,3,5,3,1,1
123999,1,2,2,2,1,1,1,1,3,2,2,1,1
25801,2,1,2,3,5,2,5,5,3,5,4,4,5
6439,3,5,3,4,4,5,5,3,3,3,3,3,3
94067,4,5,3,5,4,4,3,4,4,3,4,3,1
81961,4,4,4,4,2,3,5,5,5,5,5,5,4
60614,4,4,4,4,4,4,4,4,4,4,4,3,3
95797,2,3,5,3,2,2,2,2,1,1,4,2,2
124870,3,4,3,1,5,3,5,5,4,5,5,4,5
116395,3,5,3,3,5,4,5,1,1,3,1,4,5
77424,2,5,2,1,2,2,3,2,1,5,4,5,2
94095,0,2,0,4,1,4,3,1,1,0,1,3,1
56085,3,1,1,1,3,2,2,1,1,4,4,2,2
61993,1,1,2,1,5,5,5,4,4,4,4,3,4
30719,3,5,5,5,3,3,3,3,3,5,4,4,3
76454,4,4,4,4,4,4,4,4,4,4,5,3,4
76630,4,0,4,4,4,4,4,4,4,4,2,3,4
116512,2,4,1,5,2,3,3,2,2,1,2,4,1
94350,0,0,0,3,4,5,5,1,1,1,1,3,5
116365,1,5,1,4,3,4,4,2,2,1,2,4,4
6279,4,4,4,4,4,3,3,5,5,5,5,3,1
49308,1,1,1,1,5,5,5,5,4,3,2,4,5
113508,3,3,3,3,4,5,4,4,4,4,4,3,5
3267,4,4,4,4,4,4,4,4,1,3,4,2,4
94185,3,3,3,3,5,5,4,5,5,5,5,5,4
117857,1,1,1,1,5,5,5,4,4,4,4,4,5
37421,1,1,1,1,3,3,4,1,1,1,1,1,4
93477,1,5,1,2,5,1,5,5,3,4,4,5,5
74299,1,1,1,4,1,1,1,1,1,5,3,2,1
110206,4,4,4,4,2,5,5,5,5,5,5,3,5
93667,1,2,0,4,3,0,3,3,3,1,4,3,3
76091,3,5,3,5,4,3,4,4,4,2,5,3,4
55622,1,1,3,1,2,4,4,4,4,4,4,3,4
53083,5,5,2,5,1,4,3,4,4,4,4,4,1
47218,4,0,4,4,1,4,1,1,3,1,4,4,1
10605,1,4,4,4,3,4,4,3,3,3,1,2,1
51165,3,5,3,1,1,3,1,1,2,2,1,3,1
67568,4,4,4,5,4,4,4,4,5,5,5,5,4
70787,1,1,1,1,3,4,4,4,4,4,4,3,5
109552,2,5,2,3,5,2,5,5,5,5,4,3,5
103609,5,5,5,4,2,4,5,1,1,5,3,3,5
129535,5,5,5,2,2,5,2,2,5,5,3,4,2
18009,3,5,2,5,4,4,4,5,5,2,5,4,4
47333,4,5,5,5,1,1,5,4,4,4,4,5,4
65510,3,3,3,3,1,2,1,1,3,5,5,5,1
5667,1,1,1,1,3,4,5,4,4,4,4,4,3
75870,3,3,3,3,3,5,5,5,5,5,5,3,4
18468,2,2,5,2,2,5,2,5,5,5,3,2,3
40107,5,4,4,4,5,5,5,5,4,2,3,5,5
12350,2,4,4,4,2,2,2,2,2,2,4,2,2
113318,5,5,5,5,5,4,4,4,4,4,4,5,4
67561,4,4,4,4,5,5,4,5,5,5,5,3,5
10435,4,4,4,4,4,4,5,4,4,4,4,4,4
69743,4,4,4,4,3,4,5,2,2,2,2,3,5
128929,4,4,4,4,2,4,5,4,4,4,4,5,4
25138,4,4,5,1,5,5,5,5,4,2,5,5,5
50713,1,4,1,1,2,1,1,2,3,5,4,3,2
29882,3,1,1,1,3,4,3,4,4,4,3,1,1
73024,1,4,1,3,2,1,5,3,3,1,3,2,5
42531,1,1,1,1,3,5,1,5,5,5,5,5,3
1984,5,4,5,2,1,5,1,1,4,5,4,5,1
22364,4,2,4,3,4,4,1,4,2,3,3,1,4
3624,3,3,3,3,4,2,4,5,5,3,5,3,3
50132,2,2,2,4,4,2,4,4,4,5,4,3,4
63274,5,5,5,5,5,4,5,4,4,4,4,3,4
42538,4,1,1,1,4,4,4,4,3,4,4,5,4
126883,2,3,2,3,4,4,3,1,1,2,1,2,2
64852,3,2,2,2,2,4,3,3,3,3,3,3,4
10562,2,0,2,5,4,2,4,4,4,4,4,5,4
99056,5,5,5,5,2,4,4,3,3,4,3,3,4
71558,3,3,3,3,3,4,4,3,3,3,3,3,5
6043,2,4,4,4,5,4,4,2,2,2,2,3,4
41758,4,1,1,1,3,3,4,4,4,4,4,2,3
3056,4,4,4,3,1,4,1,1,3,3,5,5,1
119109,3,2,3,4,5,3,5,5,4,4,4,3,5
102179,3,4,3,3,3,3,3,3,3,5,4,1,3
31283,2,4,2,3,4,2,4,4,5,5,5,3,4
53809,3,5,3,3,2,4,1,5,5,5,3,2,1
109353,2,2,2,2,2,5,4,4,4,4,4,4,4
22804,3,3,3,3,4,1,5,5,5,5,5,3,2
110633,1,4,1,2,3,1,4,3,3,3,4,3,3
129619,4,4,1,4,2,4,5,5,5,4,5,5,4
56859,5,5,5,5,5,5,5,3,4,3,4,5,5
124525,1,1,1,1,4,4,4,5,5,5,5,5,4
13557,5,5,5,2,3,5,4,3,4,4,4,5,3
20675,4,1,4,3,3,4,3,3,3,2,3,1,3
74032,2,4,2,4,5,2,5,5,3,5,5,5,5
42988,3,3,3,3,4,5,4,5,5,5,5,2,5
86634,2,2,2,4,2,2,2,2,2,4,4,4,2
82178,4,5,4,3,4,4,4,4,3,2,4,3,4
92332,1,1,1,1,1,5,5,4,3,5,5,5,5
23038,2,4,2,3,2,2,2,2,5,5,5,5,2
114101,5,1,1,1,2,4,1,5,5,5,5,3,4
57508,4,4,4,4,4,4,4,4,4,4,4,4,4
120813,2,4,2,4,3,2,3,3,4,2,3,3,3
120927,3,2,2,2,2,2,4,2,4,2,4,3,2
44892,1,4,1,4,1,1,1,1,4,3,5,5,1
119334,2,2,2,3,1,2,3,1,1,3,4,4,1
104263,3,3,4,3,3,4,3,3,2,2,3,4,3
32561,3,1,1,1,2,2,2,3,3,3,3,1,3
3091,2,2,2,3,4,2,4,4,1,3,2,3,4
29587,4,5,5,4,5,4,5,5,3,1,5,5,5
52397,4,4,4,3,4,4,4,4,3,3,5,3,4
116100,4,5,4,5,5,4,4,1,1,4,1,3,3
24128,1,4,1,4,4,1,4,4,3,3,4,4,4
41033,1,4,3,4,1,1,1,1,4,1,3,4,1
29827,4,2,1,1,4,4,4,4,5,5,2,5,4
98219,4,3,4,4,4,4,4,4,1,3,4,3,4
19811,1,3,2,4,2,2,2,5,5,3,3,2,2
105609,5,4,5,2,3,5,4,3,3,5,3,5,4
28353,3,4,3,3,5,4,5,1,1,3,1,5,5
51564,2,4,2,2,5,2,5,5,3,2,3,3,5
79638,4,4,4,4,2,4,5,4,4,4,4,4,5
103362,4,4,4,4,5,4,4,5,5,5,5,3,4
114968,5,5,5,5,3,4,4,4,4,4,4,5,4
129554,2,2,2,4,2,2,2,2,1,5,4,4,2
24375,5,4,4,4,2,4,3,2,4,4,5,3,2
94503,3,4,4,4,3,3,3,3,2,4,3,4,3
109310,2,4,4,4,2,2,2,2,3,3,3,2,2
27596,4,4,4,3,3,4,5,5,5,4,5,5,4
88128,1,1,1,1,3,4,4,5,5,5,5,4,4
37308,4,2,2,2,4,4,4,4,4,4,4,4,4
5369,0,0,0,4,2,0,2,2,5,4,4,5,2
15689,4,2,2,2,2,2,2,4,4,4,4,4,3
14298,4,4,2,4,1,5,1,4,4,4,4,5,2
98360,5,5,5,3,4,5,4,4,5,1,1,2,4
129105,1,3,1,4,3,1,3,3,3,4,3,4,3
14145,4,4,4,3,4,4,5,5,5,4,5,5,3
87175,3,3,3,4,2,3,1,2,3,2,5,4,2
70465,1,1,1,1,4,5,5,5,5,5,5,4,4
24717,2,2,2,2,3,2,3,3,2,2,3,3,3
15252,2,4,2,4,1,2,1,1,4,5,4,4,1
128555,3,1,1,1,1,4,3,3,3,3,3,1,2
101929,2,2,2,4,5,2,5,5,2,3,3,4,5
77354,4,4,4,4,3,5,4,4,4,4,4,5,4
1301,4,4,0,2,2,0,3,2,5,1,5,4,2
57666,1,4,1,1,4,1,4,4,2,4,5,5,4
126762,1,2,1,4,4,1,4,4,4,5,4,1,4
50943,4,4,4,4,5,4,5,5,4,2,5,4,5
83711,4,4,4,4,5,5,4,5,5,5,5,5,3
38106,4,4,4,4,4,4,4,5,5,5,5,2,4
53085,1,1,1,1,5,5,5,3,4,3,2,5,5
100827,4,4,4,3,5,4,2,5,3,3,5,3,5
68384,0,0,0,2,4,0,3,4,4,2,4,4,4
105936,1,1,1,3,1,1,2,1,2,4,4,4,1
22134,4,4,4,3,1,4,5,2,2,4,2,3,2
88723,1,4,1,3,5,1,5,5,3,5,5,3,5
72446,1,0,0,3,2,3,3,2,2,0,2,2,1
67589,5,5,5,5,2,4,5,5,5,5,5,3,5
5734,1,4,1,1,3,1,3,3,4,2,5,3,3
105410,3,3,3,4,4,3,5,4,4,1,4,1,4
111980,3,5,3,1,5,3,5,5,4,4,5,3,5
59658,1,4,1,5,2,5,4,1,1,1,1,3,5
101516,0,0,0,2,2,5,2,2,2,2,2,2,2
13035,3,4,3,1,5,5,3,1,1,3,1,4,3
115033,4,2,4,5,4,4,4,4,3,2,5,5,4
70321,5,4,5,5,4,5,4,4,3,5,5,1,4
25725,5,3,5,1,2,5,5,3,3,5,3,3,2
109399,1,1,1,1,5,4,5,5,5,5,5,5,5
53721,4,1,4,4,2,4,2,2,1,4,3,2,2
116010,2,5,2,3,5,2,5,5,4,2,3,3,5
72226,3,3,3,1,5,3,5,5,5,4,5,3,5
128004,2,2,1,3,5,2,3,1,1,1,1,3,3
127295,1,5,5,5,1,1,1,1,2,4,3,1,1
1014,5,5,5,5,2,5,4,4,4,4,4,5,4
26100,4,4,4,1,4,4,5,3,3,4,3,5,5
125935,2,1,2,4,5,2,5,5,2,5,3,3,5
91588,3,3,3,1,5,3,5,5,4,2,5,4,5
39821,1,3,1,3,5,1,5,5,4,3,3,2,5
27631,4,2,2,2,4,4,5,4,2,4,3,5,4
3535,3,4,2,4,3,4,3,1,1,2,1,4,4
35416,1,2,2,2,3,4,4,1,1,1,1,1,2
39561,2,2,2,2,5,5,5,5,4,2,3,3,5
107021,3,3,3,4,4,3,4,4,3,3,4,5,4
107040,4,5,4,1,1,4,4,1,3,4,5,5,1
56992,2,3,2,2,4,2,4,4,3,2,2,4,4
16241,0,0,0,1,1,0,1,1,2,1,3,5,1
69507,1,0,1,4,1,1,1,1,5,3,5,4,1
93084,3,3,5,3,1,3,4,3,3,3,3,2,1
149,2,3,3,3,4,3,2,2,2,2,2,3,1
18364,3,0,4,3,4,4,4,4,2,3,3,2,4
90244,1,2,2,2,1,1,1,1,2,4,4,1,1
597,2,2,2,2,4,5,4,4,4,4,4,4,5
100077,0,0,0,3,5,4,5,3,3,3,3,5,3
41678,1,4,3,3,5,5,5,3,3,3,3,5,5
71422,2,2,2,2,5,4,5,3,3,3,3,3,5
30907,5,5,5,5,5,5,5,5,2,5,3,4,5
4192,4,4,4,4,3,4,3,3,2,3,3,2,3
59979,3,1,2,3,2,2,2,2,1,3,3,4,2
32166,0,5,0,2,5,5,5,5,5,2,3,2,5
117746,4,4,4,5,3,4,3,3,5,5,5,4,3
41966,2,1,2,3,3,2,3,3,3,5,3,3,3
83240,2,2,5,2,5,3,4,4,4,4,4,4,4
4283,2,5,2,4,5,4,4,4,4,2,2,5,5
77829,3,2,3,3,4,3,4,4,2,5,3,1,4
53443,2,2,2,3,2,1,5,4,3,4,1,5,5
68072,1,1,1,3,2,1,2,2,1,1,4,2,2
55890,4,4,4,4,3,4,3,3,4,2,4,5,3
54777,3,5,3,5,3,3,3,3,3,4,4,3,3
68261,2,5,2,5,3,5,4,1,1,2,1,3,5
1274,1,1,1,3,4,1,4,4,3,3,3,3,4
67631,4,4,4,4,4,4,4,4,4,4,4,3,5
26244,2,5,2,2,3,2,3,3,4,4,4,3,3
48832,2,2,2,3,2,2,3,3,3,2,5,2,1
72422,1,1,1,1,3,4,5,4,4,5,4,3,3
13707,4,2,4,4,2,4,3,5,5,4,5,2,4
29439,1,1,1,1,1,2,3,4,4,4,4,4,2
8893,2,4,2,3,2,2,2,2,3,4,5,5,2
101743,1,1,1,1,3,3,5,4,4,5,4,5,3
48151,4,1,4,1,4,4,4,4,2,5,4,4,4
104735,4,4,4,4,5,5,5,5,4,3,5,5,5
40290,2,5,2,4,5,2,5,5,3,5,5,4,5
107543,4,4,4,4,4,4,4,3,3,3,3,4,5
30873,2,2,2,4,1,2,1,1,3,3,3,4,1
44885,3,1,1,1,3,4,3,3,5,2,3,5,3
88018,4,0,4,2,5,4,5,5,5,3,4,4,5
28945,3,5,3,5,5,3,4,3,3,3,3,2,4
124544,2,5,2,4,4,4,5,1,1,2,1,3,5
107296,3,3,4,5,3,4,3,3,2,5,1,2,3
26358,2,4,2,2,5,4,5,5,2,1,5,3,5
47633,2,2,2,2,1,5,4,4,4,4,4,2,5
31066,2,5,2,4,2,5,5,1,1,2,1,5,3
6049,4,3,4,4,1,4,1,1,3,3,3,1,1
64153,3,4,5,4,3,3,3,3,3,4,3,3,3
10499,3,3,3,3,2,4,4,5,5,5,5,4,3
60917,2,5,1,5,2,4,4,2,2,2,2,3,3
19157,5,5,5,5,4,3,4,4,4,5,4,2,3
68845,3,4,3,3,5,4,5,4,4,4,4,5,4
75517,3,1,3,3,5,4,5,4,4,4,4,5,5
66909,3,3,3,3,4,4,4,4,3,5,4,3,4
80354,2,4,2,3,4,2,4,4,4,2,4,4,4
8826,3,5,3,1,2,3,2,2,3,3,5,5,2
69503,4,1,4,3,4,4,4,4,2,2,1,2,4
77508,5,5,1,5,2,5,4,4,4,4,4,3,4
70732,4,4,4,3,2,4,2,2,2,3,3,4,2
78121,1,4,1,2,4,1,4,4,2,5,5,5,4
59562,4,5,4,2,1,4,1,1,5,4,5,4,1
22603,1,5,5,5,1,1,1,1,4,3,2,4,1
118351,1,5,1,4,4,5,4,5,5,1,5,4,4
126212,4,4,2,4,4,4,4,4,3,3,3,1,4
23446,4,1,1,1,4,4,4,4,5,3,4,1,4
14725,5,5,5,5,5,5,3,5,3,5,3,4,5
49949,3,3,3,3,3,3,3,3,1,3,3,1,3
62593,0,4,0,3,5,0,5,5,2,1,5,4,5
69931,1,5,0,5,5,0,5,5,3,2,5,3,5
65412,2,2,2,2,5,5,4,5,5,5,5,5,3
36923,2,4,2,4,1,2,1,1,4,5,4,3,1
120060,3,3,3,3,3,4,5,5,5,5,5,4,4
122271,3,4,2,4,1,2,5,1,4,3,2,1,1
107660,1,1,1,1,3,4,5,4,4,4,4,4,3
77169,4,4,4,1,1,4,1,1,3,5,5,3,1
2567,5,5,5,5,2,4,5,5,5,5,5,5,4
42962,5,3,5,2,2,5,1,2,3,1,4,3,2
11672,2,0,3,5,4,3,4,4,5,2,5,5,4
49042,1,1,4,1,5,4,2,4,4,4,5,3,1
39175,0,0,0,3,2,5,1,1,1,1,1,3,5
84521,3,3,3,3,3,4,3,3,3,3,5,3,3
83953,3,3,1,3,2,5,4,4,4,4,4,3,3
75348,2,5,2,3,2,3,3,5,4,5,5,3,3
20920,4,3,3,1,5,3,5,5,3,3,1,5,5
37665,3,4,3,3,2,3,3,2,3,4,1,5,2
116281,1,4,5,3,5,5,4,4,4,5,4,3,4
128219,1,0,0,4,1,3,3,3,3,1,3,4,2
97197,3,5,3,1,4,3,4,4,3,5,5,2,4
107613,1,3,3,3,1,1,1,1,4,3,3,3,1
26248,4,5,5,5,2,1,5,4,4,4,4,1,4
116479,1,2,1,3,2,1,2,2,4,2,3,4,2
11001,4,5,5,5,3,4,3,3,3,3,5,1,3
33596,1,4,1,4,2,1,2,2,4,1,4,4,2
45024,3,3,3,4,4,3,4,4,2,5,2,1,4
27598,2,5,2,4,5,4,5,5,5,2,5,4,4
41217,3,4,3,3,3,3,3,3,3,5,4,1,3
126704,4,4,4,4,3,5,4,4,4,4,4,5,5
36785,4,4,1,4,4,4,4,1,3,2,1,4,4
103781,3,4,4,4,3,4,3,3,3,4,4,4,3
124371,4,4,4,4,5,4,5,5,1,5,3,2,5
94048,4,4,4,4,2,5,5,4,4,4,4,3,4
74169,2,3,2,4,3,2,3,3,4,5,2,3,3
94519,2,3,2,4,4,2,4,4,1,2,4,3,4
77201,1,1,1,1,5,5,5,3,2,5,4,5,5
114143,5,5,5,5,4,4,4,4,5,3,4,3,4
68305,2,5,2,2,3,2,3,3,4,3,4,5,3
84837,2,3,3,3,2,2,4,2,3,5,4,1,2
9051,3,5,3,3,3,4,3,3,3,3,3,4,2
118526,1,0,1,2,1,1,1,1,4,2,4,4,1
20030,4,2,2,2,5,3,3,4,4,4,4,4,1
38431,5,5,5,3,5,5,5,5,2,1,2,3,5
42067,4,4,4,3,4,5,4,5,5,4,5,5,5
75361,4,3,4,3,3,3,3,4,4,4,4,5,5
10103,4,4,5,4,4,4,4,5,5,5,5,3,4
2789,3,3,2,3,2,3,4,3,3,3,3,1,4
65273,1,5,1,4,3,1,5,3,5,1,4,4,3
55130,3,5,3,2,1,3,1,1,4,5,3,4,1
92911,4,1,1,1,3,3,4,4,4,4,4,3,3
100797,2,2,2,2,2,5,5,3,3,4,3,5,3
67986,3,5,5,5,3,2,2,3,3,3,3,3,2
40166,2,4,2,5,2,2,2,2,2,3,2,2,2
10623,2,3,2,3,1,2,1,1,1,4,4,4,1
47848,4,3,2,2,4,3,3,4,4,4,4,3,4
81242,4,4,4,4,3,5,5,4,4,4,4,3,3
115451,5,5,5,5,4,5,5,4,4,4,4,5,4
115626,2,2,2,2,5,3,3,2,2,2,2,3,1
51729,2,5,5,2,5,5,5,5,3,3,5,5,5
77618,5,0,5,3,1,5,1,1,5,2,4,3,1
2472,3,1,3,2,3,3,3,3,4,2,2,2,3
119333,4,1,4,1,3,4,3,3,1,5,1,3,3
6794,2,1,1,1,2,2,2,2,1,5,2,4,2
54493,1,3,3,3,1,1,1,1,4,1,4,2,1
88073,4,4,4,4,4,4,4,4,5,4,4,3,4
42631,2,2,2,2,5,5,5,5,3,1,5,4,5
87112,3,5,3,4,3,3,4,2,2,3,2,2,3
89525,3,4,3,3,3,4,5,2,2,3,3,5,3
61973,3,3,3,3,3,5,5,4,4,4,4,4,3
125520,0,0,0,2,3,5,5,4,4,4,4,3,3
86318,3,1,3,3,5,3,4,5,2,5,4,2,5
100508,2,2,2,2,5,4,4,4,4,4,4,3,3
104551,2,2,2,2,4,5,5,5,5,5,5,3,5
10428,4,1,4,4,4,5,5,4,4,4,4,5,5
98996,3,4,3,5,2,3,2,2,3,2,4,5,2
92413,4,3,4,4,2,3,4,4,4,4,4,4,5
5137,2,4,2,4,3,4,5,2,2,2,3,3,3
81315,1,1,4,1,2,5,5,4,4,4,4,3,4
127987,4,4,3,4,5,3,5,5,3,4,5,3,5
24644,4,4,4,4,1,4,1,1,4,5,5,5,1
87336,3,4,3,2,2,4,4,2,2,3,2,4,4
46407,3,3,3,3,5,1,4,4,4,4,4,3,5
23170,3,4,0,2,3,0,3,3,4,3,4,5,3
65396,2,3,2,2,3,2,3,3,5,3,3,5,3
28836,3,3,3,3,4,1,5,2,2,2,2,3,1
94140,1,1,1,4,1,1,1,1,4,3,4,3,1
84068,2,2,2,3,5,2,4,5,2,5,3,3,5
87076,4,4,1,4,2,5,5,4,4,4,4,3,4
87711,1,1,0,3,5,0,5,5,4,2,3,2,5
25943,1,1,1,1,1,1,2,1,3,3,4,2,1
27925,3,5,3,2,2,3,1,2,5,3,5,4,2
104990,1,1,1,3,2,3,3,3,3,1,3,2,2
7520,3,3,3,3,4,5,4,4,4,4,4,5,4
127381,1,1,4,1,2,5,4,4,4,5,4,3,3
102116,3,3,3,3,4,4,5,4,3,2,4,5,4
75614,3,4,3,3,4,3,4,4,4,2,4,4,4
43631,4,4,4,4,2,4,5,2,2,4,2,4,3
50012,3,1,3,3,2,3,2,2,2,4,2,3,2
1118,2,5,2,4,4,5,4,5,5,2,5,5,5
546,4,4,4,1,3,4,3,3,5,2,4,4,3
128701,1,0,0,4,3,3,4,5,5,0,1,3,3
38672,1,3,1,4,2,1,2,2,1,4,4,4,2
117661,3,4,2,4,4,4,3,3,3,3,3,3,1
67141,5,5,5,5,2,5,3,2,3,3,1,3,2
49390,4,4,2,4,3,3,1,4,4,4,4,2,1
259,4,3,3,3,5,4,3,4,4,4,4,3,2
56577,3,3,3,3,3,5,4,5,5,5,5,3,4
44398,1,1,1,2,4,1,4,4,2,2,2,1,4
79724,3,5,3,5,4,3,4,4,5,5,4,3,4
35317,4,4,4,5,3,4,3,3,3,3,2,5,3
51926,4,2,4,4,1,4,1,1,4,1,3,4,1
22865,1,5,1,3,4,5,4,3,3,1,5,4,5
48601,2,4,2,1,4,2,4,4,4,3,4,3,4
7343,4,5,4,1,5,4,5,5,3,3,5,5,5
21575,1,4,1,2,5,3,3,3,3,1,2,4,3
102944,1,4,1,2,4,1,1,4,4,4,2,3,4
72692,3,5,3,5,3,3,3,3,4,3,4,4,3
129039,5,5,5,3,2,5,2,2,5,2,5,3,2
45226,4,4,4,4,5,4,5,5,2,5,3,3,5
113758,4,4,0,5,2,0,3,2,3,5,5,3,2
89275,2,5,5,5,2,4,3,2,2,2,2,2,4
12354,4,2,4,3,3,4,3,3,4,2,3,1,3
63236,4,4,4,4,5,4,5,5,5,5,5,4,5
25169,3,0,3,2,4,3,4,4,1,1,1,1,4
70812,5,5,5,3,4,5,4,4,5,2,5,4,4
107650,3,5,3,2,1,3,1,1,3,5,5,4,1
27958,3,2,3,3,1,2,3,3,3,3,3,3,4
28202,2,3,2,3,1,2,1,1,3,1,4,3,1
31653,4,5,3,3,4,4,4,4,2,4,5,1,4
76547,1,1,1,1,3,5,4,4,4,5,4,5,4
14066,2,2,2,2,3,3,3,3,1,4,3,1,3
114264,3,4,4,4,4,3,4,4,4,1,5,2,4
53153,4,3,3,3,4,4,4,4,2,2,1,2,4
123531,2,2,2,3,5,2,5,5,4,5,2,1,5
117183,5,5,5,3,3,5,3,3,4,4,5,4,3
3853,1,5,2,3,3,2,3,3,4,4,1,2,3
49622,3,3,4,3,3,4,3,4,4,4,4,5,1
81770,2,2,2,4,5,2,5,5,5,3,5,3,5
35496,3,3,3,2,2,3,2,2,3,1,1,2,2
125791,4,4,4,4,4,4,4,4,4,5,4,5,4
961,4,4,4,3,2,4,2,2,3,2,3,4,2
53536,1,3,3,3,1,1,1,3,2,2,3,1,1
30995,5,5,5,1,1,5,1,1,4,2,3,3,1
101417,4,4,5,4,2,4,4,5,5,5,5,4,4
43342,3,3,3,3,3,3,3,3,3,5,3,1,3
8627,1,1,1,1,5,4,5,4,4,4,4,3,4
34967,4,2,4,2,5,4,5,5,4,2,4,5,5
56534,4,4,4,4,4,5,5,5,5,5,5,4,5
118162,1,1,5,1,2,5,4,4,4,4,4,5,5
126158,3,1,1,1,3,3,3,3,3,3,3,2,3
30448,4,3,2,2,4,4,4,4,3,4,4,5,4
87311,4,4,4,4,2,5,5,5,5,5,5,3,5
21986,0,5,0,2,2,0,2,2,4,5,4,4,2
16310,3,0,3,3,2,3,4,2,5,2,3,2,2
72516,2,3,3,3,4,3,4,4,4,1,4,1,4
68979,1,3,1,2,1,3,1,2,2,1,2,4,1
60484,2,3,5,3,3,4,3,2,2,2,2,2,4
52191,4,3,3,3,4,4,5,4,4,3,3,4,4
115125,1,1,1,1,4,4,5,4,4,4,4,4,4
73363,5,5,5,3,3,5,3,3,3,3,5,5,3
2824,1,1,1,1,2,5,4,4,4,4,4,4,4
22163,4,2,2,2,5,3,2,4,4,4,4,5,3
92426,3,3,3,3,2,3,2,2,5,3,5,3,2
85377,3,3,3,3,5,4,4,5,5,5,5,5,5
6655,0,0,0,1,4,0,4,4,5,5,4,5,4
73605,4,4,4,4,5,4,5,5,5,5,5,3,3
69014,2,2,2,5,2,2,2,2,3,3,5,4,2
113588,3,3,3,3,3,3,3,3,3,3,3,4,1
72274,3,5,5,5,3,3,3,3,3,3,3,1,3
20371,4,4,5,3,3,5,3,3,4,3,5,3,3
38785,2,2,2,2,2,3,3,2,2,2,2,4,3
10651,2,2,2,2,4,4,5,5,5,5,5,3,5
52504,3,3,3,3,5,4,5,4,4,4,4,4,4
65565,4,4,4,4,3,5,4,5,5,5,5,5,3
66233,2,1,1,1,2,4,4,2,2,2,2,3,4
82179,4,5,4,3,3,4,3,3,3,4,4,3,3
89430,2,4,2,5,4,2,3,4,4,4,4,3,4
99801,3,3,3,3,3,1,2,4,4,4,4,4,1
18509,4,2,3,2,5,3,5,5,2,1,4,1,5
93999,4,5,4,4,5,4,5,5,5,5,5,4,3
123773,2,2,2,3,3,2,3,3,2,2,3,4,3
37335,1,0,0,3,1,4,3,1,1,1,1,1,1
99797,3,4,4,4,3,2,3,3,3,3,3,4,2
84059,2,2,2,2,3,5,4,5,5,5,5,5,5
29584,5,3,3,3,5,4,4,5,5,5,5,3,1
32405,5,5,5,5,1,4,2,5,5,5,5,3,5
27066,2,2,2,3,5,2,5,5,2,1,4,2,5
43135,2,3,3,3,2,2,3,2,2,2,2,2,1
67552,2,2,2,3,3,2,3,3,2,3,3,1,3
8483,4,1,4,4,2,3,4,1,1,4,2,3,1
101441,4,0,4,4,5,4,5,5,4,2,4,4,5
78137,4,3,3,5,3,4,4,3,5,5,4,3,3
112911,1,1,1,1,4,4,4,4,5,3,3,1,4
72459,2,2,2,2,4,4,4,4,4,4,4,5,4
32813,3,3,3,4,3,3,5,3,3,5,3,1,3
33638,2,3,2,3,3,2,3,3,4,5,4,2,3
59111,1,4,1,1,1,1,1,1,5,3,4,5,1
49219,1,1,1,1,4,1,4,5,5,5,5,1,3
2394,5,2,5,5,3,5,5,4,4,4,4,4,5
98374,3,5,3,1,2,3,2,2,3,2,4,4,2
94550,4,4,4,4,4,4,4,5,5,5,5,4,4
119568,1,1,1,1,5,5,5,5,5,4,5,5,5
72102,3,3,3,3,3,4,5,4,4,4,4,3,5
112076,3,3,3,3,3,3,3,3,2,2,2,2,3
126345,3,4,3,4,3,3,3,3,4,5,3,1,3
117480,5,5,5,5,3,3,3,3,4,4,4,4,3
84428,2,4,2,1,4,2,4,4,4,3,5,4,4
113279,4,4,4,4,4,5,4,4,4,4,5,4,5
76536,5,1,5,5,3,5,4,5,5,5,5,3,5
93238,3,3,3,1,4,3,4,4,5,2,3,5,4
105883,2,1,1,2,4,1,4,4,5,5,4,5,4
74771,4,5,4,1,3,4,3,3,4,2,3,5,3
94696,1,1,1,1,1,2,1,1,1,4,3,4,1
8984,4,1,5,3,2,4,3,2,2,5,4,4,2
11573,2,4,1,4,1,4,3,2,2,2,2,1,2
54440,2,3,3,3,2,2,2,2,4,4,3,4,2
19380,5,5,5,5,5,5,5,2,3,3,4,5,5
126962,4,4,4,2,3,4,3,3,5,4,5,5,3
65514,2,2,2,2,2,3,4,5,5,5,5,4,5
40191,3,5,5,5,3,3,3,3,3,1,3,1,3
3147,4,4,4,2,1,4,3,1,3,3,5,4,1
27633,4,5,5,5,4,4,4,4,5,3,5,2,4
68918,1,4,1,2,4,1,4,4,5,3,4,4,4
107417,2,2,2,2,1,4,3,2,2,3,2,2,1
12836,1,2,1,4,5,1,5,5,3,1,3,3,5
95558,1,2,1,3,1,1,1,1,1,2,2,1,1
96623,2,2,2,3,3,2,3,3,4,5,5,5,3
5549,1,4,1,3,3,1,3,3,5,5,5,5,3
78553,4,4,4,4,3,5,4,5,5,5,5,4,3
58472,1,1,1,1,3,4,4,4,4,4,4,4,4
746,1,2,2,2,1,4,3,3,3,3,1,4,2
64066,3,3,2,3,5,3,2,4,4,3,4,4,4
79723,1,4,1,2,4,1,4,4,5,5,4,3,4
69662,4,4,4,4,4,1,4,5,5,5,3,2,4
31966,1,3,3,3,3,3,2,3,3,3,1,3,2
76519,3,1,1,1,4,4,3,3,3,3,3,2,4
62450,3,3,3,3,5,4,5,4,4,4,4,4,5
92372,1,1,1,1,5,5,5,2,2,2,2,5,4
35194,4,4,4,4,4,4,4,4,4,4,3,4,4
75545,2,2,2,1,3,2,3,3,5,3,5,5,3
111603,2,3,2,4,1,2,1,1,3,5,2,3,1
47553,1,3,4,3,2,1,1,1,2,3,3,1,1
77258,2,5,2,1,1,2,1,1,4,2,3,3,1
35498,3,5,3,1,4,3,4,4,4,5,5,4,4
13298,1,2,2,2,1,1,1,1,4,1,2,1,1
50225,1,1,1,1,3,5,2,4,4,4,4,1,1
69882,5,5,5,5,5,5,4,5,5,5,5,5,4
59455,0,0,0,5,3,0,3,3,4,5,5,3,3
55574,2,2,2,2,5,4,4,4,4,4,4,3,5
46277,4,4,4,4,2,4,2,2,4,1,3,1,2
105029,2,2,2,4,3,2,3,3,2,1,3,3,3
81619,3,4,3,3,1,3,1,1,4,4,3,1,1
102018,5,5,5,5,4,4,4,5,5,5,5,3,4
73406,2,2,2,4,3,2,3,3,2,5,2,2,3
14504,3,1,5,5,5,4,4,3,3,3,3,4,3
100033,2,3,3,3,2,1,2,2,1,2,2,2,2
23350,2,1,1,3,4,1,4,4,2,1,1,2,4
52621,5,3,3,3,5,5,5,5,3,1,3,4,5
127780,1,1,1,2,5,1,5,5,3,5,2,1,5
43788,5,4,4,4,5,5,5,5,1,2,3,4,5
89480,3,5,5,5,3,3,3,3,2,1,3,3,3
41191,4,4,4,4,4,4,4,4,3,1,3,3,4
75676,5,5,5,4,2,5,2,2,4,3,5,3,2
96292,3,4,5,3,5,1,5,1,1,5,1,3,5
14206,1,2,2,2,1,3,3,1,1,1,1,2,2
83993,2,5,5,5,4,3,3,2,2,2,2,4,1
82367,2,4,2,1,2,2,2,2,1,2,3,3,2
57420,3,3,3,3,4,4,4,4,3,5,5,5,4
9857,5,3,5,2,3,3,3,1,1,5,1,3,2
61686,3,3,3,2,2,3,2,2,3,5,3,1,2
122806,2,1,4,1,2,2,2,2,2,2,3,4,2
18524,2,0,2,2,5,2,5,5,1,2,3,2,5
6634,3,5,3,2,2,3,2,2,5,3,4,4,2
118425,2,2,2,2,5,4,5,4,4,4,4,4,5
45930,1,3,1,2,4,1,2,4,3,3,4,4,4
23921,3,4,3,3,5,3,5,5,4,2,4,5,5
106550,3,4,4,5,4,4,4,4,4,3,5,4,4
21589,4,5,5,5,3,4,4,4,4,4,4,1,3
78582,2,2,2,2,1,2,4,1,3,3,2,1,1
78683,3,3,3,5,5,3,5,5,3,3,5,4,5
66350,5,5,5,4,1,5,1,1,4,4,5,4,1
30572,2,4,4,4,1,3,3,2,2,2,2,3,3
128614,5,5,5,5,2,5,4,2,2,2,2,3,4
75211,2,2,2,3,5,2,5,5,4,2,3,1,5
22467,2,2,2,4,4,2,4,4,4,2,4,4,4
19411,4,4,4,4,4,4,4,4,2,2,1,3,4
27193,1,3,3,3,1,1,1,1,3,2,1,1,1
81919,3,3,3,3,5,5,5,2,2,2,2,5,4
99335,3,4,3,3,3,3,3,3,3,4,4,5,3
48978,3,3,3,3,5,4,2,4,4,4,3,3,2
50894,1,4,1,3,1,4,4,4,4,1,4,3,2
48190,3,1,3,1,5,4,3,1,1,1,3,4,3
84635,1,4,2,4,3,4,4,2,2,2,2,5,5
21406,4,1,4,3,5,4,5,5,3,2,5,4,5
57019,4,5,4,4,4,3,3,5,2,4,5,3,3
104413,2,2,2,2,2,5,4,1,1,2,1,5,5
89982,4,4,4,4,2,4,4,4,4,4,4,3,3
94286,4,4,4,4,2,4,5,4,4,5,4,4,3
110953,4,4,4,1,1,4,1,1,4,4,5,3,1
24893,3,3,3,3,2,3,2,2,4,3,3,1,2
4066,3,3,3,4,1,3,1,1,4,3,3,3,1
47251,1,1,1,1,5,5,4,5,5,5,5,5,4
28914,5,5,5,5,4,4,4,4,5,1,1,3,4
1433,1,2,2,2,2,4,3,1,1,2,1,2,3
78927,2,3,3,3,5,4,3,2,2,2,2,3,2
86324,2,5,5,5,2,2,2,2,1,2,3,1,2
66818,5,5,5,5,2,5,5,4,4,4,4,3,3
85782,2,2,2,2,2,4,4,2,2,2,2,3,3
100775,5,3,3,3,5,5,5,5,2,3,3,2,5
20436,5,2,5,5,2,4,5,5,5,5,5,5,3
41360,4,1,5,1,4,4,4,4,3,5,5,4,4
101458,4,4,4,4,3,4,4,4,4,4,4,3,5
28172,2,3,2,4,4,2,4,4,4,3,3,1,4
3929,3,5,3,1,4,3,4,4,5,2,5,4,4
15282,3,5,3,1,5,5,4,3,3,3,3,5,4
102332,2,5,5,5,4,3,4,2,2,2,2,2,1
129404,5,5,5,5,2,4,5,5,5,5,5,5,5
108339,4,2,1,2,4,4,4,4,1,3,3,2,4
50802,2,4,2,3,1,2,1,1,5,4,5,5,1
67710,3,3,3,3,5,5,5,2,2,2,2,4,4
35213,3,3,3,3,4,3,4,4,2,5,1,5,4
50125,5,3,3,3,1,1,3,5,5,5,5,5,1
34438,2,2,2,2,2,2,2,2,4,4,4,2,2
95852,4,4,4,4,3,4,3,3,3,5,4,5,3
95363,1,0,1,3,4,1,4,4,1,1,2,5,4
25338,3,5,3,3,5,4,5,1,1,3,1,5,5
16432,2,2,2,2,5,5,2,3,3,3,3,3,1
60974,4,5,4,5,1,4,1,1,4,3,4,5,1
46000,3,0,2,4,2,2,2,4,5,5,5,2,2
84114,1,1,1,1,5,3,5,4,4,4,4,3,4
10606,5,5,5,4,4,5,4,4,4,4,4,5,4
92985,5,5,3,5,4,4,4,5,3,4,5,4,4
14269,5,2,2,2,5,5,5,5,3,2,3,1,5
34643,2,2,2,4,5,2,5,5,3,1,4,3,5
3863,4,2,2,2,1,3,3,2,2,3,4,2,1
126603,2,4,4,4,2,2,2,2,2,1,2,4,1
113982,2,4,4,4,1,3,3,2,2,2,2,4,2
8941,2,2,2,2,3,4,5,5,5,5,5,5,4
35148,5,5,4,4,5,5,5,5,2,1,5,5,5
48361,2,2,2,3,2,2,2,2,4,1,2,1,2
124353,4,4,4,4,5,4,5,5,5,2,4,4,5
110403,2,2,2,3,5,2,5,5,4,5,4,4,5
115980,5,5,5,1,5,5,5,5,4,5,5,4,5
30585,2,5,2,4,2,2,2,2,3,5,5,3,2
1509,2,2,2,5,4,2,4,4,4,5,5,3,4
86807,1,1,1,1,3,4,4,4,4,4,4,3,3
94174,3,3,4,3,5,4,4,3,3,2,3,4,4
23429,3,5,3,3,1,3,4,1,3,2,5,5,1
52746,4,4,4,3,4,2,2,1,5,4,4,2,2
122739,3,3,3,3,3,4,3,3,3,3,4,3,3
129556,2,3,2,1,4,2,4,4,2,5,2,2,4
79796,5,5,5,5,5,5,5,5,5,5,5,5,3
9309,4,4,4,4,5,5,5,5,5,2,4,4,5
83662,5,5,5,5,4,5,5,4,4,4,4,5,5
123020,4,5,5,2,5,5,3,5,5,4,5,5,5
97659,2,2,5,2,4,4,5,4,4,4,4,3,3
39245,5,5,5,5,3,5,2,4,4,4,4,5,4
98089,2,2,2,2,2,5,5,5,5,5,5,5,5
68381,5,5,5,5,2,5,5,2,2,2,2,4,5
89890,2,5,2,5,2,3,2,2,2,3,3,4,2
129040,4,5,5,5,4,3,3,5,5,5,4,3,3
36318,4,3,3,3,4,4,4,4,2,1,4,5,4
118224,4,5,5,3,5,5,5,5,4,3,4,4,5
121415,1,1,3,1,2,4,4,5,5,5,5,3,4
82523,1,2,2,2,1,1,1,1,3,1,3,1,1
123554,0,3,0,3,4,0,4,4,3,3,4,4,4
22178,2,4,4,4,2,2,2,2,1,4,2,2,2
8168,1,4,4,4,1,1,1,1,4,5,3,1,1
45392,2,5,5,5,4,3,3,2,2,2,2,4,4
22097,3,5,3,4,1,3,1,1,5,5,5,5,1
77976,3,4,4,4,5,2,3,2,2,2,3,1,4
85102,3,3,3,3,5,5,4,4,4,4,4,5,5
55621,1,5,1,4,4,1,4,4,3,3,5,5,4
125739,1,3,1,1,5,5,4,5,5,5,5,4,4
81455,2,2,2,2,4,4,5,5,5,5,5,3,3
80656,2,2,2,2,2,4,4,5,5,5,5,3,5
58140,1,1,1,1,2,4,5,5,5,5,5,4,4
40190,4,4,4,4,3,2,1,4,4,4,4,1,3
93643,1,1,1,1,1,1,1,1,1,4,3,4,1
62986,2,2,2,3,4,2,4,4,2,1,3,2,4
24986,2,2,4,2,4,4,4,4,5,4,5,3,4
66702,3,3,3,3,4,4,4,4,5,5,5,5,4
55628,4,1,1,1,4,4,4,4,4,3,3,2,4
108841,5,5,5,5,5,5,5,5,5,5,5,5,3
18614,4,5,4,3,2,4,2,2,4,5,5,3,2
51313,1,1,1,1,1,1,1,1,4,1,3,1,1
303,2,2,2,2,3,5,5,5,5,5,5,5,5
10186,1,1,1,1,4,4,4,4,4,5,4,3,4
84567,1,4,1,1,2,1,2,2,4,3,3,5,2
66001,3,3,3,4,4,3,4,4,4,4,4,3,4
75581,2,2,2,2,3,5,5,5,5,5,5,4,4
15839,2,4,2,2,1,4,5,5,5,5,5,3,2
60361,1,1,1,1,5,4,5,5,5,5,5,4,5
2356,5,0,5,4,1,5,1,1,3,4,5,3,1
100704,2,2,2,2,3,4,5,4,4,4,4,4,4
128872,5,0,5,4,5,4,4,3,3,5,4,4,4
63455,4,4,4,4,3,5,5,5,5,5,5,3,4
114324,2,0,3,1,3,3,3,3,4,3,4,5,3
98074,4,4,4,4,4,4,4,4,3,3,1,2,4
50286,4,2,2,2,2,2,4,2,1,4,4,4,2
22428,2,5,2,4,5,2,5,5,3,5,1,5,5
14481,3,4,3,1,4,3,4,4,3,5,2,1,4
118313,3,4,3,3,5,3,4,5,3,2,4,1,5
74189,3,4,2,3,4,2,4,4,5,5,4,3,4
85779,4,4,4,4,2,4,4,5,5,5,5,5,5
50769,2,1,2,3,2,2,2,2,3,5,3,2,2
467,5,5,5,5,4,4,5,4,4,4,4,5,5
54964,2,3,3,3,1,2,1,1,3,4,5,3,1
80135,3,3,4,3,3,4,5,4,4,4,4,4,5
92802,4,3,3,4,1,4,1,1,3,2,3,4,1
9161,4,4,4,4,5,5,4,5,5,5,5,4,3
120018,3,4,5,4,2,5,4,2,5,2,5,3,2
105339,3,3,3,3,4,4,5,5,5,5,5,4,5
69335,3,3,2,3,5,5,5,5,3,5,4,5,5
88565,1,2,1,3,5,4,4,4,4,1,5,4,4
1898,3,3,3,3,4,4,5,5,5,5,5,4,3
46368,3,3,3,3,3,3,3,3,3,2,3,3,3
96117,5,1,1,1,5,4,5,5,1,2,4,3,5
104728,1,1,1,1,2,5,4,3,3,3,3,5,3
93302,1,1,1,1,2,4,4,5,5,5,5,3,5
4606,3,3,3,3,4,5,5,5,5,5,5,5,5
58534,4,4,4,4,2,4,4,5,5,5,5,3,4
114736,1,1,1,1,3,3,3,3,5,3,4,3,3
120980,3,3,3,4,4,3,5,4,4,5,5,4,4
114574,3,3,3,3,5,5,5,4,2,4,5,5,5
89042,2,2,2,2,5,4,4,3,2,5,5,4,4
83223,5,5,5,5,3,4,4,4,4,4,4,5,3
85987,1,1,1,1,5,5,5,4,4,4,4,5,3
123565,1,4,4,4,4,2,3,1,1,1,1,2,4
942,5,5,5,5,2,4,4,4,4,4,4,5,4
99623,1,5,5,5,1,1,1,1,4,4,3,3,1
25009,2,5,2,2,3,2,4,3,4,2,5,3,3
97257,4,4,4,4,4,4,4,4,1,1,1,3,4
11568,3,3,3,3,2,5,4,5,5,5,5,3,3
13449,2,5,2,2,1,2,1,1,4,5,3,2,1
99380,2,2,4,2,4,4,5,4,4,4,4,3,4
59683,3,4,3,3,5,3,5,5,5,3,5,4,5
3738,3,0,3,2,3,3,1,3,4,4,3,4,3
109403,2,5,3,3,3,5,5,3,3,3,5,5,3
11069,2,5,2,4,5,2,5,5,3,2,4,3,5
46440,1,1,1,1,2,3,3,1,1,1,1,3,4
104980,3,2,3,4,4,3,3,4,4,1,4,1,4
104384,3,5,3,1,2,5,5,4,4,3,4,5,3
77401,2,1,2,3,3,2,3,3,3,2,3,1,3
35519,3,5,2,4,2,2,2,3,2,5,4,2,2
103737,3,1,3,3,4,3,4,4,2,3,3,3,4
74273,1,1,1,1,5,1,5,5,5,5,4,4,5
91896,0,0,0,2,3,0,3,3,3,5,4,4,3
111062,3,5,3,4,4,5,5,4,4,3,4,2,5
121978,5,5,5,5,2,4,4,4,4,4,5,3,4
128509,3,5,3,5,1,3,1,1,4,2,5,4,1
64972,3,2,2,2,3,4,3,3,3,2,5,1,3
87837,3,0,3,4,4,3,3,4,3,5,3,1,4
45721,4,5,5,3,1,5,5,1,2,1,4,1,1
65201,4,4,4,4,5,4,4,4,4,4,4,4,3
22437,2,2,2,1,1,1,2,1,1,2,1,4,4
17449,5,4,4,4,5,5,5,5,3,5,3,3,5
10154,4,4,4,4,2,5,5,4,4,4,4,3,4
13863,2,4,2,4,2,2,2,2,2,3,3,4,2
99506,1,3,1,3,4,1,4,4,3,2,4,1,4
58515,4,4,4,4,5,4,5,5,5,4,5,4,5
127939,3,1,3,2,5,3,3,5,1,2,2,1,5
127830,2,5,2,3,4,2,4,4,1,3,3,5,4
103599,2,2,2,2,5,5,5,5,3,2,4,4,5
108444,1,1,1,4,1,1,1,1,3,5,3,4,1
21260,3,5,3,2,1,1,3,1,1,3,1,3,2
61810,2,5,2,1,5,2,5,5,5,5,5,4,5
54027,3,3,3,4,5,3,4,5,5,3,5,2,3
107034,2,2,5,2,5,4,4,4,4,4,4,3,4
95267,2,5,2,1,5,2,4,5,3,2,4,4,5
8664,2,5,3,3,5,2,2,2,2,2,2,3,2
76822,1,1,1,1,4,3,4,2,2,2,2,3,4
74684,3,3,3,5,1,3,1,1,1,1,4,4,1
37114,1,1,1,1,1,2,5,4,4,5,4,4,5
70223,2,2,2,2,3,5,5,5,5,5,5,3,4
125604,3,5,4,4,3,4,3,3,5,5,4,3,3
83032,5,5,5,5,5,5,5,5,4,2,5,5,5
88087,0,1,1,2,5,4,4,1,1,1,1,3,3
18395,1,2,1,3,4,1,4,4,3,5,4,2,4
86116,4,3,4,2,4,4,4,4,4,2,5,3,4
31648,4,4,4,4,4,4,4,4,3,2,5,3,4
54016,2,2,2,1,3,2,3,3,5,2,3,5,3
55310,2,2,4,2,2,4,5,5,5,5,5,4,3
85341,1,1,1,4,5,1,4,5,4,4,5,3,5
118783,3,1,0,2,3,0,3,3,4,5,2,3,3
23217,4,3,4,3,5,4,5,5,4,4,5,3,5
113093,3,4,4,4,5,3,4,2,2,2,3,1,3
127766,3,2,3,3,1,3,1,1,4,2,3,4,1
50516,5,0,5,3,5,5,2,5,3,3,4,5,5
73589,1,4,4,4,2,1,2,2,3,4,4,4,2
63796,2,4,2,5,5,2,5,5,1,3,3,5,5
31096,3,0,3,1,4,3,4,4,4,5,5,4,4
57180,4,1,4,2,4,4,4,4,1,5,1,3,4
105907,3,1,4,3,3,4,4,3,3,2,3,4,3
6129,5,5,5,5,2,4,4,5,5,5,5,5,5
95859,2,2,2,2,5,5,4,4,4,4,4,3,5
9478,4,5,4,1,5,4,3,3,3,4,3,3,4
54721,4,4,4,1,3,4,3,3,3,2,5,5,3
79174,4,4,4,4,5,5,5,5,3,4,4,5,5
93988,2,3,2,3,4,2,4,4,5,4,1,3,4
2238,3,3,3,4,5,3,5,5,2,4,3,2,5
112719,1,5,1,1,4,1,4,4,2,5,4,5,4
90577,4,4,4,4,4,4,5,4,4,4,4,4,5
79459,3,3,3,3,2,4,4,4,4,4,4,5,3
110490,2,0,1,2,1,3,5,1,1,1,1,2,3
59755,2,2,2,2,2,5,4,5,5,5,5,5,4
74545,1,1,1,1,5,5,5,5,3,2,5,4,5
28334,1,1,1,4,4,1,4,4,1,2,3,1,4
74284,4,4,4,4,5,5,4,4,4,4,4,5,5
78091,3,2,0,3,2,4,4,5,5,0,5,4,2
28906,2,2,2,2,5,5,5,5,5,5,1,4,5
87575,3,2,4,4,1,4,1,1,3,5,3,2,1
42261,2,4,4,4,2,2,1,2,1,5,3,3,2
23285,3,4,4,4,5,3,5,3,3,3,3,1,3
129872,4,2,4,2,4,4,4,4,5,1,3,5,4
40775,3,3,3,3,1,2,3,3,3,3,3,2,3
67823,4,4,4,4,4,2,1,3,3,4,3,1,3
18675,1,4,1,2,3,1,3,3,5,4,5,5,3
70957,1,1,1,1,4,5,4,4,4,4,4,5,3
62739,4,4,4,4,4,2,2,3,2,4,4,2,2
8331,4,4,2,4,3,5,5,5,5,5,5,4,5
19784,1,1,1,1,1,1,1,1,3,2,4,1,1
61600,5,5,1,5,5,5,5,5,5,5,5,5,4
55657,3,5,3,5,4,3,4,4,4,4,4,2,4
99104,4,4,4,4,5,5,5,5,4,4,5,3,5
8278,1,5,2,1,1,2,1,1,3,3,5,5,1
77660,3,3,3,3,5,5,5,5,4,3,4,5,5
91761,2,1,1,1,1,4,4,2,2,2,2,2,3
105761,1,1,1,1,5,5,5,5,2,1,5,3,5
108027,3,3,3,3,2,5,4,4,4,4,4,5,5
86904,1,3,3,3,5,2,3,1,1,1,1,1,2
106997,2,2,2,4,4,2,4,4,4,5,4,4,4
81849,0,4,0,3,4,0,4,4,5,4,5,5,4
120974,2,4,5,5,2,2,2,2,4,1,3,2,2
33101,4,5,0,3,3,0,3,3,5,5,4,5,3
22816,4,2,2,2,4,4,4,1,4,3,2,4,4
16078,3,2,3,4,1,3,1,1,4,3,3,4,1
127693,1,1,1,1,4,4,4,2,2,2,2,4,3
54209,4,2,2,2,4,4,5,4,3,1,5,3,4
127678,1,5,1,3,2,4,4,3,3,1,3,4,3
118537,1,5,2,5,1,1,1,1,4,1,3,1,1
61886,2,3,2,3,1,2,1,1,1,4,4,2,1
30459,3,2,3,4,5,3,5,5,4,3,4,2,5
118740,2,1,2,3,3,2,5,3,2,4,4,2,3
108701,2,4,2,1,4,2,4,4,3,5,5,4,4
61256,1,5,1,5,4,1,5,4,5,2,4,4,4
123435,1,4,1,3,4,1,4,4,5,2,3,5,4
126171,2,0,2,1,4,2,4,4,3,2,5,5,4
59272,5,5,5,5,5,5,5,4,5,2,5,5,5
128928,3,3,3,3,3,4,4,5,5,5,5,5,4
126115,3,3,3,4,5,3,5,5,4,5,5,3,5
102957,3,4,3,3,4,3,1,4,5,5,4,4,4
111937,4,4,4,4,5,4,5,5,5,5,5,4,4
125786,5,5,5,5,2,4,4,4,4,4,4,3,3
108630,4,1,1,1,4,4,4,4,2,3,4,4,4
21767,5,1,1,1,5,5,5,5,2,3,2,5,5
21894,3,3,3,3,3,2,5,5,5,5,5,5,4
110994,5,5,5,5,4,5,5,4,4,4,5,4,4
9832,4,2,4,3,4,4,4,4,1,5,4,2,4
90085,5,5,5,5,3,5,4,4,4,4,4,3,4
49293,4,4,4,4,5,3,1,5,5,5,5,2,5
68937,4,3,2,3,4,4,4,2,1,4,4,4,4
90343,3,3,5,3,3,5,5,5,5,5,5,3,4
75100,3,3,3,3,5,3,5,4,4,4,4,4,5
84651,3,3,3,1,5,3,5,5,4,3,4,5,5
113633,2,4,4,3,1,4,1,1,1,1,4,4,1
70426,0,4,0,4,1,0,1,1,4,4,5,5,1
30161,1,3,1,3,5,1,5,5,5,5,2,4,5
75311,1,1,1,1,4,4,4,4,2,4,5,4,4
40840,3,3,3,3,1,3,1,1,3,4,5,4,1
20333,3,4,3,1,4,3,4,4,2,4,4,3,4
42446,2,1,1,4,1,1,1,1,4,5,1,4,1
63097,2,2,2,5,4,2,4,4,3,2,4,3,4
17089,4,3,3,3,3,3,2,4,4,4,4,1,3
114037,1,1,2,1,5,4,5,5,5,5,5,3,4
3085,1,1,1,1,4,4,4,4,5,4,4,4,4
58221,3,5,3,1,1,3,1,1,4,3,5,5,1
31022,4,1,4,2,4,3,3,4,4,4,4,2,1
28898,2,2,2,2,4,4,4,4,1,3,1,1,4
123401,1,1,1,1,5,4,5,2,2,2,2,3,4
67098,3,3,3,3,5,3,5,5,4,2,3,3,5
65867,5,5,5,4,4,5,4,4,4,4,5,3,4
97079,5,5,5,5,5,5,4,5,5,5,5,3,5
122375,3,1,1,1,3,3,3,3,3,5,3,2,3
3167,3,3,2,3,4,4,5,3,3,3,3,4,3
89423,1,1,1,1,4,4,3,5,5,5,3,1,3
61684,4,4,4,4,3,5,5,2,2,2,2,5,5
72964,5,5,5,5,5,5,5,5,4,2,4,4,5
98186,2,2,2,2,2,5,5,4,4,5,4,4,4
53403,2,5,5,5,4,2,4,2,2,2,2,1,3
126599,3,2,2,2,2,4,4,3,3,3,3,4,1
44329,2,3,2,4,2,2,2,2,1,1,3,1,2
5037,0,5,0,2,3,5,4,4,4,4,4,4,4
49720,1,0,0,4,3,1,2,3,1,5,3,4,3
102641,2,5,2,2,5,4,5,5,5,5,5,4,5
56402,5,5,5,3,2,5,2,2,3,4,4,3,2
118145,1,1,4,1,5,4,5,5,5,4,5,5,5
114785,1,1,1,1,2,4,5,5,5,5,5,3,5
76570,4,3,3,3,4,3,4,4,2,4,3,3,4
43611,2,2,2,2,2,4,1,5,5,5,3,2,4
128186,3,0,3,3,1,3,1,1,3,5,4,4,1
50041,2,4,4,4,3,3,4,2,2,2,2,1,2
10109,3,4,3,3,1,3,1,1,3,2,1,4,1
44984,4,4,4,4,1,1,1,4,4,4,5,3,5
27909,3,3,3,3,3,3,5,4,2,3,3,5,5
61115,4,4,0,4,4,0,4,4,1,5,5,4,4
71410,1,3,3,3,3,4,4,1,1,1,1,1,2
20126,3,3,3,3,3,3,3,3,4,1,2,3,3
4040,1,1,1,4,1,1,1,1,3,3,3,2,1
70416,2,3,3,3,2,2,2,2,3,1,2,4,2
69445,1,1,1,4,4,1,4,4,2,5,2,3,4
74712,4,4,4,3,2,4,4,2,5,4,2,5,2
10194,4,4,4,4,3,4,3,3,4,5,5,5,3
32773,1,1,1,1,3,4,3,1,1,2,1,1,3
98904,5,5,4,5,2,5,4,4,4,4,4,3,5
103014,3,3,3,1,3,3,3,3,4,5,4,5,3
14085,4,4,4,4,2,3,2,4,4,5,4,2,1
110233,1,1,1,1,4,4,4,4,5,2,5,5,4
108242,1,5,5,5,1,1,1,1,4,5,4,4,1
71244,2,3,3,3,3,3,3,2,2,2,2,2,3
8645,3,1,3,3,5,5,5,4,4,4,4,4,3
59580,1,1,1,1,3,4,4,3,3,4,3,4,3
31267,3,3,3,3,5,5,5,5,2,4,4,2,5
49618,3,0,3,4,1,3,1,1,4,3,4,5,1
71455,2,4,2,3,4,2,4,4,3,2,1,4,4
108299,2,2,2,2,3,3,4,2,2,2,2,4,5
119777,2,1,1,1,4,4,4,2,2,3,2,2,1
63694,1,4,3,4,5,3,3,1,1,1,1,4,4
38291,3,5,3,1,2,3,1,2,3,5,3,5,2
5179,3,3,3,3,5,5,5,4,2,5,4,5,5
98888,3,4,4,3,2,4,2,2,4,5,3,2,2
23730,2,4,2,1,5,2,3,5,5,3,4,5,5
85765,5,5,5,5,3,4,4,4,4,4,4,5,4
76444,2,4,4,4,2,2,2,2,1,3,4,2,2
9106,4,4,4,4,5,4,4,3,3,3,3,3,4
87291,5,5,5,3,1,5,1,1,4,2,5,3,1
6749,0,4,0,2,4,5,5,3,3,3,3,4,3
86467,3,1,3,4,3,3,3,3,4,1,3,4,3
81284,1,3,1,2,2,1,4,2,5,5,4,1,2
120781,1,5,2,1,2,2,2,2,1,2,5,5,2
30574,2,2,2,2,2,2,2,2,1,1,4,4,2
101938,3,3,5,3,2,5,5,3,3,3,3,3,5
124658,1,1,1,1,4,1,4,4,5,2,5,3,4
14123,2,3,2,2,3,1,5,5,5,2,5,4,4
121317,4,4,4,4,1,4,1,1,4,2,5,4,1
87964,1,1,1,1,2,5,5,4,4,5,4,4,5
117459,3,0,3,1,3,3,3,3,3,4,4,3,3
89895,4,1,1,1,4,3,4,4,3,5,4,1,4
123980,5,5,5,5,2,5,4,5,5,5,5,4,3
74380,2,2,2,2,4,4,5,5,5,5,5,4,5
41790,4,4,4,4,1,5,1,5,5,5,5,1,3
78913,3,4,3,1,2,4,4,2,2,3,2,5,4
125580,2,2,2,2,2,5,5,5,5,5,5,5,5
25020,1,1,1,4,3,1,3,3,2,3,3,1,3
76925,4,4,1,4,4,4,4,4,4,5,5,5,4
100688,2,5,2,5,2,2,2,2,5,5,5,3,2
16180,2,0,2,5,5,2,5,5,2,2,1,5,5
101125,3,1,3,3,1,3,3,3,3,3,3,2,2
118168,0,5,0,4,5,0,5,5,4,3,5,3,5
69285,2,5,1,3,4,1,4,4,3,1,3,5,4
1384,4,3,3,3,5,2,3,4,4,4,4,2,3
123793,2,0,2,2,1,2,1,1,3,2,4,4,1
3916,1,4,0,3,2,0,2,2,5,4,5,4,2
63525,3,3,3,3,4,4,4,4,5,5,5,4,4
32949,2,3,2,3,2,2,2,2,3,4,3,3,2
62934,2,2,2,2,3,5,5,5,5,5,5,4,5
89029,2,2,2,2,5,5,4,4,4,4,4,3,4
65001,4,4,4,4,4,4,4,4,5,5,1,4,4
94463,0,5,0,1,5,4,4,4,4,3,3,5,3
53460,1,2,1,1,1,1,1,1,3,3,3,1,1
78706,4,4,4,4,2,4,5,4,4,4,4,4,3
69843,3,5,4,1,5,4,5,5,4,5,4,5,5
38221,4,2,4,3,3,3,4,4,4,4,3,3,3
72340,2,5,5,5,1,2,3,2,2,2,2,4,2
14915,2,2,2,4,2,5,5,3,5,4,4,5,5
76609,5,4,4,3,1,4,1,1,3,5,4,3,1
121745,3,5,3,3,5,4,5,3,3,3,3,3,4
33521,4,4,4,4,2,4,2,2,3,3,4,5,2
94254,0,0,0,1,3,5,4,1,1,1,1,5,5
43066,5,5,5,4,3,5,3,3,4,3,3,1,3
59542,3,3,3,3,4,4,4,4,5,4,4,3,4
68291,1,5,1,2,2,1,2,2,3,1,5,2,2
59722,3,4,4,4,3,3,3,3,1,1,3,3,3
16539,5,2,2,2,2,5,3,5,5,5,5,2,3
77847,2,3,2,3,2,2,2,2,1,5,3,1,2
84088,4,4,4,1,5,4,5,5,3,5,5,5,5
109802,2,2,2,3,4,2,4,4,5,3,5,4,4
72661,3,5,2,4,4,2,2,4,3,5,5,5,4
48790,2,5,5,5,3,2,2,2,2,2,2,2,2
27466,4,4,4,4,5,5,5,5,4,3,2,1,5
13523,4,4,4,1,4,4,4,4,3,5,5,4,4
77334,1,1,1,1,4,4,4,2,2,2,2,4,4
83408,3,3,3,3,2,5,4,5,5,5,5,4,5
106674,5,5,5,5,4,5,4,4,4,4,4,3,3
94232,4,4,4,4,2,5,4,4,4,4,4,3,4
29424,2,4,2,5,2,1,1,5,5,3,1,1,1
43117,3,2,3,4,2,3,5,2,4,1,3,4,2
65049,2,5,0,2,1,0,4,1,5,4,4,4,1
35915,3,5,3,4,5,3,5,5,3,5,3,5,5
35445,2,5,2,5,2,2,2,2,1,1,2,3,2
36661,1,5,1,2,5,4,4,1,1,1,1,5,3
73781,3,1,3,4,2,3,2,2,3,5,3,4,2
2927,3,3,3,3,2,5,4,4,4,4,4,5,3
24261,3,5,3,5,2,3,2,2,3,5,4,1,2
102423,2,4,0,3,1,0,1,1,4,5,5,4,1
81255,3,3,3,3,2,3,2,2,3,2,4,5,2
64174,5,5,5,5,5,5,5,5,4,5,4,4,5
80466,1,1,1,4,3,1,5,3,2,3,3,1,3
113722,3,3,3,3,1,4,4,4,4,3,4,4,3
23302,4,4,4,4,2,1,5,4,4,4,4,4,2
38651,4,4,4,4,2,2,3,4,4,4,4,1,2
108259,5,1,1,1,5,5,5,5,5,3,2,5,5
22382,3,1,2,3,5,2,5,5,1,4,2,4,5
106976,2,2,2,2,1,2,3,2,2,2,2,3,2
56490,3,3,1,3,5,5,5,3,3,4,3,4,4
48252,2,5,2,1,5,2,4,5,3,5,4,5,5
53157,1,1,4,1,5,5,4,5,5,5,5,4,3
93717,4,4,4,4,3,4,3,3,3,3,4,4,3
6926,3,3,3,3,3,5,4,4,4,4,4,3,3
61655,2,2,2,2,3,3,3,3,5,3,5,5,3
112238,5,5,5,5,4,5,4,5,5,5,5,4,4
66840,1,0,1,1,4,1,4,4,1,5,2,3,4
97909,1,1,1,5,5,1,5,5,5,4,5,4,5
45867,4,4,4,1,2,4,2,2,2,5,5,1,2
70677,5,2,2,2,5,5,5,5,2,2,1,1,5
6340,5,5,5,1,5,5,5,5,5,4,5,4,5
1558,3,3,3,3,5,3,5,5,4,5,2,1,5
127490,2,4,2,1,4,2,4,4,4,2,3,3,4
49785,1,1,1,1,1,3,2,5,5,5,5,2,5
70314,4,4,4,4,3,5,5,4,4,4,4,3,3
43481,4,4,4,4,3,4,3,3,1,1,3,3,3
41320,4,5,4,2,2,4,2,2,4,3,4,4,2
88522,2,3,2,1,1,2,1,1,4,4,4,4,1
39921,3,3,3,3,4,1,4,2,2,2,2,5,5
96636,4,4,4,4,5,5,4,4,4,4,4,4,4
26014,2,1,1,1,2,2,2,2,4,1,3,3,2
112451,3,3,3,3,1,2,2,3,3,3,3,1,1
5350,4,4,4,4,3,5,5,4,4,5,4,4,5
6309,5,2,5,5,5,5,5,5,5,2,5,3,5
42603,4,4,4,4,1,4,2,1,1,1,5,5,1
81625,1,1,1,1,3,4,5,5,5,5,5,5,4
17363,2,2,2,4,4,2,4,4,3,3,3,1,4
68103,1,1,1,1,2,1,5,2,4,4,2,3,2
50848,2,5,2,2,4,5,4,3,3,2,3,4,3
43096,4,4,4,2,4,4,4,4,2,4,3,2,4
5843,2,2,2,2,4,4,5,4,4,5,4,3,3
69888,1,4,0,1,4,0,4,4,4,3,5,3,4
17549,3,2,2,4,2,2,4,2,4,5,4,1,2
39790,2,3,3,3,3,3,4,2,2,2,2,1,2
42891,4,1,1,1,2,4,3,4,4,4,4,3,2
78774,2,1,1,1,2,2,2,2,3,1,3,4,2
80277,1,1,1,1,5,4,4,4,5,4,4,4,4
118430,4,4,4,4,3,5,5,4,4,4,4,4,3
98053,3,3,3,3,5,3,1,5,1,2,4,2,5
101745,3,3,3,3,5,5,5,5,5,4,5,3,5
103274,2,5,2,2,4,2,4,4,2,3,2,4,4
4118,3,3,3,5,5,3,5,5,4,3,4,3,5
50368,0,0,0,3,3,0,3,3,4,4,1,4,3
9593,1,4,1,5,2,1,2,2,3,2,4,5,2
81572,2,1,1,2,4,1,2,4,4,1,2,2,4
2299,4,4,4,4,4,4,5,4,2,5,4,2,4
43696,3,3,3,3,5,2,1,4,4,4,4,2,5
4070,1,1,1,3,5,1,5,5,4,1,4,4,5
8808,3,3,3,4,1,3,1,1,1,1,3,2,1
74407,4,4,4,4,3,3,3,3,4,4,5,4,3
103172,0,4,0,5,4,0,4,4,4,3,4,4,4
63901,4,5,5,5,4,4,4,4,1,3,4,2,4
20575,4,4,4,3,2,4,2,2,1,4,4,1,2
71935,2,3,3,3,5,3,3,3,3,2,3,2,2
122570,4,4,4,4,5,4,5,5,5,4,5,5,3
109856,2,2,2,3,1,2,1,1,2,1,4,2,1
55362,1,1,1,1,3,5,5,3,3,4,3,5,5
120351,2,4,2,3,1,2,1,1,4,2,5,3,1
106853,2,2,5,2,5,5,4,4,4,4,4,4,3
110224,2,5,2,2,2,2,2,2,1,3,3,4,2
130,1,1,1,1,4,5,4,4,4,4,4,3,4
5127,4,4,4,3,2,4,2,2,5,2,5,3,2
92926,0,0,0,1,4,0,4,4,3,2,4,5,4
72483,3,4,3,3,5,5,4,2,2,2,2,3,3
101575,4,4,4,4,4,4,4,5,5,5,5,5,3
99884,1,1,1,1,4,4,4,4,5,3,5,5,4
49649,0,0,0,2,1,0,1,1,3,4,3,3,1
38626,4,5,5,4,5,4,5,5,2,2,4,3,5
115067,3,0,2,4,3,2,3,3,4,5,4,3,3
49123,4,3,4,3,3,4,3,3,2,5,2,5,3
125831,4,0,4,2,1,4,1,1,4,2,5,4,1
15205,2,4,2,1,3,2,2,3,5,3,4,5,3
119695,4,4,3,4,3,5,4,5,5,5,5,5,3
77514,1,2,2,2,4,1,4,4,4,2,5,5,4
42030,2,4,4,4,2,2,2,2,3,2,4,4,2
86906,2,2,2,2,3,5,5,4,4,4,4,5,5
66945,5,5,2,5,3,5,4,5,5,5,5,3,4
19239,3,3,3,3,5,5,5,5,2,3,5,5,5
122451,5,5,5,4,1,5,1,1,5,2,5,4,1
118364,4,1,5,5,3,4,4,4,4,4,4,1,1
22586,5,5,5,5,5,5,5,5,4,4,4,2,5
122245,2,3,3,3,2,3,3,2,2,1,2,2,4
109882,4,3,4,1,5,4,3,5,4,3,5,5,5
5848,4,4,4,4,3,5,4,3,3,3,3,3,4
77106,2,3,3,3,4,2,4,4,3,4,5,5,4
62270,1,1,1,1,2,3,4,4,4,4,4,3,3
54046,4,4,4,4,5,5,5,5,3,5,1,5,5
4621,3,4,3,3,4,3,4,4,1,5,3,4,4
114112,3,3,3,3,2,5,4,4,4,4,4,5,4
69466,1,2,1,3,4,1,4,4,2,3,4,4,4
104598,3,1,3,4,1,3,1,1,1,2,4,2,1
21528,2,4,2,5,3,5,5,3,3,2,3,5,3
22003,1,5,1,3,3,1,3,3,3,4,4,3,3
46104,2,2,5,2,1,1,3,3,3,4,3,5,4
95944,2,2,2,3,4,2,4,4,3,2,4,4,4
8267,2,5,2,2,4,2,4,4,4,3,5,3,4
71312,3,3,3,3,5,5,5,5,4,2,4,5,5
123482,4,4,4,1,1,4,1,1,5,5,4,3,1
71871,3,5,2,3,1,2,1,1,3,2,3,5,1
83276,2,4,2,3,3,4,5,2,2,2,2,3,2
37527,2,2,2,2,5,5,5,5,1,1,1,4,5
20146,1,1,4,1,1,1,1,1,2,4,3,4,1
57301,0,0,0,2,4,4,5,2,2,2,2,4,4
21443,4,5,3,3,4,4,4,4,1,5,1,2,4
52771,4,4,4,4,4,4,4,4,4,3,5,1,4
38058,4,3,3,4,5,3,5,5,2,5,5,1,5
115082,4,4,4,1,1,4,1,1,3,5,5,5,1
74530,3,3,3,3,5,5,4,5,5,5,5,3,5
87107,2,4,1,1,1,1,1,2,2,1,2,2,4
50738,1,5,1,4,4,1,4,4,4,2,5,4,4
50304,2,3,1,4,5,1,3,5,2,3,4,3,5
6024,3,3,3,3,5,5,5,5,5,5,5,3,4
117211,1,4,1,4,5,1,5,5,5,2,4,5,5
19427,1,2,2,2,1,1,1,1,2,5,3,4,1
118581,2,4,4,4,2,2,2,2,1,2,3,4,2
120372,5,5,5,5,4,4,4,4,4,3,5,4,4
10359,2,2,2,2,4,5,5,4,4,5,4,5,3
87522,2,4,2,4,1,4,4,4,4,2,4,2,5
112909,4,5,1,5,4,4,4,4,5,1,5,1,4
17481,3,3,3,3,4,4,5,5,5,5,5,2,3
117943,5,5,5,5,4,4,4,5,5,5,5,5,4
16735,2,5,1,3,4,1,4,4,3,4,3,2,4
39752,5,5,1,5,4,4,5,4,4,4,4,4,5
106333,2,5,2,2,4,2,4,4,3,4,4,5,4
84559,1,4,1,1,1,1,1,1,3,1,5,1,1
25052,2,4,2,3,1,2,1,1,2,2,5,4,1
114055,1,3,3,3,1,1,1,1,4,2,3,1,1
109347,2,4,3,2,2,4,5,1,1,3,1,4,5
83740,4,4,4,3,2,4,2,2,5,4,5,4,2
101141,3,3,3,3,2,5,5,4,4,4,4,5,3
121621,3,4,2,4,4,2,4,4,4,4,5,3,4
98478,5,5,5,5,5,5,5,4,4,4,4,5,4
4870,2,3,2,4,4,2,4,4,2,5,3,3,4
82945,3,3,3,3,4,4,4,4,4,5,4,3,4
17502,1,4,4,4,1,1,1,1,2,3,4,2,1
46233,3,2,5,2,3,3,2,3,4,3,3,2,3
50648,3,1,3,2,3,3,3,3,2,3,2,2,3
112177,5,5,5,2,4,4,2,1,1,5,1,3,3
65100,3,4,0,1,5,0,5,5,4,2,4,3,5
44718,1,5,0,4,5,0,5,5,3,4,5,5,5
62131,1,1,0,3,5,0,5,5,2,4,2,2,5
25599,1,4,1,3,1,1,2,1,3,4,4,4,1
79312,2,4,1,2,3,1,3,3,5,5,5,3,3
41875,4,4,4,4,4,4,4,4,5,4,2,4,4
95646,2,2,1,2,5,4,5,4,4,4,4,5,3
126229,5,3,3,3,2,5,4,5,5,5,5,1,1
123892,1,5,1,4,4,1,4,4,5,2,2,4,4
409,1,5,5,5,4,3,4,1,1,1,1,2,2
28378,3,3,3,3,3,3,2,3,2,1,3,1,3
126143,2,2,2,2,5,4,5,5,4,3,5,4,5
59033,4,4,4,4,5,5,5,5,4,4,4,3,5
117709,2,2,2,2,1,2,1,1,3,5,5,4,1
39953,4,2,4,3,3,4,5,3,2,4,4,1,3
42694,2,5,2,4,4,4,5,1,1,2,1,4,4
31620,3,5,3,1,3,4,4,2,2,3,1,4,5
6560,1,1,3,1,3,3,3,5,2,4,4,3,3
87582,2,4,4,3,1,3,3,4,4,4,3,4,5
29216,2,2,2,2,2,5,4,4,4,4,4,4,5
85229,0,1,1,4,4,2,4,1,1,1,1,5,1
90736,2,2,2,2,4,5,5,4,4,4,4,5,5
91091,1,3,1,3,5,3,4,1,1,1,4,1,3
5192,5,3,5,5,4,5,5,5,5,5,5,3,5
14548,1,5,1,3,2,5,4,1,1,1,1,4,5
39904,2,2,2,3,2,2,2,2,4,3,3,1,2
65118,2,3,2,4,4,2,4,4,1,5,3,2,4
77332,4,4,4,4,3,5,5,5,5,5,5,4,4
29056,2,3,2,4,1,3,3,4,4,2,4,1,4
41911,5,5,5,5,4,3,2,4,4,4,5,3,4
31788,5,5,5,3,5,3,3,3,2,5,4,3,3
55974,3,5,3,1,2,3,4,4,4,3,4,5,4
60916,4,4,4,3,4,4,4,2,4,3,3,4,4
15100,1,3,1,4,5,1,5,5,4,3,5,3,5
115146,4,4,4,4,5,5,5,4,4,4,4,3,5
16984,4,4,4,4,4,4,4,4,2,4,5,4,4
86965,4,1,5,5,4,4,4,4,3,2,2,1,4
58276,4,4,4,3,4,4,4,4,2,4,4,3,4
76033,0,0,0,1,2,5,4,2,2,2,1,3,4
47327,2,0,2,1,4,2,5,4,3,1,1,3,4
34171,3,3,3,3,4,3,3,4,2,4,3,1,4
49414,5,4,5,4,5,5,5,5,4,2,5,3,5
55135,3,5,3,4,5,4,4,2,2,3,2,4,4
7483,5,0,5,4,2,5,2,2,4,3,4,5,2
81644,0,0,0,3,5,0,5,5,5,4,5,4,5
70420,1,3,3,3,5,4,4,4,4,4,1,4,3
4282,1,1,1,1,4,1,1,4,4,4,3,1,1
83017,2,2,2,2,3,5,4,4,4,4,4,4,5
113703,2,5,4,2,1,1,4,3,3,4,3,2,4
106625,4,1,4,4,5,5,5,4,4,4,4,3,4
100898,2,2,2,3,4,2,4,4,4,5,4,3,4
325,3,1,3,3,2,3,2,2,2,2,4,4,2
52805,2,2,2,2,4,4,4,4,3,3,5,5,4
11840,1,1,1,1,4,4,4,4,4,5,4,4,5
39378,4,4,4,4,2,1,2,3,3,4,3,1,2
71498,4,2,4,4,2,4,3,1,1,4,1,4,3
16228,2,0,2,2,1,2,1,1,4,2,1,1,1
64499,1,3,3,3,2,3,4,2,2,2,1,2,2
120340,1,1,1,5,5,1,5,5,3,4,5,4,5
9389,1,1,1,1,4,3,3,1,1,1,1,1,2
26037,5,2,2,2,5,5,5,5,2,1,3,5,5
8879,3,5,5,5,4,3,4,4,1,5,4,2,4
20838,3,3,5,3,4,3,5,5,5,4,5,4,2
34866,4,4,4,1,4,4,4,4,3,4,3,2,4
127477,4,1,1,1,1,3,4,4,4,4,4,2,3
116142,2,4,5,5,4,5,1,4,5,3,5,3,4
99407,2,1,1,1,2,2,2,2,3,2,3,4,2
66155,2,3,2,4,3,2,5,2,2,2,2,2,5
32705,4,4,4,4,3,4,4,2,2,2,4,3,2
121605,4,5,4,3,2,4,2,2,4,3,5,5,2
5709,3,4,0,5,1,0,3,1,3,5,4,5,1
70241,5,5,5,5,5,3,5,5,5,5,5,4,4
1093,3,5,3,5,3,1,3,4,4,3,4,2,4
25879,4,2,5,2,4,4,4,4,1,5,1,1,4
19619,2,2,2,3,1,2,1,1,2,2,3,2,1
94367,2,2,2,2,2,5,5,5,5,5,5,3,3
120209,2,2,2,2,2,2,2,2,4,4,4,3,2
76695,2,3,2,4,1,2,1,1,2,5,4,2,1
23163,3,3,3,3,2,3,2,2,1,3,4,3,2
6786,1,2,2,2,1,1,1,1,1,4,2,3,1
84141,3,1,3,4,3,3,3,3,4,3,3,3,3
36867,4,1,4,4,3,4,3,3,2,2,4,4,3
106578,4,2,4,4,2,4,2,2,2,5,3,4,2
9994,2,5,2,5,3,2,3,3,4,4,4,5,3
89268,3,3,3,3,1,3,1,1,4,4,4,3,1
11632,3,3,3,3,2,5,5,3,3,4,3,3,3
41469,2,2,2,2,3,5,5,4,4,4,4,5,1
116066,2,1,5,3,2,5,2,2,2,3,3,1,2
60320,1,1,1,1,2,5,5,5,5,5,5,3,4
66073,2,4,2,4,1,2,1,1,2,3,3,1,1
110379,2,3,3,3,2,2,2,2,1,4,4,1,2
110879,3,3,3,3,3,4,5,4,4,4,4,5,3
55394,2,3,3,3,2,2,1,2,4,1,3,2,2
31182,2,4,1,2,2,1,1,2,4,3,3,5,2
3217,4,5,5,1,5,4,5,5,5,5,5,5,5
547,5,5,5,5,3,5,5,4,4,4,4,5,4
99552,2,2,2,2,5,5,5,5,3,3,4,3,5
10201,1,1,1,1,2,5,5,5,5,5,5,4,3
106421,2,4,3,1,3,3,3,3,4,2,4,5,3
9550,1,1,1,1,5,5,5,5,5,5,4,5,5
25459,2,4,5,5,2,2,2,2,4,4,4,3,2
49239,2,2,2,2,5,5,5,5,3,5,4,5,5
57116,3,3,3,2,1,3,1,1,3,2,3,2,1
113671,1,4,0,5,4,0,4,4,5,4,4,5,4
73809,3,5,3,3,2,3,2,2,3,3,4,3,2
74632,3,3,3,1,5,3,1,5,3,3,1,3,5
92577,5,3,3,3,5,5,5,5,3,5,3,5,5
33319,2,2,2,4,1,2,1,1,4,1,4,2,1
37591,1,2,1,3,1,1,1,1,3,2,3,4,1
43817,4,5,5,5,1,2,3,4,4,4,4,4,2
22980,3,3,3,3,1,5,3,3,3,4,3,5,1
49997,2,3,3,3,1,4,3,3,3,2,3,1,3
95988,2,2,2,2,4,4,4,3,3,3,3,5,3
120644,1,1,1,1,4,5,4,5,5,5,5,5,5
91603,3,3,3,3,2,5,4,5,5,5,5,3,4
86894,0,0,0,5,3,4,5,5,5,5,5,3,3
86782,1,1,3,1,4,4,4,4,3,2,4,4,4
23990,3,3,3,3,1,3,1,4,4,4,4,2,2
83224,2,2,2,2,5,5,5,5,3,3,5,3,5
26572,5,5,5,5,4,1,3,5,5,5,5,1,1
120787,3,5,3,1,3,3,3,3,3,4,4,3,3
121379,2,2,2,2,5,5,5,5,4,2,3,5,5
33021,5,5,5,5,4,5,4,4,5,1,5,2,4
72501,1,2,2,2,1,1,1,1,3,2,4,3,1
84106,3,4,3,2,5,3,5,5,5,2,5,5,5
26817,5,4,4,4,5,5,5,5,1,5,1,5,5
41562,5,5,5,2,4,5,4,4,4,1,2,2,4
18297,1,4,0,4,4,0,3,4,2,3,1,2,4
8603,3,3,3,1,3,3,3,3,4,4,4,4,3
35798,4,2,2,2,4,4,3,4,4,3,3,2,4
6002,1,1,1,1,4,5,5,4,4,4,4,3,3
59342,4,4,4,2,4,4,4,4,5,5,4,5,4
4385,4,5,4,4,1,4,1,1,5,2,4,4,1
116225,2,0,5,4,3,5,1,3,5,2,1,1,3
22689,1,3,3,3,1,1,2,1,2,5,4,3,1
125825,4,4,4,4,1,4,1,1,3,5,4,5,1
98871,4,4,4,4,4,5,5,4,4,4,4,5,5
89038,2,2,2,2,3,4,5,3,3,4,3,4,5
17891,4,2,2,2,3,3,1,4,4,4,4,3,4
74524,2,2,2,2,4,5,4,3,3,3,3,5,4
63105,2,1,1,1,2,2,2,2,2,3,3,4,2
84231,2,2,2,3,5,2,5,5,4,5,4,2,5
57047,4,4,4,4,2,4,5,4,4,4,4,4,4
103484,2,2,2,3,3,2,3,3,3,3,3,1,3
47208,3,4,3,1,4,3,2,2,2,3,4,1,1
77889,2,2,2,2,3,5,4,5,5,5,5,4,3
30772,2,2,2,3,4,3,3,1,1,2,1,2,2
83063,1,1,1,1,4,4,4,5,5,5,5,5,3
104422,3,5,3,5,5,3,4,3,3,3,3,3,3
71837,2,1,1,1,1,3,3,2,2,2,2,4,4
53560,2,2,2,2,3,4,3,3,1,3,5,3,3
57582,2,2,2,3,2,2,2,2,4,1,3,1,2
107222,1,1,1,1,5,4,5,5,5,5,5,4,5
68931,3,3,3,3,4,4,4,4,3,4,4,3,4
72939,2,2,2,2,4,4,4,4,4,5,4,3,5
16446,1,2,1,4,2,1,2,2,3,4,4,3,2
111201,1,1,1,1,2,4,5,4,4,4,4,5,4
9117,4,4,4,4,4,4,4,4,4,4,4,2,4
35381,5,5,5,5,2,4,4,2,2,2,2,2,2
127646,2,2,2,2,5,2,5,5,3,3,1,3,5
42912,4,3,4,4,4,4,3,4,4,2,3,2,4
29558,3,3,3,1,2,3,3,2,4,4,3,3,2
88773,4,4,4,4,4,4,4,5,5,5,5,3,4
46899,3,4,4,4,3,2,3,3,1,1,3,2,3
65029,1,4,1,2,3,1,1,3,2,3,2,3,3
40161,1,3,1,3,3,4,2,3,3,1,3,2,2
2826,4,4,5,4,4,4,4,4,5,3,4,3,4
105820,1,5,1,2,5,1,5,5,5,5,5,5,5
38394,4,5,5,5,4,4,4,4,5,1,3,5,4
90252,2,2,2,2,5,5,4,5,5,5,5,5,5
129044,2,2,2,2,4,4,5,5,5,5,5,3,4
30096,2,5,2,4,5,2,5,5,4,5,4,4,5
11819,3,4,4,3,3,4,1,3,3,4,3,1,3
75568,3,4,3,4,3,4,3,3,3,3,3,3,4
76505,2,2,2,2,4,5,4,5,5,5,5,3,5
128033,1,1,1,1,5,4,5,5,5,5,5,3,3
26218,2,1,2,3,4,4,4,5,5,2,5,4,2
79254,2,1,2,1,2,3,3,2,2,2,2,4,1
46479,2,5,2,2,1,2,3,1,1,2,1,1,5
123987,4,0,4,5,2,4,2,2,5,5,4,4,2
18973,5,3,5,3,5,2,2,5,5,5,5,4,3
111837,3,3,2,3,5,2,5,5,3,2,3,1,5
57233,4,4,5,4,5,5,5,5,3,3,5,5,5
66092,4,4,1,1,4,4,1,4,3,1,3,4,4
797,1,1,1,2,1,5,5,4,5,5,5,5,5
11888,2,5,2,1,1,2,1,1,3,5,5,5,1
48115,4,0,4,5,3,4,4,3,2,1,2,3,3
89319,5,3,5,5,3,5,4,4,4,4,4,4,3
95757,4,5,4,4,2,4,2,2,4,2,4,4,2
10174,2,2,2,2,1,3,3,2,2,2,2,2,1
89401,4,4,4,4,3,5,4,5,5,5,5,5,4
2126,3,3,3,3,5,5,4,3,3,4,3,4,4
94702,4,2,4,3,1,4,1,1,1,2,4,2,1
68341,4,4,4,4,2,3,4,5,5,5,5,5,5
9930,1,1,1,1,5,4,4,5,5,5,5,3,5
87445,5,0,5,4,2,0,4,2,3,5,5,4,2
118167,3,3,1,3,5,4,4,4,4,4,4,3,4
120643,1,5,1,2,4,1,4,4,3,2,4,4,4
47993,4,5,5,5,4,4,5,4,4,3,1,1,4
64921,5,5,1,5,4,5,5,5,5,5,4,3,3
69530,3,3,3,1,3,1,4,3,3,5,5,4,4
31548,3,5,3,5,4,3,4,4,4,2,5,5,4
38813,1,4,1,2,1,1,2,1,3,3,5,3,1
112737,2,2,4,2,4,4,4,5,5,5,5,4,4
100074,0,0,0,1,5,4,4,1,1,1,1,3,4
106783,3,5,3,1,2,3,2,2,5,5,4,3,2
27363,5,3,3,3,1,1,4,5,5,5,5,4,3
44789,5,4,5,3,3,4,4,5,5,5,5,4,4
13370,1,5,1,1,5,1,1,5,5,2,1,3,5
54730,3,4,3,2,4,4,4,5,5,3,5,5,5
127034,1,1,3,1,2,4,4,4,4,4,4,4,3
111676,1,5,1,3,1,1,1,1,5,3,5,5,1
26965,3,4,4,4,4,4,3,4,2,2,2,4,4
38837,3,1,1,1,3,3,3,3,1,2,2,4,3
40807,4,5,5,5,4,4,4,4,3,5,2,4,4
57299,3,3,3,3,3,4,4,2,2,2,2,3,5
9889,2,2,2,2,5,5,4,3,3,4,3,3,3
40897,3,3,3,4,5,3,4,2,2,3,2,3,1
3740,2,4,2,3,1,2,1,1,5,4,5,4,1
63191,0,0,0,2,4,4,4,2,2,2,2,4,3
104626,1,4,4,4,2,3,4,1,1,1,1,4,4
85713,1,1,1,1,2,5,5,2,2,3,2,4,4
52363,4,5,5,2,3,4,4,2,2,5,2,4,4
45868,2,5,5,5,2,2,2,2,1,5,1,5,2
16343,2,2,2,2,3,3,2,4,4,4,5,4,2
102285,1,1,1,1,4,4,5,4,4,4,4,4,4
55372,2,5,5,5,5,3,2,2,2,2,2,2,1
3839,5,4,5,2,1,5,1,1,4,5,2,2,1
25417,2,0,1,1,2,1,2,2,3,2,4,2,2
74022,5,5,5,1,3,5,3,3,3,4,4,3,3
20183,2,5,3,1,5,3,5,5,5,2,5,5,5
88306,1,1,1,1,3,5,5,5,5,4,5,4,3
104665,2,4,4,4,3,3,2,2,2,2,2,4,2
81725,3,5,5,5,3,3,3,3,4,2,4,1,3
70572,2,5,2,3,3,3,5,5,5,2,3,4,5
25345,5,5,5,5,1,1,4,3,3,3,3,5,2
128669,3,3,3,3,5,5,5,3,5,3,4,5,5
84954,1,1,1,1,5,4,4,5,5,5,5,3,4
82374,1,1,1,1,5,5,4,4,4,4,4,4,5
45761,5,4,4,4,4,5,4,4,2,5,4,1,4
86706,3,3,3,3,4,4,4,2,2,2,2,4,5
76158,3,1,3,4,5,3,5,5,4,1,3,1,5
28243,2,5,2,1,5,2,3,5,3,5,5,5,5
36294,4,4,4,4,5,4,2,4,4,4,5,2,3
32183,3,3,3,3,3,2,5,5,5,5,3,3,1
100485,3,3,3,3,3,3,3,3,1,4,4,3,3
27426,3,3,3,3,3,3,3,3,1,1,3,3,3
13610,2,4,4,4,2,2,2,2,4,2,3,2,2
98903,3,2,3,2,2,2,2,2,2,3,4,1,4
45073,1,4,1,4,5,1,5,5,3,5,3,2,5
19009,2,2,2,3,5,2,5,5,4,4,3,2,5
101026,2,4,2,3,2,2,2,2,2,2,3,3,2
33713,4,4,4,4,5,4,5,5,4,3,4,3,5
72759,0,3,0,1,5,0,5,5,3,5,5,4,5
106283,2,4,4,4,1,3,4,3,3,3,2,2,4
126821,3,3,3,3,3,3,5,4,4,4,4,4,4
60071,1,1,1,1,3,5,5,5,5,5,5,3,4
99793,3,1,3,2,5,3,5,5,4,5,3,3,5
62504,4,5,4,4,4,5,4,5,5,5,5,3,3
2138,2,4,3,2,1,3,1,1,5,2,5,5,1
68298,5,5,5,5,5,4,5,4,4,4,4,4,4
109519,4,2,2,2,4,3,4,4,2,3,3,2,4
86655,1,4,1,3,3,1,3,3,3,4,5,3,3
56526,5,5,5,5,5,4,4,5,5,5,5,3,4
36990,4,4,5,4,2,5,2,2,4,1,3,2,2
57445,0,0,0,2,3,4,5,4,4,4,4,3,3
102660,5,5,5,2,4,5,4,4,5,4,5,5,4
110077,1,4,1,3,5,1,5,5,4,4,5,3,5
77740,4,4,4,5,5,4,5,5,1,1,5,2,5
17779,4,3,3,3,4,4,5,4,1,2,2,3,4
67275,1,4,1,4,3,4,4,1,1,1,1,4,5
42897,1,1,1,3,5,1,5,5,1,2,3,3,5
60034,2,5,2,1,5,2,5,5,2,5,4,5,5
33763,3,0,3,5,3,3,3,3,5,5,5,3,3
75822,5,4,5,2,4,5,4,4,4,3,4,3,4
75429,2,4,4,4,2,2,2,2,4,5,3,3,2
41066,3,2,4,4,2,4,3,4,4,4,3,2,3
124415,4,4,4,4,5,5,5,4,4,4,4,4,4
48418,5,3,3,3,5,5,5,5,2,2,5,2,5
53960,3,3,3,3,5,4,4,5,5,5,5,3,5
17653,4,5,5,5,4,4,4,4,2,4,3,2,4
124108,3,3,3,3,2,4,5,4,4,5,4,3,3
73102,4,3,3,3,3,3,4,4,4,4,4,1,1
15467,5,5,3,4,5,3,5,5,3,2,4,4,5
78606,2,2,2,2,5,4,4,5,5,5,5,3,3
110827,3,5,3,3,3,3,3,3,3,3,4,3,3
77342,5,5,5,5,3,4,4,4,4,4,4,4,4
55308,1,3,1,3,3,1,3,3,1,1,3,4,3
68808,4,3,4,1,3,4,3,3,1,1,2,2,3
76277,3,5,5,5,3,4,3,3,1,5,3,4,3
52308,5,4,4,2,5,4,5,5,2,3,5,5,5
37248,1,2,1,2,2,3,2,2,2,1,2,1,2
21072,3,5,5,5,1,4,3,4,4,3,4,4,1
72919,2,3,3,3,5,3,5,5,3,4,4,4,5
87979,0,1,1,3,4,4,4,1,1,1,1,4,3
124974,5,5,5,5,3,4,4,4,4,4,5,3,4
35069,3,2,3,3,5,3,4,3,3,3,3,4,4
29557,5,5,5,5,5,5,5,5,5,3,3,5,5
123532,2,3,2,3,2,2,4,2,3,4,2,4,2
95027,2,5,2,5,2,2,2,2,4,2,5,3,2
54496,5,2,2,2,5,5,5,5,1,4,2,3,5
26677,2,4,2,2,1,2,1,1,3,4,5,5,1
33518,1,5,1,4,2,5,5,2,2,1,2,4,4
31669,3,4,2,4,3,3,3,3,2,4,3,1,3
92179,1,1,2,1,3,5,4,4,4,4,4,4,5
32691,2,2,2,2,4,4,2,4,2,4,4,2,4
124738,0,4,0,3,3,0,3,3,4,5,5,5,3
78382,1,1,2,1,2,4,4,4,4,4,4,4,5
45999,3,4,5,3,3,5,3,3,5,4,3,2,3
1498,1,1,1,4,1,5,4,3,4,4,3,4,4
26144,4,3,5,3,4,4,4,4,2,2,2,3,4
1200,2,4,2,3,2,2,2,2,1,3,3,3,2
82047,3,5,3,1,2,3,2,2,3,2,3,3,2
78221,2,3,2,3,5,4,3,3,3,2,3,2,5
107836,2,5,2,2,4,2,4,4,5,3,4,5,4
75371,3,3,3,3,3,5,4,5,5,5,5,3,4
30668,5,5,5,4,1,5,1,1,5,2,5,5,1
93588,2,5,2,2,3,5,5,5,5,2,5,5,3
88107,1,5,1,1,2,4,4,4,4,4,4,4,3
15005,3,3,3,3,4,4,5,4,4,4,4,4,4
93736,1,1,1,2,4,1,4,4,3,1,2,2,4
73202,2,1,2,3,4,2,4,4,3,3,2,2,4
10142,3,3,3,3,2,5,4,4,4,5,4,4,5
96689,2,2,2,2,3,4,4,2,2,2,2,4,5
123669,5,5,5,3,4,5,1,4,4,4,4,4,4
129454,2,2,2,4,1,2,1,1,2,4,4,3,1
41534,2,2,2,3,4,2,4,4,4,3,1,1,4
52394,2,0,3,3,2,4,4,5,5,3,5,3,3
74479,2,2,2,2,5,5,5,5,4,3,4,4,5
90749,3,3,3,3,4,4,4,3,3,2,3,4,3
103241,1,1,1,1,5,5,5,5,5,5,5,3,4
29003,5,5,5,5,1,3,2,4,4,4,4,3,1
19604,4,5,5,5,5,1,2,4,4,4,4,2,5
123447,3,5,5,5,3,3,3,3,4,1,3,3,3
76209,5,5,5,5,3,5,5,5,5,5,5,5,5
66525,2,2,2,2,3,5,4,2,2,2,2,5,4
73785,5,5,5,5,4,4,4,4,4,4,4,4,4
84085,1,4,1,5,5,1,5,5,4,3,5,4,5
110512,0,5,0,2,4,0,4,4,2,3,4,5,4
70721,2,2,2,2,5,4,5,4,4,4,4,3,4
35676,4,2,4,2,4,4,4,2,2,3,3,4,4
24445,2,5,5,5,5,4,4,2,2,2,2,1,1
67490,4,4,4,4,4,5,4,4,3,4,4,3,4
33028,4,4,4,4,3,4,3,3,4,5,2,5,3
69262,1,1,1,4,2,1,2,2,1,5,3,2,2
99077,2,2,5,2,3,4,5,5,5,5,5,3,3
119745,2,2,2,4,4,2,3,4,4,2,4,4,1
30756,4,4,4,3,2,4,2,2,1,3,4,2,2
70115,2,2,2,2,1,3,3,2,2,2,2,2,2
93562,4,4,4,4,3,4,5,2,2,2,2,3,5
105283,2,2,2,2,5,5,4,3,3,2,3,4,3
65810,4,4,4,4,3,3,3,3,5,5,5,5,3
122969,4,4,4,4,5,5,5,5,5,5,5,4,4
85342,4,4,2,4,4,4,4,5,5,5,5,3,4
117130,1,4,1,3,4,4,4,5,5,1,5,1,4
4328,3,4,3,3,4,3,4,4,3,4,5,4,4
43400,4,4,4,1,1,4,1,1,4,3,4,3,1
77196,3,5,3,3,5,3,5,5,3,4,4,5,5
40057,3,4,4,2,1,4,1,1,5,3,2,5,1
19693,5,5,5,5,1,1,5,4,4,5,4,5,1
102876,1,1,1,3,1,1,1,1,4,5,3,2,1
81263,2,2,2,2,4,5,4,5,5,5,5,5,4
54612,2,2,2,2,4,2,3,5,5,5,5,3,1
17315,1,5,3,5,1,3,1,1,3,4,4,5,1
40428,5,0,5,3,5,5,5,5,2,4,4,1,5
18390,4,5,5,5,4,4,4,4,1,2,2,2,4
108576,2,2,2,3,2,2,2,2,3,3,4,3,2
4160,5,3,5,4,3,5,3,3,1,2,4,4,3
119363,3,5,5,5,2,4,4,3,3,2,3,3,4
33860,4,4,4,3,4,4,4,4,5,3,5,4,4
74336,2,1,1,1,4,4,3,2,2,2,2,2,1
621,3,3,3,3,5,5,5,5,3,5,4,4,5
105248,4,4,4,4,3,4,3,3,3,5,4,5,3
37758,0,4,0,3,1,4,1,1,2,1,1,1,1
24027,1,1,5,1,4,4,4,4,4,2,4,5,4
110173,3,3,3,3,3,3,3,3,3,3,4,5,3
122161,4,3,4,4,2,5,4,5,5,5,5,5,4
109814,5,5,5,2,5,5,2,5,3,4,5,5,5
16614,2,1,2,1,5,2,5,5,2,3,2,1,5
23584,2,2,4,2,5,5,3,4,4,5,4,4,4
7655,4,0,4,3,4,4,4,4,3,2,5,3,4
126699,1,1,1,1,5,4,5,4,4,4,4,3,3
77014,1,1,1,1,3,4,5,5,5,5,5,4,5
121589,3,3,1,3,2,2,4,4,4,4,4,1,4
110106,5,5,5,5,2,2,2,2,4,3,4,3,2
65680,2,5,2,3,5,5,5,4,4,2,4,5,5
67594,3,3,3,3,2,5,5,4,4,4,4,3,3
30623,5,2,5,5,5,4,4,5,5,5,5,5,4
80985,3,2,2,2,3,3,3,3,3,4,4,4,3
118505,2,2,2,5,4,2,4,4,4,3,4,5,4
114940,4,4,4,1,4,4,2,4,5,2,5,4,4
57138,1,1,1,1,2,5,5,4,4,4,4,5,3
115152,2,2,3,2,4,5,4,5,5,5,5,3,4
86222,2,4,4,4,2,2,2,2,2,3,2,2,2
6248,3,1,3,4,2,3,2,2,2,2,4,2,2
101000,2,2,2,2,3,4,4,3,3,4,3,3,5
45742,4,4,4,4,2,3,3,4,4,4,4,1,2
114384,1,2,2,4,1,2,1,1,2,1,3,1,1
41448,4,4,4,4,5,4,5,4,4,4,4,4,4
92204,2,2,2,3,2,2,2,2,3,5,4,2,2
64227,2,2,4,4,2,2,2,2,2,4,3,3,2
117799,5,5,5,5,3,5,4,4,4,4,4,5,4
50099,3,3,3,3,4,4,1,4,4,4,4,3,5
44528,4,4,3,4,2,5,1,5,5,5,3,1,3
113921,3,3,3,3,4,2,4,4,4,4,3,5,2
25750,4,3,5,3,5,4,5,5,5,5,4,4,5
43701,4,3,3,3,4,4,4,4,2,3,4,3,4
125325,3,3,3,3,5,4,4,5,5,5,5,3,3
46611,4,1,4,4,3,4,3,3,3,4,3,4,3
72227,5,5,5,5,2,5,4,4,4,4,4,5,3
10110,2,1,2,3,5,2,4,5,4,4,4,4,5
48485,3,3,3,3,1,3,1,1,3,4,4,1,1
66523,2,2,2,2,4,5,5,3,3,3,3,4,4
55804,3,2,3,2,1,2,2,3,3,3,3,4,4
86365,3,2,3,3,4,4,4,4,4,4,5,5,4
90409,5,5,5,5,5,4,4,4,4,4,4,5,3
105445,1,1,5,1,4,4,4,4,5,3,4,3,4
108304,2,2,2,2,2,4,5,4,4,4,4,5,3
61117,1,1,1,1,4,4,4,4,4,4,4,5,4
28339,1,1,1,4,2,1,2,2,3,2,3,1,2
27431,3,2,2,2,3,3,3,3,1,4,1,2,3
36171,1,1,1,3,4,1,4,4,1,4,3,1,4
111921,1,5,5,5,3,4,3,1,1,1,1,2,2
90098,2,3,3,3,2,2,2,2,2,3,2,3,2
96172,1,1,1,1,4,5,4,5,5,5,5,5,4
121758,3,1,1,1,5,3,4,3,3,2,3,2,4
4106,3,3,3,3,3,4,5,5,5,5,5,3,3
38786,2,2,2,3,4,2,4,4,4,2,4,3,4
65435,5,5,5,5,5,3,5,5,5,5,5,4,5
4937,1,1,1,3,2,1,2,2,4,5,3,2,2
48754,0,4,1,1,4,4,4,3,3,3,3,3,3
18213,2,2,2,1,5,2,1,5,4,1,4,4,5
63292,3,2,2,2,1,2,2,3,3,3,3,3,1
102524,2,1,2,4,5,2,5,5,4,2,3,1,5
50687,3,2,3,4,2,3,2,2,2,3,3,3,2
67142,0,4,0,3,1,0,1,1,3,5,5,1,1
110916,3,2,2,2,3,4,3,3,4,2,3,2,3
91395,3,3,3,3,4,3,4,4,1,3,4,1,4
88286,5,4,5,5,2,5,2,2,4,3,5,3,2
9600,1,5,1,2,4,4,4,4,4,1,4,5,4
120410,2,2,2,2,4,4,3,2,2,2,2,4,3
83164,3,5,5,5,3,4,3,3,5,2,4,1,3
69219,0,0,0,3,0,1,1,5,2,4,5,1,1
4607,1,1,1,1,5,5,5,2,2,2,2,3,5
116795,3,5,3,1,3,3,3,3,3,3,4,5,3
34147,4,2,2,2,2,4,3,4,4,4,4,1,4
80662,2,2,2,2,2,2,2,2,4,5,3,1,2
78976,2,2,2,3,3,2,3,3,3,4,4,3,3
109659,2,5,5,5,4,4,3,2,2,2,2,3,1
66915,3,3,3,3,5,5,5,5,3,4,5,4,5
17825,3,3,3,3,1,3,1,1,3,2,3,4,1
25225,2,1,1,1,2,2,2,2,3,2,4,3,2
38164,2,4,2,1,2,2,2,2,5,4,3,5,2
59728,3,1,3,4,5,4,3,4,4,3,4,3,1
127826,3,4,2,3,3,2,3,3,4,3,4,5,3
61578,1,3,3,3,3,3,3,1,1,1,1,2,1
104801,2,3,4,4,3,2,3,3,2,5,3,3,3
45807,2,4,4,4,5,4,3,2,2,2,2,4,4
3815,2,0,2,4,4,2,2,4,5,2,5,4,4
79121,2,5,2,3,3,2,3,3,5,5,4,3,3
91545,3,4,4,3,5,4,5,5,2,1,3,4,5
126714,4,4,4,4,4,4,4,4,2,5,2,4,4
29367,2,2,3,2,4,4,4,4,3,5,2,4,4
98433,1,5,2,1,3,2,3,3,5,1,4,4,3
33579,5,3,3,3,5,5,5,5,2,4,5,3,5
20672,2,3,2,1,1,2,1,1,3,3,3,5,1
125719,2,2,2,3,4,2,4,4,3,5,3,3,4
107427,1,5,1,2,2,1,2,2,4,2,5,5,2
35949,2,2,2,2,3,3,3,4,4,4,4,4,3
90197,1,4,1,5,3,5,5,4,4,1,4,5,3
14899,3,3,3,4,4,3,4,4,3,2,3,1,4
18280,4,5,3,5,4,3,4,4,1,4,4,1,4
116853,5,5,2,5,2,5,4,3,3,3,3,3,3
99047,0,0,0,5,4,5,5,2,2,1,1,3,3
51523,3,1,1,1,3,3,3,3,2,2,3,1,3
120672,4,5,2,5,2,4,3,4,4,4,4,4,4
36400,3,3,3,3,2,2,2,2,4,4,3,2,2
89282,5,5,5,5,5,5,4,3,3,3,3,3,3
61037,1,3,1,3,4,1,5,4,3,1,3,3,4
61234,3,1,1,1,3,3,3,3,2,2,4,4,3
107676,3,3,3,3,3,4,4,4,4,4,4,4,3
67938,3,1,3,2,1,3,1,1,2,1,1,3,1
30744,5,5,5,3,3,5,3,3,1,1,1,5,3
110848,1,5,1,5,2,4,5,2,2,1,2,3,3
116744,3,5,3,3,1,4,4,1,1,3,1,5,2
19664,2,0,2,4,1,2,1,1,3,5,4,4,1
37194,2,3,3,3,5,3,3,2,2,2,2,2,3
110964,1,4,4,4,1,4,4,4,4,4,1,3,1
13033,3,5,3,4,2,3,2,2,3,3,5,4,2
90873,1,2,2,2,4,4,3,1,1,1,1,1,3
32661,5,2,5,2,4,4,2,5,5,5,5,5,3
90540,1,1,1,1,2,2,2,2,3,3,5,4,2
72346,1,1,1,1,3,5,5,3,3,3,3,5,3
41922,1,1,1,1,5,1,5,4,4,4,4,1,4
88033,2,2,2,2,4,4,4,4,4,2,4,5,4
92545,4,4,4,2,2,4,2,2,3,2,3,3,2
423,1,2,2,1,2,2,2,2,5,3,5,5,2
127893,1,1,1,3,2,1,2,2,5,3,3,4,2
108734,1,4,1,5,5,1,5,5,5,4,4,5,5
109791,3,3,3,3,5,5,5,5,5,4,4,5,5
12432,3,4,0,1,1,0,1,1,4,1,1,5,1
30446,1,1,1,1,5,5,5,5,5,1,5,5,5
7374,2,2,2,2,2,4,5,5,5,5,5,3,3
104916,2,2,2,2,3,5,4,4,4,4,5,3,4
11722,3,3,3,4,3,3,3,3,4,5,4,3,3
78632,5,5,5,5,4,5,5,4,4,4,4,3,4
44023,0,0,0,2,4,0,4,4,3,5,2,3,4
119446,1,1,1,4,4,1,4,4,5,2,5,5,4
49246,4,4,5,4,1,3,1,5,5,5,5,5,5
22917,3,3,3,2,5,3,5,5,2,3,4,1,5
62165,1,4,4,4,1,1,1,1,1,1,2,1,1
6844,3,3,3,3,2,4,4,3,3,4,3,3,4
115658,5,5,5,5,2,5,5,2,2,2,2,3,5
94779,1,1,1,1,4,4,5,4,4,4,4,5,4
123326,2,2,2,3,1,2,1,1,2,4,4,4,1
122621,3,4,3,3,3,1,5,4,4,3,4,5,2
121435,3,1,1,1,3,3,3,3,2,1,2,2,3
50779,1,2,1,2,5,1,4,5,1,1,3,1,5
105547,3,3,3,3,2,3,2,2,4,4,3,1,2
58025,4,5,4,2,5,5,5,5,5,4,5,5,3
95522,3,3,3,1,4,3,5,4,4,2,2,5,4
7378,2,4,2,1,5,2,5,5,3,5,1,5,5
59795,4,4,4,4,4,4,4,4,4,3,4,3,4
13461,1,4,3,3,2,3,2,2,3,5,3,2,2
93122,3,3,3,5,2,3,2,2,3,5,5,3,2
10251,4,4,4,4,3,5,4,2,2,4,2,5,5
115040,2,2,2,2,4,4,3,2,2,2,2,3,2
195,0,4,0,1,5,4,5,2,2,2,2,5,4
2801,4,4,4,4,2,4,2,2,3,4,4,5,2
78569,4,0,3,5,5,3,2,5,3,3,5,5,5
45607,5,4,4,4,4,5,5,5,5,5,5,2,5
63296,3,2,2,2,3,3,3,3,3,2,3,1,3
72800,3,1,3,3,5,3,5,5,3,3,3,4,5
81886,0,0,0,4,3,0,3,3,3,4,4,4,3
100974,4,4,4,5,1,4,1,1,4,4,4,4,1
119848,2,2,4,2,3,4,1,4,4,4,4,3,5
951,2,4,4,4,4,3,3,2,2,1,2,3,4
43642,4,4,4,4,2,2,2,2,2,2,2,2,5
68599,2,4,2,2,5,5,4,4,4,4,4,5,4
34212,4,1,5,3,5,2,4,4,4,2,4,4,4
46295,3,4,4,4,3,3,3,3,2,1,3,4,3
75597,3,5,3,2,1,3,1,1,4,2,5,3,1
34578,5,5,5,3,5,5,5,2,5,4,5,5,5
113248,1,5,1,3,1,1,1,1,5,3,4,5,1
81045,5,5,4,5,2,4,4,5,5,5,5,5,3
23628,5,5,5,2,5,0,5,5,3,2,3,2,5
73751,1,2,1,3,5,1,5,5,1,5,2,4,5
58923,2,4,1,2,4,1,4,4,5,2,4,3,4
42899,1,2,2,2,5,4,3,3,3,3,1,1,1
50946,4,4,4,4,4,3,3,3,2,2,3,3,3
36205,2,2,2,2,4,2,5,4,4,4,4,1,5
43762,3,3,5,5,1,4,3,3,3,2,3,2,4
120191,1,1,1,1,5,4,4,5,5,5,5,3,3
65174,1,1,1,2,4,1,4,4,3,3,3,1,4
33001,3,5,3,4,4,3,4,4,3,5,5,5,4
79878,4,0,4,4,2,4,2,2,4,3,4,3,2
64261,3,3,3,2,5,3,5,5,3,4,5,4,5
52868,2,2,2,4,3,2,3,3,3,4,4,3,3
90459,5,5,5,5,3,5,5,5,5,5,5,3,3
46172,3,5,3,2,2,3,1,2,5,3,4,5,2
14858,1,3,3,3,1,3,4,1,1,2,1,3,3
122766,2,2,2,3,4,2,1,4,2,3,3,4,4
87719,1,5,5,5,1,1,1,4,5,3,3,1,1
18151,3,4,3,1,3,3,2,5,2,4,5,2,2
82415,2,5,2,5,2,5,5,1,1,2,1,4,4
32582,0,1,0,4,4,0,4,4,4,3,3,4,4
30506,2,2,2,2,3,4,4,4,4,4,4,2,2
128315,4,4,4,4,3,5,4,5,5,5,5,4,3
106125,3,3,3,2,5,3,5,5,4,3,3,1,5
44386,4,4,4,4,2,5,5,3,3,4,3,5,3
28402,5,5,5,5,2,5,2,2,1,3,4,5,2
54094,4,1,4,3,2,4,3,3,3,4,3,1,1
117336,2,2,2,4,3,2,3,3,3,2,5,5,3
7304,5,5,5,5,5,5,4,4,4,4,5,3,4
72712,2,2,2,2,2,5,5,4,4,4,4,4,4
31720,1,5,1,4,3,1,3,3,5,5,4,4,3
90926,2,5,5,5,2,2,2,3,1,3,3,2,2
55189,2,5,5,5,4,3,4,2,2,2,2,2,3
99234,2,2,2,4,3,2,3,3,1,2,4,2,3
104439,3,1,3,3,3,4,3,2,2,3,2,2,3
12765,1,4,1,5,3,1,3,3,5,3,4,4,3
3122,4,2,4,3,5,4,5,5,2,5,3,3,5
80748,3,5,3,5,4,3,4,4,1,5,4,4,4
30389,3,5,3,1,3,3,2,3,3,4,5,3,3
97765,2,4,4,4,3,4,3,2,2,2,2,1,1
59103,4,4,4,4,5,4,5,5,5,4,5,4,5
75904,2,2,2,4,3,2,3,3,1,5,3,3,3
72578,2,5,3,3,5,4,3,2,2,2,2,3,4
108620,2,4,2,2,4,2,4,4,4,5,5,4,4
85880,4,4,4,4,2,5,5,4,4,4,4,3,5
31526,4,5,4,3,3,4,4,3,3,4,3,4,3
35878,3,5,3,3,2,3,2,2,3,4,5,3,2
796,3,3,3,4,3,3,3,3,4,4,4,1,3
106712,2,2,3,2,2,5,4,4,4,4,4,3,4
62827,3,5,3,5,1,3,1,1,5,2,4,5,1
26151,5,5,5,5,5,5,5,5,4,4,5,5,5
46575,2,2,2,2,1,2,2,2,3,4,3,2,2
104733,3,4,4,4,3,3,3,3,2,4,4,1,3
16304,1,0,1,2,4,1,4,4,1,2,3,2,4
89337,2,5,4,4,2,2,2,2,3,4,4,4,2
122667,3,3,3,4,4,3,4,4,3,2,5,5,4
51878,5,5,5,5,3,1,3,5,5,5,5,5,4
49509,3,3,5,3,1,2,3,5,5,5,5,5,5
54201,0,4,0,1,3,0,3,3,3,2,5,3,3
92999,5,5,5,4,4,5,3,4,3,2,4,4,4
82406,3,3,3,4,3,3,3,3,4,1,4,4,3
72782,3,3,3,4,5,3,5,5,4,3,3,4,5
20904,3,5,3,5,2,4,5,2,2,3,2,5,4
120374,2,3,3,3,4,2,3,2,2,2,2,2,2
13284,3,5,3,1,3,3,3,3,4,2,4,3,3
1242,3,0,3,5,5,3,5,5,5,2,4,4,5
56026,3,3,3,2,3,3,3,5,5,5,4,3,3
65231,5,5,5,5,2,4,5,4,4,4,4,3,3
17206,0,5,0,1,2,5,4,5,5,0,5,4,4
13196,3,3,5,3,5,5,4,5,5,5,3,5,4
8288,2,4,2,4,2,2,2,2,5,5,4,3,2
118093,2,4,2,3,5,2,1,5,3,3,3,5,5
122437,1,4,1,5,5,3,1,3,3,1,3,3,5
58733,4,4,4,3,2,4,2,2,3,3,4,5,2
47241,5,0,5,4,4,5,4,4,3,5,4,4,4
126865,1,5,2,5,3,2,1,3,3,1,4,4,3
33267,2,5,2,2,5,2,2,5,5,4,5,4,5
116251,3,4,3,3,2,3,4,3,3,3,5,2,1
59644,5,5,5,5,3,4,2,5,5,5,5,1,3
76698,2,0,3,2,2,3,4,5,5,3,5,4,3
100975,2,2,2,2,4,5,4,4,4,4,4,3,3
16916,1,1,1,4,4,1,4,4,4,4,4,1,4
125221,4,4,4,1,2,3,3,3,3,4,3,5,1
33458,0,0,0,3,5,0,5,5,1,2,5,4,5
64124,5,1,5,2,5,1,5,5,4,4,1,1,5
4672,2,2,2,2,4,3,2,2,2,2,2,3,3
96472,3,5,3,3,2,5,4,5,5,5,5,4,4
124492,4,4,4,4,4,4,4,4,4,5,5,5,4
51474,5,5,5,5,4,5,4,4,4,5,4,3,5
114668,1,4,1,3,2,1,2,2,4,5,4,3,2
110603,2,1,2,3,3,4,4,2,2,2,2,2,3
86434,1,0,0,4,3,0,3,3,3,4,4,2,3
123390,3,3,3,3,5,5,5,5,5,3,5,3,5
64710,4,4,4,4,4,4,5,5,5,5,5,5,3
103191,0,0,0,1,5,0,5,5,5,2,4,5,5
66118,3,3,3,3,4,4,5,4,4,4,4,5,3
79634,2,4,4,4,1,2,3,2,2,2,2,2,2
55757,2,5,2,3,1,2,1,1,4,5,4,5,1
99967,2,2,2,4,1,2,1,1,4,2,3,4,1
51494,3,4,3,3,2,3,2,2,4,4,3,1,2
59605,1,1,1,1,2,5,4,4,4,4,4,3,3
23087,2,5,2,1,5,2,5,5,4,3,5,5,5
96349,1,1,1,4,5,1,5,5,1,2,2,4,5
63369,5,4,5,1,4,5,5,5,5,5,5,3,5
29422,3,3,3,4,3,2,2,4,1,3,3,2,2
7684,5,3,3,3,5,5,5,5,5,2,1,1,5
43887,2,2,2,2,3,1,3,5,5,5,4,4,4
20774,1,1,1,1,2,1,2,3,3,4,3,4,5
14277,2,0,2,4,1,2,1,1,1,3,4,2,1
40085,4,5,4,5,3,1,2,4,4,4,4,1,2
34068,1,4,1,5,5,1,5,5,3,3,3,5,5
49947,0,0,0,3,1,4,1,4,4,4,4,1,2
42329,3,2,2,3,2,2,2,2,1,1,4,4,2
93319,2,2,2,2,2,4,5,4,4,4,4,5,5
39230,5,1,1,1,5,5,5,1,5,3,4,5,5
127651,1,1,1,3,3,1,3,3,5,2,4,3,3
33569,4,3,4,3,4,4,4,4,4,3,2,4,4
85352,3,3,3,3,2,3,2,2,2,1,3,1,2
44659,2,4,4,4,5,4,4,3,3,3,2,1,2
74432,5,5,5,5,5,5,4,4,4,4,4,3,4
127476,4,4,4,4,1,4,1,1,4,5,4,4,1
2638,4,4,4,4,2,5,4,4,4,4,4,5,4
90988,2,1,1,1,1,4,3,2,2,2,2,4,4
12430,3,2,0,4,1,0,1,1,3,3,3,4,1
63948,1,5,1,3,3,1,4,3,4,5,4,5,3
128943,2,1,2,3,5,2,5,5,1,2,3,2,5
52393,2,1,4,3,3,4,3,3,3,3,3,1,3
93936,2,4,3,4,5,3,5,5,1,1,3,2,5
115424,5,5,5,1,1,5,1,1,5,2,5,4,1
97960,4,4,4,4,3,3,2,2,2,4,2,4,3
33677,4,4,4,3,4,4,4,4,5,3,4,5,4
91873,3,3,3,3,4,4,4,3,3,5,5,4,4
66983,4,4,4,4,5,4,5,5,3,3,5,5,5
126344,3,4,3,1,3,3,3,3,1,1,5,4,3
126379,2,5,2,2,1,2,1,1,4,5,5,5,1
111730,2,2,2,2,2,5,5,5,5,5,5,5,4
84686,1,3,0,1,4,0,4,4,2,5,4,2,4
116091,1,5,1,3,5,1,5,5,5,2,5,5,5
50903,3,1,3,3,3,3,3,3,4,1,3,2,3
127922,2,2,2,2,4,5,4,4,3,5,4,5,4
28811,2,3,3,2,4,3,5,4,4,2,2,5,4
11973,5,5,5,5,2,5,5,4,4,4,4,3,4
111416,4,5,4,4,4,1,1,5,3,5,4,1,1
123853,3,3,3,3,3,3,3,3,3,5,2,3,3
38378,3,4,3,2,3,4,4,1,1,3,1,3,4
71746,4,4,4,4,5,4,5,4,4,4,4,5,4
83123,1,5,1,2,4,1,4,4,3,5,3,4,4
116773,2,3,2,3,1,2,1,1,4,5,3,3,1
119149,4,5,4,4,5,5,5,4,4,4,4,5,3
102367,2,2,2,3,5,2,5,5,3,4,3,1,5
822,5,5,4,5,3,4,4,3,3,4,4,4,4
114164,3,3,3,3,5,4,5,4,4,4,4,5,5
4231,5,5,5,5,5,5,5,5,3,4,4,5,5
113768,3,5,3,4,2,3,3,2,5,5,4,3,2
57863,3,3,3,3,5,5,4,4,4,4,4,5,4
114754,2,3,4,3,1,3,4,2,2,2,2,4,2
13714,1,1,1,1,4,2,4,5,5,4,5,1,2
33554,2,0,2,5,3,2,3,3,4,3,1,4,3
5284,3,5,3,1,4,3,4,4,3,3,4,4,4
81109,2,2,2,2,1,2,1,1,4,3,3,2,1
49344,5,5,5,5,3,1,3,4,4,4,5,1,4
114718,4,4,4,4,4,5,4,4,4,4,4,4,5
54214,0,3,0,2,1,0,1,1,5,5,1,2,1
24944,1,3,1,1,4,5,1,5,5,5,5,4,2
83301,4,2,2,2,4,4,2,4,1,1,2,2,4
72490,1,1,1,1,5,4,5,4,4,4,4,4,3
79539,3,3,3,3,2,4,4,5,5,5,5,4,4
11276,2,1,2,4,3,2,3,3,3,1,3,4,3
112736,5,5,5,5,2,4,5,4,4,4,4,3,5
55966,4,5,5,5,5,2,4,4,4,4,4,4,4
124721,1,4,1,3,4,1,4,4,3,5,4,3,4
16197,4,4,0,4,5,0,4,5,2,4,4,1,5
80192,1,3,1,2,1,3,3,4,1,3,2,3,3
66414,4,4,4,2,4,4,4,4,5,2,4,4,4
108315,2,4,4,4,3,2,4,2,2,2,2,4,2
104831,4,4,4,5,5,4,5,5,4,4,4,5,5
104771,3,4,3,3,2,3,2,2,4,4,4,3,2
79089,2,4,2,3,3,2,3,3,4,3,4,3,3
105192,4,5,4,3,3,4,3,3,1,5,3,1,3
76784,3,1,1,1,3,3,3,3,1,4,3,4,3
41309,1,1,1,1,2,4,2,5,5,5,5,3,5
97297,2,2,2,2,3,5,5,4,4,3,4,5,3
12990,2,0,2,2,2,2,2,2,3,1,3,4,2
62202,2,5,2,3,2,2,2,2,3,3,3,3,2
90095,3,3,3,3,4,4,3,3,3,3,3,3,3
96063,0,5,0,2,2,0,2,2,5,2,5,5,2
30567,3,3,5,3,5,5,5,5,1,5,5,1,5
7636,0,4,0,2,1,0,1,1,3,4,5,4,1
6343,1,1,1,1,5,4,5,5,5,5,5,3,4
104673,3,5,4,1,2,4,2,2,5,2,5,4,2
127307,5,5,3,5,5,5,5,5,5,5,4,3,5
34122,2,2,2,1,5,2,5,5,2,5,3,1,5
114262,4,2,2,2,2,3,4,4,4,4,4,3,3
120110,3,1,2,2,3,3,3,3,2,1,4,4,3
93573,2,4,3,3,5,3,5,5,2,2,4,3,5
103904,2,2,2,3,4,2,4,4,4,5,3,2,4
44931,5,5,5,5,3,5,5,5,5,5,5,3,5
117081,1,3,3,3,5,2,2,1,1,1,1,4,2
58962,4,4,4,4,3,2,3,4,4,4,4,3,2
50941,4,2,4,2,4,4,4,4,1,4,2,1,4
67244,1,3,2,4,1,2,1,1,3,4,4,3,1
76145,2,4,4,4,2,2,2,2,3,1,3,1,2
56677,4,4,4,3,2,3,3,3,3,4,3,2,3
20122,3,4,3,1,1,3,4,1,5,2,5,5,1
108577,2,2,2,2,5,4,5,4,4,4,4,5,3
8324,1,1,1,4,5,1,5,5,3,5,3,2,5
6262,3,3,3,3,4,5,4,4,4,4,4,5,4
75778,2,2,2,4,5,3,3,1,1,2,1,4,1
106662,3,3,3,1,2,3,2,2,4,2,3,3,2
22187,2,5,5,5,2,2,2,2,3,3,3,3,2
21727,1,5,1,5,1,1,1,1,1,4,5,4,1
81180,1,1,1,1,2,5,5,4,4,4,4,5,3
34117,4,1,1,1,4,4,3,4,1,5,2,1,4
65618,4,5,4,5,1,4,1,1,5,5,5,3,1
33929,2,2,2,2,4,3,3,2,2,2,2,3,2
99812,4,5,5,5,4,4,4,4,2,1,2,5,4
63059,4,3,4,3,2,4,2,2,3,4,3,3,2
119752,1,2,1,3,2,1,2,2,4,2,4,1,2
82311,2,1,1,3,4,1,4,4,1,3,4,3,4
76179,3,3,3,3,1,3,1,1,4,4,4,4,1
87610,4,0,4,1,2,4,2,2,5,4,5,3,2
104736,1,1,1,1,1,1,1,1,4,5,4,1,1
41322,1,4,2,4,1,2,1,1,4,4,3,3,1
98928,3,3,3,3,3,5,5,4,4,4,4,4,4
87462,5,5,5,5,3,5,5,4,4,5,4,5,3
24238,1,1,1,1,5,1,3,4,4,4,4,5,2
31345,3,3,3,3,5,5,5,5,3,2,1,5,5
6966,4,5,4,1,1,4,1,1,4,3,4,5,1
49561,4,0,4,4,4,4,4,4,1,3,1,3,4
111161,1,5,2,4,5,2,5,5,4,2,4,3,5
95383,2,5,0,4,2,0,3,2,4,2,4,3,2
79196,3,4,3,3,4,3,4,4,4,4,4,5,5
123353,2,2,2,2,5,4,4,5,5,5,5,5,4
73328,2,2,2,1,5,2,5,5,4,3,4,3,5
21014,4,4,0,1,2,5,5,4,4,0,5,3,5
74421,2,2,2,3,2,2,2,2,3,3,4,5,2
9905,2,2,2,2,5,5,5,5,4,4,5,4,5
92374,1,1,1,1,5,4,4,3,3,3,3,4,4
56420,2,2,2,2,5,2,5,5,4,4,4,3,5
112743,5,5,5,5,4,5,5,4,4,4,4,4,5
44688,2,0,2,3,3,2,3,3,3,5,2,3,3
92201,5,5,5,5,4,5,4,3,3,4,3,5,4
200,1,3,3,3,5,3,4,1,1,1,1,3,1
65885,1,5,1,3,4,1,4,4,5,1,1,5,4
88467,2,3,3,1,1,3,1,1,1,1,1,1,1
97922,1,1,1,1,2,5,5,4,4,4,4,4,4
22543,4,4,4,1,4,4,4,4,4,5,1,5,4
88456,3,3,3,3,4,5,3,4,4,4,4,5,3
33416,5,3,3,3,5,5,3,5,5,5,3,4,5
57774,5,5,5,5,2,3,5,5,5,5,5,5,4
1369,1,2,2,2,1,4,4,1,1,1,1,2,4
92446,3,3,3,2,5,3,5,5,4,5,5,3,5
99223,4,4,4,4,3,5,5,4,4,4,4,3,4
23149,3,3,3,3,5,4,4,3,3,3,3,1,4
5544,2,5,5,3,3,5,4,3,3,5,3,4,4
18919,2,1,3,3,3,3,5,3,2,3,3,1,3
115601,2,3,3,3,5,4,4,2,2,1,2,3,2
126506,3,2,2,2,4,2,3,3,3,3,3,4,2
113597,2,1,1,2,2,1,2,2,3,1,2,3,2
59680,4,5,4,3,4,4,4,4,5,3,4,4,4
58567,5,5,5,5,5,5,5,5,3,5,4,4,5
116872,2,2,2,2,2,4,4,5,5,5,5,3,5
59371,3,5,5,5,5,4,3,3,3,3,3,1,1
61888,2,3,2,4,3,4,4,2,2,2,2,4,3
52589,3,5,5,5,3,3,3,3,2,3,3,1,3
99442,4,2,4,4,4,4,4,4,3,4,4,2,4
99783,2,5,2,1,4,2,4,4,4,3,4,4,4
101974,3,4,4,3,2,4,2,2,5,3,4,5,2
100926,3,3,3,3,5,5,5,2,2,2,2,3,5
24148,3,0,4,2,3,4,3,3,4,2,2,2,3
79339,3,2,2,4,2,3,3,1,5,3,3,3,3
92008,2,2,2,4,3,2,3,3,3,4,4,1,3
46144,2,3,3,3,2,2,2,2,3,4,3,3,2
5236,4,4,4,4,4,5,5,5,5,4,5,5,3
43219,1,0,1,3,2,1,2,2,1,1,5,5,2
46869,5,4,4,4,5,5,5,5,3,1,4,1,5
67779,3,3,3,3,2,3,4,3,3,3,3,4,1
37303,5,5,5,5,2,2,2,2,5,5,2,2,2
100938,4,4,4,5,5,4,5,5,5,5,4,4,5
48308,1,2,0,4,5,4,4,1,1,0,1,3,1
84688,3,1,3,3,2,3,3,2,1,3,4,4,2
48781,0,0,1,3,4,1,4,4,5,4,5,4,4
91817,2,2,2,3,5,2,5,5,3,2,3,4,5
32317,4,4,4,4,3,5,1,4,4,4,4,2,2
50109,2,2,2,2,4,3,3,2,2,2,2,3,1
103929,1,1,2,1,4,4,4,2,2,2,2,5,4
71385,3,1,3,3,1,3,1,1,2,4,3,3,1
92607,3,3,3,3,1,2,4,2,2,3,2,4,1
92451,3,1,1,1,3,2,3,3,2,2,3,1,3
118408,2,2,2,2,2,2,2,2,4,4,5,3,2
121757,1,5,5,5,1,1,1,1,5,3,2,1,1
32902,1,5,1,3,3,1,3,3,3,2,5,4,3
62112,3,3,3,3,4,4,5,2,2,2,2,3,4
20300,1,5,1,2,2,1,5,2,2,4,2,2,2
121542,2,2,2,2,5,4,4,5,5,5,5,5,3
78017,3,1,1,1,3,3,3,3,3,1,4,3,3
13594,2,4,2,2,4,5,4,1,1,2,1,4,5
59298,3,5,3,4,2,3,2,2,3,3,4,5,2
85995,3,3,3,3,2,5,5,4,4,4,4,3,3
120633,1,1,1,3,3,1,3,3,3,5,5,5,3
29519,3,3,3,3,2,1,3,4,4,4,4,4,4
20880,3,3,3,4,4,3,4,4,2,1,3,1,4
102238,1,3,3,3,4,3,2,1,1,1,1,4,1
32084,4,3,3,3,4,5,4,4,2,4,5,4,4
19767,4,5,4,2,4,2,1,4,3,5,5,1,1
112552,4,3,3,3,4,4,1,4,4,2,4,2,4
22273,2,2,2,2,2,5,4,5,5,5,4,4,2
70778,1,1,1,1,4,5,4,5,5,5,5,5,5
21008,4,4,4,1,2,4,2,2,5,4,4,5,2
18740,1,1,1,3,4,1,4,4,1,1,2,3,4
42265,1,4,4,4,1,3,2,1,1,1,1,4,2
118787,1,3,1,2,1,1,1,1,2,5,5,4,1
90561,4,2,4,4,4,4,4,4,4,5,4,5,4
11354,2,4,2,4,5,2,5,5,1,5,3,2,5
110108,1,1,1,1,4,4,5,2,2,2,2,5,3
61262,2,3,2,4,5,3,3,5,5,2,5,4,4
24304,2,0,2,5,4,2,4,4,1,4,3,5,4
61158,5,5,5,5,4,4,4,5,5,5,5,4,4
121536,3,1,3,3,2,4,5,3,3,3,3,4,5
85985,2,2,2,2,2,4,4,5,5,5,5,4,5
116670,1,1,1,1,4,4,5,5,5,5,5,5,4
40944,1,4,1,4,3,1,3,3,4,5,4,5,3
92794,2,2,2,2,4,4,4,4,5,3,4,4,4
83786,5,5,3,5,5,5,4,4,4,4,4,3,4
74741,3,4,3,3,3,5,5,4,3,4,4,5,5
1552,3,5,3,3,4,3,4,4,5,2,4,3,4
48600,2,5,2,3,4,2,4,4,4,2,4,3,4
121161,3,1,1,1,3,3,3,4,3,1,2,3,3
87919,4,0,4,3,5,4,5,5,5,4,5,5,5
68923,4,2,4,1,2,4,4,2,3,5,4,4,2
9165,4,2,4,3,3,4,3,3,2,1,4,4,3
72294,3,4,3,3,4,4,5,2,2,3,2,3,5
68098,4,4,4,4,2,4,2,2,2,3,3,4,2
115687,3,5,1,5,2,3,4,3,3,3,3,3,4
3882,4,2,3,3,4,3,4,1,1,1,4,3,4
88616,1,3,1,4,5,1,5,5,1,4,3,2,5
2493,2,2,2,3,1,2,1,1,4,4,4,2,1
8570,3,3,3,3,5,5,5,4,4,4,5,3,5
36031,1,1,1,1,2,1,3,4,4,4,4,4,3
64725,0,0,0,3,3,5,4,4,4,4,4,3,3
35775,4,2,2,2,4,4,4,4,1,2,3,2,4
102969,2,1,1,1,3,4,4,2,2,2,2,3,3
82735,5,5,5,2,5,0,5,5,5,4,4,5,5
95591,5,5,4,5,4,5,4,5,5,5,5,4,3
121388,3,3,3,3,5,5,5,5,4,3,5,5,5
32864,0,0,0,3,2,0,2,2,3,3,4,5,2
11575,2,4,4,4,3,4,3,2,2,2,2,2,4
28391,3,5,4,3,2,4,2,2,5,4,4,5,2
22369,3,5,5,5,2,3,3,1,1,1,3,3,4
77191,2,4,2,4,1,2,1,1,3,3,4,4,1
108261,2,2,3,2,2,4,4,4,4,4,4,5,1
77728,1,5,1,1,2,4,5,5,5,5,5,3,5
23161,4,4,4,3,4,4,4,4,3,2,5,3,4
57485,3,4,3,4,1,3,1,1,5,4,3,4,1
17765,2,3,2,4,4,2,4,3,3,2,3,1,1
27151,4,4,4,4,4,4,4,2,2,2,4,4,4
1519,1,1,1,1,5,5,5,5,3,3,5,5,5
92804,3,3,3,3,3,5,4,4,4,4,4,3,5
36831,5,5,5,5,5,5,5,5,1,3,3,5,5
61530,3,2,3,3,5,3,1,5,3,4,4,1,5
71149,2,2,2,2,3,4,5,4,4,4,4,3,4
78984,4,3,3,3,4,4,4,4,2,3,4,1,4
23112,4,4,4,4,1,3,1,4,4,4,4,4,5
85978,1,1,4,1,4,4,4,4,4,2,4,3,4
122324,2,5,5,5,2,2,2,2,1,2,4,1,2
2711,4,4,4,3,3,4,3,3,5,4,5,5,3
14454,3,5,5,5,2,4,4,3,3,3,3,4,3
87709,1,4,1,2,1,1,1,1,5,4,5,5,1
55255,2,3,2,3,5,3,4,1,1,2,1,4,1
29994,3,3,3,3,2,4,3,3,3,3,3,4,3
25640,4,4,4,3,5,4,5,5,1,2,4,4,5
111559,1,1,5,1,4,5,5,4,4,5,4,4,5
38335,4,5,5,5,2,1,3,4,4,4,4,1,3
16719,5,4,2,4,5,5,5,5,3,2,2,1,5
27541,2,3,2,3,4,4,4,5,5,2,2,4,2
122184,4,4,4,4,2,5,4,2,2,3,2,3,5
110011,5,5,5,4,2,5,5,2,5,3,4,5,2
12928,2,2,2,4,2,4,4,4,5,4,4,4,4
104898,2,2,2,2,5,5,4,5,5,5,5,4,5
61223,4,5,3,5,3,4,3,3,1,1,3,4,3
32782,1,1,1,2,1,1,1,1,1,5,2,3,1
101736,3,3,3,3,3,3,3,3,2,3,4,3,3
110236,3,3,3,4,3,3,3,3,4,3,4,1,3
24042,3,5,3,5,3,3,3,3,1,4,4,2,3
110562,3,3,3,3,5,3,3,3,3,3,3,3,2
11164,1,5,1,1,2,1,2,2,4,5,3,4,2
113586,2,3,3,3,2,2,2,2,1,3,4,5,2
91630,1,2,1,1,1,1,1,1,3,5,4,1,1
128196,2,5,2,4,2,2,2,2,4,4,4,3,2
60097,4,3,3,2,3,3,3,3,4,2,5,3,3
95972,5,5,5,5,3,4,5,5,5,5,5,3,3
2076,5,1,1,1,2,3,2,5,5,5,5,1,1
73883,2,2,2,3,2,2,2,2,4,5,5,3,2
94890,3,0,3,4,5,3,5,5,3,3,5,5,5
21196,3,1,1,1,2,2,2,3,3,3,3,2,3
27367,4,4,4,1,5,4,2,5,4,1,1,4,5
88037,1,1,1,1,4,4,4,4,5,3,5,4,4
110155,1,2,1,3,2,1,4,2,1,1,4,1,2
98932,4,5,5,5,2,2,2,4,4,3,4,1,3
10227,2,4,4,4,2,3,4,2,2,1,2,2,3
9838,2,2,2,2,4,5,4,4,4,4,4,3,5
9122,5,4,5,4,3,5,3,3,3,4,5,5,3
45738,4,4,4,4,1,2,3,2,2,4,2,3,3
27373,2,2,2,3,5,2,5,5,5,3,2,2,5
84442,4,5,4,2,3,4,3,3,3,3,5,5,3
83835,4,0,4,5,3,4,3,3,3,5,3,1,3
83763,2,2,2,2,5,4,4,5,5,5,5,3,3
45071,2,4,2,5,1,2,4,4,4,2,4,4,1
23574,1,3,1,4,5,1,5,5,4,1,2,3,5
118914,1,4,1,3,2,1,2,2,1,1,3,2,2
68380,1,1,1,1,4,5,4,4,5,3,4,3,4
5511,1,1,1,1,2,3,4,1,1,1,1,3,1
63598,3,3,3,2,1,3,1,1,3,5,5,5,1
4637,2,4,2,3,5,2,2,5,5,2,4,4,5
91329,3,0,3,5,1,3,1,1,2,1,2,5,1
114960,2,2,2,2,4,4,4,4,4,4,4,4,3
116994,3,3,3,3,4,4,4,4,4,3,5,3,4
62265,5,5,5,2,1,5,1,1,4,2,4,3,1
23254,1,3,3,3,1,3,3,1,1,1,1,1,1
119560,2,0,2,5,1,2,1,1,3,5,4,3,1
117072,1,2,2,2,1,1,1,1,2,4,3,3,1
123648,5,5,5,5,3,4,5,5,5,5,5,5,3
927,2,2,2,2,4,2,4,4,4,4,3,1,4
61493,3,3,3,1,1,3,1,1,5,5,5,5,1
73246,4,4,4,4,4,4,4,4,4,3,4,5,4
121032,2,4,2,3,4,2,2,4,5,3,4,5,4
45776,3,3,3,3,3,1,1,5,5,5,4,1,3
96626,1,1,1,1,5,5,5,5,5,5,5,3,5
120073,5,5,5,5,2,4,5,4,4,4,4,3,5
107614,4,0,4,1,5,4,1,5,4,5,4,3,5
7680,3,3,3,3,4,3,4,4,3,1,4,4,4
117448,2,2,2,2,2,2,2,2,3,4,3,2,2
100176,3,5,2,3,2,2,2,2,2,1,1,3,2
60836,1,1,2,1,4,4,4,3,3,4,3,5,5
38493,4,2,2,2,4,4,4,4,5,1,5,3,4
48867,5,5,5,5,1,4,5,4,4,4,5,3,4
20552,3,3,3,3,4,4,4,4,1,2,5,2,4
46502,3,0,3,4,3,3,3,3,1,1,2,4,3
75343,3,1,3,1,3,1,2,4,3,2,2,2,2
104726,5,5,5,5,5,5,5,5,3,2,5,4,5
2932,2,4,2,1,2,2,2,2,2,3,5,2,2
36630,4,4,5,5,4,4,4,4,4,2,4,2,4
99586,1,5,0,4,0,3,3,4,3,4,3,3,3
126660,2,4,2,4,5,4,4,3,3,2,3,1,3
100555,5,2,5,4,5,4,4,1,1,5,1,2,3
45559,2,1,1,1,2,3,2,2,4,1,4,1,2
30837,1,4,1,3,1,1,4,1,3,1,4,4,1
14151,2,3,1,4,5,4,3,3,3,1,3,3,4
63081,3,5,3,1,4,3,4,4,3,3,4,4,4
93791,2,2,2,4,2,2,2,2,3,2,5,3,2
114994,5,5,5,5,2,4,5,4,4,4,4,4,3
2722,1,1,1,1,5,5,5,3,4,5,5,5,5
123779,3,3,2,3,3,5,4,5,5,5,5,5,4
95264,2,5,0,5,5,4,4,5,5,0,5,3,5
85955,2,2,2,2,5,5,4,5,5,5,5,3,4
46922,1,1,1,1,1,1,1,1,5,3,4,5,1
96057,3,3,3,4,5,3,5,5,2,5,4,2,5
61353,3,5,5,5,3,3,3,3,3,2,3,4,3
90706,4,4,4,4,2,4,2,2,4,3,4,4,2
107392,2,0,2,3,4,2,4,4,4,3,5,4,4
11407,2,2,2,2,3,4,5,5,5,5,5,3,4
10582,4,4,4,4,4,4,5,5,5,5,5,3,4
24378,1,5,5,5,1,1,1,1,2,4,4,4,1
34675,4,5,5,5,5,5,1,4,4,4,4,2,4
71214,2,2,2,3,3,2,5,3,4,4,4,4,3
68113,5,4,5,3,2,4,5,1,1,5,1,3,5
112733,2,4,2,1,3,2,3,3,5,4,5,4,3
105325,4,4,4,4,5,5,4,5,5,4,5,3,4
85875,5,0,0,5,4,0,4,4,3,5,5,3,4
44715,3,5,3,1,3,3,3,3,3,3,4,5,3
86922,1,4,1,3,5,1,5,5,3,4,5,3,5
78132,3,1,1,1,2,3,3,3,3,3,3,3,2
57193,1,1,1,1,5,5,5,5,3,5,4,5,5
74861,2,1,2,3,1,2,1,1,1,5,2,3,1
4055,2,5,2,3,5,2,5,5,4,4,5,4,5
56773,4,1,4,4,5,4,5,5,2,5,3,1,5
16196,4,3,4,1,1,4,1,1,4,4,3,2,1
14466,1,4,1,3,5,1,5,5,3,3,4,3,5
124627,2,2,2,3,1,2,1,1,4,5,3,2,1
111967,1,1,1,1,1,4,4,2,2,1,2,2,2
90431,1,2,1,1,3,5,5,5,5,5,5,3,4
84619,3,1,1,1,5,4,3,3,3,3,3,3,3
55070,3,2,2,2,5,1,2,3,3,3,3,3,1
118552,2,2,2,1,4,2,5,4,3,4,5,3,4
66979,1,1,1,1,2,5,4,5,5,5,5,3,5
89748,1,4,1,2,1,1,1,1,4,3,5,5,1
24028,2,5,5,5,2,2,2,2,4,4,4,1,2
63013,2,1,1,1,2,2,2,2,4,5,3,4,2
46615,3,2,3,2,4,3,5,4,4,3,2,4,4
44198,2,5,2,1,3,2,3,3,5,3,4,4,3
36489,3,5,3,3,4,3,4,4,4,2,4,4,4
4729,4,4,4,4,5,5,5,4,4,5,4,3,3
84629,2,4,2,1,3,4,5,4,4,2,4,5,4
98012,1,1,1,1,2,4,5,4,4,4,4,4,5
13724,3,3,3,3,5,1,5,4,4,4,4,1,1
110402,2,2,2,2,2,2,2,2,4,1,3,4,2
56956,1,3,3,3,1,1,1,2,1,2,1,1,1
66690,1,2,3,2,1,1,1,1,2,3,2,1,1
45802,2,4,4,4,2,2,2,2,2,5,4,5,2
71621,5,5,5,5,2,4,5,5,5,5,5,4,4
32769,5,5,5,5,1,3,3,5,5,5,4,4,2
92255,3,4,3,5,1,3,1,1,3,4,3,2,1
87162,2,2,2,3,2,2,2,2,4,3,5,5,2
78259,3,2,2,2,3,3,3,3,3,1,4,2,3
108837,4,5,4,3,5,4,5,5,1,1,3,5,5
117526,3,3,3,4,5,3,5,5,3,4,4,1,5
113114,2,1,2,2,2,2,2,2,4,5,1,4,2
4194,3,4,2,2,3,3,3,3,1,5,3,2,3
116107,3,5,3,3,1,3,1,1,3,5,5,3,1
129277,1,2,1,3,4,1,4,4,2,1,3,2,4
86354,3,3,3,3,2,4,4,4,4,5,4,3,3
108498,4,4,4,4,3,4,5,4,4,4,4,5,3
4894,1,4,1,2,2,1,2,2,3,5,5,4,2
28896,4,4,4,3,3,4,3,3,5,3,1,2,3
57604,4,0,3,2,5,3,5,5,4,5,4,5,5
96216,2,3,3,3,2,2,3,2,3,1,3,4,2
6744,0,4,1,4,5,5,5,2,2,2,2,4,4
54092,2,3,2,4,5,2,5,5,3,4,4,4,5
122550,4,4,4,4,4,3,4,4,4,2,4,1,4
87197,5,5,5,5,3,5,4,5,5,5,5,4,4
120578,4,4,4,4,3,5,4,4,4,4,4,3,3
68423,1,1,1,2,4,1,4,4,1,2,2,4,4
122411,4,3,3,4,5,4,5,5,4,2,3,5,5
914,2,1,1,3,4,4,4,2,2,2,2,2,2
63726,2,2,2,2,2,3,1,5,5,5,5,3,2
23026,1,1,1,1,3,4,5,5,5,5,5,4,5
39661,2,5,2,3,5,4,5,1,1,2,1,3,5
101770,5,5,5,4,2,5,2,2,4,4,4,4,2
23251,3,3,2,3,4,3,2,3,3,3,3,2,2
115469,2,2,2,2,2,5,4,4,4,4,4,5,3
8171,3,3,3,3,4,4,5,5,5,5,5,4,5
48628,3,3,3,3,2,4,4,4,4,4,5,5,4
36098,2,4,3,3,1,3,1,1,5,3,5,3,1
116697,2,1,1,1,2,2,1,2,2,5,4,2,2
74377,3,3,3,5,2,3,3,2,4,4,4,5,2
110625,3,4,2,4,3,2,3,3,1,2,2,2,3
35395,1,0,0,3,4,4,4,3,3,0,3,1,4
34725,1,1,1,1,4,4,4,4,1,2,3,3,4
10460,4,4,4,4,4,4,4,5,5,5,5,3,3
127036,2,2,2,2,2,4,4,5,5,4,5,4,5
22116,1,1,1,4,3,1,3,3,2,1,1,3,3
51684,3,4,4,4,3,3,3,3,1,2,4,2,3
90354,5,5,5,5,5,4,5,5,5,5,5,5,5
114844,1,1,1,1,2,5,4,5,5,5,5,5,3
4760,1,1,1,1,4,5,4,4,4,4,4,5,5
124985,2,2,2,2,2,4,4,4,4,4,5,5,3
108768,4,4,4,4,3,4,5,4,4,5,4,3,3
87389,2,2,2,2,2,4,4,5,5,5,5,4,4
32800,3,3,3,3,2,2,4,5,5,5,3,3,2
69547,4,4,4,4,2,2,2,4,2,4,5,2,2
78090,2,0,2,4,4,4,5,1,1,2,1,4,5
76399,2,5,2,3,5,2,5,5,3,3,5,4,5
78320,3,4,4,4,3,4,3,3,3,2,3,1,3
63284,4,5,3,5,5,2,1,4,4,4,4,4,4
122502,3,3,3,3,4,5,5,4,4,4,4,4,5
128288,3,3,3,3,4,5,4,3,3,3,3,3,5
103913,2,2,2,2,3,4,4,5,5,5,5,5,5
42505,2,4,2,1,5,5,4,5,5,2,5,3,4
70341,3,1,3,3,5,3,5,5,3,4,3,3,5
62891,2,2,2,2,4,4,4,4,5,2,5,5,4
44133,2,0,2,3,4,2,4,4,3,3,4,3,4
128222,3,2,2,2,3,3,3,3,1,3,3,4,3
62223,5,2,5,3,1,4,3,3,3,5,3,2,3
88049,1,1,1,1,3,4,3,3,5,5,4,4,3
75114,5,5,5,5,5,3,4,5,5,5,5,5,3
71426,4,0,3,4,4,3,4,4,3,5,4,4,4
40618,2,5,2,4,2,2,2,2,4,2,3,3,2
48288,1,1,1,1,5,5,3,4,4,4,4,4,3
295,4,1,4,2,3,2,2,4,4,4,4,3,3
28693,3,3,3,3,4,5,3,5,5,5,5,4,1
61398,2,1,1,2,4,1,2,4,2,3,2,3,4
46460,1,1,4,1,5,4,4,5,5,5,4,5,3
127606,4,4,4,4,3,4,4,5,5,4,5,5,4
96893,1,4,1,4,3,4,4,4,4,1,4,1,1
27811,4,4,4,4,5,5,5,5,5,2,4,1,5
87090,0,0,0,1,4,0,4,4,4,5,3,1,4
123673,3,5,5,5,3,3,3,2,2,2,3,2,3
58747,2,2,2,3,2,2,5,2,5,5,5,3,2
113290,4,4,4,4,5,5,5,5,4,4,5,3,5
24031,5,5,3,3,5,3,5,5,5,5,5,3,2
89265,4,4,4,4,5,4,5,5,5,2,5,4,5
83527,2,4,2,3,1,2,1,1,3,2,3,3,1
28609,3,3,3,3,2,4,3,4,4,4,4,4,5
48153,4,1,1,1,4,3,3,4,4,4,4,1,1
117627,1,5,1,2,5,1,5,5,3,2,5,3,5
120586,3,2,2,2,4,3,4,4,4,4,3,2,4
81604,1,4,4,4,2,1,1,1,2,4,3,1,1
75019,5,2,2,2,2,3,3,5,5,4,5,4,3
37042,4,4,4,4,4,4,4,4,2,4,3,2,4
69879,1,1,1,1,2,2,2,2,5,4,5,5,2
82212,4,4,1,4,4,5,5,4,4,4,4,5,4
70140,4,4,4,2,1,5,3,1,1,4,1,2,5
69274,2,5,2,2,2,5,5,3,3,2,3,5,5
81097,2,2,2,2,4,4,5,4,4,4,4,4,3
62102,3,5,3,4,4,3,5,4,2,2,5,2,4
41261,3,2,3,3,2,3,3,1,1,3,1,3,1
61293,2,5,2,1,5,2,5,5,4,3,5,3,5
44746,3,4,4,4,3,3,3,3,3,3,3,3,3
7718,0,1,1,2,3,1,3,3,4,4,4,4,3
104862,2,5,5,5,2,2,2,2,1,3,4,3,2
110288,4,4,4,4,4,4,4,4,2,5,5,4,4
105846,3,3,2,2,3,3,4,3,4,2,3,2,3
42333,2,5,2,1,4,2,2,4,5,5,5,5,4
42681,4,4,4,4,5,2,2,4,4,4,4,3,1
93235,4,4,4,4,4,4,4,4,5,2,4,3,4
61199,1,1,1,1,5,5,5,5,5,5,4,5,5
62720,3,3,2,3,5,5,5,3,5,5,4,5,5
98345,1,1,1,1,4,5,4,2,2,2,2,4,4
116418,3,5,4,4,2,4,2,2,3,3,5,3,2
116352,2,5,2,2,3,2,3,3,5,4,4,5,3
58465,4,4,4,3,1,4,1,1,1,3,3,2,1
83841,4,4,4,5,2,4,1,2,4,2,5,5,2
26833,5,1,1,1,5,2,1,5,5,5,5,4,5
60541,3,5,3,4,5,5,4,2,2,3,3,3,5
119591,4,4,4,4,3,3,4,4,4,4,4,1,2
119274,2,2,5,2,4,5,5,5,5,5,4,4,3
61784,2,4,2,3,5,4,4,3,3,2,3,4,5
54330,2,5,2,4,2,2,2,2,3,5,4,4,2
72764,4,4,4,4,5,5,5,5,4,3,4,5,5
68657,4,5,5,5,3,3,3,1,1,1,4,1,1
70097,3,3,3,3,3,4,4,4,4,4,4,4,4
10976,2,3,3,3,4,3,4,1,1,2,1,1,1
49805,1,4,1,3,3,1,3,3,1,3,4,2,3
32797,3,0,3,1,3,3,3,3,3,5,5,3,3
33790,2,5,2,1,4,2,4,4,3,5,5,5,4
62387,4,4,4,4,4,4,4,4,2,4,4,2,4
40969,2,5,2,3,4,2,4,4,1,5,5,4,4
19584,3,3,3,4,4,3,1,4,1,3,4,4,4
80890,3,2,3,3,2,2,4,3,3,3,3,1,4
17739,3,4,3,4,3,3,3,3,1,2,3,4,3
18807,5,1,1,1,5,5,5,5,5,1,1,5,5
1346,5,5,5,5,3,4,5,4,4,4,5,4,5
54874,2,5,1,5,2,2,1,2,3,3,4,2,2
52813,4,4,4,3,4,4,4,4,2,5,2,1,4
32681,2,0,2,1,2,2,2,2,4,2,5,2,2
125601,3,4,3,3,2,3,4,2,4,2,4,5,2
112528,2,4,2,4,1,2,1,1,5,3,4,5,1
52965,3,3,3,3,3,2,2,1,4,2,2,2,2
63757,3,4,3,1,2,3,2,2,3,4,5,5,2
2888,2,1,2,3,3,2,5,3,4,3,3,3,3
101210,1,5,1,2,2,1,2,2,5,4,4,5,2
99704,1,2,2,2,1,2,4,1,1,1,1,1,3
62406,4,4,4,1,3,4,3,3,3,5,4,3,3
69302,2,2,2,2,5,3,3,2,2,2,2,4,4
19812,3,5,5,5,3,3,3,3,2,4,4,1,3
82650,2,5,3,2,2,3,4,2,5,4,5,3,2
9410,3,3,3,4,5,3,1,5,1,3,3,2,5
8067,4,0,5,4,3,5,3,3,3,3,5,5,3
92872,0,4,0,4,2,5,4,4,4,5,5,4,3
28086,2,2,2,2,2,1,3,4,4,4,4,4,1
43819,4,4,4,4,4,4,4,4,5,2,4,5,4
40880,2,2,2,4,1,2,1,1,4,2,4,3,1
11982,2,1,2,2,5,5,5,5,4,4,5,2,5
129821,2,5,4,3,2,4,4,5,5,4,5,4,4
388,3,3,3,3,3,4,4,4,4,4,4,3,3
70564,3,4,4,5,3,4,3,3,3,3,1,3,3
44540,0,2,0,4,2,0,2,2,1,2,4,2,2
17216,3,3,2,4,1,2,1,1,4,4,1,2,1
70448,3,4,0,2,5,0,5,5,4,4,5,5,5
27067,2,2,2,4,5,2,5,5,4,1,4,1,5
69559,1,1,1,1,4,4,4,3,2,3,5,4,4
73074,4,4,4,4,5,4,5,3,3,3,3,4,3
44146,3,5,3,4,4,3,4,4,2,4,1,3,4
10380,4,4,4,4,4,5,5,4,4,4,4,4,5
91135,2,5,2,5,5,5,5,5,5,2,5,3,3
92381,4,4,4,1,5,4,5,5,5,4,3,4,5
22334,1,1,1,3,5,1,5,5,1,1,3,4,5
48173,4,1,1,1,1,5,5,4,4,4,4,3,3
88964,3,2,2,5,5,2,5,5,4,4,4,3,5
38963,2,4,2,1,1,2,1,1,3,3,5,3,1
74384,3,3,3,3,3,4,4,4,4,4,4,5,4
66608,3,4,3,3,1,1,5,1,1,3,1,1,2
66014,3,3,3,3,1,3,1,1,4,4,5,4,1
89379,5,5,4,5,4,4,5,4,4,4,4,4,5
102406,1,5,1,4,3,1,3,3,3,2,4,3,3
2783,1,1,1,1,3,5,5,5,5,5,5,4,3
38324,2,4,3,3,1,4,3,4,4,3,1,1,1
126059,1,1,1,1,4,4,5,5,5,5,5,4,5
53804,4,5,5,5,4,4,4,4,4,3,2,5,4
75042,4,4,0,3,2,4,3,5,5,0,5,2,2
37065,2,2,3,2,4,3,5,5,5,5,5,4,5
122929,2,2,2,2,5,4,5,4,4,4,4,3,3
100721,1,1,1,1,4,4,4,5,5,5,5,4,5
127650,5,4,4,4,1,5,1,1,4,4,3,5,1
12577,5,0,5,1,4,0,4,4,5,4,1,3,4
90636,2,3,3,3,2,4,3,2,2,2,2,1,4
68748,1,0,0,3,0,5,5,4,2,4,4,5,5
67739,4,1,1,1,4,2,3,4,4,3,4,2,4
117608,5,5,5,5,5,4,5,5,5,5,5,5,5
122158,5,5,5,5,2,5,5,4,4,4,4,3,3
111707,1,1,1,1,5,3,4,1,1,1,1,3,4
113912,1,1,1,1,4,5,4,4,4,4,4,4,4
26370,1,5,5,5,1,1,1,1,4,4,4,1,1
81996,3,3,3,3,2,4,5,5,5,5,5,3,5
76938,1,1,1,1,2,4,5,5,5,5,5,5,4
36376,2,0,1,2,5,1,5,5,1,5,5,3,5
117347,3,3,3,3,5,4,4,5,5,5,5,5,3
44143,3,4,3,4,5,3,3,5,4,5,5,5,5
24327,3,5,5,5,3,3,3,3,1,5,4,3,3
92952,3,4,2,3,5,2,1,5,3,4,4,3,5
91703,3,3,2,3,4,4,4,4,4,4,4,3,5
40283,1,4,5,2,4,5,4,4,5,3,4,5,4
127020,5,5,5,5,2,5,4,5,5,5,5,4,3
23587,3,2,3,3,3,1,4,4,4,4,4,3,5
128355,3,0,3,5,2,3,2,2,3,3,4,3,2
26851,5,5,5,5,4,5,5,4,4,2,4,3,4
114495,4,4,4,4,5,5,5,4,4,4,4,5,4
101975,2,4,2,3,5,2,5,5,4,2,4,4,5
487,0,5,0,2,2,0,2,2,4,4,4,3,2
66130,2,2,2,4,5,4,4,5,5,2,3,4,3
788,1,2,2,4,2,2,2,2,4,4,4,1,2
66262,1,4,1,2,3,1,3,3,3,4,5,5,3
77310,1,1,1,1,4,5,5,5,5,5,5,3,5
104849,3,0,3,4,4,4,5,1,1,3,1,3,3
105375,3,3,5,3,2,4,4,4,4,4,4,4,5
57943,4,5,4,3,2,4,4,5,5,4,4,5,4
5596,2,2,5,2,3,4,4,4,4,4,4,4,5
117875,4,0,4,3,1,4,1,1,4,5,4,5,1
83570,5,5,5,3,4,5,4,4,4,5,5,4,4
15088,2,1,1,1,3,3,4,2,2,2,2,4,3
2643,1,1,1,1,2,2,2,2,3,5,5,4,2
31254,2,4,2,4,5,2,5,5,5,2,5,5,5
3452,4,5,2,4,3,2,2,3,3,2,5,5,3
32733,2,2,2,2,2,4,4,3,3,3,2,4,3
51074,2,5,2,2,4,2,4,4,5,4,2,5,4
102219,4,0,3,5,4,3,4,4,4,3,5,3,4
1325,5,5,5,5,3,5,4,4,4,4,5,3,5
8382,3,4,3,2,4,3,4,4,5,2,5,5,4
19030,2,2,1,3,1,1,1,1,1,3,3,1,1
90228,2,1,1,1,2,3,4,2,2,2,2,1,2
129689,2,2,2,2,2,5,4,4,4,4,4,4,3
19201,3,5,3,2,5,3,5,5,2,5,3,4,5
57075,4,1,4,2,4,4,4,4,4,1,2,1,4
65881,3,3,3,3,1,4,3,3,3,3,3,4,4
121450,4,1,1,1,4,4,4,4,1,4,4,1,4
34752,1,2,1,2,3,1,3,3,3,3,2,1,3
25706,1,1,3,1,2,1,1,5,5,5,5,2,5
231,1,1,1,1,5,5,4,4,4,4,5,3,3
57291,5,4,5,3,4,5,4,4,2,4,1,4,4
34049,4,2,2,2,4,5,4,4,2,3,5,4,4
81899,2,1,1,1,2,2,2,2,4,2,2,2,2
22988,2,2,3,4,3,3,3,3,4,2,3,4,3
22377,3,1,3,4,3,3,3,3,5,4,4,3,3
95254,2,5,2,1,3,3,1,1,1,2,1,4,4
49691,2,1,1,1,2,3,4,1,1,1,2,3,4
47952,1,4,1,5,2,1,2,2,4,4,4,5,2
75741,2,3,2,3,2,3,2,2,2,1,3,2,2
95427,1,1,1,1,3,4,4,5,5,5,5,3,4
63855,3,3,3,3,5,4,5,5,5,5,5,5,4
100081,2,4,2,3,3,2,4,3,5,2,4,5,3
120130,3,3,3,4,2,3,2,2,1,3,4,3,2
64610,4,4,2,4,4,4,4,4,3,4,5,4,4
54017,4,4,5,4,4,5,4,4,5,2,2,2,4
48881,2,4,4,4,2,2,2,2,3,5,2,3,2
114216,1,3,3,3,3,3,4,1,1,1,1,1,3
34533,2,5,1,5,2,2,2,2,4,5,3,3,2
64847,3,5,4,5,5,4,3,3,3,3,3,4,3
126462,2,2,2,2,2,3,5,4,4,4,4,3,3
36633,2,2,2,4,1,2,1,1,1,3,3,2,1
46373,4,5,5,5,5,3,3,4,4,4,4,1,2
93744,4,2,4,3,3,4,3,3,5,5,4,4,3
74080,3,3,2,3,4,5,4,5,5,5,5,5,5
13471,0,0,0,1,5,0,5,5,5,4,1,1,5
125618,4,0,4,3,2,5,5,5,5,4,5,4,3
53183,4,4,2,4,4,4,4,4,4,1,1,2,4
11357,4,4,2,3,1,2,1,1,5,4,3,5,1
59509,2,2,2,3,2,2,2,2,5,3,4,4,2
120705,1,4,1,2,2,5,4,3,3,1,5,4,4
78724,3,3,3,3,3,5,4,5,5,5,5,5,3
118070,1,3,1,4,5,1,5,5,1,2,4,4,5
12406,3,2,3,3,3,3,3,3,1,2,4,3,3
90523,4,4,4,5,2,4,2,2,5,3,5,5,2
84930,4,4,4,4,4,4,4,5,5,4,5,1,4
112529,2,5,2,4,4,5,4,2,2,2,2,4,3
101799,3,2,2,2,3,3,3,3,1,4,4,4,3
75110,2,2,2,2,5,5,5,5,5,2,5,5,5
79448,4,4,5,4,3,4,5,4,4,4,4,5,5
61897,2,4,2,3,1,2,1,1,1,1,4,3,1
66956,3,3,3,3,2,4,5,5,5,5,5,5,5
16255,5,5,5,2,2,5,3,2,3,3,2,2,2
103717,3,4,3,1,4,4,5,1,1,3,1,5,3
86016,3,3,3,2,5,3,5,5,3,5,5,5,5
106571,3,3,3,3,4,4,5,4,4,4,4,3,3
33393,3,3,3,3,4,4,4,5,1,4,5,4,4
100739,2,1,1,1,2,2,2,2,4,1,4,1,2
52837,4,5,5,5,4,4,3,4,5,5,5,3,4
109789,2,1,1,2,5,1,5,5,4,2,4,3,5
97580,1,1,1,4,1,1,1,1,3,2,3,4,1
10253,2,4,2,1,5,5,4,2,2,2,2,3,3
32005,2,0,2,1,5,2,1,5,4,2,5,4,5
22032,3,5,3,1,1,3,2,1,4,5,5,5,1
64221,4,4,4,4,4,4,4,4,3,2,3,3,4
127668,1,1,1,1,2,3,5,3,3,4,3,5,5
101949,3,3,3,3,4,5,4,5,5,4,5,4,3
128108,3,3,3,3,3,4,3,3,3,4,4,3,3
55207,4,1,1,1,4,3,4,4,4,4,4,2,4
66110,3,3,3,3,4,4,4,4,4,4,5,4,4
6836,3,5,3,5,2,3,2,2,5,4,4,4,2
121059,3,4,3,2,5,5,5,5,5,3,1,3,5
56983,2,5,2,2,2,2,2,2,2,3,4,2,2
32847,4,1,4,4,2,4,2,2,2,3,4,4,2
33872,4,4,4,1,5,4,4,5,1,5,3,4,5
17867,2,1,3,1,2,2,2,2,4,5,1,4,2
12610,1,2,2,2,1,1,1,1,4,4,4,1,1
109748,2,4,2,1,4,2,1,4,5,5,5,4,4
122394,2,4,2,2,2,2,2,2,4,4,5,5,2
40602,3,4,5,4,3,5,3,3,5,3,5,4,3
84284,3,4,3,3,3,4,5,5,5,3,5,5,3
96769,3,3,3,3,5,4,5,5,5,5,5,3,5
16647,4,4,1,4,4,1,3,4,4,4,4,5,3
129598,5,5,5,5,5,4,4,5,5,5,5,4,5
50948,3,4,3,2,2,3,2,2,4,3,4,4,2
71844,3,3,3,3,3,3,3,3,2,5,4,3,3
11153,1,1,1,2,5,1,5,5,2,5,1,1,5
112593,3,2,2,2,2,2,2,3,3,3,3,2,3
119317,2,0,2,3,4,2,2,4,4,3,5,4,4
12686,2,2,2,2,3,1,1,5,5,5,5,4,4
33244,3,0,3,2,4,3,3,4,1,3,3,1,4
14785,2,2,2,2,5,5,5,3,3,3,3,5,3
63850,3,3,3,4,5,3,1,5,4,3,4,5,5
123947,0,0,0,4,1,0,1,1,3,3,5,3,1
19654,3,0,3,4,3,3,4,3,4,3,1,4,3
105286,2,2,2,1,3,2,3,3,5,2,5,3,3
111758,1,1,1,3,3,1,3,3,1,4,4,1,3
50824,4,5,0,3,5,0,5,5,3,3,5,5,5
73075,1,1,1,1,4,4,4,4,5,3,5,3,4
128480,1,5,1,1,4,1,4,4,5,4,4,3,4
36009,2,2,2,2,4,4,4,4,4,5,5,4,4
60949,1,1,1,1,2,4,5,4,4,4,4,3,3
43228,1,0,1,1,5,1,5,5,4,2,4,3,5
57042,3,5,3,4,3,5,3,4,4,3,1,4,3
42454,2,5,2,1,2,2,2,2,5,4,5,3,2
22248,3,4,2,1,4,2,4,4,1,3,1,2,4
6203,1,4,1,4,4,4,5,5,5,1,5,3,4
4357,5,5,5,5,4,4,5,4,4,4,4,4,3
14710,4,3,4,2,4,4,2,4,3,5,2,4,4
110475,4,3,5,3,4,2,5,4,4,5,4,1,4
29398,1,4,4,4,1,1,1,3,2,3,3,1,1
109649,4,3,3,3,2,3,5,2,4,3,3,1,2
48951,0,0,0,5,1,0,1,1,1,4,1,2,1
83895,1,1,1,1,5,5,5,5,4,2,4,5,5
66404,2,4,3,4,5,3,3,2,2,2,2,1,1
89807,1,1,1,1,5,4,5,4,4,4,4,3,4
85325,2,4,2,3,3,3,3,2,2,2,2,1,4
98557,3,5,5,5,2,4,4,3,3,3,3,1,1
73344,2,3,3,3,2,3,3,2,2,2,2,4,2
81368,2,2,2,2,4,5,4,5,5,5,5,3,3
118391,5,5,5,5,3,4,4,3,3,3,3,4,5
87496,4,0,3,3,2,3,2,2,4,5,5,5,2
90384,0,0,0,2,3,5,5,3,3,3,3,3,3
47684,3,4,4,4,1,4,2,1,5,5,2,4,1
103834,3,2,2,2,3,2,1,3,4,3,4,1,3
38492,2,3,3,3,1,2,1,1,2,1,3,1,1
26078,2,3,2,4,1,2,1,1,4,1,2,3,1
34015,1,1,1,3,1,1,1,1,3,4,1,4,1
11994,3,5,3,2,3,3,3,3,5,3,5,4,3
123419,3,4,3,4,1,3,1,1,5,4,5,3,1
22325,2,5,2,4,3,2,1,3,4,5,4,2,3
100450,1,2,2,2,1,1,1,1,4,5,2,4,1
117788,0,0,0,3,5,5,5,5,5,5,1,5,4
113738,3,4,0,3,2,1,5,3,3,0,3,2,4
39324,4,2,2,2,4,4,4,4,1,2,2,2,4
119949,4,4,4,4,4,5,4,4,4,4,4,3,3
110172,1,4,1,2,5,5,4,1,1,1,1,4,4
22766,1,1,1,1,5,2,3,5,5,5,5,4,2
27104,4,4,4,3,3,4,3,3,3,5,3,5,3
71401,0,0,0,3,2,4,4,4,4,4,4,3,3
23362,4,5,5,5,4,4,4,4,5,2,3,2,4
30146,4,5,4,3,1,4,1,1,5,5,4,1,1
83923,4,4,4,3,5,4,5,5,3,5,4,5,5
79424,4,5,4,3,2,4,5,4,4,4,4,4,5
91282,2,4,4,4,2,3,2,2,3,3,3,1,2
88684,4,5,4,3,3,4,3,3,4,4,4,4,3
62879,4,2,4,3,2,4,2,2,4,5,3,4,2
95239,3,1,3,2,3,2,2,4,4,3,4,1,4
115742,1,1,4,1,5,5,5,5,5,5,5,4,5
30190,5,3,3,3,4,3,2,5,5,5,5,5,4
129256,2,3,2,4,1,2,3,1,3,5,3,2,1
83090,2,2,2,4,3,2,3,3,3,1,4,3,3
15020,1,5,1,1,2,1,2,2,4,2,2,3,2
32346,2,1,5,1,5,4,3,2,2,2,2,2,3
76905,1,5,1,1,2,1,2,2,4,5,4,5,2
81428,2,5,3,1,3,3,3,3,4,4,5,3,3
116559,3,4,3,4,4,3,3,4,4,3,4,3,4
81212,2,2,5,2,5,5,5,3,3,2,3,4,4
65086,2,2,2,4,3,4,4,3,3,2,3,1,2
43715,1,2,0,2,2,0,2,2,2,5,3,4,2
32653,3,2,3,3,3,3,3,3,1,3,3,4,3
25157,5,1,1,1,5,5,5,5,3,3,3,4,5
68589,3,5,3,1,3,1,1,4,3,3,4,1,1
52948,5,1,1,1,4,5,4,4,2,1,1,5,4
112860,1,1,1,1,5,4,5,5,5,3,4,5,5
28935,1,5,2,5,3,3,3,1,1,1,1,1,2
106490,1,4,4,4,1,1,1,1,3,5,3,3,1
2319,4,5,4,4,2,4,5,2,4,2,4,5,2
82838,2,2,2,2,5,5,5,5,5,4,4,3,5
20039,3,3,1,3,4,4,4,3,3,3,3,1,3
47043,2,1,1,1,2,2,2,2,1,1,2,2,2
64453,1,4,0,1,4,0,5,4,5,4,4,5,4
60346,4,4,4,4,3,5,4,5,5,4,5,3,5
37085,2,2,2,2,5,4,5,3,3,4,3,5,5
81973,5,5,5,5,4,5,4,3,3,3,3,4,3
122314,4,4,4,4,5,5,5,5,5,2,5,3,5
35844,0,0,0,2,4,0,4,4,2,5,5,4,4
17438,2,5,2,3,4,2,2,4,4,5,4,3,4
29742,3,3,3,3,2,4,5,4,4,4,4,5,4
544,5,5,5,5,3,3,3,3,3,4,5,5,3
51864,4,4,4,4,4,4,4,4,5,1,4,2,4
12120,1,5,1,2,3,4,5,1,1,1,1,5,3
97694,5,5,2,5,5,5,5,5,5,5,4,5,5
129557,1,4,2,1,4,2,4,4,2,2,4,2,4
120002,5,5,5,5,3,4,4,5,5,5,5,3,4
59031,3,5,1,1,3,2,3,3,2,1,3,4,3
87570,3,3,3,3,5,5,5,5,5,5,5,5,3
107638,3,3,3,3,5,3,3,5,3,4,4,3,5
73736,2,5,0,3,3,5,4,1,1,0,1,3,4
99558,5,5,5,5,3,5,5,4,4,4,4,5,4
111409,0,0,0,5,5,0,4,5,4,5,5,4,5
116625,3,5,5,5,5,3,4,3,3,3,3,4,2
31164,4,1,1,1,2,5,3,4,4,4,4,4,2
77148,3,3,3,3,3,3,3,3,4,2,4,3,3
129113,4,4,4,4,5,5,5,4,3,4,5,5,5
90677,1,1,1,1,3,4,4,5,5,5,5,5,3
99246,4,3,4,4,3,4,3,3,4,1,2,3,3
59257,2,4,2,2,2,1,1,3,3,5,4,1,1
123028,4,4,4,4,1,4,1,1,5,3,4,5,1
49306,4,1,1,1,4,4,4,4,1,1,3,4,4
99388,0,0,0,3,4,5,5,4,4,4,4,3,4
94684,2,1,2,3,3,2,3,3,3,3,2,3,3
30904,5,3,3,3,5,5,5,5,1,5,1,3,5
62985,3,4,4,4,3,3,3,3,4,3,3,3,3
24055,4,1,4,3,1,4,1,1,4,5,3,2,1
88672,3,5,3,5,4,5,4,2,2,3,2,3,4
63482,2,5,2,3,3,4,4,1,1,2,1,4,3
36476,3,4,4,4,1,3,2,3,3,3,3,4,1
105529,2,0,1,5,3,1,3,3,5,5,5,4,3
1513,3,3,3,5,1,3,1,1,5,4,5,4,1
2190,3,5,3,3,5,3,4,5,3,4,1,5,5
41098,4,4,4,4,2,3,5,5,5,5,3,3,5
52665,2,5,2,3,1,2,1,1,3,5,4,5,1
101687,4,4,4,3,3,4,3,3,4,3,4,3,3
58702,2,5,5,5,2,2,2,4,3,1,3,2,2
120983,2,4,4,4,2,2,2,2,1,1,4,2,2
35940,4,4,4,4,3,4,3,3,3,5,4,3,3
52341,0,5,0,3,1,0,1,1,4,4,1,5,1
13683,3,3,3,4,3,5,5,5,4,2,3,5,5
1206,3,5,3,3,1,3,1,1,3,2,4,3,1
125904,3,4,3,4,4,3,4,2,2,3,2,4,1
61554,1,1,1,1,4,4,4,4,3,3,5,4,4
112804,3,3,3,3,2,3,2,2,4,1,2,2,2
41283,2,4,2,5,2,2,2,2,5,3,4,4,2
43630,3,3,3,3,2,3,2,2,4,5,3,4,2
121901,1,5,5,3,5,5,5,5,4,3,4,3,5
13985,4,4,3,4,4,3,2,3,3,4,3,5,5
93722,1,3,3,3,2,4,3,1,1,1,1,4,4
74558,4,3,4,4,5,5,5,3,3,4,5,5,5
96739,5,5,5,5,5,4,4,5,5,5,5,5,3
64623,4,4,5,4,1,4,3,2,2,2,4,4,2
53932,3,4,0,5,3,5,4,1,1,0,1,4,5
33404,4,3,3,3,4,4,3,4,4,3,5,4,4
28674,3,3,3,3,4,4,4,4,3,5,4,4,4
104687,2,4,4,4,5,4,4,2,2,2,2,2,1
45240,1,5,1,5,4,4,3,1,1,1,1,4,1
104896,2,4,4,4,4,4,4,2,2,2,2,3,2
49457,2,1,5,1,1,3,4,2,2,2,2,1,2
13211,2,2,2,3,4,2,4,4,4,3,3,4,4
96808,2,2,2,2,1,2,1,1,4,5,4,3,1
5647,3,3,3,3,1,3,3,3,3,3,3,2,4
123321,1,3,4,4,1,1,2,1,1,3,4,4,1
3604,1,3,1,5,4,1,4,4,1,1,5,3,4
70237,3,3,3,3,3,4,4,4,4,4,4,5,5
54484,3,1,3,3,3,4,3,3,5,3,5,5,3
32889,4,5,4,1,4,4,4,1,1,4,1,4,5
77250,5,5,5,5,4,3,3,5,5,5,5,5,5
110141,3,4,4,4,2,4,4,3,3,3,3,2,1
3212,3,1,1,1,3,3,3,3,3,1,4,3,3
129532,1,1,1,1,4,5,4,5,5,5,5,5,5
60800,3,2,2,2,2,3,3,3,3,3,3,2,3
93742,3,3,3,3,2,5,4,4,4,4,4,3,5
62045,2,2,2,4,1,2,1,1,3,1,2,4,1
109371,4,5,3,5,3,2,3,4,4,4,4,1,3
56739,3,3,3,3,4,3,4,3,3,3,3,2,2
113864,5,2,5,5,5,5,5,5,5,5,5,3,5
91893,3,4,3,3,3,5,4,4,4,4,4,5,5
93652,2,4,1,4,5,1,5,5,3,1,2,5,5
81450,4,4,4,4,2,5,4,2,2,2,2,4,4
57254,2,2,2,2,2,3,4,2,2,2,2,4,3
14554,2,4,2,4,1,2,1,1,5,3,5,3,1
69204,1,1,1,3,2,1,2,2,3,4,4,4,2
90916,5,4,5,5,4,2,1,5,5,5,3,5,1
119888,3,4,4,2,4,4,3,4,5,3,5,4,4
46906,5,5,3,5,1,2,1,1,5,5,2,4,1
95666,2,2,2,2,5,2,5,5,5,2,5,4,5
89052,4,3,3,1,4,4,4,4,4,5,5,5,4
85632,4,4,4,3,4,4,1,4,4,2,5,5,4
44115,2,4,2,3,3,5,5,2,2,2,2,5,5
59134,1,5,1,3,5,5,4,3,3,1,1,4,3
16182,2,2,4,2,4,2,2,2,2,2,2,2,1
62910,4,4,4,4,3,5,5,4,4,4,4,5,5
12473,2,4,2,1,2,2,2,2,2,4,3,2,2
65647,4,5,5,2,5,5,5,5,3,3,4,5,5
69134,4,4,4,4,2,3,4,5,5,5,5,5,4
107892,2,2,2,3,4,2,4,4,3,4,4,1,4
128291,0,0,0,2,2,5,4,2,2,2,2,3,4
79137,1,1,1,1,4,4,5,5,5,5,5,4,4
8540,1,1,1,1,2,4,4,5,5,5,5,5,3
15079,4,5,5,5,1,5,5,4,4,4,4,4,3
105645,4,4,5,4,3,4,4,2,2,3,2,4,3
78278,4,5,4,3,1,4,1,1,5,2,4,4,1
126139,2,2,2,2,2,3,2,2,4,2,4,1,2
91932,4,2,5,2,2,1,3,4,4,4,4,4,1
5723,4,3,4,3,5,4,5,5,3,3,4,5,5
35727,1,4,1,4,1,3,3,3,5,3,4,3,3
84477,3,3,3,3,4,4,4,4,4,4,4,5,5
112120,3,3,3,3,4,5,4,4,4,4,4,4,5
92406,5,0,5,2,5,5,1,5,4,3,5,3,5
66003,4,3,4,4,1,4,1,1,3,5,2,3,1
109143,3,4,3,4,4,3,4,4,5,4,4,3,4
116358,3,1,3,4,2,4,4,3,3,3,3,4,3
99364,4,4,4,3,1,4,1,1,4,5,4,5,1
95899,2,3,2,3,1,2,1,1,4,3,3,3,1
35432,1,4,1,1,5,4,5,4,4,1,4,5,3
122852,1,5,5,5,2,3,3,1,1,1,1,1,2
119166,4,4,4,2,3,4,4,3,3,3,5,4,3
98779,4,4,4,4,3,5,4,3,3,3,3,3,5
15264,3,2,2,2,3,3,3,3,4,2,4,1,3
15591,1,4,1,3,1,1,1,1,4,2,3,4,1
54882,3,5,3,4,5,3,5,5,3,2,4,3,5
56751,2,2,2,2,5,5,5,5,5,5,5,5,4
70383,1,1,1,3,1,1,1,1,4,2,4,5,1
35342,3,3,3,3,2,4,4,5,5,5,5,1,5
17,2,3,2,3,1,5,1,5,5,2,5,5,2
20173,2,4,2,4,1,2,1,1,3,4,5,5,1
116838,4,0,5,3,2,5,2,2,3,3,4,3,2
84228,2,3,1,3,5,1,5,5,1,3,3,1,5
94857,1,4,4,4,1,1,1,1,2,3,3,3,1
118665,3,1,4,3,2,4,4,2,4,3,4,1,2
72696,2,5,2,5,4,5,4,3,3,2,3,3,5
109153,3,3,3,3,5,5,5,4,4,4,4,5,5
34435,5,5,5,5,5,4,4,4,5,5,4,4,4
99553,2,2,2,4,4,2,4,4,3,2,3,4,4
36101,3,3,3,4,4,4,4,2,2,3,2,4,4
64388,3,5,3,2,5,5,5,4,4,3,2,3,4
74006,3,3,4,3,4,4,4,4,3,5,4,3,4
107923,4,4,4,4,4,4,5,4,4,4,4,5,5
28487,1,5,5,5,1,1,1,1,2,3,2,4,1
53956,2,5,5,5,2,2,2,2,3,1,4,3,2
122479,2,0,2,3,3,2,3,3,4,2,4,3,3
125870,3,3,3,3,3,5,5,5,5,5,5,3,5
117395,5,5,5,5,3,4,4,4,4,4,4,3,3
82521,1,1,1,4,4,1,4,4,3,2,3,3,4
52861,3,3,3,2,3,3,3,3,4,4,4,5,3
5672,3,5,5,5,3,3,3,3,2,2,4,4,3
347,3,5,3,5,5,3,5,5,4,5,2,4,5
85117,5,5,5,5,2,5,5,5,5,5,5,4,4
84016,2,2,2,4,1,3,3,3,3,2,3,2,2
88913,1,4,1,2,2,4,4,4,4,1,4,3,4
60597,2,2,2,2,4,4,4,4,3,4,4,3,4
11105,5,2,5,3,2,3,3,3,3,5,3,4,2
29552,5,5,4,5,3,5,3,3,4,2,1,1,3
66109,5,5,2,5,5,5,5,5,5,4,4,5,5
95739,3,2,4,2,5,3,3,3,3,3,3,3,1
88658,3,4,3,3,4,3,4,4,5,4,1,4,4
43399,5,5,5,1,1,5,2,1,3,4,5,3,1
103377,0,0,0,3,3,5,5,1,1,1,1,5,5
80530,1,1,1,1,2,3,4,5,5,5,5,4,3
25524,3,1,3,3,4,3,3,4,3,4,4,4,4
67416,5,5,5,5,4,5,5,5,5,5,5,3,5
76892,2,2,2,2,5,4,5,5,5,5,5,5,4
116292,1,3,1,3,5,1,5,5,1,2,3,3,5
65887,3,3,3,3,2,4,4,3,3,3,3,5,3
3944,2,2,3,2,2,2,2,2,2,3,4,2,2
61638,3,3,3,3,5,5,5,5,5,5,5,5,4
74579,2,1,1,1,1,4,4,2,2,2,2,1,1
62145,3,3,3,3,5,4,5,5,5,5,5,4,4
46418,3,4,4,4,5,4,4,3,3,3,3,2,4
32676,1,4,5,5,1,3,4,4,4,4,1,2,4
101514,2,5,3,1,4,3,4,4,2,5,5,1,4
91553,1,1,1,3,2,1,2,2,3,3,3,1,2
126073,4,4,4,4,3,4,4,5,5,5,5,3,4
50562,2,4,0,1,4,0,4,4,4,5,1,4,4
122630,3,3,3,5,1,3,2,2,2,3,2,2,1
550,0,5,0,2,4,4,4,5,5,4,4,5,3
111896,1,5,1,2,1,1,1,5,3,5,5,1,1
41694,4,5,4,1,3,4,4,3,4,5,5,4,3
43533,4,5,4,3,4,4,4,4,4,5,4,3,4
32879,3,4,3,3,3,3,3,3,4,5,4,4,3
66586,4,5,5,5,3,3,3,4,4,4,4,2,3
6605,2,3,2,3,4,2,4,4,2,3,3,1,4
118854,2,4,2,2,5,2,2,5,3,4,4,4,5
22151,4,5,4,3,4,4,2,4,2,3,1,5,4
41874,1,3,3,3,1,1,1,1,3,2,4,3,1
5362,1,1,1,1,4,4,4,4,3,4,4,5,4
111572,2,4,2,3,1,2,1,1,1,5,4,3,1
8307,2,3,3,3,2,2,2,2,3,3,3,2,2
22230,3,3,3,4,3,3,3,3,4,3,4,5,3
85244,4,4,4,4,2,1,3,2,2,4,2,4,3
34817,3,2,4,3,2,4,3,3,3,4,3,2,4
20959,4,4,4,3,2,4,2,2,1,1,3,4,2
20466,0,1,0,3,3,0,3,3,4,1,3,2,3
26969,4,1,1,1,1,4,5,4,4,4,4,1,4
109005,4,4,4,2,1,4,1,1,5,2,5,3,1
106924,3,4,3,4,2,3,2,2,4,4,5,3,2
83030,2,2,2,2,5,5,4,4,4,4,4,3,5
52259,2,2,2,3,4,2,1,4,1,2,4,2,4
90313,3,4,3,2,5,5,5,5,5,3,2,4,4
123441,5,0,5,3,2,5,2,2,4,2,4,5,2
79431,1,1,1,1,5,5,5,4,4,4,4,5,4
111997,1,1,3,1,3,4,4,3,3,4,3,3,4
53303,3,2,3,4,4,3,1,4,2,5,4,3,4
66918,3,3,3,3,4,4,4,4,4,3,4,3,4
92175,3,3,3,3,4,4,4,3,4,5,5,4,4
105604,3,0,4,3,3,4,2,3,5,4,5,5,3
27748,2,2,2,2,3,2,4,4,4,4,4,2,1
4735,2,2,2,4,5,2,5,5,4,5,4,3,5
30680,4,4,2,4,4,4,4,4,2,4,5,5,4
41471,4,4,4,1,5,4,5,5,1,2,3,5,5
27121,4,4,4,4,4,4,4,4,2,3,2,4,4
72810,3,3,3,3,1,3,1,1,5,3,4,3,1
7988,1,1,1,1,4,5,5,3,3,4,3,5,5
78346,2,4,1,3,2,1,2,2,4,3,4,4,2
70145,3,3,3,4,2,3,2,2,3,1,1,2,2
69030,4,4,4,4,4,4,4,4,4,4,4,3,5
41235,2,3,2,2,4,2,4,4,2,2,3,3,4
28797,2,5,2,5,2,2,2,2,3,2,5,3,2
15177,3,3,3,3,2,2,3,3,3,3,3,4,4
111833,2,2,2,2,1,2,3,2,2,2,2,3,4
84079,1,3,1,3,1,1,3,1,3,2,4,4,1
63168,4,4,2,4,3,4,5,5,5,5,5,5,5
112423,2,1,4,1,2,2,2,2,2,4,2,1,2
47869,2,4,2,4,3,2,3,3,2,4,4,1,3
25818,3,2,2,3,1,2,4,1,1,2,1,2,3
15978,1,1,1,1,2,4,5,3,3,3,3,3,5
40544,4,4,4,4,4,2,4,5,5,5,5,2,1
49040,2,0,2,2,1,2,1,1,4,5,5,3,1
64429,3,3,3,3,5,4,5,4,4,5,4,4,4
9074,5,1,5,4,5,5,5,2,3,3,3,5,5
35598,2,3,2,3,1,2,1,1,2,2,3,4,1
23245,4,4,4,4,5,5,5,5,5,3,1,1,5
103321,3,4,4,4,4,3,4,4,3,3,3,2,4
71718,3,3,3,3,5,5,5,5,5,3,5,4,5
83571,1,4,4,4,3,2,3,1,1,1,1,2,3
61538,2,2,2,4,1,2,1,1,4,5,4,3,1
80876,3,4,3,4,2,3,2,2,1,4,4,2,2
18432,5,5,5,5,4,5,5,5,5,5,4,5,3
45188,3,3,3,3,1,4,1,5,5,4,5,2,2
59757,2,2,2,4,1,2,1,1,3,2,5,4,1
52436,2,3,2,5,1,2,1,1,2,1,3,5,1
29752,4,4,4,3,4,4,3,4,5,5,5,3,3
98724,0,4,0,2,1,0,1,1,5,2,5,4,1
104377,1,2,2,2,3,2,2,1,1,1,1,4,3
94770,0,0,0,2,5,5,5,2,2,2,1,4,5
11115,4,4,4,5,4,4,4,4,5,4,5,5,4
52992,3,3,3,3,5,4,2,5,5,5,5,5,4
19806,1,1,1,1,4,2,2,4,4,4,4,2,4
96647,2,3,2,3,5,2,5,5,5,5,3,5,5
93970,4,4,4,4,5,5,4,4,4,4,4,4,4
125028,2,1,2,3,3,2,3,3,4,1,2,2,3
42551,1,4,1,4,5,1,5,5,5,3,4,5,5
26930,1,4,1,4,1,1,1,1,3,1,2,1,1
65103,2,1,4,3,4,5,4,2,3,2,2,4,4
42176,0,0,0,4,5,2,1,2,2,2,2,3,3
23419,3,4,3,4,1,3,1,1,5,4,4,4,1
49900,1,4,5,4,1,1,1,1,1,4,4,3,1
45672,4,4,4,4,4,4,4,4,3,4,1,5,4
26380,2,1,2,3,1,2,1,1,3,3,4,1,1
95906,3,4,3,3,5,3,5,5,3,2,5,4,5
58965,2,2,2,3,2,2,2,4,4,2,3,2,2
107659,4,4,4,4,2,4,4,4,4,4,4,3,5
12726,4,2,2,2,4,4,4,4,2,3,2,1,4
120542,4,4,4,4,3,3,4,5,5,5,5,4,4
66205,1,1,1,1,1,1,1,1,1,1,4,2,1
94372,2,2,2,2,2,5,4,5,5,5,5,5,3
101557,0,0,0,1,5,4,4,1,1,1,1,3,3
1185,1,5,1,3,2,1,2,2,4,3,5,4,2
73205,2,5,2,2,1,2,1,1,4,3,4,3,1
91677,4,0,4,4,2,4,5,2,4,4,4,5,2
23683,1,1,1,1,5,2,1,4,4,4,4,2,5
73533,2,2,2,2,3,3,3,3,3,5,4,5,3
43367,2,5,2,1,1,2,1,1,3,5,4,4,1
57222,1,5,1,5,5,1,5,5,1,4,5,5,5
21862,1,1,1,1,1,2,1,1,4,1,5,5,1
74917,1,1,1,1,3,5,5,5,5,5,5,3,5
41216,2,1,2,4,5,2,5,5,3,4,3,2,5
100684,3,3,3,3,3,3,2,3,3,4,4,1,3
77742,1,2,2,2,1,4,1,1,1,1,1,3,4
34348,2,0,2,3,1,2,5,1,4,5,5,4,1
81238,3,3,3,3,3,4,4,4,4,4,4,4,4
8976,0,0,0,4,5,4,5,5,5,5,5,4,1
18277,2,2,2,1,3,2,3,3,5,1,3,5,3
47599,2,2,2,3,1,2,1,1,3,4,4,3,1
34716,5,1,1,1,5,5,5,4,4,5,4,5,5
126870,5,3,5,4,1,5,1,1,4,3,4,1,1
90691,3,3,3,3,3,4,4,5,5,5,5,4,5
70297,2,5,2,3,4,4,5,4,4,2,4,3,4
49331,4,5,5,5,4,4,4,4,4,5,5,2,4
46516,4,4,4,4,4,1,4,5,5,5,4,4,3
35193,1,1,1,1,5,5,5,5,5,4,5,2,5
110698,5,3,5,1,1,5,1,1,3,2,3,3,1
96469,2,2,4,2,4,4,4,4,5,2,5,5,4
74007,4,3,4,3,4,5,4,3,3,4,3,3,5
11516,2,5,2,3,2,2,2,2,5,4,5,4,2
54841,3,3,5,3,5,5,4,2,2,2,2,3,3
68211,5,5,5,5,4,4,5,3,3,3,3,4,4
44964,0,4,0,2,5,4,4,4,4,4,3,4,4
6885,1,1,1,1,4,5,5,5,5,5,5,4,3
104126,3,3,5,3,5,5,4,4,4,4,4,5,4
68499,2,5,2,2,5,2,5,5,3,5,4,3,5
13823,5,2,2,2,5,5,5,5,5,2,1,2,5
118205,3,0,3,1,2,3,2,2,3,5,4,5,2
87409,4,2,4,4,1,4,1,1,3,3,2,2,1
48676,5,5,1,5,3,5,5,4,4,4,4,4,3
109202,3,5,4,5,3,3,3,3,3,3,4,1,3
94970,4,0,4,4,1,4,1,1,3,4,2,4,1
111383,2,2,2,3,3,2,3,3,4,5,4,4,3
49382,2,4,2,4,3,2,4,3,1,4,2,5,3
123135,3,2,2,2,3,3,3,3,4,1,4,3,3
35639,2,4,2,3,1,2,1,1,3,3,5,4,1
93075,2,4,2,5,2,2,2,2,4,5,5,3,2
61902,3,3,3,4,2,3,2,2,3,5,5,4,2
95446,2,2,2,2,4,5,5,5,5,5,5,3,5
65927,4,4,4,3,5,1,1,4,4,4,4,2,1
8835,2,4,4,4,2,2,2,2,2,2,4,3,2
119551,3,5,3,1,1,3,4,1,3,4,4,4,1
126796,2,2,3,2,2,5,5,4,4,4,4,4,4
3499,2,4,2,3,3,2,3,3,3,3,4,3,3
84421,2,5,2,1,3,2,3,3,1,3,5,5,3
72175,3,3,2,3,2,5,5,4,4,5,4,3,3
65850,3,2,2,2,2,4,4,3,3,3,3,3,3
814,2,3,3,3,2,2,2,2,3,5,3,4,2
57820,1,1,1,1,2,4,5,4,4,4,4,5,5
102156,2,2,2,2,2,4,4,5,5,5,5,5,4
62309,3,5,5,5,3,3,3,3,3,4,3,3,3
24761,5,5,5,5,4,4,4,4,1,2,5,1,4
105169,3,1,3,3,1,3,1,1,3,2,4,3,1
102602,1,4,1,1,1,1,1,1,4,4,4,5,1
82348,4,5,5,5,5,4,5,5,3,4,3,1,5
36879,2,2,2,2,3,4,3,3,3,3,2,4,3
35133,2,2,2,2,4,1,1,3,3,3,3,3,5
67101,1,1,5,1,4,4,4,5,5,4,5,5,5
2777,3,3,3,3,4,4,4,5,5,5,5,4,3
1549,1,4,1,4,1,1,1,1,4,1,3,1,1
118422,5,4,5,3,2,5,2,2,3,2,5,4,2
93706,2,3,3,3,2,2,2,2,3,2,4,1,2
120536,4,3,3,3,4,2,3,4,4,4,4,1,3
62042,1,1,1,4,5,1,5,5,3,5,5,5,5
128505,2,2,2,4,3,2,3,3,4,3,4,4,3
109630,3,3,3,3,4,4,4,3,3,2,3,4,4
20410,4,2,2,2,4,4,4,4,3,1,1,5,4
54960,4,4,4,4,2,4,2,2,5,5,4,3,2
104943,1,1,1,4,2,1,2,2,3,5,4,4,2
89568,3,2,2,2,3,4,3,3,3,3,3,1,4
5050,3,3,2,3,3,5,4,4,4,4,5,4,4
77769,2,3,2,2,5,2,5,5,3,1,2,4,5
30592,4,5,5,5,4,4,4,4,1,4,5,1,4
33520,0,0,0,1,3,5,4,4,4,4,4,5,4
37852,4,3,3,3,4,4,4,4,1,1,3,2,4
114551,1,4,1,4,5,1,4,5,4,1,4,4,5
82556,3,5,3,2,4,5,5,2,2,3,2,4,4
97301,4,4,4,4,2,5,5,2,2,2,2,4,5
49990,2,2,2,2,4,1,1,4,4,4,4,4,1
94913,4,3,4,4,1,4,3,4,4,4,4,2,2
29878,3,3,3,3,4,3,4,4,3,1,4,4,4
44814,3,3,4,3,3,4,3,3,2,1,4,1,3
40941,3,5,3,2,4,3,4,4,5,3,5,4,4
113529,4,5,5,4,5,4,5,5,5,3,5,5,5
80768,4,5,5,5,5,5,5,1,1,5,1,3,5
78965,2,2,2,2,4,4,5,5,5,5,5,4,5
24106,3,3,3,3,5,2,5,4,4,4,4,3,4
101901,3,2,2,2,3,3,3,3,3,3,2,4,3
13537,0,0,0,3,4,0,5,4,2,1,4,5,4
47200,2,2,2,4,3,2,2,3,4,1,3,4,3
24656,2,1,1,1,5,2,2,2,2,2,2,2,4
4716,4,4,2,4,4,4,5,5,5,2,5,4,5
51112,5,3,5,3,1,5,1,1,3,2,3,2,1
79863,5,5,5,5,3,5,4,5,5,5,5,3,3
75095,3,3,3,3,2,4,5,3,3,4,3,4,5
106016,3,3,3,3,3,5,4,5,5,5,5,3,3
26878,1,1,1,3,5,1,5,5,2,2,3,2,5
50166,3,4,2,3,3,2,3,3,4,2,4,4,3
127710,4,5,0,1,5,3,3,5,5,0,5,2,5
55599,2,2,2,2,5,4,5,5,5,5,5,4,3
71813,5,5,5,5,3,4,5,4,4,4,4,3,4
115003,1,1,1,1,3,4,4,5,5,5,5,5,5
107915,2,1,2,2,1,2,1,1,3,5,3,3,1
90929,4,1,1,1,1,1,3,4,4,4,4,3,3
114580,4,4,4,4,5,5,4,4,4,4,4,5,4
18646,2,5,0,1,2,0,5,2,5,4,5,4,2
106594,3,3,3,3,3,3,3,3,3,5,4,4,3
121243,4,4,2,4,3,4,4,4,4,4,4,3,4
92134,3,4,3,3,3,3,3,3,4,3,4,4,3
20145,2,2,2,2,5,1,4,4,4,4,4,2,4
23881,4,2,2,2,2,3,4,4,4,4,4,3,2
16047,1,5,1,1,1,1,1,1,3,3,4,3,1
43045,1,2,2,2,4,2,2,1,1,1,1,1,4
51198,5,3,5,3,4,5,4,4,2,1,5,1,4
83785,1,1,1,1,3,5,5,5,5,5,5,5,3
92919,4,1,4,1,2,4,4,3,3,3,4,1,1
106651,1,1,1,1,1,2,3,1,1,2,1,1,4
71055,4,4,4,4,5,4,4,4,4,4,4,1,4
89074,5,4,5,5,4,5,4,4,5,3,3,3,4
20439,3,3,3,3,2,3,3,2,3,2,3,2,2
21820,1,0,0,3,3,0,3,3,5,4,1,1,3
124710,1,4,1,3,2,1,2,2,5,5,5,3,2
121212,5,3,5,4,3,5,3,3,4,4,3,1,3
66382,5,5,5,5,2,4,5,4,4,4,4,3,5
57642,2,4,5,4,1,3,3,2,2,2,2,1,2
63430,3,4,3,5,4,5,4,5,5,3,5,4,5
39979,2,2,2,4,2,2,2,2,1,3,3,2,2
23029,4,1,3,3,4,5,4,4,5,5,2,2,4
4758,1,1,1,1,3,5,5,5,5,5,5,4,5
115890,1,1,3,1,5,3,3,5,5,5,5,2,3
40727,2,0,2,2,5,2,3,5,1,5,5,1,5
28873,2,1,1,1,4,1,4,4,2,3,1,3,4
46481,3,5,3,2,2,4,5,1,1,3,1,3,3
64361,4,4,3,3,5,4,3,4,4,3,4,4,1
89102,4,4,4,4,3,3,3,3,3,5,4,5,3
88614,2,4,2,4,3,2,2,2,2,2,2,4,5
3911,1,2,1,3,5,1,5,5,3,5,4,4,5
60009,2,5,2,2,4,2,4,4,3,1,5,2,4
25386,2,5,2,5,1,2,1,1,5,3,4,3,1
55620,2,2,1,2,5,4,5,5,5,5,5,4,3
15773,4,5,5,5,1,4,1,3,2,3,4,1,1
121021,2,4,1,3,4,1,4,4,3,4,4,4,4
71381,4,4,4,4,4,4,2,4,4,1,4,1,4
44481,3,3,3,3,5,4,5,5,3,1,1,2,5
79394,2,1,1,1,2,1,2,2,3,3,1,4,2
4208,5,0,5,1,3,5,3,3,3,4,5,5,3
85662,5,5,5,4,3,5,3,3,5,3,5,5,3
7552,3,3,3,3,2,4,5,4,4,4,4,3,3
110138,2,3,3,4,5,3,5,5,4,5,3,4,5
90994,2,3,2,4,5,2,5,5,1,2,3,1,5
60385,5,5,5,5,3,5,5,5,5,4,5,5,4
36801,3,3,3,3,3,4,4,1,4,3,5,4,4
48957,3,5,5,5,4,4,3,4,2,2,4,4,4
1035,2,3,2,4,3,2,3,3,4,3,3,1,3
31808,4,2,2,2,4,4,4,2,5,3,1,4,4
59494,3,4,3,2,5,3,5,5,4,5,5,4,5
26117,3,5,2,5,4,4,4,3,3,3,3,3,1
96998,2,4,2,4,2,2,2,2,5,2,5,5,2
42645,4,5,4,3,3,4,3,3,5,4,3,4,3
117102,5,5,5,5,2,3,4,4,4,4,4,5,5
48925,5,5,5,5,5,4,4,4,4,4,4,2,3
92199,4,2,4,2,4,3,4,4,1,3,3,2,4
33540,1,4,4,4,2,3,3,1,1,1,1,2,3
59204,3,5,5,5,5,3,3,3,3,3,3,4,2
105125,2,2,2,2,2,2,2,2,4,1,3,2,2
21573,1,2,1,3,5,1,5,5,4,3,3,2,5
111394,1,5,1,1,1,1,1,1,3,3,5,3,1
64687,3,3,3,3,4,5,5,5,5,5,5,4,3
93876,2,2,2,2,5,5,5,5,4,4,4,3,5
94731,3,1,3,1,3,3,3,3,4,3,3,4,3
96621,3,3,3,3,4,4,5,5,5,5,5,5,5
15807,3,1,3,3,4,3,4,4,1,5,3,4,4
101787,1,1,1,1,3,5,4,5,5,5,5,4,5
72628,4,4,4,3,1,4,2,1,5,5,4,3,1
91728,5,5,5,5,5,4,5,2,2,2,2,5,5
96398,5,5,5,5,3,4,5,5,5,5,5,5,4
50249,2,1,1,1,4,2,3,2,2,2,2,2,1
65331,2,2,2,2,5,4,5,5,5,5,5,5,5
8557,5,5,5,5,4,4,4,5,5,5,5,4,5
30728,1,1,1,3,1,1,1,1,1,1,3,4,1
129847,0,4,0,5,3,0,3,3,5,2,4,4,3
55609,2,2,1,4,1,1,1,1,2,3,3,4,1
69297,4,2,4,4,1,4,1,1,3,4,3,1,1
100870,4,5,4,3,4,4,5,4,3,4,4,5,4
11695,1,1,1,2,1,2,3,5,4,4,5,3,3
78564,5,5,5,1,5,5,2,5,5,4,5,3,5
21837,4,0,4,4,2,4,2,2,3,2,4,3,2
28320,5,3,3,3,4,2,2,5,5,5,5,1,2
61061,2,2,2,4,3,2,3,3,1,5,2,2,3
32388,4,5,5,5,2,3,2,4,4,4,4,3,5
20562,1,3,5,5,5,3,3,1,1,1,1,3,4
26542,3,4,3,4,4,3,4,4,4,5,5,5,4
123365,3,4,4,4,3,3,3,3,2,2,3,4,3
88346,2,2,2,2,4,2,3,2,2,3,2,3,2
77668,4,3,3,3,4,3,4,4,4,5,3,2,4
75437,3,3,3,3,4,5,4,2,2,2,2,3,4
85209,0,0,0,1,5,0,5,5,5,3,5,3,5
53307,4,5,4,3,2,4,2,2,5,5,4,5,2
64611,2,2,2,2,2,4,5,5,5,5,5,4,4
118091,2,4,2,2,2,2,4,2,3,3,4,5,2
62710,1,1,2,1,2,4,4,4,4,4,4,3,4
21504,1,5,1,3,3,1,4,3,5,3,5,4,3
116529,0,4,0,2,2,5,5,2,2,0,2,5,5
90454,1,1,1,1,4,4,4,4,3,4,4,5,4
98713,2,2,2,2,2,2,2,2,1,3,2,1,2
60124,4,5,5,5,4,3,4,4,4,1,3,4,4
129255,2,5,2,3,1,2,1,1,5,2,4,3,1
14243,4,5,5,5,4,4,4,4,1,5,1,2,4
11337,2,5,2,5,1,2,1,1,2,5,4,5,1
25834,5,5,5,5,4,4,4,4,1,5,3,4,4
78068,3,4,3,3,4,4,5,1,1,3,1,3,4
2787,4,4,4,4,5,5,4,2,2,2,2,3,4
2700,2,3,2,4,5,2,5,5,4,2,4,4,5
32034,0,5,0,3,4,5,5,4,4,3,5,5,4
90698,2,2,2,3,4,2,4,4,5,3,5,5,4
37953,3,4,3,3,1,3,1,1,2,1,3,5,1
11303,2,5,2,3,2,2,2,2,5,4,2,4,2
3248,2,0,2,4,5,2,5,5,5,5,4,5,5
62456,2,2,2,3,2,2,2,2,3,3,4,4,2
93072,1,2,1,3,4,1,4,4,4,3,3,4,4
46064,3,5,3,3,5,4,5,5,5,3,5,4,3
95557,3,1,3,2,1,2,2,3,3,3,3,4,3
104474,3,1,3,1,3,3,3,3,4,5,2,1,3
34989,5,5,5,5,5,5,5,4,4,4,4,4,3
77858,2,5,2,1,5,2,5,5,2,5,2,4,5
18652,4,5,4,1,1,4,1,1,5,4,2,3,1
8404,2,2,2,1,3,2,3,3,3,2,5,3,3
80263,3,4,3,4,3,4,3,4,4,3,4,3,3
85031,4,3,4,4,1,3,4,4,4,4,4,1,2
95863,5,5,5,5,5,5,4,5,5,5,5,4,5
25324,5,5,5,5,4,5,2,4,4,4,4,3,4
35984,4,4,4,4,4,4,4,4,2,4,4,4,4
103199,0,0,0,3,2,0,2,2,3,3,4,4,2
126530,5,5,5,5,2,5,5,5,5,5,5,4,3
42628,2,2,3,3,2,2,2,2,1,2,4,3,2
67259,5,4,5,3,3,5,3,3,4,5,5,4,3
5537,3,4,3,4,1,3,1,1,3,2,4,5,1
114233,2,5,2,5,2,2,2,2,2,4,4,2,2
24616,4,3,4,3,2,4,2,2,1,4,4,4,2
115863,2,4,4,4,2,3,3,2,2,2,2,1,3
26643,1,1,1,1,2,2,2,4,4,4,4,2,5
37714,3,5,3,5,1,3,1,1,4,4,5,4,1
91947,2,4,2,1,2,2,2,2,5,4,4,5,2
105183,4,1,3,3,3,3,4,3,4,4,3,2,3
36114,4,3,3,3,5,2,3,4,4,3,4,3,2
78224,2,2,0,4,1,0,1,1,4,1,4,4,1
69744,5,5,3,5,5,5,5,5,5,4,4,4,5
76332,4,3,4,3,5,4,4,5,5,4,5,4,2
3816,5,5,5,3,5,5,5,5,5,4,4,5,5
37436,3,2,2,2,3,3,3,3,1,3,3,4,3
129016,3,3,3,3,4,4,4,4,4,3,3,5,4
102882,3,3,3,4,4,3,4,4,3,5,1,2,4
32759,2,2,2,2,4,4,3,4,2,3,5,4,4
19426,1,1,3,1,5,5,5,5,3,3,3,5,5
122864,3,3,4,3,3,3,3,3,1,3,2,4,3
105197,4,5,5,5,3,5,4,4,4,4,4,2,1
50167,5,1,1,1,5,4,5,5,2,4,4,2,5
99203,3,5,3,3,1,3,1,1,5,2,5,3,1
85358,4,4,4,1,1,4,1,1,5,2,4,4,1
15043,4,2,4,3,3,4,3,3,2,4,4,2,3
83251,3,3,3,4,2,3,2,2,3,4,3,3,2
55977,2,5,2,3,1,2,1,1,4,3,3,5,1
87373,1,2,2,2,3,2,2,1,1,1,1,4,4
49120,0,0,0,4,3,1,1,5,5,5,5,2,1
4229,2,2,2,2,2,4,4,4,4,4,4,3,4
98789,5,5,1,5,5,4,4,5,5,5,5,3,3
78837,4,5,4,4,5,4,5,5,1,5,4,4,5
22678,1,1,1,1,1,3,4,4,4,4,4,5,5
11126,4,5,0,2,4,0,4,4,5,4,5,4,4
29630,3,3,3,3,3,1,2,3,3,3,3,1,3
115291,5,4,4,2,4,5,4,4,4,3,4,4,4
17420,3,2,2,2,1,2,3,3,3,3,3,1,1
125682,3,3,3,3,3,3,3,3,1,1,4,4,3
44259,1,3,1,2,1,1,1,1,1,3,1,5,1
57078,4,0,4,1,5,4,5,5,5,2,4,3,5
25003,3,0,3,4,5,4,5,5,5,3,5,4,3
32917,1,4,1,3,1,1,1,1,5,4,2,3,1
123511,4,3,4,4,2,4,2,2,4,5,5,1,2
53648,5,4,4,4,1,4,5,5,5,5,5,4,2
10209,2,4,4,4,2,3,3,2,2,1,2,4,1
97349,5,1,5,4,4,5,4,4,3,2,5,3,4
108995,3,3,3,3,3,5,4,5,5,5,5,5,3
101926,3,3,3,3,2,4,5,4,4,4,4,3,4
62094,1,2,2,1,4,2,2,4,3,4,5,5,4
20100,5,0,5,5,5,5,5,5,5,3,1,2,5
88501,2,3,2,3,3,2,3,3,4,3,3,4,3
62157,1,1,1,1,3,3,4,5,5,5,5,3,3
122148,1,1,1,1,3,5,4,4,4,4,4,4,5
64798,3,2,3,3,1,3,1,1,2,2,4,1,1
33324,4,4,4,4,4,4,4,4,1,4,5,2,4
116386,1,3,1,3,1,1,1,1,4,1,3,3,1
23545,5,5,5,5,2,5,4,5,5,5,5,4,3
46391,3,2,3,4,3,3,3,3,3,1,3,3,3
66184,5,5,5,5,5,5,5,5,5,5,5,3,4
7042,3,3,5,5,1,3,3,3,3,3,3,4,4
88788,3,4,3,3,1,3,1,1,2,5,4,3,1
73150,2,5,1,2,1,1,1,1,3,4,1,4,1
60986,3,3,3,3,5,5,4,4,4,4,4,3,3
44057,4,4,4,4,5,4,5,5,5,4,2,2,5
56865,2,2,3,2,5,5,5,5,3,5,3,5,5
89998,1,1,1,1,3,5,5,5,5,5,5,3,5
73329,5,5,5,5,3,4,5,5,5,5,5,3,3
56476,2,5,2,2,3,3,3,5,3,4,4,3,3
68414,1,5,2,3,1,2,1,1,2,1,5,1,1
87213,2,1,2,4,3,2,3,3,2,5,2,4,3
103585,1,5,5,5,3,4,4,1,1,1,1,4,1
30634,3,4,4,4,1,3,4,3,3,3,3,4,4
128735,2,4,4,4,2,2,2,2,1,1,1,3,2
53020,2,2,2,4,1,2,1,1,2,1,3,4,1
116138,4,5,4,3,1,4,2,1,4,3,4,2,1
13213,0,2,0,2,3,0,3,3,1,5,5,4,3
117197,4,5,4,4,5,4,5,5,1,2,3,4,5
33004,2,5,2,4,5,4,5,5,5,2,5,5,5
63548,1,4,1,1,1,1,1,1,5,5,4,5,1
84321,4,4,4,4,3,3,3,4,4,4,4,2,3
43902,0,4,0,2,3,0,3,3,3,2,4,3,3
126292,4,5,4,2,4,4,4,4,5,5,5,5,4
70953,5,0,5,2,4,5,5,4,5,5,5,4,4
59962,4,0,4,4,5,4,5,5,3,2,4,4,5
40068,5,5,5,5,5,2,1,5,5,5,5,4,3
23661,4,2,2,2,4,4,4,4,2,2,3,2,4
113190,4,4,4,4,2,5,5,4,4,4,4,5,5
12535,2,2,2,3,1,2,1,1,3,5,4,2,1
82584,1,1,1,2,1,1,1,1,5,4,4,3,1
91534,1,1,1,1,3,5,5,4,4,4,4,5,4
13911,2,4,3,1,1,3,1,1,1,4,1,4,1
40967,2,5,5,5,2,2,2,2,2,4,4,1,2
70704,3,3,3,3,3,4,5,4,4,5,4,4,5
64463,2,4,4,4,2,2,1,2,1,3,3,1,2
69923,1,4,1,3,4,2,3,4,4,1,3,1,4
31302,3,3,3,3,5,4,5,5,4,4,4,4,5
31363,3,2,3,3,3,3,3,3,4,2,4,3,3
33291,5,4,5,1,3,5,3,3,2,5,2,5,3
126160,3,2,2,2,3,3,3,3,4,3,4,3,3
90555,4,4,4,4,4,5,5,5,5,5,4,5,3
43380,4,3,2,4,2,2,2,2,4,1,3,1,2
20130,4,4,5,1,2,5,2,2,3,4,2,3,2
97294,2,2,2,4,3,2,3,3,5,2,5,3,3
117517,1,4,1,3,3,1,3,3,4,5,5,5,3
67898,2,4,1,1,3,1,3,3,4,5,3,1,3
2683,2,5,2,2,4,2,4,4,5,2,5,4,4
20345,5,4,4,4,5,5,5,5,4,5,4,5,5
29934,3,2,2,2,2,4,4,3,3,3,3,3,3
38032,4,1,1,1,4,4,3,4,4,1,5,5,4
56902,2,2,2,2,2,3,3,4,4,4,4,3,3
18195,4,4,5,4,4,4,4,4,5,5,4,4,4
80612,0,0,0,1,3,5,4,3,3,3,1,4,3
113903,4,4,4,4,4,4,4,4,5,3,4,3,4
124648,5,5,2,5,2,5,4,5,5,5,5,4,4
58383,2,2,2,2,5,5,5,3,5,4,5,5,5
41786,4,4,4,4,4,4,4,4,4,4,4,4,3
71272,5,1,5,4,4,5,5,4,2,2,3,1,4
41291,3,5,3,3,4,3,4,4,3,3,5,1,4
47763,3,3,3,3,1,4,3,4,4,4,4,5,2
43469,1,1,1,4,2,1,2,2,4,3,3,2,2
115476,2,2,2,2,1,2,1,1,4,3,5,3,1
61545,2,4,2,1,3,2,5,3,1,4,4,4,3
14502,2,5,5,5,2,2,2,2,3,4,4,2,2
54570,4,5,5,5,4,4,4,4,5,5,3,5,4
22996,3,5,3,1,2,3,4,5,5,3,2,2,3
3881,0,0,0,4,4,4,5,2,2,2,2,5,3
21587,5,5,5,5,3,5,5,5,5,5,5,2,2
99538,1,4,1,2,1,1,1,1,4,5,5,4,1
110420,4,4,4,4,1,4,1,4,4,4,4,1,2
32549,3,5,3,4,5,3,5,5,5,5,4,1,5
120228,2,2,2,3,1,2,1,1,1,1,3,4,1
38776,5,5,5,5,5,5,5,5,1,4,4,4,5
44990,5,5,5,5,4,4,4,4,3,2,3,3,4
79665,3,3,3,2,5,3,4,5,5,2,1,4,5
13119,3,3,3,3,3,4,5,5,5,5,5,5,2
39240,4,4,4,4,4,2,2,4,4,4,3,5,1
68597,4,4,4,4,4,5,5,5,5,5,5,3,3
74282,5,5,5,5,4,4,4,4,4,2,3,3,4
63166,1,1,1,1,5,4,4,5,5,5,5,5,5
114252,2,2,2,2,4,5,2,4,4,4,4,4,3
65699,5,5,4,5,5,5,5,5,4,3,4,3,5
116842,1,3,1,3,3,1,3,3,4,4,4,4,3
114172,4,5,5,3,3,5,4,3,3,2,5,5,3
40856,2,4,2,4,4,2,1,4,4,3,4,3,4
94748,1,5,5,5,1,3,4,1,1,1,1,2,1
5187,3,3,3,3,5,4,4,5,5,5,5,3,3
31943,0,5,0,2,5,4,5,2,2,2,2,3,3
94817,1,1,1,1,2,2,2,2,5,4,5,4,2
11761,3,3,3,3,3,3,3,3,4,3,4,1,3
97538,2,2,3,2,4,5,4,4,4,4,5,5,4
59400,3,2,3,4,2,3,2,2,3,4,3,3,2
124212,1,4,0,4,5,0,5,5,5,3,5,4,5
126837,4,4,4,4,5,3,5,4,4,4,4,4,4
30372,2,2,2,2,5,4,5,5,2,3,1,3,5
62824,4,2,3,2,3,4,4,4,2,1,3,4,4
5691,1,1,1,1,1,1,1,1,2,2,3,3,1
83124,2,4,2,3,4,5,5,3,3,2,3,5,5
24489,3,3,3,3,4,1,3,5,5,5,3,4,1
56640,0,0,0,4,3,0,3,3,5,5,4,5,3
122555,2,4,5,2,5,5,5,5,4,3,5,3,5
70255,4,4,4,4,5,5,5,2,4,4,4,5,5
38539,1,2,2,2,1,1,1,1,4,4,2,3,1
89814,1,1,1,1,2,4,4,2,2,2,2,5,4
108595,1,1,2,1,2,4,5,4,4,5,4,4,5
50669,3,4,3,2,2,3,3,2,5,5,5,4,2
39853,2,2,2,3,5,2,1,5,2,1,3,3,5
75680,4,1,5,4,4,5,4,4,2,4,4,4,4
103294,3,2,3,3,3,3,4,3,3,3,3,1,2
45389,0,0,0,1,4,0,4,4,4,3,5,2,4
44812,2,5,5,5,2,1,2,4,2,4,3,2,2
51720,1,5,1,4,4,1,3,4,1,1,3,1,4
63672,3,3,4,3,4,4,4,4,4,2,3,5,4
36167,3,1,1,1,3,3,3,3,1,1,2,4,3
59251,2,2,2,2,2,2,2,1,3,3,3,2,2
118360,2,5,2,1,5,2,5,5,5,3,1,2,5
115187,5,5,5,5,5,5,5,5,4,3,5,3,5
45965,3,3,3,3,4,4,4,4,4,3,5,5,4
11112,0,0,0,2,2,4,2,3,3,0,3,5,2
43759,5,1,5,5,5,4,5,5,3,3,2,4,5
67239,4,4,4,5,4,4,4,4,5,4,4,3,4
129115,1,1,1,3,1,5,5,2,4,2,4,5,5
72883,5,5,5,5,3,5,5,4,4,4,4,5,3
98558,2,2,2,4,3,2,3,3,3,2,4,3,3
95265,1,5,1,4,5,5,4,2,2,1,2,3,4
11787,1,4,1,4,1,1,1,1,5,4,4,4,1
7846,4,4,4,4,4,5,5,5,5,5,5,5,4
81405,1,4,1,1,4,1,4,4,5,3,5,4,4
2596,3,5,3,3,3,3,3,3,4,5,5,3,3
32558,2,4,2,3,5,2,5,5,2,4,3,3,5
9596,5,3,5,4,2,5,2,2,4,1,4,3,2
52876,3,3,3,4,1,3,1,1,4,4,4,1,1
76433,2,5,2,2,5,5,5,4,4,2,4,4,4
72832,2,3,3,3,5,3,3,2,2,2,2,3,3
83196,5,5,5,5,5,4,5,5,5,5,5,4,4
30009,5,5,5,5,1,4,3,5,5,5,5,1,3
49895,3,3,4,3,3,3,4,5,5,5,5,4,3
129728,4,4,4,4,5,5,5,5,4,5,5,3,5
81233,3,1,3,2,5,3,5,5,2,4,3,2,5
22453,2,5,2,3,1,2,1,1,5,4,3,3,1
52428,2,3,2,4,2,2,2,2,4,2,1,5,2
77131,3,4,3,2,1,3,4,1,3,3,4,5,1
66928,5,5,5,5,2,5,4,4,4,4,4,4,3
110663,2,2,3,2,2,2,2,2,3,2,4,1,2
100068,2,2,2,3,3,2,3,3,4,1,3,3,3
111542,1,1,1,1,3,5,5,5,5,5,5,5,3
118460,2,2,2,2,2,5,4,3,3,4,3,5,4
57161,1,1,1,1,2,2,2,2,5,3,5,5,2
23480,2,4,2,3,4,2,4,4,5,3,4,5,4
32401,3,3,3,4,3,3,3,3,4,4,3,1,3
20646,4,4,2,4,5,4,4,4,4,4,4,5,4
11675,5,5,5,5,3,5,5,4,4,4,4,4,3
52180,2,0,2,2,4,2,4,4,3,5,3,4,4
4815,5,0,5,4,2,5,2,2,5,2,5,4,2
106285,1,4,1,3,4,1,4,4,4,5,5,5,4
29645,3,5,3,2,2,3,2,2,2,3,3,3,2
102010,4,4,4,5,1,4,1,1,4,5,4,4,1
6740,4,4,4,4,4,4,4,4,4,3,5,4,4
51349,1,2,2,2,1,1,1,1,3,1,4,3,1
3971,4,4,4,4,3,3,3,3,4,4,5,4,3
37347,3,3,4,3,3,4,3,3,3,3,5,4,3
108714,3,3,4,3,2,5,5,5,5,5,5,5,5
124432,2,5,2,3,4,2,4,4,3,3,4,4,4
47985,4,1,4,4,2,4,4,2,4,5,4,3,2
114008,5,4,5,3,5,5,5,5,4,2,3,1,5
101696,1,1,1,2,4,1,4,4,1,5,3,3,4
96214,0,0,0,2,4,0,4,4,4,5,5,5,4
14892,4,1,1,1,3,3,4,4,4,3,4,2,2
104532,1,1,1,1,4,4,4,5,5,5,5,5,5
54928,1,1,1,1,4,4,4,4,4,5,5,3,4
104264,5,5,5,5,5,5,5,2,2,2,2,3,5
25501,4,4,5,4,4,3,4,4,4,4,4,3,1
112960,1,5,1,3,5,1,5,5,1,5,5,5,5
13271,3,3,3,2,3,2,4,1,1,3,3,4,4
39863,3,5,3,3,3,3,3,3,3,1,4,2,3
72532,1,1,1,1,2,5,5,4,4,4,4,4,4
37976,2,3,3,3,5,2,3,2,2,2,2,4,4
52733,1,0,0,4,4,0,4,4,1,2,2,1,4
17596,2,5,5,5,2,2,2,2,3,1,2,4,2
67388,5,4,5,5,5,5,5,5,3,5,5,5,5
79746,2,1,1,1,2,2,2,2,3,5,4,1,2
38127,1,1,1,1,1,4,4,5,5,4,5,1,5
82119,2,1,2,3,1,2,1,1,4,5,4,2,1
109589,1,1,1,1,3,4,4,4,4,4,4,4,5
125471,1,5,2,4,2,2,2,2,4,2,3,5,2
49142,5,5,5,5,4,2,5,5,5,5,5,4,3
90799,1,1,3,1,2,4,5,4,4,5,4,3,5
199,4,4,4,4,2,4,5,4,4,4,4,5,5
110058,3,1,3,2,3,5,2,1,3,1,3,2,2
108019,5,5,5,5,4,4,4,4,4,4,4,4,4
34130,4,4,1,4,4,4,4,4,3,1,4,4,4
42278,2,3,3,3,5,4,4,2,2,2,2,4,2
94250,5,5,5,5,5,5,4,5,5,5,5,4,5
478,4,4,1,4,3,5,4,4,4,4,5,4,5
52972,1,4,1,1,1,5,5,5,4,4,5,5,5
108131,1,1,1,1,5,4,5,5,5,5,5,5,5
80561,4,2,4,4,2,4,4,4,4,4,4,5,3
68987,5,2,5,3,1,5,1,1,4,3,3,2,1
7766,2,2,2,1,2,2,2,2,4,2,5,3,2
115683,3,2,2,2,3,3,3,3,3,4,3,1,3
116071,4,5,4,3,3,5,2,1,1,4,1,2,3
76689,2,2,2,4,4,2,2,4,2,1,4,2,4
69821,3,3,3,3,5,3,5,5,3,4,4,5,5
89290,2,4,4,4,5,2,3,2,2,2,2,3,4
84585,1,1,1,3,4,1,4,4,4,5,4,4,4
5476,1,5,0,3,2,0,5,2,2,4,4,2,2
23645,1,1,1,1,4,4,5,4,4,4,5,4,5
121858,1,1,1,4,5,1,5,5,2,3,4,1,5
91487,2,3,2,3,1,4,1,4,4,2,4,3,1
87115,2,5,2,3,2,2,2,2,3,3,1,2,2
109415,3,3,3,3,2,4,5,5,5,4,5,3,5
44898,5,3,3,3,5,5,5,5,2,2,4,5,5
127344,1,1,1,1,4,4,5,4,4,4,4,4,3
30332,3,5,5,5,3,3,3,3,1,1,4,4,3
75252,1,5,1,4,4,1,4,4,5,2,4,3,4
117655,1,1,5,1,3,5,4,3,3,4,3,3,4
65135,2,4,0,3,0,1,1,4,1,4,3,1,1
72206,3,3,3,3,5,5,5,5,2,4,5,5,5
1541,3,1,1,1,5,3,4,3,3,3,3,3,3
35758,5,5,5,5,2,4,2,4,4,4,4,5,2
107450,5,5,5,5,2,5,5,4,4,4,4,4,4
72073,1,1,1,1,5,3,4,5,5,5,5,5,5
941,2,5,5,5,5,4,4,2,2,2,2,3,3
74576,2,5,5,5,2,2,2,2,4,1,4,1,2
92131,1,4,2,3,4,2,4,4,3,4,4,3,4
84831,3,5,5,5,3,3,3,3,2,2,4,2,3
32871,2,2,2,4,5,2,5,5,4,5,4,1,5
47250,4,4,4,3,5,4,5,5,3,3,5,4,5
9272,2,4,2,3,5,2,5,5,4,2,4,4,5
58090,1,1,1,1,3,2,2,1,1,1,1,1,4
56562,4,4,4,4,2,4,4,5,5,5,5,3,4
119781,3,5,3,4,5,3,5,5,4,3,4,5,5
21945,2,2,2,2,5,3,4,4,4,5,4,1,5
74255,3,5,3,3,2,3,2,2,4,4,5,5,2
17164,5,5,5,5,2,3,1,3,3,3,3,3,2
49923,2,5,5,5,3,4,4,3,3,3,2,4,3
116607,3,3,4,3,5,4,5,5,5,5,5,5,4
24270,5,5,0,3,3,0,3,3,4,4,5,5,3
66920,3,3,3,3,2,4,4,5,5,5,5,4,3
128724,3,2,3,3,1,3,1,1,1,2,3,1,1
128081,1,1,1,1,4,4,4,4,2,5,4,4,4
115401,1,3,1,3,5,1,4,5,1,4,3,2,5
91821,3,3,3,3,4,5,4,5,5,5,5,4,3
29538,5,5,3,5,2,5,4,5,5,5,5,4,5
41589,2,5,2,3,5,2,5,5,4,4,4,4,5
90569,2,2,2,2,5,5,4,5,5,5,5,5,5
44901,3,2,3,4,2,3,4,2,2,3,1,4,3
42635,5,5,5,5,4,3,4,5,5,5,3,2,4
81771,2,2,2,2,2,3,3,2,2,2,2,3,2
112730,1,5,1,2,5,5,5,4,4,1,1,4,3
126101,3,3,3,3,1,3,1,1,5,3,4,4,1
117509,4,1,4,4,5,3,3,3,3,4,3,2,1
126136,3,2,2,2,3,3,3,3,1,5,3,3,3
111153,2,4,2,1,3,2,3,3,5,3,5,3,3
43978,3,3,3,3,4,4,4,4,3,5,5,2,4
102341,2,2,2,2,2,5,4,5,5,5,5,4,3
65628,1,4,0,3,5,0,5,5,5,5,4,5,5
81064,4,4,4,4,5,4,4,2,2,2,2,4,5
20418,3,2,2,2,2,3,2,3,3,3,4,2,2
92457,3,1,1,1,3,3,3,3,1,3,4,3,3
82253,1,5,5,5,4,3,2,1,1,1,1,4,4
51620,3,3,3,3,1,4,3,5,5,5,5,5,1
1566,4,4,4,4,4,4,4,4,4,4,4,3,5
55573,4,4,4,4,5,4,5,4,4,4,4,3,3
99877,1,1,1,1,5,4,5,5,2,1,1,2,5
21108,3,5,3,4,2,5,4,2,2,3,2,3,4
71858,3,4,4,4,1,3,4,3,3,3,3,1,1
46021,2,2,1,2,2,2,2,4,4,4,4,4,4
103021,4,4,4,1,2,4,2,2,4,2,4,4,2
18745,4,1,1,1,4,4,4,4,2,2,4,5,4
38613,1,2,0,4,4,0,4,4,4,1,3,4,4
80826,2,2,2,2,4,4,5,4,4,4,4,3,4
3463,2,2,2,3,3,2,4,3,2,1,4,4,3
57448,2,2,2,2,4,4,4,4,4,4,4,4,5
11346,4,4,4,3,5,4,5,5,5,3,5,3,5
106580,2,2,2,2,4,5,5,4,4,4,4,5,4
91024,3,5,5,1,3,5,3,3,4,5,3,4,3
76898,5,4,4,4,5,4,5,5,1,1,3,2,5
108318,3,3,3,3,3,4,4,4,4,4,4,4,3
24782,5,5,5,5,5,1,4,5,5,5,5,2,5
93598,4,4,4,4,4,4,4,5,5,5,5,4,4
37998,3,1,1,1,3,2,3,3,3,3,3,2,1
48237,3,4,0,4,5,0,1,5,2,1,3,3,5
95627,4,4,4,4,4,4,4,4,4,4,5,5,4
22957,2,4,2,2,1,1,2,5,5,5,5,2,1
72372,2,2,2,2,3,5,4,4,4,4,4,3,4
55203,5,4,5,1,4,4,4,4,5,2,4,4,4
74764,3,5,3,1,3,3,3,3,5,4,3,4,3
17165,2,2,2,2,1,1,5,3,3,4,3,5,3
20777,1,1,1,1,2,3,4,4,4,4,4,3,3
107868,1,1,4,4,1,1,1,1,2,3,3,2,1
82443,2,1,1,1,2,1,2,2,2,1,4,4,2
70392,4,4,4,4,4,3,3,4,3,1,4,4,4
46652,1,0,1,4,4,1,4,4,2,2,4,2,4
99929,3,3,3,4,1,3,1,1,1,5,3,1,1
62230,2,5,2,4,5,5,5,1,1,2,1,3,5
98872,4,4,4,4,5,5,5,5,3,3,4,5,5
29783,3,3,3,3,2,4,3,3,3,3,3,2,1
17392,5,5,5,5,5,5,5,5,3,2,5,2,5
7834,1,3,1,4,1,1,1,1,2,4,3,1,1
122303,2,3,2,3,1,2,3,1,1,4,3,3,1
116777,4,5,4,2,2,4,2,2,4,3,5,4,2
6074,2,1,2,4,4,3,4,3,3,2,3,4,4
125434,3,5,3,3,2,3,2,2,3,3,4,3,2
72880,4,4,4,4,4,5,5,5,5,5,5,3,3
81824,4,3,4,4,3,4,4,5,5,4,5,3,3
58123,4,5,4,1,4,4,5,4,3,5,5,5,4
44788,3,4,2,5,5,2,5,5,4,2,4,5,5
31502,4,5,5,3,4,5,4,4,4,2,4,4,4
62463,2,2,1,4,1,3,3,1,1,1,1,3,1
69002,4,4,4,4,4,5,4,4,4,2,4,4,4
29399,4,4,4,5,2,4,2,2,2,1,1,3,2
71174,3,3,5,3,5,5,5,5,5,5,5,3,3
8453,3,4,3,3,2,4,5,4,4,4,4,5,4
15713,3,5,5,5,3,3,3,3,2,1,3,4,3
74487,4,4,4,4,3,4,5,2,2,2,2,4,5
45180,2,2,2,2,2,2,2,2,3,1,1,3,2
27321,4,4,2,4,2,2,2,2,2,2,2,3,4
7468,2,2,2,2,5,5,5,5,4,4,5,4,5
53885,4,4,0,2,2,0,2,2,3,3,4,3,2
32796,2,1,1,1,4,4,2,4,3,4,4,3,4
8127,0,4,0,3,4,5,5,2,2,2,2,3,3
12414,5,5,5,1,1,5,1,1,3,5,4,3,1
75275,2,4,2,1,1,2,1,1,5,3,5,5,1
37563,5,3,5,3,5,5,5,5,1,4,1,4,5
19685,4,3,3,3,4,4,4,4,4,3,2,1,4
52470,2,4,2,4,4,2,4,4,4,2,4,4,4
116149,3,3,3,4,2,3,5,2,3,3,3,2,2
129522,5,5,5,5,3,5,5,3,3,3,3,5,3
63,3,4,4,4,3,4,4,2,2,2,3,1,4
8737,5,5,5,5,4,4,4,4,3,2,5,5,4
89786,2,4,2,3,3,2,3,3,3,3,5,5,3
108883,2,1,5,5,2,2,2,2,2,2,2,2,3
33702,1,1,1,1,1,1,1,1,3,5,4,2,1
81448,4,4,4,5,2,4,2,2,4,2,4,3,2
40008,5,5,5,5,2,1,3,5,5,5,5,2,3
60535,4,3,4,4,1,4,3,4,4,4,3,1,1
72957,3,3,3,3,5,3,1,5,3,5,4,3,5
100052,3,2,3,4,4,3,4,4,2,3,3,1,4
129438,4,0,4,1,5,4,5,5,3,1,4,4,5
32112,4,4,4,4,3,1,5,5,5,5,4,3,5
109724,3,3,3,3,3,3,3,3,3,4,4,1,3
53135,2,2,2,2,4,1,2,4,4,5,4,1,2
113355,3,3,3,3,4,4,4,5,5,5,5,4,5
84801,1,1,3,1,3,3,3,3,3,4,4,4,3
97354,4,3,4,3,1,4,3,1,1,5,3,4,1
49367,2,2,2,2,4,4,4,4,4,3,2,3,4
9934,3,4,4,4,3,3,3,3,3,5,1,2,3
53730,4,4,3,1,3,3,3,3,3,3,4,5,3
55673,3,3,3,3,2,4,4,5,5,5,5,3,3
65064,1,5,1,3,5,1,5,5,4,3,4,5,5
68531,4,2,4,4,4,5,4,4,3,5,4,3,4
80355,3,3,3,3,2,5,5,3,3,4,3,4,5
10959,5,5,3,5,3,3,4,4,4,5,4,4,4
25124,1,1,1,4,4,1,2,4,1,3,3,2,4
95680,2,2,2,3,5,2,5,5,3,4,2,2,5
35580,4,3,3,3,4,4,5,4,1,5,5,1,4
86298,4,5,3,4,2,1,3,1,1,3,1,3,4
34506,5,5,5,5,4,4,4,4,4,5,4,2,4
49000,0,3,0,1,1,5,5,3,3,3,3,1,5
287,5,5,5,5,5,4,5,5,5,4,5,4,4
8004,5,2,5,2,5,1,2,1,1,5,1,4,4
6609,2,4,5,5,4,5,4,4,4,3,4,4,4
126831,1,4,4,4,5,1,1,1,1,1,1,1,3
109983,3,3,3,3,5,3,5,5,3,2,4,4,5
76793,3,3,3,3,5,5,5,5,4,2,5,5,5
41657,2,2,2,2,3,3,5,4,4,4,4,2,1
105269,1,2,1,2,1,1,1,1,4,3,1,3,1
78529,3,5,3,3,1,3,1,1,2,1,5,3,1
30591,5,2,5,5,3,5,1,5,5,5,5,1,5
4951,2,2,2,2,2,2,4,2,5,4,5,5,2
79667,4,4,4,3,5,4,5,5,4,4,5,3,5
63893,3,4,4,4,3,3,3,3,2,2,4,1,3
13866,5,2,2,2,5,5,5,5,5,5,1,2,5
4569,2,1,2,3,4,2,4,4,1,5,4,3,4
74503,1,1,1,1,3,4,5,5,5,5,5,4,3
57716,5,4,4,4,2,5,2,2,3,5,5,3,2
49595,0,0,0,1,4,0,1,4,5,4,4,2,4
103556,2,5,2,5,4,2,1,4,4,5,5,4,4
121614,3,2,3,2,4,3,5,4,1,2,3,2,4
12242,2,2,2,2,4,4,2,4,4,4,5,5,3
96159,5,5,5,5,4,4,4,4,3,4,5,5,4
82511,2,2,2,2,5,4,5,5,5,2,3,5,5
127364,5,5,4,5,2,4,5,5,5,5,5,3,4
106289,2,5,2,5,2,4,5,1,1,2,1,3,4
40699,2,2,3,2,5,5,5,5,5,2,4,4,5
28541,2,4,2,4,3,3,4,3,3,2,3,2,1
126085,4,4,4,4,3,5,5,5,5,5,5,3,3
66940,4,4,4,4,2,4,4,4,4,5,4,4,4
71220,1,1,1,1,3,4,4,5,5,5,5,3,3
102000,3,5,4,2,5,5,4,3,3,4,3,3,4
125023,2,1,0,4,1,0,1,1,2,3,4,2,1
56393,3,3,5,3,2,4,4,3,3,3,3,4,2
62257,5,5,2,5,4,4,5,5,5,5,5,5,3
61438,2,2,2,2,2,5,4,3,3,4,3,5,3
63000,1,1,4,1,4,4,3,1,1,1,1,4,4
25763,1,4,1,4,1,1,1,1,5,4,4,5,1
25497,3,2,2,2,1,3,3,3,3,3,3,1,4
94041,5,5,5,5,3,5,4,4,4,4,4,5,4
129034,2,2,2,3,3,2,3,3,3,5,4,4,3
20211,4,5,5,5,4,4,4,4,1,3,3,5,4
106722,4,4,3,4,3,4,5,3,3,3,3,3,4
29791,2,2,2,2,4,2,2,4,4,3,2,2,4
64440,2,2,2,2,3,4,5,4,4,4,4,4,5
124877,2,2,1,2,2,2,2,2,2,3,3,1,2
75510,4,4,4,3,4,4,5,1,1,4,1,3,5
115793,4,0,4,3,1,4,1,1,5,1,5,5,1
51231,0,0,0,3,3,5,5,3,3,5,3,1,3
53658,5,5,5,5,3,4,4,4,4,4,4,3,3
113744,5,2,5,2,2,2,2,1,1,5,1,2,1
90564,2,4,2,4,5,2,5,5,4,2,5,3,5
106082,5,5,5,5,3,4,5,4,4,4,4,3,5
120358,4,4,5,4,2,4,4,4,4,4,4,5,4
368,0,0,0,3,4,5,4,1,1,1,1,3,3
112701,4,5,5,5,2,3,3,4,4,4,4,3,3
60341,0,0,0,4,3,0,3,3,2,1,4,4,3
128676,3,4,4,3,4,1,2,4,2,3,5,2,2
111066,3,4,3,1,1,3,1,1,4,1,2,2,1
117464,2,3,2,4,1,2,1,1,4,2,4,2,1
72183,4,4,4,4,2,5,4,5,5,5,5,3,3
54552,2,5,2,1,1,2,1,1,5,5,4,5,1
85656,2,2,2,2,3,5,4,4,4,4,4,5,5
2373,5,5,5,5,5,5,5,2,2,2,2,5,3
46296,3,5,5,5,3,3,3,3,2,4,2,2,3
110299,2,2,2,2,5,4,4,2,2,2,2,5,4
90126,2,2,2,2,2,2,2,2,3,2,3,2,2
102769,2,5,2,2,1,2,1,1,5,4,5,5,1
95195,2,5,0,3,4,0,4,4,4,4,4,4,4
19746,0,4,0,5,1,0,1,1,5,1,4,4,1
122638,2,1,1,1,2,2,3,2,3,3,4,2,2
71377,3,5,4,4,1,3,3,3,3,3,3,2,3
88365,2,2,2,2,4,4,4,4,3,4,4,4,4
16834,1,1,1,3,3,1,3,3,4,3,3,4,3
54911,3,3,3,3,3,3,3,3,4,4,2,1,3
4334,4,4,4,4,3,4,5,2,2,2,2,5,4
47007,3,5,3,1,5,4,4,1,1,3,1,3,5
98648,5,5,5,3,2,5,2,2,4,1,3,5,2
33438,4,2,2,2,3,3,4,4,4,4,4,4,4
119988,4,5,5,5,4,3,1,4,2,5,3,1,4
112999,5,5,5,5,5,5,5,5,5,2,4,4,5
92617,4,4,4,4,5,5,5,2,2,2,2,4,5
96528,2,4,2,4,3,2,3,3,4,2,5,5,3
65498,1,1,1,1,2,4,4,4,4,4,4,4,4
54099,0,0,0,2,2,0,3,2,3,3,2,5,2
26869,2,2,2,2,4,5,2,3,3,3,3,4,4
93060,3,1,1,1,1,4,4,3,3,3,3,4,2
34229,2,2,2,1,2,2,2,2,4,1,5,2,2
103206,5,5,5,4,4,5,4,4,4,3,4,4,4
106433,1,1,1,1,2,4,4,5,5,5,5,3,4
124157,5,5,5,5,5,4,5,3,3,3,3,3,5
36287,2,5,5,5,1,4,3,1,1,1,2,3,4
96760,1,4,4,4,3,3,3,1,1,1,1,1,4
69911,3,5,3,3,3,3,3,3,3,5,3,3,3
84519,3,3,3,4,1,3,1,1,4,4,3,5,1
28354,2,5,2,4,2,2,1,2,3,2,4,4,2
110459,4,2,4,4,1,4,3,3,3,4,3,4,4
100874,4,4,4,3,2,4,2,2,4,2,4,5,2
79176,4,0,4,3,4,2,2,4,3,4,5,2,2
37318,2,2,2,1,3,2,3,3,5,2,1,3,3
49463,4,1,1,1,4,4,4,4,1,2,3,3,4
9965,3,3,4,3,1,3,4,3,3,3,3,1,4
119206,4,5,5,5,5,3,3,4,4,4,4,1,4
47702,3,2,3,4,2,3,3,2,4,4,4,3,2
90239,4,3,2,2,4,4,4,4,4,4,4,1,3
81181,2,2,2,4,5,2,5,5,1,4,4,1,5
82530,1,1,1,1,2,5,5,4,4,4,4,3,5
28410,5,1,1,1,5,5,5,5,3,2,3,2,5
106493,4,1,1,1,4,3,3,4,4,4,4,1,2
22202,2,1,2,2,1,2,1,1,4,1,2,3,1
101683,4,4,4,4,5,5,4,5,5,5,5,5,3
90948,4,0,4,2,1,4,3,1,5,1,3,3,1
66989,4,4,4,4,4,5,5,4,4,4,4,4,4
108203,1,5,1,2,1,1,1,1,4,5,4,5,1
52585,1,2,5,2,1,1,1,1,1,3,3,4,1
85844,4,5,4,3,2,4,2,2,3,3,4,3,2
44950,2,4,2,3,2,2,4,2,4,3,4,5,2
83509,2,4,2,4,5,2,5,5,2,3,3,1,5
35406,5,4,4,4,4,5,1,5,5,5,5,3,1
19823,4,1,4,4,2,3,3,4,4,3,4,1,4
58350,0,0,0,2,1,0,1,1,1,1,5,2,1
94680,2,2,5,2,4,5,5,4,4,4,4,4,4
8644,1,2,1,1,2,5,5,5,5,5,5,4,4
80855,5,4,5,3,4,5,3,4,3,4,4,5,4
30357,1,1,1,1,5,5,5,3,3,3,3,2,2
103983,5,5,5,5,5,3,5,4,4,4,4,3,4
115294,1,1,1,1,2,4,5,5,5,5,5,4,5
107903,2,1,1,1,3,4,3,2,2,3,2,1,4
114954,4,4,4,4,2,4,4,5,5,5,5,4,4
24295,5,1,1,1,3,5,2,5,5,5,5,2,4
62171,5,5,5,5,4,4,4,4,4,3,5,5,4
44491,2,3,3,3,2,2,2,2,1,3,3,3,2
107629,3,4,3,3,2,3,2,2,4,4,4,5,2
20995,4,5,5,5,4,4,3,4,4,2,3,1,4
79802,3,3,3,3,2,5,4,5,5,5,5,3,4
110530,5,5,5,5,4,5,4,4,4,4,4,3,3
12273,3,0,3,2,4,3,2,4,3,2,2,4,4
59972,3,2,2,3,2,2,2,2,1,2,2,5,2
17348,2,3,3,3,2,2,2,2,1,4,3,1,2
4121,2,2,2,2,4,4,4,4,4,5,4,4,4
17975,3,4,3,1,1,3,1,1,4,4,5,5,1
12887,1,1,5,1,3,5,2,4,4,4,4,5,4
129452,3,4,4,3,3,4,3,3,2,5,4,5,3
95543,3,5,3,3,1,3,1,1,4,2,4,4,1
64546,5,4,5,1,3,5,4,3,3,4,5,4,3
103796,2,4,4,4,2,2,2,2,3,5,3,1,2
34973,2,2,2,2,3,1,1,2,2,2,2,4,4
72083,3,3,3,3,5,4,4,3,3,3,3,2,1
85451,4,5,4,4,3,5,4,4,4,4,4,5,5
34722,5,5,5,5,4,4,3,4,2,3,4,4,4
105558,2,5,5,5,2,2,2,2,4,4,3,1,2
8334,3,3,3,3,4,4,4,4,3,5,4,4,4
107773,1,2,1,3,1,1,1,1,1,2,3,3,1
40704,2,2,2,2,3,3,4,5,5,5,5,1,1
95394,4,4,4,4,3,4,1,3,4,2,1,1,3
74912,4,4,4,4,4,3,4,5,5,5,5,5,5
39512,3,4,4,4,3,3,3,3,4,1,4,3,3
65582,2,3,3,3,4,1,1,2,2,3,2,1,4
31291,3,4,3,3,2,3,2,2,3,1,4,4,2
21539,2,5,2,3,2,5,5,3,3,2,3,4,5
28806,5,4,3,4,5,5,5,5,4,3,5,1,5
42669,2,2,2,2,5,5,5,5,4,1,3,1,5
52211,1,1,1,1,5,4,4,4,4,4,4,4,4
42836,2,0,2,3,2,2,2,2,2,3,5,2,2
4209,1,2,2,2,1,1,1,1,1,4,4,1,1
14865,0,4,0,3,1,0,1,1,1,4,5,4,1
59192,4,4,4,4,5,5,4,3,3,3,3,5,5
8451,1,3,3,3,1,1,1,1,2,5,4,3,1
113773,2,4,0,4,1,0,1,1,1,3,4,4,1
116375,4,5,4,2,4,4,4,4,4,4,5,5,4
86912,1,0,0,3,5,3,4,1,1,0,1,3,2
25700,4,3,4,3,4,4,4,4,1,1,2,3,4
24274,1,1,1,4,3,1,3,3,3,4,3,4,3
60245,2,5,2,3,4,2,3,4,5,4,4,4,4
59000,4,4,4,4,3,4,5,4,4,4,4,4,5
120427,3,2,3,4,5,3,5,5,2,5,4,4,5
110684,1,2,1,4,5,1,5,5,3,3,3,1,5
20118,1,3,2,2,2,3,3,1,1,1,1,4,3
100286,4,4,4,4,4,5,5,2,2,3,2,3,5
114656,3,3,3,3,2,3,2,2,3,4,4,3,2
50145,2,5,5,5,3,3,2,3,3,2,4,3,3
12587,5,5,5,5,5,5,5,5,1,2,3,2,5
9562,0,0,0,2,4,5,4,2,2,2,2,4,4
103648,2,2,2,2,2,4,5,4,4,4,4,5,3
88738,2,4,2,1,2,2,2,2,4,2,5,3,2
92018,2,2,2,2,2,5,4,4,4,4,4,3,3
92937,3,3,3,4,3,3,3,3,1,5,4,1,3
10928,1,3,3,3,1,1,1,1,1,5,3,1,1
94648,4,4,4,4,5,4,4,4,4,4,4,4,5
95547,2,5,2,2,2,2,2,2,4,2,1,4,2
39323,1,5,1,1,1,1,1,1,3,5,4,4,1
61213,3,4,4,4,4,4,4,4,4,4,3,2,4
75681,3,3,3,3,4,3,2,4,2,2,3,2,4
84620,2,3,3,3,2,2,2,2,3,2,3,3,2
94967,2,4,4,4,1,4,4,2,2,2,2,3,2
53406,3,5,3,5,3,4,2,3,2,3,5,2,2
53585,3,4,3,3,3,5,5,3,3,3,3,3,3
10509,3,5,3,3,3,4,5,5,5,4,5,4,5
100860,2,4,2,5,1,2,1,1,4,2,3,3,1
34022,1,4,1,4,3,1,3,3,2,5,2,1,3
70460,5,5,4,5,5,5,5,5,5,5,5,4,5
113893,5,5,5,5,4,5,4,4,4,4,4,3,5
79845,5,5,5,5,2,4,4,3,3,3,3,5,4
125411,2,2,2,2,5,5,5,2,2,2,2,3,5
35246,4,5,5,5,4,4,4,4,4,2,1,1,4
43598,4,1,1,1,4,4,4,4,3,3,1,2,4
115241,4,4,3,4,4,4,4,4,4,4,4,3,5
88375,3,4,4,4,1,4,1,1,2,4,4,2,1
44794,4,5,2,5,4,4,4,4,1,5,4,1,4
113592,5,5,5,5,5,4,5,5,4,1,1,4,5
94037,2,2,5,2,3,5,5,5,5,4,5,3,4
76635,5,0,5,4,4,5,1,4,4,3,5,3,4
17475,4,5,2,5,1,3,3,4,4,4,4,1,1
43923,3,5,0,3,3,0,3,3,5,3,5,3,3
59789,2,4,2,3,3,2,5,3,4,2,4,5,3
85196,1,1,1,1,2,5,5,4,4,4,4,4,5
10993,5,1,1,1,5,5,5,5,5,4,5,3,5
104587,1,0,1,3,3,1,3,3,1,1,5,2,3
91140,4,1,4,2,2,4,2,2,1,4,3,1,2
27560,2,4,2,2,2,2,2,2,1,5,2,3,2
773,2,1,1,1,3,4,3,2,2,2,2,2,4
30757,3,4,3,4,1,3,1,1,4,3,4,4,1
103674,3,2,4,2,1,4,1,1,2,4,1,4,1
111515,2,4,2,3,4,2,2,4,4,1,4,3,4
11599,2,0,2,1,2,2,2,2,1,3,3,1,2
53647,0,0,0,1,5,0,2,5,5,4,5,5,5
127479,4,0,4,5,4,4,4,4,5,4,5,4,4
31967,5,5,4,5,3,4,5,4,4,4,5,3,5
92532,1,4,1,5,2,1,2,2,4,2,5,3,2
9560,2,5,5,5,3,3,4,2,2,2,2,1,2
73958,2,3,2,3,4,2,4,4,3,4,3,2,4
9968,2,2,5,3,5,5,5,5,1,5,3,1,5
113139,2,2,2,2,4,5,4,3,3,3,3,3,4
29491,1,0,0,3,2,1,2,2,4,5,4,1,2
6921,3,3,3,5,5,3,3,5,2,3,4,4,5
42794,4,4,4,4,2,4,4,5,5,5,5,3,5
114360,5,5,4,5,2,5,5,5,5,5,5,3,3
21350,5,4,5,2,2,5,2,2,4,4,5,4,2
76367,1,0,0,1,5,0,5,5,4,3,4,3,5
82233,3,5,3,5,3,3,3,3,5,5,5,4,3
129340,4,4,4,1,2,4,2,2,2,3,2,3,2
25604,1,2,1,4,5,1,5,5,2,3,4,1,5
24094,5,5,5,5,5,5,5,5,1,2,1,4,5
436,1,5,1,3,3,5,1,2,2,1,3,5,2
52936,4,3,4,3,1,4,1,1,4,4,4,2,1
127692,5,5,5,5,2,5,5,5,5,5,5,3,3
81158,3,3,5,3,1,2,1,1,5,2,5,3,1
39186,1,1,1,3,5,1,5,5,1,3,2,2,5
74498,4,1,1,1,5,4,5,5,2,2,3,2,5
65304,1,4,1,4,5,3,4,5,5,1,5,4,4
40999,1,1,1,1,3,3,3,3,3,3,4,5,3
120085,3,5,3,3,2,4,5,1,1,3,1,4,5
63824,2,4,2,4,2,1,3,3,4,5,4,3,3
87910,1,1,1,1,2,4,4,5,5,5,5,5,4
46807,4,4,4,4,4,4,4,4,2,5,5,3,4
92973,5,5,3,5,5,5,4,4,4,4,4,4,3
80370,4,4,4,1,3,4,3,3,5,2,5,4,3
2233,3,5,3,2,1,3,1,1,3,5,5,5,1
5852,5,5,5,5,3,4,5,5,5,5,5,4,5
119289,0,4,0,1,3,5,5,1,1,1,1,3,5
104602,4,5,4,4,2,4,2,2,2,5,1,1,2
122575,3,4,3,3,4,4,4,5,5,3,5,1,4
35636,4,1,1,1,4,4,4,4,5,2,4,5,4
58794,3,2,2,2,3,3,3,3,2,4,3,2,3
9577,3,2,2,2,5,4,3,3,3,3,3,1,3
106422,5,1,5,4,1,5,1,1,4,1,4,2,1
112251,2,2,3,2,5,5,4,5,5,5,5,4,5
24710,4,2,2,2,4,4,4,4,3,4,4,3,4
128649,3,5,3,5,2,4,5,5,5,3,5,3,5
120167,0,4,0,1,3,5,5,3,3,5,5,3,3
127601,4,4,4,4,4,5,4,4,3,5,3,3,4
46131,4,4,5,4,1,1,3,4,4,4,4,2,5
55854,5,4,5,2,5,5,5,5,4,4,4,3,5
13730,2,2,3,2,3,3,4,4,4,4,4,4,1
106378,1,1,1,1,3,4,4,4,4,4,4,5,4
59113,3,3,2,2,4,2,4,4,3,1,4,5,4
28621,4,2,1,1,4,4,4,4,5,5,3,5,4
118570,1,4,4,4,1,3,4,1,1,1,1,2,2
56811,1,1,1,3,5,1,5,5,4,3,2,4,5
7622,1,1,2,1,4,5,5,5,5,4,5,3,5
19092,3,5,0,3,3,5,4,5,5,0,5,4,4
115778,2,1,2,4,3,2,3,3,1,3,3,2,3
23821,1,1,1,2,2,1,2,4,4,1,4,3,4
68079,3,3,3,3,2,3,2,2,1,5,3,3,2
38343,2,4,2,2,2,2,2,2,2,5,5,1,2
115161,4,4,4,4,3,4,4,5,5,5,5,3,4
80911,3,3,3,3,3,4,5,4,4,4,4,3,4
42453,2,4,2,5,2,4,4,3,3,2,4,4,5
23469,3,5,5,5,1,4,3,1,1,1,3,2,2
70684,3,5,3,3,3,5,4,4,4,3,4,3,4
107159,2,3,2,4,4,2,4,4,1,4,3,3,4
112037,3,3,3,3,5,3,5,5,5,3,5,3,5
55633,4,4,4,4,4,3,5,5,5,5,5,5,4
21750,2,1,2,2,3,2,3,3,3,4,2,4,3
55669,2,2,3,2,4,4,4,4,3,5,5,4,4
126812,4,4,4,4,4,4,4,4,5,5,4,5,4
7562,1,1,1,1,3,4,5,4,4,4,4,4,3
118357,4,4,4,3,3,4,3,3,2,1,3,2,3
62493,1,1,1,1,5,3,5,5,5,4,5,4,5
1667,2,4,2,4,2,2,2,2,4,2,5,4,2
60824,1,4,1,3,4,1,1,4,5,3,4,5,4
70801,4,5,4,4,3,4,3,3,2,2,5,4,3
124837,4,4,4,1,2,4,2,2,4,5,3,3,2
58250,4,5,4,3,5,4,5,5,3,3,4,3,5
88390,1,5,5,5,1,1,1,1,2,2,4,4,1
53584,3,3,3,3,1,4,1,4,4,4,4,1,4
101063,2,2,2,2,3,4,4,2,2,2,2,1,4
79057,1,1,1,1,1,1,1,1,4,2,2,2,1
103086,3,3,3,3,3,4,4,4,4,3,2,2,1
66436,3,4,4,2,2,4,5,2,5,4,5,5,2
121405,0,0,0,1,2,4,5,4,4,2,2,5,5
19523,5,0,5,3,2,5,2,2,3,2,5,5,2
49633,0,1,1,5,2,5,3,3,3,3,3,1,5
37841,5,5,5,5,4,4,4,4,3,1,1,4,4
115541,2,4,4,4,2,2,2,2,2,2,2,2,1
29636,2,3,3,3,2,2,2,2,3,4,4,3,2
7558,4,5,4,2,4,5,4,3,3,4,3,4,3
16911,1,5,1,1,1,1,1,1,3,2,4,4,1
76817,4,1,1,1,4,4,4,4,3,5,4,3,4
91525,3,4,3,3,3,4,4,3,3,3,4,5,5
80250,4,1,4,3,1,4,1,1,4,4,3,1,1
48219,3,4,0,3,3,0,3,3,3,4,4,5,3
103038,2,2,2,2,2,4,4,2,2,2,2,1,2
51377,3,4,3,3,4,4,4,3,3,3,3,5,4
70143,1,3,1,3,3,1,1,3,3,4,3,4,3
29885,1,1,1,1,4,2,1,4,4,4,4,2,4
80361,3,4,3,4,2,3,5,2,1,2,3,4,2
67920,2,1,2,3,5,2,5,5,2,2,3,2,5
108521,3,5,5,5,3,3,3,3,1,3,4,1,3
9830,1,1,4,1,5,5,5,2,5,1,5,5,5
5331,2,2,2,2,2,4,4,4,4,4,4,5,5
55307,2,5,2,3,3,2,4,3,3,3,5,4,3
77234,4,4,4,4,5,5,5,5,5,3,4,5,5
101082,1,2,2,3,2,1,1,4,5,3,4,1,1
22908,2,2,2,2,5,5,5,5,3,4,5,5,5
93523,1,1,1,4,1,1,1,1,4,4,4,5,1
67152,4,4,4,4,2,4,2,2,4,3,3,4,2
34783,4,4,4,3,1,4,1,1,3,4,4,2,1
37201,1,4,1,2,3,4,5,2,2,1,2,4,4
37603,2,4,2,2,3,2,3,3,5,4,3,4,3
127128,5,5,5,4,1,5,1,1,2,5,5,1,1
61936,3,1,3,3,1,3,1,1,1,2,4,2,1
86025,4,1,1,1,1,5,5,4,4,4,4,2,2
126916,4,4,5,4,2,5,5,3,3,4,3,4,3
36283,3,4,3,3,3,3,2,3,1,5,2,5,3
88184,2,2,2,2,5,4,5,4,4,5,4,5,4
32250,2,3,2,2,1,2,1,1,3,3,3,1,1
17119,3,2,3,4,5,3,5,5,4,3,3,2,5
77937,4,0,3,5,4,3,2,4,5,2,5,4,4
12748,3,4,3,1,3,1,5,5,5,3,5,5,2
51079,4,5,4,5,5,4,2,5,4,2,4,5,5
61767,2,3,2,4,2,2,2,2,1,3,4,4,2
118256,2,2,2,3,4,2,4,4,3,5,4,3,4
15386,4,1,3,1,4,4,4,4,2,2,1,1,4
35910,5,1,1,1,5,5,5,5,5,1,3,3,5
125171,3,2,3,4,3,3,4,3,2,4,3,3,3
89685,4,5,4,4,1,4,1,1,4,5,1,4,1
58210,3,4,3,4,1,3,1,1,4,1,1,2,1
32548,2,2,2,3,4,2,4,4,5,1,3,4,4
82246,2,4,5,5,2,2,2,2,2,2,4,3,2
30348,3,5,3,2,1,3,2,1,3,4,4,3,1
21780,5,1,1,1,5,5,5,5,1,1,1,3,5
50212,3,5,2,5,3,3,3,3,3,2,3,2,3
96995,2,4,2,4,2,2,2,2,2,1,4,4,2
69978,3,3,3,2,5,3,5,5,4,2,5,4,5
26064,3,3,3,3,4,4,4,4,4,5,5,4,4
25703,1,1,1,1,1,5,1,5,5,5,5,3,4
108770,2,4,2,2,4,4,4,4,4,3,4,3,4
96537,2,4,2,3,2,2,2,2,5,5,4,5,2
46673,5,1,5,1,1,5,1,1,4,5,2,2,1
75647,4,4,4,4,5,4,5,5,5,5,5,3,5
16187,2,1,1,1,2,2,2,2,4,4,3,2,2
28072,3,3,3,4,3,5,5,4,4,5,4,5,5
92754,2,4,2,3,4,2,3,4,5,4,4,5,4
50760,2,4,0,3,4,0,4,4,3,4,5,4,4
65909,3,4,4,4,2,3,3,3,3,3,3,1,2
40212,3,2,1,2,5,5,2,3,3,3,3,2,4
103312,4,4,4,1,4,4,4,4,4,5,4,5,4
56136,5,5,5,5,5,5,5,5,4,3,5,3,5
108000,1,3,1,4,2,1,2,2,1,4,5,3,2
5202,1,0,1,4,1,1,1,1,4,3,5,5,1
41092,2,5,5,5,2,3,3,2,2,2,2,2,1
91386,4,4,4,4,5,4,5,5,3,4,3,3,5
104478,1,4,1,3,4,1,4,4,1,1,4,4,4
39914,5,4,4,4,5,4,1,5,4,5,4,3,5
114409,1,1,1,1,3,4,4,5,5,5,5,5,5
67049,5,5,5,5,3,5,5,5,5,4,5,5,4
1831,3,5,5,5,2,4,4,3,3,5,3,5,3
112794,2,1,2,2,4,4,4,4,5,4,4,5,4
48149,4,4,4,4,4,4,4,4,2,4,5,3,4
94365,4,4,2,4,2,4,5,4,4,4,4,3,4
120992,4,4,4,3,5,4,5,5,2,1,3,3,5
34220,2,4,2,1,1,2,1,1,3,4,5,2,1
114931,2,2,2,2,4,2,3,4,5,4,4,5,4
69188,3,2,3,2,5,3,3,5,5,3,5,4,1
7670,1,2,2,3,5,2,1,5,3,4,4,3,5
68607,2,5,2,1,4,4,5,1,1,2,1,3,5
67850,3,4,3,5,3,3,3,3,5,5,5,4,3
121256,1,4,1,4,4,3,3,1,1,1,1,3,1
72896,3,3,3,3,5,4,5,4,4,4,4,3,4
390,4,1,4,4,2,5,5,4,4,4,4,4,4
61859,2,5,2,3,2,3,5,5,5,2,5,5,4
1628,1,1,1,3,2,1,4,2,4,3,3,2,2
19713,2,3,3,3,1,3,2,2,2,3,2,2,4
126205,5,5,5,5,5,4,4,5,3,5,4,4,5
5194,4,4,4,4,3,5,5,4,4,4,4,5,4
121817,3,3,3,3,2,5,4,4,4,4,4,3,5
62440,2,3,2,4,4,2,4,4,2,2,4,3,4
112625,2,1,2,2,5,1,2,3,3,2,3,1,4
87474,4,4,4,4,3,4,4,3,3,4,3,5,3
51989,3,4,2,3,1,2,1,1,3,3,2,2,1
52296,3,1,3,2,4,3,4,4,3,3,3,1,4
55965,2,2,2,2,5,4,4,5,5,5,5,3,4
89246,1,4,0,1,5,0,1,5,4,2,3,3,5
32777,2,1,1,1,4,4,3,3,3,3,2,2,3
22201,3,4,3,5,1,3,1,1,3,5,4,5,1
64644,1,5,5,5,3,2,2,1,1,1,1,4,1
107151,1,1,1,1,4,4,5,5,5,5,5,5,5
61687,5,1,5,5,4,4,5,4,4,4,4,5,4
116123,2,5,5,3,4,5,4,4,3,4,4,4,4
54144,3,3,3,2,1,3,1,1,4,5,2,3,1
18344,2,4,4,4,5,2,1,2,2,2,2,2,2
64934,3,3,3,3,3,3,3,3,3,4,4,4,3
17609,3,4,0,4,4,0,4,4,1,1,3,4,4
92852,3,4,3,2,5,3,3,5,4,2,5,4,5
73430,2,5,2,2,2,2,2,2,5,4,4,4,2
87136,1,4,4,4,1,1,1,1,4,5,2,2,1
81162,1,1,1,1,2,4,5,4,4,4,4,5,4
93818,4,4,4,4,3,5,4,4,4,4,4,5,4
67928,1,5,1,1,2,1,5,2,3,4,3,3,2
84369,5,5,5,5,5,5,4,3,3,4,3,3,3
77828,2,2,2,3,1,2,1,1,1,1,3,2,1
127815,3,3,3,1,1,3,1,1,4,5,5,3,1
26324,2,5,2,2,1,2,1,1,4,2,5,4,1
47369,4,3,3,3,4,4,3,4,2,3,1,1,4
109787,1,1,1,1,2,4,4,5,5,5,5,4,5
64403,2,2,2,3,3,2,2,3,3,3,5,5,3
5473,1,2,1,3,4,3,4,2,2,1,2,4,4
62097,2,2,2,2,5,3,4,3,3,3,3,3,4
14430,2,2,2,2,2,5,5,5,5,5,5,5,5
82814,5,5,5,4,1,5,1,1,3,3,5,3,1
77272,2,5,3,2,3,3,4,4,4,3,4,4,5
107262,0,0,0,5,4,4,5,3,3,3,3,3,5
47315,4,4,4,4,4,4,4,4,3,2,1,2,4
73615,0,0,0,2,5,0,5,5,4,3,5,5,5
96761,3,3,3,3,4,3,4,4,5,5,4,5,4
110332,3,3,3,3,5,4,4,3,3,3,3,4,5
68005,1,1,1,1,2,4,4,5,5,5,5,3,5
127851,3,5,3,2,1,3,1,1,3,3,3,5,1
39025,3,3,3,3,2,3,2,2,1,3,3,4,2
21876,4,4,2,4,1,2,2,4,4,4,4,5,3
115791,2,4,2,3,3,2,3,3,2,1,3,4,3
77369,2,2,2,3,4,2,4,4,3,5,4,4,4
100656,3,3,3,3,2,5,4,3,3,3,3,4,3
83317,2,1,1,1,2,2,2,2,2,4,4,3,2
105920,4,4,4,3,4,5,4,5,5,4,5,3,3
104600,3,5,3,5,3,3,3,3,5,2,5,5,3
26884,4,4,4,4,4,5,4,4,5,1,2,3,4
43116,1,5,1,5,5,1,5,5,5,5,4,5,5
125869,1,1,1,1,5,4,5,5,5,2,5,5,5
55190,3,2,2,2,1,3,1,1,4,1,2,4,1
39446,3,4,3,4,3,1,2,2,2,3,3,2,2
14515,2,3,2,2,3,4,4,4,4,4,4,4,3
54641,5,1,1,1,5,5,5,5,4,2,5,1,5
39637,2,0,2,4,4,2,4,4,2,2,1,5,4
99330,2,4,2,1,2,3,5,3,5,5,5,5,5
61920,5,5,5,5,3,4,2,5,5,5,4,2,2
98665,5,1,5,3,1,5,1,1,1,4,2,3,1
74798,2,4,2,4,1,2,1,1,4,3,3,2,1
27565,1,5,1,3,2,4,4,2,2,1,5,4,5
117955,3,0,3,3,4,3,4,4,2,5,1,2,4
53800,3,1,1,1,3,4,3,3,4,2,5,2,3
11421,2,3,2,2,2,2,4,2,3,1,4,1,2
104631,2,5,2,3,1,2,1,1,4,4,4,3,1
94554,1,3,3,3,1,2,4,1,2,3,4,3,1
19920,1,1,1,1,1,1,1,1,1,2,3,3,1
61742,1,1,1,2,5,1,5,5,3,5,5,1,5
65307,4,0,4,3,1,4,1,1,3,2,5,4,1
46298,5,3,3,3,4,4,2,5,5,5,5,5,2
102440,1,5,1,3,2,1,2,2,5,4,5,3,2
72527,3,3,3,3,5,3,5,5,2,1,4,3,5
87124,1,2,1,1,1,1,1,4,4,1,4,4,3
113855,2,2,2,2,2,4,4,4,4,4,4,3,3
55281,1,1,1,1,5,5,4,5,5,5,5,3,3
112557,5,0,5,1,2,5,5,2,5,5,4,4,2
53901,2,4,2,1,5,2,5,5,1,5,1,2,5
102961,1,1,1,1,4,5,4,5,5,5,5,4,4
40566,4,2,4,3,5,4,5,5,2,1,4,3,5
124073,3,4,3,1,3,3,3,3,3,2,5,3,3
106395,2,2,2,3,2,2,2,2,1,4,3,2,2
97227,2,2,3,4,1,3,1,1,4,4,4,1,1
25022,4,4,4,4,4,4,4,4,2,5,1,2,4
93178,1,5,1,3,3,5,4,2,2,1,2,3,4
63956,3,4,3,3,1,3,1,1,5,4,4,5,1
101497,1,1,1,1,5,3,3,1,1,1,1,2,3
52809,4,2,2,2,4,4,4,4,5,5,5,2,4
15549,2,2,2,2,2,4,5,5,5,5,5,4,3
114978,1,1,1,1,3,4,4,5,5,5,5,5,3
47864,3,1,3,4,1,3,1,1,2,5,3,4,1
65274,1,5,1,4,4,1,4,4,5,4,5,4,4
7970,3,3,3,3,4,5,4,5,5,5,5,3,5
8903,4,4,4,3,4,4,2,4,4,3,5,5,4
78109,3,3,3,2,1,3,4,1,4,2,4,3,1
98878,3,1,3,4,5,3,5,5,2,3,3,1,5
102080,4,4,4,4,3,5,4,4,4,4,4,3,4
121844,2,2,4,2,5,5,5,4,4,4,4,3,4
22657,3,4,3,3,3,3,3,3,1,2,3,2,3
60421,1,1,1,1,2,4,5,3,3,2,3,5,4
6327,1,1,4,1,4,4,4,4,4,4,4,3,3
98830,3,4,2,1,2,2,2,2,5,3,4,3,2
100273,2,2,2,2,2,5,4,5,5,5,5,5,3
116735,3,5,3,3,2,4,5,3,3,3,5,4,5
44966,2,2,2,2,5,4,5,5,5,5,5,4,5
2060,1,1,1,1,3,5,5,4,4,4,4,3,5
98168,3,3,3,4,3,3,3,4,3,5,5,3,3
55295,3,5,3,2,4,3,4,4,4,4,3,4,4
11247,2,1,2,2,4,2,4,4,2,4,3,4,4
102029,4,5,4,4,4,5,5,5,5,5,5,3,4
118577,2,4,4,4,1,4,3,2,2,2,2,1,2
48592,1,5,2,4,2,2,3,2,4,2,4,1,2
89148,2,3,3,3,3,3,3,2,2,2,2,1,3
122121,2,2,2,2,2,5,4,4,4,4,4,4,4
87633,0,0,0,1,1,0,1,1,4,3,4,5,1
74382,4,5,4,4,2,4,3,2,4,4,4,3,2
8988,3,3,3,4,3,3,3,3,4,5,3,2,3
113743,5,4,5,3,2,5,2,2,4,5,4,3,2
55572,1,1,1,4,3,1,3,3,2,2,4,3,3
40137,3,4,3,3,3,3,3,3,1,5,4,3,3
45139,3,3,3,3,5,3,1,5,5,5,5,2,3
35913,3,3,3,3,4,4,4,4,1,1,4,4,4
96215,1,1,3,3,5,3,3,1,1,1,1,4,1
31679,2,2,2,2,2,2,2,2,4,5,3,1,2
50477,2,0,2,3,2,2,2,2,3,1,1,1,2
105270,2,1,2,2,4,2,1,4,4,1,3,4,4
88740,4,4,4,3,5,4,4,5,5,4,5,4,3
22991,3,3,3,4,3,3,2,3,2,4,3,4,3
32435,4,0,4,2,2,4,2,2,3,4,3,1,2
104101,0,0,0,2,2,5,4,5,5,5,5,4,5
58802,0,4,0,3,5,4,5,5,5,0,5,4,3
34019,1,5,1,2,5,1,5,5,3,3,5,3,5
46389,3,3,3,4,5,3,5,5,4,3,4,1,5
91958,1,2,1,4,5,1,5,5,3,2,4,1,5
67047,1,1,1,1,3,5,5,4,4,4,4,5,5
69243,3,2,2,2,5,3,2,3,3,3,3,1,3
87292,1,4,1,3,5,1,5,5,3,2,4,4,5
86551,1,1,1,1,3,4,3,3,3,2,4,5,3
63065,1,5,1,3,1,1,1,1,3,2,5,3,1
42739,4,4,4,1,4,4,4,4,4,4,5,5,4
100436,2,5,2,1,2,4,1,4,4,2,4,4,4
102164,2,2,2,2,4,4,5,5,5,5,5,5,5
55422,3,3,4,3,4,4,4,4,2,3,4,4,4
18331,5,5,5,5,5,5,5,5,2,1,1,3,5
98631,2,2,2,2,4,2,3,2,2,2,2,4,2
117095,3,0,4,2,3,4,3,3,3,4,3,1,3
36216,3,3,3,2,5,3,4,5,2,2,3,3,5
90473,3,4,4,1,1,4,1,1,4,3,5,4,1
123106,2,4,4,4,1,4,3,2,2,2,2,2,2
40781,4,2,4,2,4,4,1,4,1,3,3,1,4
126346,3,4,3,4,3,3,3,3,2,5,3,4,3
123545,4,4,4,3,2,4,2,2,4,5,4,5,2
45884,4,5,4,5,4,4,4,4,1,2,1,4,4
18263,3,1,3,3,4,3,4,4,3,2,3,4,4
38830,2,3,2,1,2,2,4,2,4,3,2,4,2
118934,4,4,4,4,4,5,5,4,4,4,4,4,5
63756,1,3,3,3,4,3,4,1,1,1,1,3,3
94418,2,2,5,2,3,5,4,5,5,4,5,4,5
100718,2,2,2,2,3,2,3,3,4,4,4,5,3
8459,1,3,3,3,4,3,4,1,1,1,1,1,1
33925,5,5,2,2,5,5,5,5,5,5,4,2,5
66200,3,2,2,2,4,3,4,4,3,3,4,2,4
75943,3,5,3,3,5,5,5,3,3,3,3,5,3
75009,4,4,4,4,4,5,5,5,5,5,5,4,4
106733,4,4,4,4,5,5,5,3,3,3,3,3,4
123229,1,4,1,5,2,1,2,2,2,1,3,2,2
44707,2,1,2,2,4,2,4,4,2,4,3,4,4
109029,2,2,2,2,2,4,5,5,5,5,5,5,5
29461,3,4,2,1,1,2,1,1,3,1,2,1,1
78142,2,3,3,3,4,3,1,4,3,2,4,3,4
11548,4,3,4,1,5,5,3,5,5,4,3,1,4
105587,4,4,4,3,1,4,1,1,4,4,4,4,1
42065,4,2,0,2,2,0,2,2,4,1,3,4,2
5329,3,2,3,2,5,2,3,4,4,3,4,3,4
103645,5,5,5,5,4,4,5,4,4,4,4,5,3
16823,3,3,3,3,4,4,5,3,3,3,3,4,4
45312,0,5,0,5,2,1,2,5,5,5,5,1,3
90685,2,2,2,2,3,5,4,5,5,5,5,5,3
79100,5,5,5,4,2,5,2,2,4,3,4,4,2
39203,4,4,4,4,4,5,5,5,5,5,4,4,4
117586,5,5,5,5,5,5,5,5,3,5,4,3,5
82209,3,3,3,3,3,4,4,5,5,5,5,4,4
125688,3,3,3,1,4,3,4,4,3,3,5,5,4
28678,1,1,1,1,4,4,4,2,1,4,4,4,4
92575,1,4,1,1,1,1,1,1,3,1,4,3,1
81360,3,4,3,1,2,3,2,2,4,3,3,5,2
105599,3,3,3,3,4,3,4,4,3,2,4,4,4
28155,4,1,4,3,1,4,1,1,1,2,3,3,1
90849,4,4,4,4,4,3,4,4,4,4,4,4,1
11718,4,4,4,4,3,4,3,3,4,5,5,4,3
29063,2,5,2,2,3,2,3,3,3,4,4,4,3
58097,2,1,1,1,2,3,2,2,3,4,4,4,2
49842,1,5,5,5,2,1,2,2,2,5,3,4,2
91256,2,4,2,3,4,2,1,4,4,4,5,5,4
127567,4,4,4,3,1,4,1,1,4,5,3,2,1
98315,0,0,0,1,1,0,1,1,5,1,5,1,1
55611,1,2,1,1,5,4,5,4,4,5,4,2,3
117251,4,5,4,2,5,4,5,5,1,2,3,5,5
103349,2,2,2,4,1,2,1,1,3,3,3,4,1
103642,4,4,4,4,4,5,4,4,4,4,4,3,3
77771,4,3,5,3,3,5,3,3,5,2,4,1,3
104567,3,0,2,4,3,2,3,3,4,5,5,3,3
21003,3,2,2,2,3,3,3,3,1,5,4,5,3
3054,1,1,1,1,5,5,5,4,4,4,4,3,3
107655,5,5,5,5,4,4,5,5,5,5,5,5,4
95102,2,4,2,4,3,2,3,3,4,5,5,4,3
79158,4,4,4,4,5,4,5,5,4,4,2,2,5
103869,3,4,3,1,3,3,3,3,3,3,4,5,3
68386,5,5,5,5,5,5,5,5,5,5,5,4,5
84048,1,1,1,3,3,1,3,3,5,2,4,3,3
125457,3,3,3,3,5,5,5,4,2,4,5,5,5
29321,3,4,3,3,2,3,3,2,3,4,5,3,2
125218,1,5,1,3,1,5,3,1,1,1,1,4,3
87004,4,1,4,4,2,3,4,3,3,4,3,3,1
24173,3,2,1,1,3,3,3,3,1,4,4,3,3
128916,2,2,2,1,1,2,1,1,3,5,5,4,1
26896,2,2,2,2,5,5,5,5,5,5,5,5,5
123686,4,0,3,1,4,3,4,4,2,3,1,1,4
127487,4,4,4,4,4,4,4,4,1,5,2,2,4
2376,3,5,2,4,1,2,1,1,4,3,4,5,1
11264,4,5,1,1,1,4,4,5,5,1,4,1,3
92497,4,2,2,2,5,4,2,4,4,4,4,5,3
3672,3,3,3,3,3,3,3,3,2,1,3,1,3
94952,3,0,3,3,3,3,4,3,5,4,3,2,3
89057,5,5,5,5,4,3,4,3,3,3,3,3,3
20085,1,1,1,1,4,4,4,4,2,4,4,5,4
52225,5,3,3,3,5,5,5,5,3,3,3,4,5
32286,2,5,5,5,3,4,4,3,3,3,2,3,1
74441,3,3,3,2,5,3,5,5,4,4,5,5,5
48165,3,4,4,4,3,2,2,3,3,3,3,1,4
95252,3,4,0,1,2,0,2,2,4,3,4,3,2
116898,1,1,1,1,3,4,5,4,4,4,4,5,5
18865,4,1,1,1,4,4,4,4,1,5,3,2,4
79953,1,1,1,3,2,1,2,2,2,3,4,3,2
3987,5,5,5,5,2,4,5,5,5,5,5,4,5
29474,3,3,4,3,4,5,4,4,1,5,1,2,4
34283,0,0,0,3,3,0,4,3,3,3,1,1,3
29649,2,4,3,3,2,4,5,5,5,3,3,4,3
97343,3,3,3,3,4,3,4,4,3,3,4,3,4
22130,4,4,4,4,1,2,1,4,4,4,4,1,3
64832,5,4,5,5,5,5,5,5,3,4,4,5,5
64602,0,5,0,2,5,5,5,1,1,1,1,5,3
125342,3,3,3,3,5,4,5,4,4,4,4,3,4
84349,5,5,5,5,3,5,4,3,3,3,3,4,4
122904,3,5,5,5,4,4,3,3,3,3,3,3,3
46971,3,5,3,4,2,3,2,2,4,2,4,4,2
122576,2,3,2,4,3,4,3,4,4,2,4,1,3
172,3,3,3,3,5,5,5,5,5,4,5,5,4
123754,4,4,4,4,5,5,5,5,5,5,5,3,5
16067,3,4,4,4,1,2,3,3,3,3,3,3,3
19898,5,4,4,4,5,5,5,1,4,5,3,5,5
66880,5,5,5,4,1,5,1,1,5,2,4,5,1
35999,1,1,1,1,5,5,5,5,5,5,5,3,5
38945,1,2,2,4,5,2,5,5,4,2,1,3,5
49504,5,5,5,5,3,3,4,5,5,5,5,5,2
127282,2,0,2,2,3,3,2,5,5,2,5,5,1
10315,5,5,3,5,2,5,4,5,5,5,5,4,3
52039,1,2,2,3,5,1,1,5,3,5,4,4,5
123422,2,2,1,2,2,1,2,2,4,2,1,1,2
103989,1,1,1,1,2,5,5,4,4,4,4,3,3
100957,3,2,3,3,3,3,3,3,2,5,3,1,3
60929,4,4,4,4,3,5,5,4,4,4,4,5,5
58205,4,0,4,2,5,4,5,5,4,5,5,4,5
116089,1,5,1,4,3,1,3,3,5,3,5,3,3
17433,3,0,3,2,3,3,3,3,5,5,5,2,3
107700,2,2,2,3,5,2,5,5,4,1,4,1,5
33250,4,2,2,2,1,2,5,4,4,4,4,2,1
53217,2,1,3,3,4,3,4,4,3,5,4,3,4
55313,1,1,5,1,4,5,4,2,2,2,2,4,5
71437,5,5,5,5,2,5,4,4,4,4,4,5,5
122439,4,4,4,4,5,5,5,5,5,5,4,5,5
123145,3,3,3,3,5,5,4,4,4,4,4,4,5
71990,4,5,4,1,5,4,5,5,5,3,5,3,5
94645,2,4,2,4,3,2,3,3,5,4,4,5,3
116677,3,2,2,2,2,3,4,2,2,3,2,1,3
46699,2,2,2,2,3,2,3,3,4,5,2,4,3
102252,2,2,2,2,2,4,5,4,4,4,4,5,4
35412,4,4,4,3,2,4,5,2,1,1,4,3,2
33769,3,3,3,1,5,3,5,5,4,1,4,2,5
26400,5,2,2,2,5,5,5,5,4,1,3,5,5
109446,1,1,1,1,2,5,5,5,5,5,5,4,5
74570,4,0,4,3,4,4,1,4,3,4,4,3,4
8414,3,3,3,3,5,5,5,4,4,4,4,4,5
82835,2,2,2,2,3,2,3,3,4,3,4,5,3
20037,2,3,2,3,3,2,3,3,2,1,4,4,3
25015,4,4,4,4,2,2,4,3,3,4,3,3,3
50306,4,3,4,4,2,4,2,2,3,1,1,1,2
117809,2,4,2,3,4,2,4,4,4,4,3,2,4
119673,2,2,4,2,2,2,2,2,3,2,3,3,2
12153,5,4,4,4,5,5,5,5,5,5,5,5,5
116256,3,5,3,4,3,3,3,3,4,5,5,5,3
93950,2,3,2,4,1,2,1,1,4,1,4,3,1
116357,3,4,3,4,1,3,1,1,1,2,3,3,1
105976,1,5,1,4,3,5,4,5,5,1,5,5,4
25638,1,4,1,1,5,1,5,5,3,2,4,4,5
62224,3,3,2,4,3,2,3,3,2,4,4,4,3
128885,3,3,3,3,3,4,3,1,5,2,4,3,3
70740,2,4,2,1,5,2,5,5,4,2,5,5,5
83363,5,5,5,5,3,4,5,3,3,4,3,4,5
30660,1,4,1,3,3,4,4,3,3,1,2,5,4
62853,5,5,5,5,4,5,4,4,4,4,4,5,5
21907,2,2,2,2,3,1,5,5,5,5,5,1,5
78353,3,3,3,3,3,5,5,3,3,3,3,3,5
49959,1,5,1,4,3,1,3,3,3,5,4,3,3
9239,0,4,0,1,5,0,5,5,1,2,5,2,5
111140,2,3,3,3,3,2,3,2,2,3,2,2,1
44377,5,3,3,3,4,4,2,5,5,5,5,4,1
82213,5,5,5,3,3,5,3,3,4,5,4,4,3
29682,3,3,3,4,1,3,1,1,2,3,4,1,1
108036,2,5,2,4,3,2,3,3,5,5,4,4,3
110220,5,5,5,5,4,5,5,3,3,4,3,4,4
32096,4,4,4,5,4,4,4,4,2,4,3,5,4
8231,4,3,4,5,2,2,2,1,1,4,1,2,5
70171,3,4,3,3,4,3,3,3,3,3,3,2,2
26252,4,4,4,4,4,4,4,4,3,4,4,4,4
107185,3,5,3,5,4,3,4,4,5,1,1,3,4
59563,1,1,1,4,1,1,1,1,5,5,5,5,1
55725,4,1,1,1,4,4,4,4,4,1,4,3,4
39228,1,5,1,4,3,1,3,3,2,5,1,1,3
42893,5,5,5,5,4,3,2,5,5,5,5,5,5
74188,1,5,1,2,5,1,5,5,4,4,4,4,5
24854,3,4,3,1,5,3,4,5,5,3,4,5,5
6657,2,2,2,2,4,4,4,5,5,5,5,4,3
82772,4,2,2,2,4,4,5,4,4,4,2,5,4
16806,3,0,3,1,3,3,4,3,1,1,3,1,3
51008,0,5,0,2,4,4,5,2,2,0,2,3,4
99180,4,4,4,4,3,4,5,2,2,2,2,4,5
127511,4,2,4,4,3,4,3,3,1,5,3,4,3
80939,2,4,1,4,1,1,1,1,4,2,2,3,1
84495,4,4,4,5,4,4,4,4,4,4,4,4,4
72551,3,3,3,3,2,4,3,3,3,3,3,2,2
92749,3,3,3,4,5,3,5,5,1,2,3,3,5
35368,2,2,2,4,1,2,1,1,4,5,3,2,1
84501,2,2,2,2,4,4,4,4,5,5,4,4,4
28329,4,4,4,5,4,4,4,4,5,1,2,1,4
95251,5,4,5,3,1,1,4,2,2,5,2,1,4
124139,3,4,3,5,5,3,5,5,4,2,5,4,5
89258,3,3,3,3,5,5,5,5,5,5,5,3,3
118738,4,1,4,2,1,4,1,1,2,5,3,3,1
28605,5,4,3,4,5,5,5,5,1,1,5,5,5
122409,3,3,3,3,5,4,4,4,4,4,4,5,3
2583,4,2,4,4,4,4,4,4,1,2,3,3,4
113694,4,4,4,4,2,4,2,2,3,4,4,4,2
27587,3,5,3,1,3,3,3,3,3,4,5,5,3
45322,5,5,3,5,5,5,5,5,3,5,2,4,5
122590,3,3,3,3,4,5,5,4,4,4,4,5,3
52773,5,5,5,5,4,4,4,4,3,1,4,5,4
43251,5,2,2,2,5,5,5,5,4,3,3,3,5
81376,4,4,4,1,2,4,2,2,4,4,5,5,2
32302,5,5,5,5,1,3,4,4,4,4,5,1,3
57861,3,5,3,4,3,4,4,3,5,5,5,4,4
66022,3,3,3,3,5,5,5,5,4,2,5,4,5
7961,2,3,2,4,5,2,5,5,2,1,3,4,5
74992,3,2,3,4,2,4,4,3,3,3,3,3,3
86157,3,3,3,1,4,3,4,4,4,3,4,4,4
100993,3,3,3,3,4,5,4,3,3,3,3,4,5
31014,5,2,5,2,2,5,2,2,4,3,3,1,2
122593,2,2,2,2,3,2,3,3,5,5,4,3,3
115963,2,4,2,3,2,2,2,2,3,3,4,5,2
22474,4,5,4,4,5,4,5,5,3,3,4,3,5
124577,3,3,3,3,2,5,5,4,4,4,4,3,5
103671,2,4,4,4,2,4,3,2,2,3,2,2,3
83954,0,0,0,3,4,4,4,3,2,4,5,4,4
3034,2,4,2,3,1,2,1,1,5,5,5,5,1
34764,2,3,3,3,4,3,4,4,3,3,3,1,4
41617,5,4,4,4,5,5,4,5,3,1,4,4,5
108496,2,2,2,2,4,4,4,4,5,5,4,5,4
51928,4,5,5,5,5,3,3,4,4,4,4,1,1
41943,4,4,4,4,3,4,4,2,2,2,2,4,4
98135,2,4,5,5,2,5,2,2,5,4,4,5,2
14306,5,5,3,5,1,5,2,4,4,4,4,1,5
74028,4,1,1,1,4,4,4,4,3,2,3,2,4
121203,1,1,1,1,5,5,5,3,5,4,5,5,5
100658,3,3,3,5,2,3,2,2,5,5,4,5,2
98488,3,3,3,3,2,4,4,5,5,5,5,5,5
43977,4,4,4,4,1,4,2,5,5,5,5,4,5
72067,3,3,3,4,2,3,2,2,1,1,4,2,2
95014,0,4,0,3,1,0,1,1,3,5,4,3,1
27712,4,4,4,4,4,4,4,4,4,2,3,3,4
53629,5,4,5,4,2,5,2,2,3,3,3,1,2
62200,2,5,2,4,2,2,2,2,4,2,4,4,2
6243,4,4,4,4,3,3,3,4,4,4,4,1,5
12998,1,0,1,3,3,1,3,3,2,1,4,1,3
94688,3,2,2,1,2,2,2,2,5,3,4,5,2
127937,4,5,4,1,1,4,1,1,3,5,4,3,1
122064,4,2,2,2,4,4,4,4,5,3,2,3,4
14736,4,4,5,4,2,4,2,4,4,4,4,4,5
64718,0,1,1,1,5,4,5,3,3,3,3,3,5
83625,1,4,1,4,1,1,1,1,4,2,5,5,1
18886,2,1,3,3,2,3,2,2,3,4,3,3,2
61925,4,0,4,1,1,4,1,1,4,2,3,5,1
113933,0,4,0,5,2,5,5,5,5,0,2,4,3
52446,3,0,3,2,4,3,1,4,5,5,4,5,4
33661,3,2,2,2,3,2,1,3,2,1,4,1,3
50793,3,4,3,5,4,3,4,4,4,2,5,5,4
44811,4,3,3,3,4,4,4,4,1,1,3,1,4
34669,4,4,4,4,5,4,4,4,4,4,4,3,3
117907,0,0,0,2,3,5,4,1,1,1,1,4,5
52469,1,2,1,3,1,1,1,1,3,3,2,3,1
74190,1,4,1,1,1,1,1,1,4,2,5,4,1
35212,1,1,1,3,1,1,1,1,1,3,5,5,1
10584,5,5,5,5,4,5,5,5,5,5,5,3,4
82306,2,2,2,4,5,2,5,5,2,5,4,1,5
71387,5,3,0,3,1,2,5,1,1,0,1,2,5
22731,4,1,1,1,4,4,4,4,3,3,5,2,4
60860,4,4,4,4,3,5,4,5,5,5,5,3,3
29599,1,4,4,4,1,1,2,1,1,1,4,3,1
127375,4,4,4,4,4,4,5,4,4,5,4,3,5
65662,1,2,2,2,1,2,1,1,4,5,5,5,1
88322,3,3,2,3,5,4,5,5,5,5,5,5,3
92525,1,4,0,1,1,0,1,1,5,2,5,5,1
123863,1,4,4,4,1,3,3,1,1,1,1,3,1
15422,4,3,3,3,4,4,4,4,3,1,3,4,4
61512,2,3,2,4,2,3,3,3,3,2,3,3,2
21078,3,4,4,4,4,3,4,3,3,3,3,1,4
14323,2,2,2,4,2,3,3,2,4,4,4,3,3
89669,2,1,1,1,2,2,4,2,3,2,4,2,2
43790,3,4,3,3,2,3,2,2,5,3,2,5,2
50442,1,1,1,1,4,3,3,1,1,1,1,4,2
98499,2,2,2,2,4,3,4,4,3,5,4,5,4
48679,5,5,5,5,2,5,4,4,4,5,4,4,4
37344,3,3,3,3,1,3,1,1,2,5,4,3,1
96012,2,5,3,5,5,2,1,2,2,2,2,2,2
48767,2,2,1,3,1,1,1,1,3,4,4,2,1
128454,3,5,3,3,3,3,3,3,4,2,5,3,3
78509,4,0,3,1,3,3,1,3,4,5,1,1,3
47997,0,0,0,1,2,0,2,2,5,3,1,2,2
85151,5,5,5,5,4,5,4,3,3,4,3,5,3
8200,5,5,5,5,2,3,5,5,5,5,4,4,1
12014,1,3,1,4,4,1,4,4,2,4,4,1,4
97779,2,2,3,2,4,4,5,5,5,5,5,4,3
42122,3,5,3,3,4,3,1,4,5,3,4,5,4
53855,3,5,5,5,3,3,3,3,1,3,2,1,3
43374,1,5,1,3,2,1,2,2,4,1,5,1,2
16589,2,4,2,5,3,2,3,3,1,2,1,1,3
16469,4,1,5,3,5,5,5,5,1,3,4,1,5
58322,1,1,1,4,2,1,2,2,4,3,4,4,2
20038,4,2,2,2,4,4,4,4,2,3,4,1,4
113524,3,3,3,3,3,3,3,3,4,5,4,3,3
63895,4,4,4,4,2,5,5,4,4,4,4,5,5
112133,3,5,3,3,4,3,4,4,2,4,4,4,4
44686,2,4,2,1,1,2,3,1,2,5,2,1,1
89617,4,4,4,4,4,4,4,4,5,4,4,3,4
104283,4,4,4,4,4,5,4,4,4,4,4,5,5
38488,2,2,2,4,3,2,3,3,1,5,3,2,3
82322,3,3,3,2,3,3,5,3,4,5,5,3,3
95250,3,0,3,2,1,3,1,1,4,5,5,5,1
29565,5,2,2,2,5,5,5,5,2,5,4,5,5
84357,3,3,3,5,1,3,1,1,3,3,4,4,1
865,2,3,3,3,3,4,3,2,2,2,2,3,4
50647,2,4,2,4,1,3,3,3,3,2,5,1,3
106574,5,5,5,5,3,4,4,5,5,5,5,4,4
121849,0,0,0,3,4,5,4,5,5,5,5,5,4
2266,4,4,4,4,4,5,5,5,5,5,5,3,4
35868,4,2,4,4,3,4,3,3,4,2,4,4,3
27863,5,5,5,5,5,5,5,5,4,1,3,3,5
43675,3,4,3,1,1,3,1,1,4,4,4,5,1
112368,5,5,5,5,4,4,4,4,3,3,5,5,4
56096,2,2,2,2,5,4,5,4,4,3,4,3,4
40561,3,3,3,3,4,3,1,5,5,5,5,4,5
78605,3,4,2,1,3,2,3,3,4,4,5,5,3
62541,3,3,3,3,4,4,5,4,4,4,4,3,3
17839,3,4,3,5,2,3,2,2,3,3,5,3,2
61302,2,4,2,1,3,2,3,3,4,2,5,4,3
61619,5,1,5,5,5,4,4,4,4,4,4,4,5
48557,3,4,3,3,1,3,1,1,3,2,5,5,1
13269,3,2,3,4,3,3,4,2,5,4,3,4,4
123024,3,2,2,2,3,3,3,3,3,2,3,1,3
87161,5,0,5,2,5,5,5,5,5,4,5,4,5
74762,3,4,3,4,3,5,4,5,5,3,5,4,4
65058,1,5,1,4,4,1,4,4,5,4,4,4,4
2754,2,4,2,1,4,2,4,4,1,3,3,2,4
118690,2,1,2,3,1,2,1,1,4,2,2,1,1
88238,5,5,5,5,4,5,5,4,4,4,4,5,5
1929,5,5,5,5,4,5,4,5,5,5,5,4,5
64139,4,4,4,4,2,2,2,4,4,5,5,2,2
96382,4,4,4,4,2,5,5,4,4,4,4,4,4
50820,3,4,3,1,3,3,2,3,4,2,3,5,3
70923,3,5,3,3,4,5,4,5,5,5,5,3,4
94777,1,5,5,5,4,3,3,2,2,2,1,1,4
99768,1,1,1,1,4,5,5,4,4,4,4,4,5
128726,1,4,1,1,3,1,4,3,4,4,4,5,3
98953,3,5,1,1,3,3,3,3,1,4,4,3,3
66107,2,2,4,2,5,5,4,5,5,5,5,5,3
127294,2,2,5,2,2,4,3,1,1,2,1,2,1
37207,4,1,1,1,1,1,4,4,4,4,4,1,3
73839,4,4,4,4,5,5,4,4,4,4,4,3,4
118674,5,5,5,5,1,3,3,3,3,3,3,3,4
121952,4,5,5,5,3,1,2,4,4,3,4,4,2
99888,4,4,4,4,3,4,5,4,4,4,4,4,4
107376,2,3,2,3,2,4,2,5,5,2,5,1,4
52988,1,1,1,1,4,4,4,4,2,3,1,2,4
14762,4,4,4,4,3,4,3,4,4,3,4,2,2
24713,3,3,3,3,3,4,3,3,5,4,5,4,3
16672,3,5,3,2,5,5,4,1,1,3,1,3,4
76405,5,5,5,5,4,4,4,3,3,4,3,5,3
64060,4,4,4,4,3,4,5,4,4,4,4,3,5
14165,2,4,1,1,5,1,2,5,4,3,4,5,5
25517,4,4,4,4,1,3,3,5,5,5,5,3,2
17115,5,4,4,4,3,5,5,5,5,5,5,4,4
51973,3,2,2,2,3,3,3,3,4,1,3,4,3
27903,3,4,4,4,5,3,3,4,2,3,1,3,3
27052,2,2,4,2,5,5,5,5,2,5,5,3,5
66225,1,2,2,2,5,4,4,1,1,1,1,2,2
97168,3,4,4,3,4,4,4,4,3,3,5,4,4
57022,5,1,5,3,5,2,2,3,5,4,4,2,2
70457,5,5,5,5,2,4,5,4,4,4,4,5,5
5160,2,4,2,1,5,5,4,5,5,2,5,5,5
58130,3,5,5,5,3,3,3,3,4,4,3,4,3
126221,4,4,2,4,4,4,5,3,3,4,3,5,4
124581,3,3,3,3,2,5,4,5,5,5,5,4,3
9123,1,4,2,1,5,2,5,5,3,4,4,4,5
36378,3,0,2,4,1,2,1,1,5,1,2,1,1
94062,3,2,2,2,1,3,4,2,2,2,3,3,2
31900,2,0,2,3,2,2,4,2,4,5,4,5,2
21391,3,5,3,3,3,3,3,3,5,5,3,2,3
35365,4,4,4,3,3,4,3,3,2,4,3,2,3
37682,2,4,2,4,4,2,4,4,4,2,5,5,4
101819,3,3,3,4,5,3,5,5,2,3,1,3,5
64343,3,3,3,3,3,2,3,3,4,5,4,3,3
62052,3,3,3,3,4,3,3,2,2,3,2,2,3
46403,5,3,5,3,2,5,2,2,3,5,4,4,2
64882,0,0,0,5,5,0,5,5,5,5,5,5,5
89823,3,4,3,5,5,3,2,5,4,2,5,3,5
13497,5,3,3,3,5,5,5,5,5,1,5,3,5
83046,2,2,2,2,3,4,4,4,4,5,4,4,3
19616,3,4,3,4,5,3,5,5,3,5,3,2,5
113364,2,2,2,2,4,5,4,4,4,4,5,5,4
69319,2,2,2,2,4,4,4,3,3,4,3,5,3
43259,4,4,4,4,4,5,2,2,2,2,2,3,4
85945,2,2,2,2,5,5,4,4,4,4,4,5,5
60526,1,5,1,5,3,4,5,4,4,1,4,5,5
109728,1,1,1,4,1,1,1,1,4,1,4,2,1
16599,4,4,4,4,4,2,1,3,3,3,3,1,3
74921,1,1,1,1,3,3,4,4,4,4,4,3,5
24252,2,5,2,1,4,5,4,5,5,2,5,5,5
112288,3,2,3,3,5,3,5,5,4,2,4,2,5
21755,4,2,2,2,5,3,3,4,4,4,4,3,1
51245,3,3,3,2,2,3,2,2,2,2,3,3,2
58057,2,2,2,3,3,2,3,3,3,4,4,3,3
59434,5,5,5,5,2,5,4,4,4,4,4,4,5
97657,3,3,3,3,3,3,2,3,3,3,3,4,3
6586,1,4,0,3,4,5,5,1,1,0,1,3,3
84478,5,5,5,1,1,5,3,1,4,2,4,3,1
80972,0,0,0,3,2,4,5,3,3,3,3,5,5
74092,4,4,4,4,4,4,4,4,3,2,5,4,4
105381,2,5,3,5,3,4,4,2,2,2,2,3,2
129363,1,1,1,1,4,3,5,3,3,3,3,5,3
54561,0,3,0,3,5,0,5,5,1,2,2,3,5
44127,1,3,1,4,5,1,5,5,4,3,4,4,5
114481,2,2,2,2,3,3,3,2,2,3,2,3,1
4136,5,5,5,5,3,5,4,5,5,5,5,4,5
84548,4,3,4,3,1,4,1,1,4,5,2,4,1
103365,1,2,2,2,1,1,1,1,1,5,3,1,1
127524,4,4,4,4,3,4,4,5,5,5,5,5,5
55583,4,1,4,3,1,4,1,1,4,2,3,4,1
113680,1,5,1,5,2,1,2,2,5,5,5,3,2
17494,2,2,2,4,4,2,4,4,1,1,3,3,4
77089,2,2,2,2,2,4,4,4,4,4,4,5,5
40234,2,1,3,1,2,2,2,2,1,5,3,1,2
99065,4,2,2,2,3,4,3,4,4,4,4,1,4
71017,5,5,5,5,5,4,5,4,4,4,4,3,3
61822,3,5,3,2,3,3,3,3,2,1,4,2,3
65978,2,2,2,4,1,2,5,1,2,2,4,2,1
61161,5,5,5,5,2,5,4,5,5,5,5,3,5
18447,2,5,5,5,5,3,4,2,2,2,2,2,3
13675,4,4,4,5,3,4,1,3,1,1,3,5,3
18286,2,3,2,2,2,2,2,2,5,2,1,1,2
58156,5,5,5,5,4,4,4,4,4,4,4,4,4
94948,2,4,2,3,1,2,1,1,4,4,3,4,1
52051,5,1,4,4,5,5,5,5,1,3,3,5,5
89321,5,5,5,5,4,4,4,5,5,5,5,3,4
28483,5,5,5,5,5,5,5,5,4,5,4,5,5
117818,4,0,4,2,5,4,2,5,4,2,4,4,5
451,5,5,5,3,4,5,4,4,5,3,5,3,4
102030,4,5,4,3,4,4,4,4,4,3,4,4,4
58564,1,1,1,1,2,5,4,5,5,5,5,4,5
26789,4,0,4,1,3,4,3,3,2,5,4,3,3
77395,3,4,3,4,2,3,3,2,3,3,4,5,2
93831,3,3,3,3,4,5,4,5,5,5,5,5,4
114191,3,5,5,5,3,4,3,3,4,2,2,2,3
2831,2,2,2,3,5,2,5,5,1,2,4,3,5
86333,5,3,5,3,5,4,2,2,2,5,2,2,2
129336,4,4,4,4,4,4,4,4,3,5,1,2,4
80738,4,5,5,5,3,4,1,4,4,4,4,4,5
43921,1,5,0,3,2,0,2,2,3,5,4,4,2
116442,3,1,3,4,3,3,3,3,1,3,4,4,3
88086,3,3,3,4,4,3,4,4,3,4,4,4,4
114819,3,3,3,3,4,4,5,4,4,4,4,4,5
103078,2,4,1,2,3,1,4,3,2,4,1,1,3
71549,2,2,2,2,5,4,5,4,4,4,4,5,4
93103,4,5,4,3,3,4,5,3,3,4,3,5,4
46036,3,3,3,3,1,1,2,3,3,3,3,3,3
52986,1,1,1,1,5,3,5,3,3,3,3,5,1
79013,3,5,5,5,4,4,4,3,3,4,3,3,2
47001,2,3,3,3,2,2,2,2,1,2,3,1,2
58285,3,5,3,3,3,3,3,3,4,4,5,4,3
79906,4,4,4,4,3,4,4,4,4,5,4,5,4
23993,2,2,2,2,2,2,3,5,5,5,5,1,3
32225,3,3,3,3,5,2,5,4,4,5,3,1,2
100569,4,4,4,4,4,4,5,4,4,3,4,3,5
52226,4,4,5,4,4,4,4,4,1,5,4,4,4
64156,3,4,4,1,4,4,4,4,5,5,4,3,4
125889,1,3,1,3,4,1,4,4,3,4,4,4,4
89665,1,5,5,5,4,4,4,1,1,2,1,4,2
57499,2,2,2,3,1,2,2,1,4,5,3,4,1
51489,1,1,1,3,2,1,2,2,2,1,4,3,2
94155,2,2,5,2,4,4,5,4,4,4,4,3,3
43508,3,4,3,3,5,3,5,5,3,4,4,3,5
20569,2,2,2,2,2,2,2,2,2,2,2,2,3
82792,3,3,3,1,2,3,2,2,5,2,4,4,2
65625,3,4,3,4,5,4,5,1,1,3,1,5,4
67175,3,5,3,3,5,5,5,4,4,3,4,4,4
9936,1,2,2,2,1,1,2,1,4,3,4,1,1
14985,2,4,2,5,1,2,1,1,5,4,5,4,1
58554,1,3,1,3,4,4,3,5,5,1,5,2,2
89887,4,4,4,4,3,4,3,3,5,5,5,4,3
103070,1,0,1,1,5,1,5,5,5,1,2,1,5
40641,2,4,2,5,5,2,5,5,3,3,5,3,5
58713,1,1,1,1,5,4,4,4,4,4,4,5,5
97314,3,3,3,3,3,3,3,3,4,5,3,4,3
24208,3,1,3,3,4,3,4,4,1,1,2,2,4
11835,3,5,2,5,5,2,5,5,5,2,5,3,5
66564,1,1,1,1,3,1,1,3,5,3,5,5,3
69176,3,5,3,2,2,4,5,2,2,3,2,5,3
8031,4,4,4,4,3,5,5,5,5,5,5,4,3
43765,3,2,2,2,5,2,2,3,3,3,3,3,1
120014,1,2,1,3,4,1,4,4,4,2,4,2,4
41170,5,4,4,4,5,5,5,5,3,2,5,4,5
53777,5,5,5,5,5,5,4,5,3,5,5,3,5
60044,4,4,4,2,3,4,3,3,3,2,4,4,3
112042,2,2,2,2,5,5,5,5,3,3,5,3,5
48295,3,4,4,4,1,4,4,3,3,3,3,3,2
52072,4,4,2,4,5,5,5,5,4,1,1,1,5
37508,2,2,2,3,5,2,5,5,1,3,2,4,5
37323,4,3,3,3,3,4,3,4,4,4,4,3,1
25066,2,5,2,3,4,2,4,4,4,5,3,1,4
110294,2,2,2,2,3,5,5,4,4,5,4,3,5
66578,1,1,1,2,3,1,3,3,2,4,2,2,3
72575,5,2,5,2,3,4,5,5,5,5,5,5,4
56439,4,2,2,2,4,4,4,4,1,1,2,3,4
31007,3,2,5,2,3,4,3,3,1,4,4,4,3
108253,2,2,2,2,2,5,5,5,5,5,5,3,4
101846,1,4,4,4,1,1,1,1,4,5,4,1,1
36667,4,5,5,4,3,5,3,3,4,3,4,5,3
52547,5,3,3,3,4,5,1,5,5,5,5,2,4
44069,1,1,1,3,1,1,1,3,4,4,3,1,1
19135,5,4,4,4,3,4,3,5,5,5,5,2,4
34972,1,1,1,1,5,1,2,4,4,4,4,2,4
70159,3,2,3,2,4,3,5,4,2,4,3,2,4
68901,2,4,2,1,5,2,3,5,3,3,4,3,5
124548,2,4,2,4,5,3,2,5,5,2,3,3,1
31207,1,5,5,5,5,3,3,1,1,1,1,1,4
28524,2,2,2,1,4,2,4,4,3,1,5,1,4
112460,4,1,1,1,4,4,4,4,4,1,3,2,4
121519,2,3,2,3,3,2,3,3,1,4,4,3,3
26903,2,3,2,2,4,3,4,1,1,2,1,2,1
120648,4,4,4,4,4,5,5,4,4,4,4,3,3
44081,4,4,4,4,4,5,5,4,3,1,3,1,4
45310,2,3,3,3,4,4,3,2,2,2,2,1,3
59702,3,2,4,1,1,4,1,1,1,3,1,3,1
112117,5,5,5,4,3,5,5,3,3,3,5,4,3
12329,5,1,1,1,5,4,5,5,1,2,5,2,5
45173,2,2,0,2,3,3,3,4,4,0,4,4,1
102596,3,0,3,3,5,3,5,5,1,3,3,3,5
54364,2,1,2,4,4,2,4,4,3,5,4,1,4
48039,5,4,4,4,2,1,5,5,5,5,5,5,4
47753,4,4,4,4,2,1,4,5,5,5,5,2,3
23655,5,1,1,1,2,1,2,3,3,5,3,2,4
69893,2,1,2,4,5,4,4,2,2,2,2,4,1
72522,4,5,5,5,4,4,2,4,1,5,3,4,4
123609,4,4,4,4,4,5,4,2,2,2,2,3,3
54457,4,4,4,4,3,4,5,5,5,5,5,3,3
47269,2,2,2,2,5,4,4,4,4,4,4,3,2
58598,2,5,5,4,3,4,5,3,3,5,3,4,4
42753,2,5,2,3,1,2,4,1,4,2,5,5,1
123825,1,1,1,1,3,4,4,5,5,5,5,5,4
66572,4,4,4,2,1,4,1,1,4,2,5,4,1
31258,1,1,1,1,4,4,4,4,3,5,4,4,4
30959,3,4,3,4,3,4,5,4,4,3,4,4,5
10534,3,3,3,3,3,4,5,5,5,5,5,5,4
115061,2,2,2,5,5,2,5,5,3,2,5,4,5
7730,2,1,2,3,3,2,3,3,2,3,3,2,3
92556,2,0,2,3,2,5,5,5,5,2,5,3,5
32873,1,0,0,3,1,0,1,1,2,4,3,5,1
117285,0,0,0,3,4,4,5,4,4,2,2,4,3
86111,5,5,5,5,5,5,4,5,5,5,5,5,5
10171,4,4,4,4,2,5,5,4,4,4,4,3,3
46886,5,3,3,3,5,5,5,5,5,5,3,3,5
127905,3,2,3,4,2,4,3,1,1,3,1,1,2
52113,1,3,1,3,3,1,3,3,1,3,2,4,3
6535,5,5,5,5,5,5,5,5,4,4,5,5,5
85210,2,2,2,3,4,2,4,4,3,1,4,2,4
54375,3,3,4,3,4,1,4,4,4,4,4,3,2
86868,2,1,2,5,2,2,2,2,4,4,4,3,2
90235,2,5,2,4,4,4,5,3,3,2,3,3,3
103653,1,1,1,1,2,2,2,2,3,5,5,4,2
26621,2,5,5,5,2,2,3,2,2,2,2,4,1
118678,2,4,4,4,1,2,1,1,3,3,3,4,1
17345,5,5,5,5,4,4,4,4,5,5,5,3,4
635,5,5,5,3,3,5,3,3,4,5,5,4,3
3821,3,2,3,3,1,3,1,1,4,5,4,3,1
109114,5,5,5,5,5,5,4,5,5,4,5,4,3
128491,2,4,2,1,3,4,4,2,2,2,2,4,5
31510,4,4,4,4,4,3,1,4,1,3,3,4,4
23105,5,4,3,3,3,2,5,5,5,5,5,4,2
111268,4,0,4,4,1,4,1,1,3,2,5,5,1
109022,1,1,1,1,2,4,5,4,4,4,4,3,3
47992,5,4,4,4,5,5,5,5,5,2,1,5,5
39254,2,0,2,3,3,2,1,3,1,4,4,1,3
56149,3,3,5,3,2,4,5,5,5,5,5,4,5
13233,5,5,5,5,1,2,3,5,5,5,5,4,2
76097,2,4,2,1,1,2,1,1,3,5,5,3,1
121669,2,2,2,2,4,4,4,4,5,4,3,5,4
26489,5,2,2,2,5,5,5,5,4,3,5,4,5
115860,2,3,3,3,5,4,4,2,2,2,2,4,1
125899,2,5,2,4,4,2,4,4,4,2,5,4,4
77645,2,2,2,2,3,4,3,3,3,4,5,3,3
94983,3,5,3,2,1,3,1,1,3,5,4,4,1
43896,1,2,1,4,1,1,1,1,1,3,3,3,1
17527,4,4,4,4,4,2,2,4,4,4,4,5,3
88833,5,1,4,3,2,4,4,2,3,1,3,4,2
102297,4,4,4,4,4,4,4,4,1,3,1,4,4
61399,2,4,2,3,3,2,3,3,5,5,5,4,3
15907,4,3,4,2,2,4,1,2,1,4,3,5,2
46153,5,5,5,2,1,5,1,1,4,1,3,1,1
18749,2,2,2,2,2,5,1,4,4,4,4,5,1
49770,4,5,5,5,4,3,3,4,4,4,4,2,3
55853,1,0,0,4,5,1,5,5,4,4,5,4,5
54838,2,2,2,2,2,5,5,4,4,4,4,3,4
54667,1,1,1,3,1,1,1,1,3,3,3,3,1
38702,2,3,3,3,2,2,2,2,2,4,4,2,2
33771,4,4,4,3,5,4,5,5,2,5,4,4,5
23321,4,4,4,4,5,5,5,5,5,1,5,2,5
29724,3,3,2,3,2,3,3,4,5,4,3,3,3
17074,1,1,1,3,1,1,1,1,2,1,2,2,1
104590,1,4,1,4,1,4,3,2,2,1,2,4,3
17034,1,2,3,3,1,1,1,4,3,2,3,1,1
86375,1,1,1,1,5,5,5,5,4,5,5,3,5
2743,3,3,3,4,5,3,5,5,2,3,4,1,5
13350,3,4,4,4,3,3,3,3,1,3,2,2,3
86722,1,2,1,3,3,4,3,1,1,1,1,3,4
54714,2,4,3,4,2,3,2,2,3,5,5,5,2
2278,3,3,3,2,2,3,2,2,2,5,2,2,2
54992,2,2,2,2,4,5,5,4,4,4,4,4,3
5107,4,5,4,3,4,4,5,3,3,4,3,3,3
68288,3,0,3,2,5,3,5,5,5,3,3,1,5
79066,2,0,2,3,1,2,1,1,4,4,1,5,1
23939,2,3,3,4,4,3,4,4,2,4,1,3,4
45030,1,5,1,5,3,1,3,3,4,3,5,3,3
5664,1,1,1,1,4,5,5,5,5,4,5,5,4
14279,4,4,4,4,4,3,5,5,5,5,5,1,5
127123,4,4,4,4,2,5,5,3,3,4,3,5,3
10790,2,1,1,1,2,2,2,2,1,2,4,1,2
85784,5,5,5,5,4,4,4,4,3,3,5,5,4
47968,1,4,1,3,5,1,5,5,4,5,3,2,5
50828,3,4,3,3,5,3,5,5,3,3,5,4,5
42228,3,5,5,5,3,3,4,3,3,3,3,1,1
64445,2,5,5,5,3,2,3,2,2,2,2,1,1
18980,2,4,2,2,4,2,4,4,3,4,4,3,4
129098,4,4,4,4,5,1,4,5,5,4,5,2,4
49147,4,5,5,5,4,4,4,5,3,2,3,4,4
47061,2,2,2,3,5,2,5,5,3,2,4,4,5
112392,2,2,2,2,3,5,4,2,2,2,2,5,4
112262,3,4,4,4,4,4,4,3,3,2,3,3,3
52789,2,2,2,3,5,2,5,5,3,5,4,2,5
40301,4,5,4,4,2,4,4,2,4,3,4,5,2
7246,3,2,3,3,3,4,4,4,4,3,4,2,4
112750,1,1,1,1,5,5,5,5,4,3,5,4,5
118776,2,3,2,3,1,2,1,1,3,2,4,1,1
117038,1,3,3,3,5,2,3,1,1,1,1,4,4
97986,1,5,1,4,4,1,4,4,4,1,2,4,4
5432,3,4,4,4,3,4,4,3,3,3,3,3,1
62909,3,1,3,2,5,2,2,4,4,3,4,4,1
31652,5,5,5,5,2,4,5,5,5,5,5,2,3
59894,4,4,4,4,4,4,4,5,5,5,5,3,3
118693,3,2,2,3,1,2,1,1,2,3,2,1,1
39590,3,3,3,3,2,4,4,4,4,4,4,3,3
108622,1,5,0,4,2,0,2,2,5,5,5,4,2
106319,5,5,5,5,4,5,5,5,5,5,5,4,3
67878,3,4,3,2,4,3,2,4,5,2,4,3,4
112771,5,5,3,5,1,5,3,5,5,5,3,2,4
74991,1,5,1,5,1,1,5,1,3,2,4,3,1
2095,4,2,4,3,2,3,4,4,4,4,4,4,4
59676,2,5,2,3,1,2,1,1,3,2,4,3,1
105628,2,2,2,2,5,2,5,5,5,2,5,3,5
71663,1,1,1,4,5,1,5,5,2,2,4,1,5
88775,2,1,2,2,3,4,4,5,5,5,5,5,3
18833,4,5,4,5,4,4,4,4,3,1,3,3,4
18734,5,5,5,5,4,3,5,5,5,5,5,1,2
78728,3,3,3,4,5,3,5,5,5,2,4,5,5
47760,3,3,3,3,4,4,3,2,2,2,2,5,5
104505,5,5,5,3,1,5,1,1,3,4,3,3,1
2568,4,2,4,2,5,4,5,5,3,4,2,3,5
89535,2,2,2,2,4,2,4,4,4,4,5,3,4
14086,1,1,1,1,4,1,2,3,3,3,3,3,5
16803,3,4,4,4,3,3,3,3,3,2,4,1,3
106348,3,5,3,1,1,3,1,1,4,4,4,4,1
95179,3,2,3,4,5,4,3,3,3,3,4,1,3
119212,5,3,5,3,3,5,3,3,4,2,3,1,3
1901,4,4,4,4,4,5,5,5,5,5,5,5,4
79674,3,2,3,2,2,3,5,2,3,5,2,4,2
83898,1,1,1,1,4,4,4,4,3,3,5,3,4
104388,2,2,2,2,3,4,4,2,2,2,2,4,2
15662,2,2,2,5,5,2,5,5,5,3,1,4,5
78607,4,4,3,4,5,5,4,5,5,5,5,4,5
35584,1,4,4,4,1,1,1,1,3,5,3,1,1
88743,4,2,4,4,2,4,2,2,2,4,3,3,2
109518,3,3,2,3,2,5,5,5,5,5,5,3,4
36935,1,3,0,3,3,3,2,5,5,0,5,4,4
14274,5,5,5,5,5,5,5,5,4,3,2,2,5
2056,2,2,2,2,2,5,4,4,4,4,4,3,4
62044,2,1,1,1,2,3,4,2,2,2,2,1,4
35991,2,2,1,4,1,1,1,2,1,3,4,1,1
29521,1,1,1,1,4,4,4,4,5,5,2,5,4
51378,3,4,3,3,4,5,4,2,2,3,2,4,3
128247,4,4,4,4,5,4,5,5,5,5,5,3,5
38798,1,5,1,2,3,1,3,3,4,4,5,5,3
8711,2,4,0,3,4,4,4,2,2,0,2,2,2
52679,1,4,0,3,5,0,5,5,5,2,4,3,5
68772,2,4,4,4,2,2,2,2,1,1,4,1,2
84497,1,2,2,2,1,1,1,2,4,4,4,1,1
96230,5,5,4,4,4,4,4,4,5,3,4,5,4
89514,3,3,3,3,3,5,5,4,4,4,4,3,3
33595,3,4,4,4,2,4,4,3,3,3,3,1,3
38042,2,2,3,2,4,4,4,4,4,5,3,4,4
61738,2,3,3,3,5,3,3,4,4,4,2,3,3
111619,2,2,2,2,1,2,1,1,1,2,1,3,1
109151,5,4,5,5,3,5,3,3,4,4,5,5,3
24977,5,2,2,2,5,5,5,5,1,3,5,3,5
38370,2,5,3,1,4,4,4,1,1,3,1,5,4
104202,3,4,3,3,4,3,4,4,4,5,4,5,4
121654,4,4,4,4,5,4,5,5,5,5,5,4,4
102150,3,3,3,3,3,5,5,2,2,2,2,4,3
97358,1,4,4,4,2,1,2,1,1,1,1,3,3
76516,2,2,2,2,5,5,4,4,4,5,4,3,3
54521,3,5,3,3,4,3,4,4,5,2,5,3,4
39495,1,1,1,1,4,2,3,4,4,4,4,3,5
84892,2,5,3,3,1,3,1,1,5,2,4,5,1
114019,4,5,4,3,4,4,4,4,5,5,5,5,4
31771,4,4,4,4,2,2,2,4,4,4,4,1,1
34454,2,4,2,1,4,4,4,5,5,2,5,5,3
126937,3,3,3,3,3,5,5,5,5,5,5,5,3
28496,2,5,5,5,3,4,3,2,2,3,2,2,1
97515,2,2,2,2,4,5,4,4,4,4,4,3,5
43731,3,4,3,2,5,3,4,5,4,5,4,3,5
40692,2,2,2,2,5,5,5,5,3,3,5,4,5
8963,1,2,1,4,5,4,4,2,2,1,2,4,1
26352,4,4,4,4,3,4,5,4,4,4,4,4,5
47475,3,5,3,1,5,3,5,5,5,4,5,4,5
68385,2,2,2,2,5,4,4,3,3,3,3,4,5
85484,3,0,3,3,1,3,1,1,3,4,5,4,1
114526,2,2,2,4,4,4,3,3,3,2,3,1,2
81351,2,4,2,1,1,2,1,1,3,2,3,3,1
14578,2,5,5,5,3,4,3,2,2,2,2,4,2
115307,2,2,2,1,5,2,5,5,4,4,5,5,5
40368,5,3,3,3,5,5,5,5,2,3,4,2,5
45061,1,1,1,1,1,3,1,4,4,4,4,5,1
75747,3,2,3,4,3,3,3,3,4,1,3,4,3
124052,5,5,5,5,2,2,2,4,5,4,4,2,2
55891,4,4,4,4,5,5,5,5,5,3,5,5,5
116414,3,1,3,3,5,3,3,5,1,1,3,2,5
83819,5,5,5,5,2,5,5,4,4,4,4,3,3
119820,3,3,3,3,5,5,5,5,5,3,4,5,5
76307,2,2,2,2,3,3,4,4,4,4,4,3,5
61640,2,2,2,2,4,4,4,4,4,5,4,4,4
15529,4,5,0,2,2,0,2,2,3,4,5,4,2
61804,3,5,3,2,3,4,4,4,2,5,5,4,4
57595,2,1,1,1,3,4,3,2,2,2,2,1,3
4853,4,4,4,4,3,5,4,5,5,5,5,4,4
75283,2,3,1,3,3,1,3,3,3,4,3,2,3
18533,5,1,1,1,5,5,5,5,1,5,1,2,5
14745,3,2,3,4,5,3,3,5,1,4,3,4,5
39690,4,2,2,2,4,4,4,4,4,3,1,5,4
95486,2,2,2,2,3,5,4,3,3,4,5,3,3
105083,4,2,4,4,5,5,4,5,5,5,5,4,3
62300,5,5,5,1,3,5,3,3,5,2,4,3,3
123632,3,3,3,3,2,4,4,5,5,5,4,3,4
20073,2,4,2,1,4,5,4,2,2,2,2,3,4
122936,3,3,3,3,4,4,5,5,5,5,5,4,5
120276,1,1,1,1,1,1,1,1,2,4,3,1,1
51964,2,2,2,2,4,2,2,4,4,4,4,2,5
26163,5,1,1,1,5,5,5,5,1,1,2,5,5
114382,2,5,2,4,4,2,4,4,5,4,4,5,4
31228,1,2,1,4,4,1,5,4,2,4,4,4,4
67065,4,4,4,4,3,4,4,4,4,4,4,4,4
118193,3,3,3,2,1,3,3,1,4,2,5,1,1
48696,3,3,3,3,5,5,4,4,4,4,4,4,5
50134,3,0,3,1,2,3,1,2,4,1,3,1,2
77140,2,3,2,3,1,2,1,1,4,5,4,5,1
5225,2,1,5,1,2,2,2,2,3,3,4,1,2
89419,2,2,2,2,3,3,3,4,4,4,2,4,1
89125,2,2,2,2,2,2,4,2,3,1,2,1,2
66223,1,1,2,1,5,5,5,3,3,3,3,4,5
46618,1,3,3,3,4,3,1,4,3,5,3,3,4
22468,1,5,1,1,2,1,2,2,4,1,4,5,2
10911,0,0,0,1,2,4,4,3,3,3,3,4,3
28203,2,5,3,5,2,3,2,2,1,2,5,1,2
21816,1,5,1,4,3,1,3,3,4,3,5,3,3
54050,3,3,4,3,4,1,5,3,3,3,3,1,5
84555,3,4,3,1,5,3,5,5,2,4,1,3,5
90291,4,4,4,4,1,4,1,1,2,3,3,1,1
34354,5,5,5,5,5,5,5,5,2,4,2,1,5
5605,2,1,1,1,3,1,3,3,5,4,4,4,3
113970,1,3,3,3,1,1,1,1,2,2,4,1,1
98699,2,1,2,2,2,3,3,3,3,2,3,1,3
114860,0,0,0,4,5,5,4,3,3,3,3,5,5
69323,3,3,3,3,2,5,5,3,3,3,3,3,4
3879,5,5,5,5,2,4,5,5,5,5,5,3,3
25395,2,2,2,3,1,2,1,1,5,2,4,4,1
108199,4,2,1,2,3,1,3,4,4,4,4,2,4
121118,1,1,1,1,4,4,4,4,2,3,4,4,4
96662,2,4,3,4,2,3,2,2,3,5,4,1,2
22887,2,5,2,1,2,4,2,5,5,2,5,4,4
64416,3,3,3,3,3,4,4,5,5,5,5,5,4
77155,2,2,2,2,4,3,5,5,5,5,5,3,3
108067,3,4,3,3,2,5,5,4,4,3,4,4,3
45757,3,0,3,3,4,3,4,4,2,3,2,5,4
88006,5,5,5,2,3,5,3,3,4,3,5,4,3
15014,2,3,3,3,2,2,2,2,3,4,3,2,2
76998,4,4,4,4,5,5,4,5,5,5,5,5,4
76878,1,1,1,1,2,5,5,3,3,3,3,3,5
111234,1,4,1,5,2,1,2,2,3,5,4,3,2
88242,5,0,5,4,4,5,4,4,3,3,4,5,4
79220,2,3,2,3,5,2,5,5,3,5,3,3,5
47893,3,2,3,4,3,3,3,3,3,5,3,2,3
50295,0,0,0,4,4,5,4,2,2,2,2,2,1
81534,2,2,2,2,3,2,3,3,1,1,3,5,3
6302,4,4,4,4,5,5,4,4,4,4,4,3,4
53873,5,2,2,2,5,5,5,5,1,4,4,4,5
5006,3,5,3,4,2,3,2,2,2,3,2,4,2
86425,2,2,2,3,2,2,2,2,4,2,5,4,2
76799,2,5,2,1,5,2,5,5,5,5,4,5,5
91685,2,2,2,2,4,5,4,4,5,4,5,5,4
71474,3,2,3,4,5,3,5,5,4,4,3,3,5
29713,5,5,5,5,5,5,5,5,5,2,3,2,5
37748,3,2,2,2,5,4,2,3,3,3,3,3,4
109331,5,4,5,3,4,5,4,4,5,3,4,4,4
65404,2,5,2,2,1,2,1,1,5,3,4,5,1
99492,1,5,1,1,2,1,2,2,3,3,4,5,2
48100,5,5,5,5,5,5,5,5,3,4,4,4,5
17980,2,1,1,1,5,3,2,2,2,2,2,1,2
123108,3,2,2,2,3,3,3,3,4,2,4,4,3
3297,2,0,5,2,5,5,5,5,4,2,4,3,5
38258,3,3,3,4,2,3,2,2,2,5,4,2,2
41417,4,5,4,2,4,4,3,4,5,4,5,3,4
16847,3,3,3,3,1,4,3,2,2,2,2,4,2
118268,4,5,5,5,4,4,4,4,4,5,4,4,4
112503,3,2,3,4,2,3,2,2,3,2,4,4,2
31737,0,3,0,1,2,3,2,2,5,5,4,5,2
23384,3,2,2,2,2,2,2,2,3,3,3,2,2
30983,2,2,2,2,2,2,2,2,2,3,4,1,2
18451,1,1,2,1,2,1,5,5,5,5,5,5,2
87791,0,5,0,1,5,5,5,5,5,5,5,3,5
42519,3,4,3,4,2,3,3,4,4,3,1,2,4
103493,3,4,3,3,5,4,5,1,1,3,1,5,4
69326,2,2,2,2,3,4,5,3,3,4,3,4,3
116833,1,4,4,4,5,4,3,1,1,1,1,4,3
112910,4,4,4,4,4,4,3,3,3,4,3,3,5
8400,2,3,2,4,3,2,1,3,2,3,4,1,3
91345,2,4,2,4,4,5,5,2,2,2,2,4,3
75780,4,1,4,3,4,5,5,4,3,4,4,5,5
124298,3,2,5,2,4,3,3,3,3,3,3,3,3
76569,3,4,5,4,3,3,3,3,4,3,3,1,3
47111,3,3,3,3,3,3,3,3,2,4,4,2,3
9988,3,5,3,2,2,3,4,2,3,3,5,4,2
909,3,3,3,3,2,4,4,4,4,4,4,5,4
8755,2,2,2,2,1,3,3,2,2,2,2,4,1
66078,4,1,4,2,2,4,2,2,2,4,2,3,2
86451,3,4,4,4,3,3,3,3,4,5,3,2,3
119127,3,5,3,3,4,3,4,4,3,3,4,5,4
74399,2,2,2,2,5,5,5,5,5,5,5,5,5
74618,3,4,1,4,3,3,3,3,2,5,3,4,3
124836,3,4,3,4,4,3,4,4,2,1,3,1,4
6704,3,3,3,4,3,3,4,4,4,3,3,3,1
16001,3,3,3,3,4,3,4,4,3,3,2,4,4
127104,5,4,5,4,4,5,4,4,3,4,4,3,4
3756,2,5,4,2,3,4,3,3,2,3,4,1,3
114460,3,3,3,3,2,4,4,5,5,5,5,4,5
37156,2,5,2,5,2,2,2,2,4,2,4,4,2
116106,3,2,1,4,1,1,1,1,1,4,4,2,1
29815,3,3,3,3,5,1,3,3,3,3,3,5,3
65230,3,3,3,3,1,3,1,1,1,5,3,3,1
58207,4,4,3,3,1,1,2,4,4,4,4,2,2
39592,1,0,1,3,2,1,2,2,5,4,2,2,2
331,3,3,4,4,4,3,3,3,3,3,3,4,2
32362,5,1,4,1,5,5,5,5,4,1,1,2,5
122992,2,3,5,3,2,2,2,2,2,4,4,4,2
47361,4,4,4,4,5,4,2,5,5,5,5,5,5
69137,3,3,5,3,5,4,5,3,3,3,3,3,5
48166,5,5,5,5,3,3,4,5,5,5,3,1,2
50090,4,4,4,4,5,3,4,5,5,5,5,5,4
76864,0,5,0,2,1,0,1,1,5,3,4,5,1
41095,2,4,4,4,2,2,2,2,1,2,2,3,2
102163,5,5,5,2,4,5,4,4,5,3,4,5,4
74370,4,4,4,4,4,5,4,5,5,5,5,4,5
96470,0,0,0,3,2,5,5,4,4,4,4,5,5
68117,1,4,1,2,3,1,3,3,4,3,5,4,3
124443,2,3,4,3,1,3,3,2,2,2,2,1,4
96949,2,2,2,2,5,4,4,3,3,4,3,5,5
9266,4,4,4,4,2,4,4,5,5,5,5,3,4
95283,3,4,3,5,2,3,2,2,5,2,4,2,2
124468,4,2,4,3,4,4,3,4,2,1,3,2,4
53384,4,4,4,3,3,4,1,3,3,1,5,1,3
1227,2,4,2,2,4,2,4,4,5,2,4,5,4
79492,3,3,4,3,1,4,4,1,4,4,3,2,1
61260,4,5,4,2,4,4,4,4,4,3,5,5,4
13890,2,4,2,1,4,2,4,4,1,1,1,2,4
70389,3,3,3,3,4,4,5,5,5,4,5,5,5
64706,5,5,5,5,2,4,5,5,5,5,5,3,3
89464,0,5,0,2,4,4,4,4,4,4,4,5,4
78523,3,5,3,2,4,3,4,4,4,4,4,4,4
111111,3,5,3,3,5,3,5,5,3,4,5,4,5
39411,5,5,5,5,5,5,5,5,2,3,5,2,5
15140,1,1,1,3,3,1,3,3,4,5,3,1,3
86029,3,5,4,5,5,4,3,5,3,5,4,4,5
42731,3,3,3,1,4,3,1,4,2,3,2,4,4
69725,1,4,1,1,2,1,2,2,4,5,4,5,2
54420,2,5,2,2,2,2,2,2,3,4,5,3,2
53446,3,3,3,3,5,5,5,1,1,4,2,5,5
102004,2,2,2,4,1,2,1,1,4,5,3,1,1
80084,1,1,1,3,4,1,4,4,2,4,2,1,4
114505,2,2,2,3,3,2,3,3,4,2,4,4,3
114900,5,5,5,5,3,3,3,3,3,3,5,4,3
82817,3,2,2,2,5,4,3,3,3,3,3,2,3
74182,3,5,3,3,5,3,5,5,4,5,4,3,5
81100,4,3,4,4,4,5,4,4,5,4,4,4,4
1743,4,0,4,3,3,4,3,3,4,5,4,5,3
113212,2,2,2,2,5,5,5,5,3,2,5,3,5
110119,1,1,1,1,2,5,4,5,5,5,5,5,5
42614,2,2,3,2,4,3,4,4,4,4,2,1,4
78175,2,2,2,2,2,4,5,4,4,5,4,4,4
84492,1,3,1,3,1,5,5,4,3,1,3,5,5
80681,2,2,2,4,5,2,5,5,4,3,4,5,5
948,2,1,1,1,2,1,1,1,1,1,2,2,3
43325,4,5,4,4,2,2,2,2,3,1,4,2,2
91735,4,2,5,4,3,5,3,3,2,3,4,3,3
14022,3,4,3,4,2,3,2,2,1,2,4,1,2
69715,4,4,4,3,4,4,4,4,4,3,5,2,4
54084,4,4,4,3,4,4,4,4,2,3,4,4,4
98255,1,5,5,5,1,1,1,1,4,3,4,4,1
110443,3,4,3,3,5,3,5,5,5,2,5,4,5
113426,2,0,2,4,5,2,5,5,2,2,3,4,5
24248,5,4,5,3,3,5,3,3,2,3,4,4,3
71397,5,5,5,5,4,5,4,4,4,4,4,5,5
102509,2,4,0,4,3,0,3,3,5,5,5,5,3
53631,3,2,3,4,5,3,5,5,4,3,4,1,5
51658,1,0,0,3,1,0,1,1,2,2,3,3,1
32650,3,4,4,4,1,3,3,3,3,3,3,3,2
113923,2,5,2,2,5,2,5,5,4,2,4,3,5
107397,3,3,3,3,3,4,5,5,5,5,5,3,4
72719,3,3,3,3,5,4,4,3,3,4,3,4,4
84863,5,5,5,5,4,4,4,4,2,3,5,4,4
97668,3,2,3,3,2,3,2,2,4,3,4,1,2
62372,4,4,1,4,2,4,5,4,4,4,4,4,5
12483,4,3,0,4,3,0,4,3,3,4,3,4,3
32363,3,0,3,1,4,3,4,4,4,2,5,1,4
110358,1,1,1,1,5,5,4,5,5,5,5,3,3
82644,1,5,5,5,1,2,1,1,3,2,3,4,1
60607,1,0,0,3,5,0,5,5,3,2,4,3,5
60940,5,5,5,1,5,1,1,5,3,5,4,1,1
78296,3,4,3,4,1,3,1,1,3,2,4,4,1
87608,1,0,0,3,2,0,2,2,4,3,4,3,2
41093,0,0,0,4,4,4,4,4,1,2,2,3,4
38512,5,1,1,1,5,5,5,5,1,1,5,5,5
70671,1,1,1,1,5,4,4,4,4,4,4,4,5
7607,5,2,5,3,1,5,1,1,3,5,5,5,1
52463,2,2,2,3,3,2,3,3,2,2,4,4,3
123662,1,2,4,4,1,1,1,1,3,3,4,2,1
81533,2,4,4,4,2,3,4,2,2,1,2,1,3
55798,2,2,2,2,2,5,5,4,4,4,4,3,4
39628,2,5,1,3,4,5,5,5,5,1,5,3,4
73874,3,3,3,3,3,3,3,4,3,5,5,3,3
38984,5,5,5,2,1,5,1,1,2,4,1,3,1
8780,2,2,2,2,3,5,5,4,4,4,4,3,3
26448,1,1,1,1,4,2,2,2,2,2,2,5,3
24685,5,5,3,5,4,4,4,4,3,5,1,4,4
101131,5,3,3,3,5,2,2,5,5,4,5,3,3
36933,2,5,5,5,2,2,2,2,1,1,4,4,2
42523,4,4,4,4,4,4,4,4,4,4,4,4,4
32519,5,5,5,5,4,1,2,5,5,5,4,2,4
96980,3,3,3,3,5,5,5,5,3,3,5,4,5
117248,2,4,2,1,5,2,5,5,4,5,4,3,5
56378,2,2,2,2,5,5,5,5,5,5,5,3,4
81840,1,5,1,1,2,1,2,2,5,5,4,4,2
29716,2,3,2,3,4,2,4,4,5,2,3,5,4
27195,2,2,2,2,1,4,4,4,4,4,4,4,4
54205,5,4,4,4,5,4,3,5,3,5,1,2,5
86580,2,3,5,5,2,2,2,2,3,2,3,3,2
40588,4,0,4,5,5,4,5,5,4,3,2,1,5
75407,1,1,2,1,2,3,4,4,4,4,4,3,5
19013,3,3,3,4,1,3,1,1,2,1,1,5,1
62545,5,5,5,5,4,3,4,5,5,5,5,5,5
115552,1,4,4,4,1,1,1,1,2,5,3,2,1
102584,5,2,5,5,5,5,2,5,4,4,4,5,5
101765,3,5,3,3,2,3,2,2,5,3,5,3,2
71023,4,4,4,4,3,5,5,5,5,5,5,5,3
110616,1,1,1,1,4,4,4,4,5,2,4,5,4
101044,5,5,5,5,3,5,4,5,5,5,5,3,4
60214,4,5,5,1,4,4,4,3,3,5,5,4,4
67647,2,2,2,4,1,2,1,1,2,5,4,2,1
88088,3,3,3,3,4,5,4,4,4,4,4,4,4
95017,3,2,3,2,5,3,5,5,4,5,3,3,5
83047,1,2,2,2,3,2,2,1,1,1,1,3,1
76428,2,2,2,2,3,2,3,3,3,3,3,2,3
44301,1,2,1,2,5,3,4,1,1,1,1,4,2
58719,0,0,0,2,1,0,3,1,3,3,5,3,1
78274,4,4,4,4,3,3,4,3,3,4,3,5,4
122600,5,5,5,5,3,3,3,3,5,5,5,3,3
6746,1,1,1,1,5,5,5,4,4,4,4,3,5
111741,5,5,5,5,4,4,5,4,4,4,4,5,5
38529,1,5,5,5,4,2,4,1,1,1,1,3,1
24482,3,1,3,3,2,3,3,2,3,1,2,2,2
51787,3,4,3,1,4,3,4,4,5,5,4,4,4
15798,2,4,2,2,5,5,5,5,5,2,3,3,5
28332,4,3,5,3,2,3,5,4,4,4,4,3,3
71860,3,3,4,3,3,3,3,3,4,5,3,4,3
11020,4,2,2,2,4,4,4,4,4,2,4,3,4
115656,5,5,5,5,4,5,5,1,5,3,4,5,5
66275,2,3,3,3,2,2,2,2,4,3,4,4,2
102476,2,3,2,3,2,4,3,3,3,2,3,2,2
64431,0,4,0,2,1,0,1,1,3,5,4,4,1
80475,4,4,4,5,3,4,4,3,3,4,3,4,3
24855,5,4,4,4,5,5,5,5,1,4,4,4,5
69943,3,3,1,3,5,5,5,5,4,3,4,3,5
67289,4,3,3,3,4,4,4,4,4,2,3,4,4
5079,4,3,5,4,4,5,4,4,1,1,3,1,4
34553,1,1,1,1,2,5,5,3,3,3,3,2,3
98370,2,5,2,3,5,2,5,5,4,5,4,5,5
82226,5,5,5,5,2,4,4,4,4,4,4,4,5
117205,4,4,4,3,2,4,2,2,1,2,3,1,2
16933,2,1,1,1,2,4,4,1,1,2,1,1,4
72005,1,1,2,1,4,4,5,3,3,4,3,4,4
121749,3,3,5,3,2,5,5,3,3,4,3,3,5
45528,4,1,1,1,4,4,4,5,3,1,4,4,4
13030,5,4,5,3,4,5,4,4,1,5,3,1,4
12640,4,3,3,5,2,3,2,2,3,1,2,2,2
79567,4,1,1,1,4,4,4,3,3,4,3,4,4
68132,0,3,0,3,4,2,3,1,1,0,1,3,2
93479,3,3,3,3,5,4,4,4,4,4,4,3,3
66652,4,4,4,4,5,5,5,5,5,5,5,4,4
118755,1,5,2,2,2,5,4,3,3,2,3,3,4
79212,4,2,4,3,3,4,3,3,4,1,3,2,3
85474,3,2,3,3,2,3,2,2,1,1,3,2,2
110671,3,3,3,2,1,3,1,1,5,2,4,3,1
5481,1,4,1,4,1,1,1,1,2,1,4,2,1
88425,3,3,3,3,1,3,1,1,3,4,4,3,1
86314,3,4,4,4,3,3,3,3,1,1,3,2,3
127272,2,1,1,1,2,3,4,2,2,2,2,1,2
21830,1,3,1,3,5,1,5,5,1,5,3,3,5
86506,1,3,2,3,4,2,4,4,1,4,4,5,4
124486,1,1,1,1,5,2,3,1,1,1,1,4,1
124712,1,5,3,2,4,3,4,4,5,4,5,3,4
47461,2,4,4,5,4,4,4,4,5,4,4,4,4
45502,5,2,2,2,5,5,5,5,3,1,3,1,5
65332,4,4,4,4,2,5,4,5,5,5,5,4,5
13882,1,1,1,1,3,5,5,3,3,4,3,2,5
126282,1,5,5,1,5,5,5,5,3,5,5,1,5
115455,3,0,3,3,3,3,3,3,4,1,4,3,3
114529,3,5,3,1,1,1,3,4,4,3,4,3,3
3739,2,3,2,3,1,2,1,1,4,3,3,4,1
32909,1,5,0,1,2,0,2,2,5,2,5,5,2
61043,4,4,4,4,4,4,4,4,4,3,5,5,4
12169,1,5,5,5,1,1,1,1,3,2,3,3,1
89166,3,4,3,1,3,3,3,3,4,4,5,4,3
100413,3,5,5,5,3,3,3,3,4,2,3,3,3
41484,2,2,2,2,4,2,3,5,5,5,5,4,4
81101,1,1,1,1,5,4,4,4,4,5,4,4,4
67598,2,2,2,5,5,2,2,5,5,5,4,4,5
65728,3,3,3,3,2,2,2,2,4,2,4,4,2
107748,4,1,4,3,4,4,4,3,5,3,2,4,4
111504,2,5,5,5,4,3,4,2,2,3,2,4,4
91810,2,4,3,3,5,3,5,5,4,5,4,4,5
113488,3,4,4,4,3,3,3,3,3,5,4,2,3
93322,5,1,5,5,2,5,5,4,4,4,4,5,5
6086,3,3,3,4,3,4,4,1,1,3,3,4,4
72188,3,2,3,3,3,5,4,4,4,4,4,3,3
63450,1,4,1,3,2,5,4,4,4,1,2,4,4
103720,5,5,5,3,4,5,4,4,4,5,4,5,4
16786,4,5,5,5,4,3,5,4,4,4,4,2,4
61434,1,1,1,1,4,1,4,4,4,5,3,4,4
57913,2,5,2,1,4,2,4,4,5,3,4,3,4
12976,1,3,1,5,5,1,5,5,2,1,4,1,5
57211,1,3,4,3,1,3,4,1,1,1,1,2,4
86464,2,2,2,1,1,2,1,1,3,4,4,1,1
74008,1,1,1,1,2,5,5,5,5,5,5,4,3
126666,5,5,5,5,4,5,4,4,4,4,4,5,5
99974,1,3,3,3,2,3,4,1,1,1,1,1,1
72819,2,3,2,2,3,2,3,3,2,2,4,1,3
54850,4,1,1,1,1,4,4,4,4,4,4,4,3
120250,0,1,0,3,4,0,4,4,2,4,2,4,4
14211,4,5,4,2,1,4,1,1,5,5,3,1,1
118157,2,2,4,2,3,5,5,5,5,4,5,4,4
45430,2,2,2,2,2,2,2,2,2,3,4,3,2
108321,2,2,2,3,5,2,5,5,2,3,3,2,5
47548,0,0,0,1,4,0,5,4,3,3,1,1,4
47641,4,4,4,3,5,4,3,5,4,5,3,2,5
57010,4,4,4,4,5,4,3,4,4,4,4,4,4
66064,1,5,1,5,2,1,2,2,3,3,4,3,2
60200,4,4,4,4,3,4,3,3,3,5,3,5,3
118582,1,4,1,3,4,1,4,4,3,3,4,3,4
20773,3,0,3,5,1,3,1,1,2,5,5,3,1
85150,2,2,2,3,5,2,5,5,4,4,3,1,5
120317,3,3,3,3,3,3,3,3,2,3,4,2,3
25833,4,5,5,5,4,4,4,4,2,5,1,4,4
79743,1,3,3,3,1,1,1,1,4,5,4,4,1
66556,1,0,1,2,4,1,4,4,4,3,4,4,4
19072,3,1,1,1,3,3,3,3,1,1,3,4,3
73705,3,1,3,2,2,3,2,2,3,5,1,2,2
66129,4,5,3,5,2,3,2,2,3,4,4,5,2
34882,5,4,4,4,5,3,5,5,2,5,4,5,5
10615,5,1,5,5,4,4,4,5,5,5,5,3,4
4781,2,5,5,5,4,2,2,2,2,1,2,1,2
38839,2,0,2,4,4,2,4,4,3,2,2,5,4
21205,5,2,2,2,5,5,5,5,4,3,3,3,5
45229,4,2,2,2,4,4,4,4,1,2,3,2,4
11863,2,5,3,5,2,2,2,2,3,4,4,2,2
81472,1,4,4,4,2,3,3,1,1,1,1,1,2
95754,4,4,4,4,5,5,4,5,5,5,5,4,5
50209,4,5,5,5,5,4,5,5,1,3,2,3,5
6032,4,1,4,1,4,4,4,4,4,4,4,2,4
7297,2,3,2,3,3,2,3,3,4,5,3,2,3
10648,2,2,2,2,3,5,5,5,5,5,5,4,3
67336,2,2,2,2,5,5,5,4,4,4,4,4,3
61823,3,5,3,3,4,3,4,4,4,2,5,3,4
42715,2,2,2,2,3,4,5,4,4,4,4,3,5
73171,3,5,3,1,1,3,1,1,4,2,5,3,1
64833,3,3,3,3,2,4,5,4,4,4,4,5,3
126389,2,5,2,4,1,2,1,1,4,2,4,2,1
12779,0,1,0,2,2,0,2,2,4,2,4,4,2
97787,5,5,5,5,4,4,5,3,3,3,3,5,5
50955,2,2,2,3,1,2,1,1,3,1,4,2,1
62115,5,5,5,5,5,4,5,5,5,5,5,4,4
57416,4,4,4,4,2,4,4,2,4,2,5,4,2
23997,4,3,3,3,4,4,4,4,4,1,3,4,4
99760,3,4,3,3,4,3,4,4,4,3,3,4,4
84551,3,2,3,3,4,4,4,5,5,3,5,1,2
13844,2,4,2,2,2,4,3,2,3,1,5,3,3
128640,3,5,3,1,4,3,4,4,4,3,4,3,4
91617,2,2,2,2,5,5,5,5,5,4,4,3,5
21220,2,4,2,1,1,2,1,1,4,3,5,4,1
74225,0,1,0,2,3,0,5,3,1,1,1,3,3
50272,0,5,0,2,1,1,1,1,3,1,3,2,1
113042,1,1,3,1,4,5,4,4,4,4,4,4,5
120799,5,5,5,5,2,5,4,5,5,5,5,5,3
19631,3,1,1,1,3,3,3,3,1,1,3,3,3
30888,1,1,1,3,5,1,2,5,2,1,3,2,5
52502,5,5,5,5,2,5,5,4,4,4,5,5,4
54935,2,2,2,2,2,2,2,2,2,4,4,3,2
102418,2,3,2,5,5,2,5,5,3,3,1,2,5
118640,2,4,4,4,2,2,1,2,3,3,4,1,2
117340,4,4,4,4,5,4,5,5,5,4,4,3,5
41680,0,3,0,3,5,0,5,5,3,3,4,4,5
62216,3,4,3,3,1,3,1,1,2,3,4,3,1
115909,2,3,2,4,2,2,2,2,3,1,4,5,2
24569,3,4,3,2,1,3,1,1,4,2,5,3,1
27042,2,2,2,2,2,5,4,5,5,5,5,5,4
19494,4,5,5,5,4,5,4,4,4,4,4,5,5
125148,5,5,1,5,2,5,5,5,5,5,5,4,5
12180,5,0,5,2,5,5,5,5,1,2,2,1,5
99433,1,3,2,4,5,2,5,5,1,1,5,1,5
118189,1,5,5,5,1,1,1,1,3,2,3,3,1
95498,2,2,2,2,5,4,4,2,2,2,2,1,4
75514,4,4,4,2,2,4,2,2,4,2,5,3,2
72981,2,2,2,2,5,5,5,5,5,4,5,3,5
13066,3,5,5,5,3,3,3,3,3,4,3,2,3
3043,1,1,1,1,4,4,4,4,4,2,5,3,4
56435,3,2,2,3,4,2,2,4,4,4,3,4,4
69162,2,1,1,1,2,3,2,2,2,2,4,4,2
98084,1,2,1,1,4,4,5,4,4,4,4,3,3
70286,4,5,5,5,4,3,3,4,4,4,4,3,1
22618,2,4,2,1,2,2,2,2,5,5,5,5,2
19935,1,1,1,3,5,3,3,4,4,1,4,2,2
92261,3,5,4,1,1,4,1,1,2,2,2,4,1
57941,1,2,2,3,2,2,5,2,1,1,4,1,2
13534,5,5,5,5,4,5,5,5,5,5,4,1,1
55098,2,2,2,2,2,1,4,4,4,4,4,3,1
41554,2,2,2,3,4,2,4,4,3,2,4,4,4
82585,2,2,2,2,4,4,5,4,4,4,4,4,5
21642,3,4,4,4,1,4,3,5,5,4,5,1,2
93728,3,4,3,3,5,3,4,5,3,2,4,5,5
103463,1,4,2,1,3,5,5,1,1,2,5,3,4
9487,5,0,5,5,5,5,5,5,4,5,5,4,5
39677,2,3,2,3,2,2,2,2,1,4,3,4,2
110454,2,2,2,3,1,2,1,1,1,2,3,1,1
65541,2,2,2,2,5,5,4,5,5,5,4,4,3
72929,1,1,4,1,5,5,5,5,5,5,5,4,3
56882,4,4,4,4,5,5,5,5,4,4,4,5,5
109948,4,5,4,1,5,4,5,5,3,2,4,3,5
6636,4,4,4,1,1,4,1,1,3,4,5,4,1
91171,1,4,1,2,1,1,1,1,5,4,2,3,1
88966,2,4,4,4,5,3,4,2,2,2,2,3,4
23609,2,5,2,2,5,4,5,3,3,2,3,5,4
115057,2,1,2,4,2,2,2,2,1,5,4,3,2
33359,5,4,4,4,5,4,5,5,5,5,5,4,4
111935,1,1,1,3,2,1,2,2,5,5,4,5,2
119401,4,4,3,4,5,4,4,5,5,5,5,4,4
120798,5,5,5,5,2,4,5,3,3,3,3,5,5
72214,5,5,5,2,2,5,2,2,3,5,5,5,2
115711,2,2,2,4,4,2,4,4,5,5,5,3,4
26739,2,0,0,3,4,0,2,4,5,3,4,4,4
115303,3,2,2,2,3,3,3,3,2,3,3,1,3
15776,2,5,2,4,2,2,2,2,5,4,5,3,2
40515,4,3,5,3,4,5,4,4,4,2,2,2,4
44299,3,5,5,5,2,3,3,4,2,3,3,3,3
54515,4,2,2,2,4,4,4,4,5,3,1,1,4
121041,2,5,2,4,5,2,5,5,5,4,5,4,5
113576,4,0,4,4,4,4,4,4,2,5,2,2,4
70991,4,4,4,3,2,4,5,2,4,4,3,2,2
121272,2,2,2,4,1,2,1,1,4,3,4,5,1
96204,3,2,2,2,4,4,4,3,3,3,3,3,1
39797,2,2,2,2,5,4,4,5,5,5,5,3,5
63918,5,5,5,5,3,3,3,3,3,1,1,3,3
69360,3,4,4,4,5,4,1,5,5,4,4,3,5
96503,4,4,4,4,4,4,4,4,3,3,3,1,4
113487,4,4,4,4,3,5,4,5,5,5,5,3,4
36309,4,4,5,5,5,3,4,4,4,4,4,4,2
129368,4,4,4,4,2,5,4,4,4,4,4,4,3
99306,5,5,5,5,5,5,5,5,5,5,5,3,4
74925,3,3,3,3,4,3,4,4,4,2,4,2,4
9673,1,2,1,3,4,1,2,4,4,5,3,4,4
85347,5,5,4,5,2,4,5,2,2,2,2,4,3
107344,4,5,3,4,3,3,4,3,4,4,5,4,3
40310,2,4,2,4,1,2,1,1,3,3,4,3,1
62129,3,3,3,3,4,4,4,5,5,5,5,5,5
96041,3,3,3,3,2,3,2,2,4,1,3,3,2
50964,1,2,1,3,3,1,3,3,3,3,4,2,3
48000,5,1,1,1,5,5,5,5,1,1,5,4,5
119344,3,1,3,3,2,5,5,4,4,4,4,5,4
38188,1,5,2,1,5,2,5,5,4,2,4,3,5
89813,3,4,3,3,4,3,4,4,4,5,4,3,4
2961,3,5,4,5,5,4,4,3,3,4,3,4,5
70438,0,5,0,3,5,4,5,1,1,1,1,5,5
66600,2,2,2,2,3,2,3,3,4,5,4,4,3
28846,5,2,2,2,5,5,5,5,1,5,4,1,5
90323,5,5,5,1,4,5,4,4,3,4,4,3,4
20361,3,3,3,3,3,3,3,3,2,3,4,1,3
63875,2,2,2,2,4,4,5,4,4,4,4,3,4
6300,0,0,0,2,4,5,5,1,1,1,1,5,4
119666,3,5,3,5,5,3,3,5,3,4,4,5,5
3503,1,4,1,4,1,3,3,3,5,5,5,3,3
44225,4,3,5,3,3,4,3,3,2,2,5,5,3
83284,3,5,3,2,3,3,3,3,3,2,3,5,3
1437,4,1,4,2,1,1,2,2,2,4,2,2,3
68031,1,1,1,1,4,4,4,4,5,3,4,5,4
74767,2,5,2,4,4,5,4,4,4,2,4,5,3
10354,4,4,4,4,3,5,5,5,5,5,5,3,5
81193,2,5,5,5,2,4,3,2,2,2,2,2,1
85547,1,1,1,1,3,5,5,4,4,4,4,5,4
85927,1,0,1,4,4,1,4,4,5,4,4,4,4
75800,1,4,1,3,2,1,3,2,4,1,4,2,2
44533,3,0,3,3,1,3,1,1,3,2,1,1,1
128129,2,4,2,3,4,4,3,1,1,2,1,2,3
119512,3,4,4,4,3,3,3,3,3,3,3,3,3
56239,2,1,2,2,4,2,5,4,1,5,1,4,4
129329,1,0,0,4,1,2,4,2,2,0,2,3,2
3486,4,4,4,4,2,5,5,4,4,4,4,4,4
59974,3,5,5,5,3,5,3,3,5,1,5,1,3
84205,1,1,1,1,5,4,5,3,3,4,3,4,4
69304,3,3,3,3,3,4,4,5,5,5,5,3,4
72014,3,3,3,3,3,1,1,3,5,4,4,1,1
103528,3,3,3,3,5,5,4,5,5,4,5,3,4
17853,5,2,2,2,5,4,5,5,5,1,2,4,5
17141,3,2,3,4,2,3,2,2,3,1,3,2,2
71843,4,4,4,3,2,4,2,2,4,4,3,4,2
70698,5,3,5,1,5,5,3,5,3,5,2,5,5
30920,4,5,5,4,5,4,4,5,5,4,5,5,4
2538,4,0,4,5,5,4,5,5,4,5,4,4,5
41540,2,2,2,2,3,3,1,4,4,4,4,1,1
63695,1,0,0,3,1,4,4,3,3,1,1,3,4
52844,3,5,3,4,3,3,3,3,4,2,5,4,3
97648,5,1,5,5,5,5,5,5,3,4,4,5,5
76936,3,4,3,4,3,5,5,3,4,3,5,5,5
76978,1,2,1,4,2,1,2,2,2,2,3,3,2
15030,4,4,4,4,1,3,3,4,4,4,4,5,1
45841,4,5,2,3,3,2,5,3,3,4,4,4,3
33360,4,4,4,4,5,5,5,5,2,1,4,1,5
114806,1,1,1,1,5,5,5,4,4,4,4,5,4
80686,1,1,1,1,5,4,5,5,5,5,5,4,4
3385,1,1,4,1,4,4,5,4,4,4,4,3,5
106788,2,5,2,1,1,5,5,3,3,2,4,4,1
14595,3,2,3,3,3,2,4,2,5,3,4,4,4
57915,4,2,4,3,2,4,2,2,2,3,4,4,2
107591,0,0,0,4,3,0,4,3,4,5,5,5,3
67454,1,5,1,2,2,1,2,2,3,4,4,5,2
77099,3,3,3,3,2,4,4,5,5,5,5,4,5
51920,4,4,1,4,4,4,5,4,5,5,3,5,4
46878,3,3,3,3,2,2,2,4,4,4,4,4,5
116006,5,5,5,2,5,5,5,5,5,5,5,4,5
47374,2,5,2,5,3,3,3,2,2,2,2,3,3
33482,3,1,2,4,2,2,2,2,3,3,4,1,2
117965,4,3,0,4,1,0,1,1,1,1,2,5,1
78555,1,4,4,4,1,1,1,1,4,4,2,3,1
96422,0,5,5,5,0,1,4,0,2,1,4,1,0
32791,2,2,2,2,5,3,4,4,4,4,5,1,3
22092,3,2,1,2,4,2,3,3,3,2,3,3,2
79855,3,3,3,3,5,5,4,4,4,4,4,4,4
78615,1,1,1,1,3,4,4,4,4,4,4,5,5
23375,2,2,1,4,3,1,3,3,1,4,2,4,3
114144,3,3,3,3,2,4,5,5,5,5,5,3,5
96219,3,1,3,2,2,3,2,2,4,5,2,4,2
62071,4,0,4,2,2,4,2,2,4,3,5,3,2
45336,4,2,4,1,4,4,4,4,3,1,1,2,4
78178,1,1,1,1,3,5,4,5,5,5,5,4,4
51532,5,5,5,5,2,1,1,4,4,4,4,5,5
94356,0,0,0,3,4,4,4,3,3,3,3,3,5
51528,3,1,1,1,3,4,3,3,3,3,3,2,1
56787,1,1,1,1,5,4,5,5,5,5,5,4,5
13333,1,1,1,1,4,4,4,4,3,3,3,1,4
74596,1,1,1,1,5,4,5,4,4,4,4,5,4
104647,5,3,3,3,3,3,3,5,5,4,5,1,3
115671,5,5,5,5,2,4,4,4,4,5,4,5,3
7178,2,4,4,4,2,2,2,2,4,4,3,3,2
69218,2,2,2,2,4,4,4,5,5,5,5,5,3
112941,3,4,3,3,2,3,2,2,2,4,3,3,2
59286,1,4,1,2,1,3,3,5,2,4,5,3,3
119957,3,3,3,3,1,3,1,1,4,1,4,1,1
124223,2,2,2,2,2,3,2,2,2,2,2,3,1
71693,2,4,2,2,5,5,5,1,1,2,1,5,4
3762,1,1,1,1,2,4,5,3,3,3,3,4,4
29818,4,4,5,4,4,4,4,4,4,4,4,3,4
15198,2,2,2,4,2,3,3,3,4,4,3,3,3
107150,1,3,2,2,1,1,1,1,4,2,4,2,1
78242,1,5,4,5,3,4,4,1,1,1,1,1,4
65290,2,1,2,3,1,2,1,1,4,3,4,2,1
124917,1,1,1,4,5,1,5,5,4,1,3,4,5
40777,2,3,2,3,4,2,4,4,1,3,2,2,4
83403,4,4,4,4,5,5,5,5,4,3,5,3,5
63263,3,1,3,3,3,3,3,3,1,4,3,4,3
47801,5,5,5,5,5,5,5,5,5,5,4,4,5
117405,4,4,4,4,4,4,4,4,4,5,4,5,4
108364,0,3,0,4,5,4,1,5,5,0,5,5,3
29347,4,1,1,1,4,4,4,4,1,5,4,2,4
61741,2,2,2,2,4,3,4,2,2,2,2,4,2
108194,2,2,2,3,2,5,5,2,3,3,4,5,5
99096,3,3,3,3,2,2,3,2,2,4,3,1,2
115403,2,2,2,2,2,4,3,2,2,2,2,3,3
102380,3,2,3,3,4,3,4,4,3,4,3,1,4
87817,4,3,3,3,4,4,4,4,4,4,4,3,2
34848,2,1,2,3,5,2,5,5,4,2,3,3,5
46157,4,3,4,4,2,4,2,2,1,2,4,2,2
97913,5,5,5,1,3,5,3,3,3,3,5,3,3
9077,0,5,0,4,2,0,2,2,4,3,4,5,2
2400,2,2,4,4,2,2,2,2,2,1,4,2,2
40373,4,4,4,4,4,1,3,5,5,5,5,4,4
26860,4,4,4,3,5,4,5,5,2,4,2,4,5
8227,2,4,2,2,2,5,4,2,2,2,2,4,5
57491,5,5,5,5,4,5,4,5,5,5,5,4,5
44462,5,5,2,5,5,5,5,5,2,2,3,3,5
1125,3,4,3,1,2,3,2,2,4,4,5,3,2
95021,5,5,5,2,1,5,1,1,5,5,5,5,1
103621,4,4,5,4,3,4,5,4,4,4,4,4,3
63870,4,4,4,1,1,4,5,1,3,5,4,4,1
51177,3,3,2,3,3,3,3,3,4,1,4,3,3
68437,5,1,1,1,4,2,5,5,5,5,5,5,3
16776,4,5,4,4,4,4,4,3,4,4,5,4,4
48217,3,3,3,5,5,4,5,4,4,3,1,1,1
31828,3,4,4,5,3,2,2,5,2,4,5,2,2
98517,5,1,1,1,1,4,5,5,5,5,5,2,2
100387,3,5,3,3,3,5,3,5,5,3,5,4,3
14061,3,3,3,3,4,1,1,5,5,5,5,5,1
122682,3,1,3,3,1,3,2,1,3,5,4,4,1
1803,4,4,4,4,3,5,4,4,4,4,4,3,5
63816,3,4,2,4,4,2,2,3,3,3,3,1,3
97289,4,4,5,4,5,5,5,4,4,4,4,3,5
89810,5,5,5,5,5,5,5,5,3,5,5,3,5
33924,2,3,3,3,2,2,2,2,4,1,4,4,2
11292,1,5,1,1,1,1,1,1,1,4,1,5,1
19490,3,3,3,4,2,3,2,2,2,2,3,2,2
69721,3,5,3,2,3,3,3,3,4,3,4,4,3
91214,2,4,2,5,4,2,4,4,3,2,4,4,4
66386,4,4,5,4,4,4,4,4,3,2,4,5,4
79904,5,5,5,5,5,5,4,3,3,3,3,3,3
121979,3,2,4,2,1,3,4,4,4,4,3,4,1
7291,3,0,3,3,3,1,1,4,5,5,5,1,1
84175,3,4,4,4,2,2,1,3,3,3,3,4,4
90871,3,3,3,3,4,3,4,4,3,2,4,1,4
46941,1,4,1,2,3,1,3,3,3,4,4,5,3
55293,5,4,5,1,3,5,3,3,3,4,4,5,3
18479,4,4,4,4,5,1,5,4,4,4,4,5,3
9340,1,1,1,1,5,5,5,4,4,4,4,3,3
21349,2,2,2,2,5,2,5,5,4,2,2,1,5
91831,5,5,5,5,4,5,5,4,4,4,4,4,4
1655,5,5,5,5,3,5,3,3,3,4,5,3,3
79598,5,5,5,5,4,5,4,5,5,4,5,5,4
5508,5,5,5,5,5,4,4,4,4,4,4,5,4
120593,3,5,3,3,3,4,5,1,1,3,1,3,4
98692,3,4,4,2,4,4,2,4,5,5,5,3,4
15391,3,0,3,3,2,3,1,2,4,3,2,2,2
50521,3,4,3,3,3,3,3,3,1,5,2,5,3
81809,3,3,3,2,1,3,1,1,1,4,2,3,1
3322,5,5,5,5,5,4,4,4,4,4,4,5,5
57973,3,5,5,5,4,3,2,3,3,3,3,1,1
1885,2,5,2,3,5,2,5,5,4,5,5,4,5
13029,3,5,3,3,3,3,3,3,5,2,5,3,3
38714,4,4,4,3,4,4,5,4,4,2,4,2,4
118772,3,1,3,3,3,3,3,3,4,3,2,1,3
34810,3,5,3,5,2,4,4,2,2,3,1,3,4
45006,0,0,0,3,1,0,1,1,5,4,5,2,1
75933,1,1,1,2,3,1,3,3,4,3,4,4,3
22017,4,2,4,2,4,4,4,4,3,5,1,4,4
53000,5,2,2,2,5,5,5,5,1,1,3,1,5
111795,3,3,3,4,5,3,5,5,3,4,4,5,5
43282,2,2,2,3,3,2,3,3,1,4,3,4,3
20063,1,5,1,4,5,1,5,5,5,3,5,3,5
3769,1,1,1,1,4,4,4,4,4,4,4,5,5
39002,1,1,1,1,1,1,4,1,2,2,3,1,1
97675,4,0,4,2,2,4,2,2,4,5,3,1,2
68226,2,3,5,3,2,2,2,2,4,4,3,4,2
84027,3,2,2,2,3,3,2,3,2,1,4,1,3
119889,2,4,2,3,5,2,5,5,4,4,4,3,5
3984,1,1,1,1,3,4,5,2,2,2,2,5,3
65538,0,0,0,5,5,4,5,3,3,3,3,3,4
874,0,0,0,3,3,0,3,3,3,3,5,4,3
126473,2,2,2,5,5,2,5,5,5,4,4,5,5
109582,1,4,1,3,5,1,2,5,3,5,5,4,5
60477,4,4,4,4,4,4,4,4,3,5,5,5,4
92280,1,5,1,2,3,1,2,3,4,5,5,5,3
95120,2,2,3,4,3,3,3,3,4,4,4,4,3
50243,2,3,3,3,2,2,2,2,3,3,5,2,2
7015,1,4,1,2,5,4,5,1,1,1,1,3,5
105875,2,5,5,5,5,3,4,2,2,2,2,2,2
52388,3,4,3,3,4,3,3,4,1,5,2,3,4
74318,2,2,2,3,2,2,2,2,4,3,4,3,2
58740,4,4,4,3,3,4,1,3,3,5,5,4,3
65826,2,1,1,1,5,3,3,2,2,2,2,1,3
66878,3,3,3,3,4,4,5,5,5,5,5,3,4
63712,1,1,1,1,1,1,1,1,5,4,3,5,1
62965,3,3,3,5,5,3,5,5,4,3,4,3,5
74806,3,1,1,1,3,3,3,3,2,3,3,1,3
4564,1,2,1,3,4,3,3,4,4,1,1,1,3
70909,1,4,1,3,3,3,1,3,3,1,3,3,2
80230,2,2,2,2,5,5,5,4,3,5,5,5,5
96393,2,2,2,2,5,2,5,5,1,2,2,1,5
19882,5,5,5,5,1,5,4,5,5,5,5,2,5
15495,2,4,2,4,1,2,1,1,2,1,3,2,1
48077,4,4,4,4,5,4,5,5,4,5,3,4,5
45108,0,5,0,4,5,3,2,2,2,2,2,2,5
72613,3,5,3,3,4,3,4,4,5,3,4,3,4
4378,3,1,1,1,5,3,2,3,3,3,3,2,3
71904,1,5,1,2,2,1,2,2,4,1,4,1,2
120182,4,4,4,4,2,5,4,5,5,5,5,5,4
129176,1,3,1,2,5,1,5,5,1,4,4,4,5
87025,3,3,4,2,2,4,2,2,1,1,3,5,2
67767,1,1,1,1,5,5,5,5,3,3,5,4,5
93506,2,3,3,3,2,4,4,3,3,3,3,3,4
45532,3,3,3,3,4,4,4,4,1,3,5,5,4
94725,4,2,4,2,1,4,1,1,1,1,2,2,1
60453,4,4,4,5,1,4,1,1,5,3,4,4,1
123213,3,5,4,5,4,4,4,4,3,4,5,4,4
39629,2,4,2,1,3,2,5,4,4,2,5,5,3
111498,2,2,3,2,4,4,5,4,4,4,4,3,3
40558,4,3,4,4,2,4,2,2,5,2,4,5,2
13641,4,4,4,4,5,4,5,5,4,5,4,4,5
63665,5,5,2,5,4,3,5,4,4,4,4,3,4
85400,5,5,5,4,3,5,3,3,3,2,4,4,3
106911,5,5,5,5,4,4,4,4,5,4,4,4,4
19071,1,2,2,2,1,1,1,1,4,2,1,3,1
39593,4,4,4,5,2,4,2,2,1,3,3,4,2
85882,4,4,4,3,1,4,1,1,1,5,4,3,1
112373,2,2,2,2,2,4,5,4,4,4,4,5,4
117212,2,1,2,3,1,2,1,1,2,2,3,2,1
30764,2,4,2,3,4,5,5,3,3,2,3,5,4
106075,5,5,5,5,4,4,5,5,5,5,5,4,4
47625,5,5,5,5,3,5,4,3,3,4,3,3,5
101453,3,3,3,3,2,5,5,5,5,5,5,3,4
78838,1,2,1,2,3,1,3,3,4,3,1,3,3
20159,2,4,4,4,2,2,2,1,4,3,4,2,2
76907,1,4,1,3,5,1,5,5,2,4,3,3,5
95269,1,1,3,1,3,3,3,3,1,5,2,2,3
123753,1,1,1,1,5,4,4,4,4,4,4,5,4
7233,3,0,2,1,1,2,1,1,5,1,3,3,1
48791,3,3,3,4,4,3,5,4,4,3,3,1,4
27624,1,1,1,3,3,1,3,3,3,3,4,1,3
46999,1,4,4,4,3,4,4,1,1,1,1,1,3
30194,0,0,0,1,1,0,1,1,5,4,2,5,1
8650,2,1,1,4,4,1,3,4,2,1,4,2,4
82009,4,1,1,1,4,4,4,4,5,4,4,2,4
48833,1,4,0,3,0,1,1,3,2,4,3,1,1
86988,2,1,1,3,3,1,3,3,4,1,4,3,3
127705,2,2,2,2,3,5,4,5,5,5,5,3,3
30151,3,4,3,5,5,5,5,4,4,3,4,5,4
80600,1,0,1,3,4,1,4,4,1,5,2,4,4
117513,2,3,3,3,2,2,2,2,2,2,4,1,2
39919,3,3,3,4,1,3,1,1,2,1,2,4,1
59264,1,1,1,1,4,4,4,4,4,3,4,4,4
5555,3,3,3,3,5,4,5,5,5,5,5,5,4
42648,1,3,3,1,4,3,4,4,3,1,3,3,4
40617,4,5,4,5,1,4,1,1,5,5,5,5,1
117213,3,5,3,4,2,3,2,2,2,4,5,5,2
34692,0,1,1,4,4,5,2,2,2,2,2,3,1
127125,3,1,3,4,3,3,5,3,3,1,3,2,3
108128,2,2,2,2,3,5,5,4,4,4,4,3,3
9507,2,3,2,1,3,2,3,3,5,2,3,2,3
52173,2,2,2,2,3,3,3,4,4,4,4,2,1
88503,3,4,4,4,3,4,3,3,5,3,2,5,3
43745,1,1,1,3,1,1,1,1,4,4,3,2,1
35535,3,5,2,2,5,2,5,5,4,1,5,3,5
39978,4,5,5,5,4,4,4,4,2,2,4,4,4
100014,3,3,3,3,4,4,4,5,5,5,5,3,3
5399,2,4,1,3,3,5,4,5,5,1,5,3,4
67983,3,3,3,3,2,3,2,2,2,5,2,3,2
23890,4,5,5,5,3,4,3,3,4,1,4,5,3
102229,2,3,3,3,3,2,3,2,2,2,2,3,3
13024,3,5,3,3,2,3,2,2,4,4,5,5,2
15456,3,3,2,3,4,2,3,5,5,5,4,3,1
75490,2,5,3,5,3,2,3,3,4,1,2,4,3
92541,4,4,4,3,5,4,5,5,4,3,3,5,5
18039,4,3,4,2,5,4,5,5,4,2,4,4,5
108033,0,0,0,5,5,4,4,3,3,3,3,3,5
118279,4,4,4,4,3,5,5,2,2,2,2,4,5
35285,3,3,3,2,3,3,3,3,2,3,5,4,3
84037,4,4,4,3,2,4,2,2,5,5,4,3,2
88595,2,4,2,1,1,2,1,1,5,4,5,3,1
68724,1,2,1,3,5,1,5,5,3,1,3,3,5
55263,3,3,3,3,3,3,5,5,5,5,5,4,5
116485,4,5,5,2,4,5,2,4,3,2,5,3,4
49883,3,4,3,1,1,3,1,1,2,2,1,1,1
116400,5,4,5,3,3,5,3,3,3,5,2,3,3
29854,4,0,5,1,5,5,3,5,2,2,2,1,5
45665,3,5,3,4,2,3,2,2,5,2,4,3,2
17273,4,3,3,3,3,3,3,4,4,3,4,3,1
75583,3,3,3,3,2,4,4,4,4,5,4,5,5
99252,2,3,2,3,5,2,5,5,2,4,4,2,5
68914,2,5,2,4,5,2,5,5,5,3,5,3,5
34856,3,4,3,3,2,3,2,2,4,3,3,1,2
38518,1,1,1,1,5,5,1,5,5,5,5,1,2
34269,4,4,4,4,3,4,2,3,3,4,3,4,1
111797,0,0,0,1,2,5,5,5,5,3,3,4,4
13507,3,3,3,3,5,5,4,5,4,1,3,5,5
75012,5,5,5,5,3,5,4,4,4,4,4,3,3
28187,1,4,1,3,2,1,2,2,4,4,5,5,2
2680,3,4,3,4,3,4,4,1,1,3,1,4,3
57639,0,4,0,1,3,4,5,1,1,1,1,5,4
3171,5,2,5,5,4,4,5,4,4,5,4,3,3
69041,1,1,1,1,5,5,5,5,4,3,5,3,5
4519,2,3,2,4,1,2,1,1,1,2,4,1,1
95117,4,4,4,3,4,4,4,4,5,2,4,5,4
38373,1,3,1,4,1,1,1,3,1,3,3,1,1
35667,4,5,5,5,4,4,4,4,5,4,4,4,4
64076,2,4,2,2,4,2,5,4,5,5,4,3,4
92023,3,3,3,3,3,5,4,4,4,4,4,3,5
92866,3,4,3,3,3,3,4,3,3,4,5,4,3
15092,3,3,3,4,5,3,5,5,3,4,3,1,5
127717,2,2,4,2,4,4,4,5,5,5,5,5,3
58314,4,4,4,4,2,2,4,4,4,4,4,1,3
126496,1,5,1,1,1,1,1,1,5,4,3,3,1
19692,4,4,4,4,1,3,5,4,4,4,4,4,2
109744,2,3,2,3,4,2,1,4,3,1,3,2,4
4013,2,1,2,3,1,2,2,1,2,1,4,4,1
24319,2,1,2,2,4,4,4,4,1,2,3,4,4
85942,2,2,2,2,4,5,5,4,4,4,4,5,3
15343,2,2,2,2,2,5,5,5,2,4,5,5,5
121451,3,2,3,2,3,3,3,3,1,3,3,1,3
27891,2,4,2,4,2,4,4,3,5,4,3,4,4
94289,2,2,3,2,2,5,4,4,4,4,4,5,5
28063,3,3,3,3,5,5,5,5,2,4,1,5,5
38767,1,4,0,2,4,0,4,4,1,4,1,2,4
102551,2,5,2,4,2,2,3,3,3,2,3,1,5
35916,1,4,1,2,4,1,4,4,4,4,4,5,4
97663,2,2,2,1,3,2,1,3,4,2,4,5,3
119903,4,0,4,2,4,4,4,4,3,3,4,5,4
33728,2,5,3,4,1,3,2,1,5,3,5,1,1
105871,3,3,3,2,5,3,5,5,2,5,3,2,5
62633,2,3,2,3,2,4,4,5,5,2,5,3,1
14256,3,5,5,5,4,4,3,3,3,3,3,3,1
68277,4,4,4,4,2,4,2,2,5,3,5,4,2
45305,3,0,3,3,3,3,3,3,4,4,4,3,3
586,0,4,0,4,4,4,5,1,1,1,1,3,4
89450,3,5,3,5,3,3,3,3,5,2,5,4,3
65575,1,2,2,2,1,1,1,1,4,3,4,2,1
78411,3,4,4,4,2,4,4,3,3,3,3,2,2
103370,1,5,1,3,2,1,2,2,4,4,5,3,2
78449,2,2,1,2,4,5,5,5,5,5,5,4,4
51388,2,5,2,3,2,5,5,2,2,2,4,4,5
75767,2,3,2,2,2,2,2,2,3,2,4,4,2
72448,5,5,5,5,4,4,4,5,5,5,5,4,3
49190,3,3,3,3,5,5,5,5,3,3,4,3,5
106161,2,2,1,2,4,1,4,4,3,2,2,3,4
47678,2,3,2,1,2,2,2,2,1,4,5,5,2
13713,1,0,1,2,4,1,4,4,5,1,2,4,4
79937,2,2,2,2,2,4,4,5,5,5,5,4,5
31951,0,5,0,4,4,4,5,3,3,4,4,3,4
88962,5,5,4,5,2,4,5,5,5,5,5,5,4
38281,4,4,4,5,3,4,3,3,5,2,4,5,3
79093,1,5,0,2,5,5,5,5,5,0,5,3,5
57397,1,1,1,1,5,4,5,4,4,4,4,5,5
75494,3,3,3,1,1,3,3,1,3,3,3,4,1
87254,0,0,0,1,1,0,1,1,4,3,4,3,1
6736,4,4,4,1,1,4,1,1,5,5,4,3,1
85799,5,3,5,1,2,5,2,2,4,5,2,4,2
90505,1,1,1,1,3,3,3,3,3,5,4,5,3
27683,1,2,2,2,5,2,2,1,1,1,1,4,3
107602,2,5,5,5,2,2,2,2,3,2,3,3,2
31976,4,4,4,4,4,4,4,4,2,3,3,2,4
95189,4,5,4,5,5,4,5,5,3,4,5,5,5
127285,2,2,2,4,2,2,2,2,4,5,3,2,2
45197,1,5,1,4,5,1,5,5,3,5,5,3,5
69417,3,3,3,4,5,3,5,5,1,1,3,3,5
106314,2,1,2,4,1,2,1,1,2,3,4,1,1
58570,1,5,1,2,4,5,4,3,3,1,4,5,4
17777,2,3,3,3,2,2,2,2,4,1,3,3,2
391,3,3,3,3,3,5,5,5,5,5,5,5,3
117766,1,4,1,4,3,1,3,3,4,5,4,3,3
97181,5,5,5,1,2,5,2,2,5,2,5,5,2
12756,3,4,3,4,3,3,3,3,4,1,3,3,3
68149,5,1,5,5,5,5,5,5,5,5,5,3,4
6080,4,4,4,4,5,5,4,4,4,5,4,3,5
114871,4,4,4,3,2,4,4,2,5,5,4,4,2
34676,0,0,0,2,5,2,5,3,3,1,1,5,1
120124,4,4,4,4,3,5,5,4,4,4,4,3,4
120792,2,4,1,5,5,1,5,5,5,2,5,4,5
124022,1,3,1,4,3,1,3,3,1,3,3,4,3
93542,4,4,4,4,2,5,5,5,5,5,5,5,3
90329,2,2,2,2,3,5,5,4,4,4,4,4,4
107603,3,3,3,3,5,5,5,3,3,4,3,4,4
38689,5,4,5,4,5,3,4,3,3,5,3,4,4
77946,4,4,4,3,4,4,4,4,3,5,5,4,4
6872,3,1,4,1,5,4,5,5,1,1,1,1,5
124171,4,5,4,3,3,4,3,3,3,2,3,3,3
82053,1,3,3,3,1,1,1,1,1,5,3,3,1
74009,3,3,3,3,2,3,2,2,4,5,3,3,2
96438,2,2,3,2,5,5,5,5,5,4,5,4,5
79314,2,5,2,2,1,2,5,1,3,5,4,1,1
96286,3,3,3,3,2,3,2,2,3,5,4,3,2
96966,5,5,5,2,4,5,5,4,3,4,4,5,4
127552,2,5,2,1,2,3,2,3,3,2,3,2,1
125439,4,5,4,3,1,4,1,1,4,2,4,3,1
99578,3,3,3,3,2,5,3,4,4,4,4,2,4
59466,3,3,3,3,2,5,5,4,4,4,4,3,3
2947,4,4,4,2,3,4,3,3,3,3,5,3,3
65753,2,3,2,1,3,3,2,2,2,2,2,1,4
47076,3,5,5,3,4,5,4,4,4,2,4,3,4
85125,2,4,1,2,4,1,4,4,3,4,4,5,4
117714,3,4,3,3,4,3,4,4,5,2,4,3,4
112317,5,5,5,5,2,4,5,4,4,4,4,4,4
32604,2,5,2,4,5,2,5,5,1,3,3,1,5
64902,1,4,4,4,3,3,3,4,4,4,1,3,1
97941,4,4,4,4,5,4,5,4,4,4,4,5,5
17299,5,5,5,5,3,4,3,4,4,4,4,5,1
119297,5,5,5,5,5,4,5,5,5,5,4,4,4
113747,3,5,3,4,3,3,3,3,1,1,1,5,3
105460,1,4,4,4,4,4,3,1,1,1,1,2,2
126712,1,1,1,1,3,3,5,4,4,4,4,5,4
128427,2,4,4,4,5,4,4,2,2,2,2,2,1
2912,3,3,3,3,2,3,5,2,1,5,3,4,2
125619,3,0,3,2,2,5,4,1,1,3,1,4,5
62754,3,3,3,3,4,4,4,5,4,4,5,4,4
3547,5,0,0,3,1,0,1,1,3,3,5,4,1
95942,5,5,5,5,2,5,4,3,3,4,3,5,4
88985,4,4,4,4,1,4,1,1,5,3,4,5,1
95440,4,4,4,4,4,5,5,5,5,5,5,5,3
76838,2,2,2,2,5,5,4,4,4,4,4,5,4
91747,3,3,3,3,2,5,5,4,4,4,4,5,4
81901,2,2,2,2,3,4,3,3,4,5,3,3,3
83008,4,4,4,4,4,5,5,4,4,4,4,4,4
56757,1,5,1,1,5,5,4,5,5,5,5,3,3
15817,5,1,1,1,1,4,2,5,5,5,5,1,5
17962,3,5,3,4,1,3,4,1,4,5,4,3,1
19939,2,4,2,1,5,2,5,5,3,3,5,5,5
66790,3,5,4,4,4,3,3,4,1,1,3,3,3
122286,3,5,3,3,1,3,1,1,4,3,4,3,1
46073,1,0,2,2,3,2,3,3,2,5,3,3,3
104191,3,1,3,3,3,4,3,1,1,3,1,4,4
128904,3,4,3,2,3,3,1,3,2,4,4,1,1
81151,1,1,1,1,2,5,5,4,4,4,4,5,5
65952,2,2,2,2,2,4,4,2,2,2,2,4,4
27435,2,2,2,4,5,2,5,5,4,1,3,3,5
92322,3,3,4,3,5,4,4,4,4,4,4,4,4
51995,1,1,1,3,2,1,2,2,2,4,5,5,2
100534,3,3,3,2,2,3,2,2,3,4,5,4,2
21357,4,4,4,3,2,4,4,4,4,4,4,3,3
99866,1,1,1,1,2,5,4,4,4,4,4,3,4
51200,2,2,4,4,2,2,2,2,2,1,4,4,2
4723,1,1,2,1,3,4,4,1,1,1,1,4,2
33430,3,1,1,1,3,3,3,4,2,3,3,3,3
29842,2,1,5,1,3,3,4,2,2,2,2,2,2
44001,4,1,1,1,4,4,4,4,1,3,5,2,4
120508,5,5,5,5,5,5,5,5,2,1,2,5,5
75950,4,4,4,1,1,4,1,1,4,2,4,4,1
93783,3,3,3,3,3,5,4,3,3,3,3,5,5
92469,3,3,3,3,1,3,1,1,2,5,4,4,1
59844,1,1,1,1,4,5,5,3,3,3,3,5,3
80506,1,1,1,4,1,1,1,1,2,2,3,2,1
101088,3,3,3,3,3,5,5,4,4,4,4,4,5
89801,3,3,3,3,5,5,5,3,4,5,5,5,5
110855,5,5,5,1,5,5,5,5,5,5,5,4,5
108077,4,2,3,1,4,3,4,4,3,5,5,5,4
112217,1,2,2,2,2,4,4,1,1,1,1,3,3
2475,5,5,1,5,5,4,4,5,5,5,5,5,2
59741,4,4,3,4,4,4,4,4,5,4,5,3,4
90275,2,5,5,5,2,2,2,2,4,4,2,1,2
64872,2,4,4,4,1,4,3,3,3,2,2,4,4
69963,5,1,5,3,2,5,2,2,3,5,3,1,2
102978,3,3,4,3,5,4,4,3,3,3,3,5,4
82375,3,3,3,3,4,3,4,4,4,5,4,3,4
124890,2,2,2,2,5,5,5,5,5,4,5,3,3
32900,3,4,3,4,2,3,2,2,3,2,5,4,2
129396,5,4,1,1,3,3,5,3,3,1,3,1,2
118373,3,5,5,5,3,3,3,3,2,4,4,4,3
1763,2,2,4,4,5,4,4,5,3,5,4,4,5
99523,3,5,2,4,2,5,5,2,2,2,2,5,3
8141,2,2,2,4,4,2,2,4,2,1,4,1,4
99006,1,1,1,1,3,5,4,4,4,4,4,4,4
17142,3,4,3,4,4,3,4,4,5,4,5,4,4
24468,4,1,1,1,4,4,4,4,3,2,2,3,4
76788,2,2,2,2,3,3,3,3,4,2,5,5,3
115156,1,1,4,1,5,5,4,5,5,5,5,5,4
41032,5,4,4,4,5,5,5,5,2,2,5,5,5
23877,2,2,2,2,4,3,3,2,2,2,2,1,1
35027,1,5,1,4,4,1,4,4,4,2,4,5,4
31824,4,2,2,2,4,4,4,3,1,5,3,4,4
83236,3,3,3,3,2,5,4,5,5,5,5,3,3
127293,4,4,4,4,4,4,4,4,4,4,4,5,3
122381,3,5,3,4,3,3,3,3,3,5,4,5,3
125746,1,2,2,2,1,4,4,1,1,1,1,3,3
115280,2,2,1,1,5,2,2,2,2,2,2,1,1
60005,5,5,5,3,4,5,3,4,5,2,4,4,4
43595,2,2,2,2,4,4,4,4,4,4,4,3,4
7497,3,5,3,2,3,3,1,3,5,2,4,5,3
45778,1,1,1,1,1,3,1,4,4,4,4,1,5
87960,2,2,2,2,5,4,5,4,4,5,4,3,3
13970,3,5,3,5,1,3,1,1,4,4,4,4,1
91254,3,1,3,2,3,5,2,2,4,2,3,2,2
21411,0,0,0,3,2,4,4,2,2,5,5,1,2
123675,2,3,3,3,4,3,4,4,4,3,2,4,3
23585,3,1,1,1,3,4,3,3,1,3,1,3,3
65833,1,4,4,4,1,1,1,1,1,1,4,4,1
36449,0,4,0,4,2,0,4,2,5,1,4,4,2
62329,2,4,2,4,4,2,1,4,1,2,3,4,4
37905,5,0,5,1,2,5,2,2,4,3,3,4,2
111771,4,4,4,4,2,4,4,4,4,4,4,4,5
27201,0,0,0,1,2,0,2,2,5,3,4,3,2
76397,2,3,1,2,3,1,3,3,4,1,2,4,3
27759,4,1,4,4,3,3,2,5,5,5,5,5,2
79286,4,4,4,4,4,4,4,4,3,5,2,3,4
56083,3,4,4,1,4,3,3,3,4,4,5,3,3
109108,5,5,5,5,3,3,3,3,5,5,5,3,3
109899,2,2,2,1,3,2,3,3,5,1,2,1,3
25269,3,5,5,5,3,3,3,3,1,5,4,1,3
74541,2,4,4,4,4,3,3,2,2,2,2,2,1
86010,4,0,4,3,1,4,1,1,4,4,5,5,1
126836,3,3,3,3,5,5,4,5,5,5,5,3,3
2313,4,4,4,1,2,4,2,2,2,1,1,2,2
65035,3,4,0,3,3,5,4,4,4,0,4,3,5
111325,3,1,1,1,4,3,3,3,3,3,3,4,1
15949,4,4,4,2,5,5,4,5,5,4,5,4,4
30263,4,4,4,2,3,4,3,3,3,1,2,2,3
90347,1,1,1,3,2,1,2,2,5,3,4,4,2
86816,2,2,2,2,2,2,2,2,2,3,3,2,2
120654,3,3,3,3,3,4,4,4,4,4,4,3,3
25309,1,5,1,3,4,1,4,4,5,2,5,2,4
78463,3,3,3,1,4,3,4,4,3,2,4,4,4
71167,4,4,4,4,4,4,4,4,4,5,5,5,4
37675,2,5,1,5,2,1,2,2,4,3,4,5,2
90086,3,3,3,3,4,4,4,4,3,2,5,4,4
34799,2,5,2,5,4,2,2,1,1,2,1,1,1
