ACCOUNT_ID|LIMIT_BAL|SEX|EDUCATION|MARRIAGE|AGE|PAY_0|PAY_2|PAY_3|PAY_4|PAY_5|PAY_6|BILL_AMT1|BILL_AMT2|BILL_AMT3|BILL_AMT4|BILL_AMT5|BILL_AMT6|PAY_AMT1|PAY_AMT2|PAY_AMT3|PAY_AMT4|PAY_AMT5|PAY_AMT6|default.payment.next.month
19885|200000.0|2|1|2|28|0|0|0|0|2|2|58833.0|61991.0|7357.0|9471.0|8538.0|7685.0|4100.0|3000.0|3000.0|0.0|1000.0|0.0|0
3676|180000.0|1|1|2|30|0|0|0|0|0|0|174297.0|152251.0|96399.0|87026.0|78137.0|58332.0|22000.0|4000.0|2000.0|5000.0|3000.0|3000.0|0
7732|220000.0|2|1|2|31|-1|-1|-2|-2|-2|-1|232.0|0.0|0.0|0.0|0.0|500.0|0.0|0.0|0.0|0.0|500.0|0.0|0
18106|50000.0|1|2|2|26|-1|0|0|0|0|0|49713.0|50581.0|46567.0|27211.0|28274.0|29005.0|2000.0|2000.0|1000.0|1500.0|1500.0|2000.0|0
28824|240000.0|2|1|2|30|-1|-1|-1|-1|-1|0|3376.0|0.0|4649.0|1528.0|7378.0|682.0|0.0|4649.0|1533.0|7378.0|0.0|0.0|0
17896|90000.0|1|1|1|53|0|0|0|0|0|0|23551.0|23607.0|22132.0|63204.0|19412.0|18099.0|2400.0|1582.0|770.0|1696.0|820.0|520.0|0
23784|30000.0|2|2|1|32|1|3|2|0|0|2|27807.0|27078.0|26363.0|27379.0|28953.0|28354.0|0.0|0.0|1758.0|2332.0|0.0|1400.0|1
10973|210000.0|1|1|1|39|-2|-2|-2|-1|-1|-2|980.0|0.0|650.0|3446.0|0.0|0.0|0.0|650.0|3446.0|0.0|0.0|0.0|1
21033|30000.0|1|3|1|41|0|0|0|0|0|2|19904.0|21267.0|22120.0|23746.0|25346.0|24801.0|2000.0|1510.0|3000.0|2000.0|0.0|3000.0|0
4195|230000.0|1|1|2|26|-1|-1|-1|-1|-1|-1|1099.0|19686.0|3036.0|4806.0|-1.0|1699.0|19686.0|4000.0|4806.0|0.0|1700.0|3658.0|0
22509|200000.0|1|2|2|28|0|0|0|0|0|0|162439.0|92626.0|73816.0|79033.0|79539.0|80584.0|4000.0|3000.0|6500.0|3013.0|5000.0|3000.0|0
18353|300000.0|2|1|2|31|-1|-1|-1|-1|-1|-1|7834.0|1086.0|316.0|316.0|316.0|316.0|1093.0|316.0|316.0|316.0|316.0|316.0|1
16236|80000.0|2|1|1|45|0|0|0|0|0|0|77402.0|78997.0|79821.0|79308.0|52172.0|50266.0|2900.0|3600.0|10002.0|1754.0|1765.0|3795.0|0
25590|80000.0|1|1|1|53|0|-1|0|0|0|2|9527.0|42908.0|42108.0|30610.0|32396.0|31743.0|42908.0|2400.0|1900.0|2600.0|0.0|2700.0|0
12917|250000.0|1|1|1|53|-2|-2|-2|-2|-2|-2|0.0|0.0|0.0|0.0|0.0|0.0|0.0|0.0|0.0|0.0|0.0|0.0|1
6491|80000.0|1|2|1|37|0|0|-1|-1|0|0|43311.0|16348.0|9360.0|6295.0|14844.0|29065.0|5377.0|9383.0|6295.0|10018.0|21939.0|5002.0|0
28866|80000.0|2|2|2|26|0|0|0|2|0|0|77037.0|71799.0|75743.0|67626.0|69081.0|70772.0|3300.0|5800.0|0.0|2700.0|3000.0|2700.0|0
8602|50000.0|2|2|2|33|0|0|0|0|0|0|12498.0|16264.0|17918.0|16072.0|17041.0|19028.0|4000.0|2000.0|1000.0|2000.0|2396.0|1000.0|0
10705|60000.0|1|2|1|29|2|2|2|2|2|2|40587.0|41642.0|40673.0|43342.0|44299.0|45222.0|2000.0|0.0|3348.0|1800.0|1800.0|0.0|1
3172|60000.0|2|3|1|32|0|0|0|0|0|0|63354.0|65299.0|67087.0|27121.0|26316.0|26476.0|3000.0|3490.0|1794.0|1311.0|953.0|1390.0|1
22058|20000.0|2|2|2|46|1|2|2|2|0|0|16626.0|16071.0|19205.0|19712.0|19249.0|38900.0|0.0|3473.0|1000.0|727.0|1100.0|1100.0|1
171|180000.0|2|3|2|26|-1|2|-1|2|2|-2|1728.0|1539.0|2703.0|1650.0|0.0|0.0|0.0|2703.0|0.0|0.0|0.0|0.0|0
23717|20000.0|1|2|1|27|0|0|0|0|-1|0|19339.0|20187.0|17592.0|14588.0|624.0|19945.0|1500.0|1295.0|1200.0|624.0|19563.0|628.0|0
20564|90000.0|2|2|2|35|-1|-1|-1|-2|-2|-2|2667.0|2667.0|0.0|0.0|0.0|0.0|2667.0|0.0|0.0|0.0|0.0|0.0|0
338|200000.0|1|1|1|40|-1|-1|-1|-1|-1|-1|6750.0|4501.0|6360.0|2620.0|5900.0|37084.0|5007.0|7096.0|2620.0|6000.0|17703.0|4914.0|1
16110|80000.0|2|2|1|48|0|0|0|0|0|0|79518.0|77757.0|32325.0|25670.0|30089.0|29395.0|2264.0|1420.0|1002.0|6005.0|2000.0|970.0|0
10631|500000.0|2|1|1|36|2|0|0|0|0|0|197231.0|175599.0|176947.0|178647.0|176380.0|172666.0|8500.0|8341.0|6600.0|6925.0|7225.0|6653.0|1
25745|30000.0|1|3|1|59|0|0|0|0|0|0|29272.0|29096.0|22088.0|21624.0|21833.0|18174.0|1404.0|1268.0|694.0|866.0|695.0|838.0|0
8118|210000.0|2|2|1|33|-1|-1|-1|-2|-1|-1|98.0|1090.0|0.0|0.0|580.0|500.0|1120.0|0.0|0.0|580.0|500.0|0.0|0
27011|220000.0|1|1|2|29|0|0|0|0|0|0|216096.0|189566.0|183838.0|157898.0|164860.0|168294.0|10110.0|12000.0|5852.0|10000.0|6610.0|5836.0|0
25660|90000.0|2|2|2|34|0|0|0|0|0|0|29239.0|14027.0|13559.0|14331.0|14948.0|15549.0|1518.0|1500.0|1000.0|1000.0|1000.0|5000.0|0
22176|360000.0|2|1|1|35|-2|-2|-2|-2|-2|-2|3925.0|5320.0|1016.0|7173.0|10763.0|4857.0|5352.0|1022.0|7408.0|10817.0|5044.0|27696.0|0
16976|80000.0|2|2|2|40|0|0|0|0|0|0|79390.0|79835.0|81229.0|82456.0|82854.0|80868.0|3200.0|4300.0|3340.0|3500.0|2999.0|3300.0|0
8831|80000.0|1|1|2|25|0|0|0|0|0|0|37325.0|38503.0|39429.0|24600.0|10000.0|0.0|2100.0|2000.0|1000.0|700.0|0.0|0.0|0
22765|20000.0|2|2|1|29|0|0|0|0|0|0|5586.0|6599.0|7615.0|8472.0|8640.0|8971.0|1268.0|1284.0|1141.0|309.0|470.0|321.0|1
7837|340000.0|2|1|2|31|0|0|0|0|0|0|112119.0|119230.0|259489.0|328507.0|283758.0|273018.0|25000.0|150000.0|90168.0|25001.0|10000.0|11000.0|0
16182|70000.0|2|2|1|31|0|0|0|0|0|0|71065.0|69311.0|70882.0|68678.0|69030.0|66791.0|2566.0|2775.0|2381.0|3000.0|2452.0|2608.0|0
18164|40000.0|1|2|2|26|1|2|2|2|2|2|11318.0|10845.0|12655.0|12156.0|20897.0|20411.0|0.0|2000.0|0.0|9000.0|0.0|1850.0|1
8363|130000.0|2|3|1|44|0|0|0|0|0|0|129329.0|123615.0|107284.0|54656.0|22534.0|8754.0|4505.0|3577.0|1231.0|2534.0|5012.0|2531.0|0
27890|350000.0|2|1|1|46|0|0|0|0|0|-1|102060.0|86242.0|63012.0|47172.0|19482.0|125875.0|10069.0|5631.0|20036.0|5000.0|125000.0|3000.0|0
9812|120000.0|2|2|2|39|0|0|0|2|0|0|20693.0|22033.0|24067.0|24372.0|24670.0|25617.0|2000.0|2400.0|1000.0|1000.0|1500.0|1500.0|1
14591|230000.0|2|2|2|28|0|0|0|0|0|0|23063.0|14024.0|11825.0|14765.0|12383.0|10008.0|2000.0|2000.0|5000.0|1000.0|2000.0|1000.0|0
26996|50000.0|2|1|2|24|-1|-1|-1|-1|-1|-1|629.0|351.0|784.0|696.0|800.0|341.0|351.0|789.0|699.0|910.0|341.0|210.0|0
9885|220000.0|2|2|1|37|2|0|0|2|0|0|48166.0|49164.0|46730.0|45680.0|46651.0|49507.0|2100.0|3900.0|0.0|1858.0|3800.0|0.0|0
29928|270000.0|2|1|1|31|0|0|0|0|0|0|86716.0|88329.0|91247.0|91823.0|93164.0|95211.0|6000.0|6005.0|4000.0|4000.0|4000.0|5000.0|0
17064|390000.0|2|2|1|33|-1|-1|-1|-1|-1|-1|8243.0|4610.0|7599.0|2947.0|86790.0|3628.0|4644.0|7677.0|2947.0|87476.0|3639.0|7769.0|0
25852|180000.0|2|2|1|34|2|2|2|2|2|2|95008.0|97088.0|98093.0|99578.0|101828.0|103986.0|4500.0|3500.0|4000.0|4000.0|4000.0|4000.0|1
21288|240000.0|2|1|2|28|-1|-1|-1|-1|-1|0|8590.0|6398.0|16271.0|27825.0|14489.0|37137.0|6398.0|16312.0|27829.0|14503.0|33633.0|10982.0|0
22367|50000.0|1|3|1|37|-1|-1|2|2|-1|-1|3057.0|3427.0|3207.0|0.0|1250.0|5245.0|3000.0|0.0|0.0|1250.0|5245.0|0.0|1
24160|210000.0|2|2|1|34|0|0|0|0|0|0|128553.0|109234.0|87567.0|83716.0|69925.0|64108.0|3762.0|3808.0|4177.0|2594.0|2442.0|2319.0|0
7730|50000.0|2|1|2|24|0|0|0|0|0|0|40246.0|41679.0|41688.0|32806.0|18609.0|19793.0|2128.0|3000.0|6000.0|1000.0|1500.0|705.0|0
12853|200000.0|1|2|2|30|0|0|0|0|0|0|179273.0|182624.0|188541.0|179380.0|41060.0|41258.0|6657.0|10000.0|8000.0|2000.0|2000.0|2000.0|0
4572|230000.0|2|2|2|37|-2|-2|-2|-2|-2|-2|0.0|0.0|0.0|0.0|0.0|0.0|0.0|0.0|0.0|0.0|0.0|0.0|0
3820|260000.0|2|1|2|29|2|0|0|-1|-1|-1|19006.0|19113.0|16376.0|2590.0|390.0|390.0|6005.0|1525.0|2590.0|390.0|390.0|390.0|1
7790|100000.0|2|2|1|30|0|0|0|0|0|2|100963.0|99679.0|101023.0|93514.0|79361.0|77373.0|3700.0|3700.0|4148.0|6000.0|0.0|3000.0|1
29483|180000.0|1|1|1|50|0|0|0|0|0|0|181624.0|182765.0|180769.0|141352.0|142078.0|141695.0|9021.0|6126.0|4856.0|4990.0|5133.0|5002.0|0
17517|300000.0|2|1|2|28|0|0|2|0|0|0|24763.0|33484.0|31501.0|32678.0|36147.0|40503.0|10700.0|0.0|2000.0|4000.0|5000.0|0.0|0
22115|500000.0|2|1|2|25|1|-1|-1|-1|-1|0|-46.0|9412.0|1260.0|0.0|1121.0|6566.0|9458.0|1260.0|0.0|1121.0|6000.0|3000.0|0
18838|500000.0|1|1|2|37|0|0|0|0|0|0|50140.0|45984.0|44584.0|25402.0|21140.0|16072.0|1862.0|1593.0|1538.0|835.0|451.0|553.0|0
5579|20000.0|2|2|2|22|0|0|0|0|0|0|17356.0|18205.0|10140.0|10345.0|7552.0|8001.0|1274.0|1119.0|324.0|278.0|579.0|170.0|0
4496|70000.0|1|1|2|28|-1|-1|-1|-1|-1|-1|5154.0|5835.0|5960.0|11780.0|1360.0|468.0|5860.0|5979.0|11780.0|1360.0|468.0|4615.0|0
14702|20000.0|1|1|2|29|-1|-1|-1|-1|0|-1|1199.0|15586.0|344.0|2340.0|6702.0|339.0|15586.0|344.0|2340.0|4702.0|339.0|330.0|0
10103|200000.0|1|2|1|33|0|0|2|-1|-1|0|50612.0|10537.0|5552.0|2506.0|9443.0|11818.0|10023.0|27.0|2614.0|9454.0|5019.0|5015.0|0
24581|220000.0|1|1|1|36|-1|-1|-1|-1|0|-1|16783.0|4861.0|2267.0|1350.0|925.0|11597.0|4880.0|2267.0|1350.0|0.0|11597.0|178577.0|0
10345|80000.0|1|2|2|25|-1|-1|-1|-1|-1|-1|416.0|416.0|416.0|416.0|416.0|416.0|416.0|416.0|416.0|416.0|416.0|416.0|0
3071|150000.0|1|1|1|46|0|0|0|0|0|0|97832.0|98403.0|99263.0|100920.0|86781.0|71408.0|4555.0|3500.0|3300.0|3027.0|3000.0|2700.0|0
20964|300000.0|2|1|2|26|0|0|0|0|0|0|277680.0|281719.0|284381.0|155562.0|158448.0|162626.0|12005.0|10155.0|6000.0|5000.0|6000.0|6000.0|0
5954|260000.0|2|2|2|36|-1|-1|-1|-1|-1|-1|17631.0|13184.0|1700.0|5190.0|8455.0|1462.0|13184.0|1700.0|5190.0|8455.0|1462.0|3641.0|0
14588|20000.0|2|5|2|23|0|0|0|0|0|-2|16371.0|17801.0|18256.0|18425.0|0.0|0.0|2000.0|1200.0|369.0|0.0|0.0|0.0|0
14406|50000.0|2|2|2|29|2|2|2|2|0|0|48286.0|49286.0|50006.0|48846.0|45944.0|46925.0|2100.0|1800.0|0.0|1624.0|1700.0|3000.0|1
2816|360000.0|2|1|2|28|-1|-1|-1|-1|-1|-1|276.0|0.0|502.0|0.0|1017.0|0.0|0.0|502.0|0.0|1017.0|0.0|359.0|0
18653|180000.0|2|3|1|70|0|0|0|0|0|0|162647.0|157533.0|153351.0|144086.0|118645.0|104652.0|5644.0|5962.0|4374.0|3895.0|3691.0|3694.0|0
24406|360000.0|1|2|2|31|0|0|0|0|0|0|281600.0|281178.0|265549.0|244053.0|239088.0|193401.0|14128.0|11208.0|6554.0|7248.0|7122.0|6144.0|1
4211|30000.0|1|2|2|40|0|0|0|0|0|0|21617.0|24133.0|25239.0|26314.0|27074.0|28723.0|3200.0|1800.0|1800.0|1500.0|2250.0|600.0|0
22661|300000.0|2|2|2|36|1|-2|-1|-1|-1|-1|0.0|0.0|200.0|0.0|16418.0|88632.0|0.0|200.0|0.0|16418.0|88632.0|1913.0|0
19347|50000.0|1|3|2|30|0|0|0|0|0|0|43702.0|44979.0|46755.0|47412.0|47703.0|49495.0|2000.0|2501.0|2000.0|2000.0|2500.0|2000.0|0
4682|30000.0|2|3|1|41|1|2|0|0|0|0|28041.0|23367.0|22843.0|23044.0|25082.0|25648.0|13.0|2003.0|2008.0|5000.0|1005.0|3016.0|0
23980|50000.0|2|1|2|23|1|-2|-2|-2|-2|-2|0.0|0.0|0.0|0.0|0.0|0.0|0.0|0.0|0.0|0.0|0.0|0.0|0
1505|80000.0|1|1|2|29|0|0|0|0|0|0|78038.0|79183.0|81356.0|63039.0|64371.0|65650.0|3000.0|3500.0|3500.0|2500.0|2351.0|2441.0|0
22129|220000.0|1|2|1|41|0|0|-1|-1|-2|-2|45075.0|8840.0|1369.0|5924.0|1759.0|1824.0|8840.0|6643.0|5924.0|1759.0|1824.0|7022.0|0
11199|360000.0|2|2|1|38|-2|-1|-1|-1|-1|-1|0.0|212.0|3748.0|-2.0|666.0|919.0|212.0|3759.0|0.0|668.0|921.0|0.0|0
10798|50000.0|2|2|2|23|3|2|2|2|0|0|22613.0|21957.0|24482.0|24693.0|25283.0|27367.0|0.0|3200.0|910.0|1000.0|2500.0|0.0|1
25147|50000.0|2|3|1|36|0|0|2|0|0|0|49212.0|49243.0|5112.0|48455.0|48456.0|47234.0|5450.0|0.0|45554.0|2100.0|1900.0|2000.0|0
8123|280000.0|2|1|2|27|-1|-1|-1|-1|-1|-1|36382.0|2000.0|400.0|0.0|1398.0|4626.0|2000.0|400.0|0.0|1398.0|4626.0|0.0|0
4275|30000.0|2|3|1|57|0|0|0|0|0|0|17779.0|19097.0|19816.0|18471.0|16305.0|0.0|2000.0|1500.0|1000.0|841.0|0.0|1030.0|0
10871|30000.0|2|2|2|23|1|2|2|2|2|2|11174.0|11989.0|12997.0|12491.0|13374.0|13017.0|1300.0|1500.0|0.0|1090.0|0.0|2000.0|1
10497|150000.0|1|2|2|31|0|0|0|0|0|0|148815.0|148090.0|133619.0|127043.0|112067.0|39901.0|5147.0|4900.0|4677.0|4707.0|1700.0|1000.0|0
22299|240000.0|2|2|2|26|0|0|0|0|0|0|141315.0|128940.0|124226.0|113133.0|113966.0|103360.0|6349.0|5834.0|3870.0|4000.0|3825.0|3520.0|0
18785|170000.0|1|1|2|27|0|0|2|2|2|2|133149.0|138769.0|145050.0|146641.0|149603.0|157601.0|11936.0|13314.0|5801.0|5800.0|11000.0|1000.0|0
28984|250000.0|2|1|2|30|0|-1|2|0|0|-1|5607.0|9416.0|3421.0|11521.0|20424.0|7467.0|10000.0|0.0|10000.0|10000.0|17771.0|322.0|0
15479|310000.0|1|1|1|43|-1|2|-1|-1|-1|-1|2432.0|261.0|2745.0|-626.0|110.0|-154.0|0.0|4000.0|0.0|1000.0|0.0|0.0|0
1777|280000.0|2|2|2|35|0|0|0|0|0|0|184050.0|171714.0|154940.0|136894.0|138467.0|128473.0|7088.0|6107.0|5000.0|5057.0|5005.0|50012.0|0
18181|200000.0|2|2|1|33|0|0|0|0|0|0|23870.0|25168.0|26451.0|27437.0|29401.0|31939.0|2000.0|2000.0|1437.0|2401.0|3000.0|6000.0|0
29298|130000.0|1|1|2|27|-1|-1|-2|-2|-2|-2|1960.0|0.0|0.0|0.0|0.0|0.0|0.0|0.0|0.0|0.0|0.0|0.0|0
26751|10000.0|2|2|1|49|2|0|0|0|0|0|2240.0|3100.0|4116.0|5280.0|5543.0|5605.0|1057.0|1073.0|1237.0|500.0|300.0|205.0|1
12465|200000.0|1|1|1|41|1|2|0|0|2|2|150406.0|151415.0|156476.0|163330.0|162163.0|170867.0|5000.0|7500.0|11000.0|3000.0|11365.0|7000.0|1
11743|350000.0|1|1|1|55|-1|-1|-1|-1|-1|-1|5961.0|6318.0|1485.0|788.0|15015.0|666.0|6326.0|1485.0|788.0|15015.0|666.0|0.0|0
29142|60000.0|1|2|1|36|3|2|2|7|7|6|2400.0|2400.0|2400.0|2400.0|2400.0|1800.0|0.0|0.0|0.0|0.0|0.0|0.0|1
28788|200000.0|1|3|2|38|0|0|0|0|0|0|101254.0|105254.0|121893.0|109647.0|56157.0|37293.0|16002.0|30039.0|15019.0|10000.0|10000.0|8000.0|0
1428|200000.0|1|1|2|32|-2|-2|-2|-2|-1|-1|47244.0|92754.0|57928.0|523.0|223.0|7037.0|62330.0|57928.0|523.0|223.0|7037.0|11000.0|0
2744|360000.0|1|2|1|36|0|0|-1|-1|-1|-1|20328.0|12664.0|1901.0|2355.0|4206.0|5889.0|1204.0|1901.0|2355.0|4206.0|5889.0|0.0|0
19274|130000.0|1|2|2|29|0|0|0|0|0|0|29252.0|30086.0|30680.0|30797.0|31147.0|31996.0|2000.0|1793.0|1300.0|1223.0|1851.0|1000.0|0
1941|300000.0|2|1|2|30|-1|-1|-1|-1|-1|-1|688.0|3280.0|0.0|4340.0|2672.0|800.0|3288.0|0.0|4340.0|2672.0|800.0|746.0|0
14956|70000.0|2|3|2|41|0|0|0|0|0|0|32581.0|32888.0|33481.0|33683.0|34227.0|34327.0|2000.0|1500.0|1138.0|1806.0|1383.0|1250.0|0
11028|200000.0|2|2|2|31|0|0|0|0|0|0|203265.0|203147.0|203017.0|203109.0|203494.0|203920.0|7471.0|7848.0|8957.0|8000.0|7775.0|7341.0|0
21123|20000.0|2|2|1|24|2|2|0|0|0|0|19891.0|15895.0|17140.0|18457.0|21381.0|18914.0|0.0|1500.0|1600.0|1646.0|678.0|1000.0|1
15281|150000.0|2|3|2|28|-2|-2|-2|-2|-2|-2|0.0|0.0|0.0|0.0|0.0|0.0|0.0|0.0|0.0|0.0|0.0|0.0|0
8366|180000.0|1|2|1|39|1|-2|-2|-2|-2|-2|0.0|0.0|0.0|0.0|0.0|0.0|0.0|0.0|0.0|0.0|0.0|0.0|0
23010|100000.0|2|1|2|25|-2|-2|-2|-2|-2|-2|0.0|0.0|0.0|0.0|0.0|0.0|0.0|0.0|0.0|0.0|0.0|0.0|0
22099|260000.0|2|2|2|29|0|0|0|0|0|0|193000.0|149410.0|138021.0|98578.0|84967.0|83224.0|5072.0|4439.0|3079.0|3020.0|3036.0|4554.0|0
1849|260000.0|2|1|2|30|2|-1|-1|-1|-1|-1|1196.0|1563.0|1443.0|1443.0|1443.0|1443.0|2000.0|1500.0|1443.0|1443.0|1443.0|3943.0|0
20|230000.0|1|1|1|59|-1|0|0|0|0|0|208459.0|206331.0|203813.0|201331.0|198999.0|191671.0|7536.0|7277.0|7100.0|7120.0|6844.0|6945.0|1
376|260000.0|1|2|2|28|0|0|0|0|0|0|251829.0|234867.0|237497.0|215343.0|205576.0|207688.0|10000.0|10500.0|9150.0|7500.0|8000.0|7500.0|0
23319|210000.0|2|2|1|44|0|0|0|0|0|0|89755.0|90031.0|70660.0|71172.0|71844.0|69923.0|3600.0|3100.0|2900.0|2600.0|2700.0|4000.0|0
20353|50000.0|1|2|2|37|5|4|3|2|0|0|19859.0|19268.0|18687.0|17956.0|17710.0|18710.0|0.0|0.0|0.0|354.0|1000.0|1000.0|0
15917|230000.0|2|3|1|37|0|0|0|0|0|0|225800.0|228342.0|189966.0|142377.0|143828.0|143698.0|8440.0|6100.0|7000.0|5356.0|5400.0|5200.0|0
8661|50000.0|2|2|2|24|2|2|2|2|2|2|49397.0|50388.0|51450.0|47867.0|51045.0|51118.0|2100.0|2200.0|0.0|4300.0|2100.0|0.0|0
7799|130000.0|1|3|1|56|-1|-1|-1|0|-1|-1|582.0|0.0|582.0|291.0|441.0|441.0|0.0|582.0|0.0|441.0|441.0|291.0|1
8278|200000.0|2|1|2|32|-2|-2|-2|-2|-2|-2|0.0|0.0|2090.0|0.0|0.0|2820.0|0.0|2090.0|0.0|0.0|2820.0|10540.0|0
22261|50000.0|1|1|1|25|0|0|2|0|0|0|5472.0|5891.0|6595.0|8400.0|4041.0|4815.0|1500.0|1000.0|2000.0|1000.0|1000.0|2000.0|0
27782|360000.0|1|1|2|30|0|0|0|0|0|0|365290.0|362533.0|358716.0|353426.0|299403.0|260620.0|13000.0|14000.0|12080.0|10000.0|9500.0|6000.0|0
13421|120000.0|2|2|1|34|2|2|2|2|2|2|64139.0|65430.0|63937.0|67290.0|68565.0|69784.0|2900.0|150.0|5000.0|2500.0|2500.0|3000.0|1
10605|230000.0|2|2|2|30|0|0|0|0|0|0|149775.0|107052.0|231164.0|120523.0|117102.0|116718.0|10000.0|130223.0|9953.0|4014.0|3307.0|4100.0|0
3741|70000.0|1|2|2|26|1|2|2|2|0|0|71160.0|67381.0|72192.0|70444.0|71900.0|0.0|0.0|6516.0|0.0|3300.0|0.0|500.0|0
27883|30000.0|1|2|2|25|2|3|2|2|0|0|21403.0|20766.0|21637.0|22473.0|23312.0|23419.0|0.0|1500.0|1500.0|1500.0|1500.0|1500.0|1
26560|50000.0|1|3|2|22|0|0|0|0|0|0|45803.0|46696.0|15287.0|7694.0|7921.0|8041.0|2400.0|1123.0|500.0|500.0|400.0|500.0|0
9628|230000.0|2|2|2|28|-1|-1|-1|-2|-1|-1|875.0|375.0|-250.0|-125.0|609.0|362.0|1000.0|0.0|0.0|4000.0|3000.0|9000.0|0
7111|340000.0|2|3|2|28|0|0|0|0|0|0|1830.0|4777.0|7681.0|12519.0|15299.0|15905.0|3000.0|3000.0|5000.0|3000.0|1000.0|10000.0|0
8789|30000.0|2|2|2|25|0|0|0|0|0|0|30523.0|30554.0|30593.0|30619.0|29146.0|29823.0|2000.0|2000.0|1700.0|1200.0|1300.0|1300.0|0
10493|220000.0|2|2|2|33|2|2|2|2|0|0|153664.0|156646.0|158994.0|154506.0|126399.0|129357.0|7000.0|6300.0|0.0|5000.0|5000.0|5000.0|0
27788|60000.0|2|2|1|47|0|0|0|0|0|0|54532.0|54203.0|58199.0|59152.0|76006.0|19604.0|1970.0|6000.0|3000.0|1000.0|1000.0|1000.0|0
29837|90000.0|2|2|1|24|0|0|0|0|0|2|86422.0|89710.0|70681.0|73595.0|90755.0|53692.0|5000.0|3300.0|22837.0|3300.0|0.0|1650.0|0
4845|280000.0|2|2|2|33|-2|-2|-1|0|0|-1|167.0|3690.0|1735.0|1735.0|1714.0|843.0|3700.0|1735.0|0.0|1700.0|1000.0|22000.0|1
26592|80000.0|2|2|1|46|0|0|0|0|0|0|34494.0|35930.0|37326.0|38203.0|39580.0|40920.0|2000.0|2000.0|1500.0|2000.0|2000.0|2000.0|0
25046|200000.0|2|1|1|48|-1|-1|-1|-1|-1|-1|657.0|0.0|2080.0|3567.0|0.0|1731.0|0.0|2080.0|3567.0|0.0|1731.0|1081.0|1
1209|30000.0|2|2|1|35|1|-1|0|0|2|0|0.0|741.0|1775.0|3040.0|2843.0|3052.0|741.0|1034.0|1299.0|0.0|255.0|106.0|0
13206|100000.0|2|3|0|56|1|2|0|0|2|2|28625.0|27969.0|28812.0|31134.0|30444.0|32460.0|0.0|1500.0|2700.0|0.0|2400.0|0.0|0
24747|230000.0|2|2|1|28|0|0|0|0|0|0|53542.0|79186.0|49984.0|35526.0|24540.0|16038.0|36000.0|1222.0|7510.0|491.0|6600.0|0.0|0
27171|50000.0|1|1|2|25|0|0|0|2|2|2|41761.0|44689.0|47613.0|48174.0|48731.0|49655.0|4000.0|4000.0|2000.0|2000.0|2200.0|1700.0|0
19733|130000.0|2|2|2|31|1|2|2|0|0|0|120890.0|122275.0|109903.0|80909.0|71679.0|66169.0|5200.0|47.0|3000.0|2800.0|2713.0|2000.0|0
5353|50000.0|2|2|1|48|0|0|0|0|0|-1|12592.0|12899.0|7313.0|8036.0|3949.0|26984.0|2017.0|2000.0|1200.0|100.0|26984.0|5000.0|0
27419|220000.0|1|1|1|40|0|0|0|0|0|0|129597.0|147323.0|132188.0|83844.0|89299.0|94777.0|20000.0|8000.0|5000.0|7000.0|7000.0|5000.0|0
1174|140000.0|2|1|2|30|-1|-1|-1|-1|-1|-1|282.0|282.0|282.0|282.0|454.0|610.0|282.0|282.0|282.0|454.0|610.0|454.0|0
4651|280000.0|1|2|2|31|0|0|0|0|-1|0|229780.0|31275.0|32868.0|34292.0|173487.0|177195.0|2000.0|2100.0|2500.0|185957.0|6500.0|6100.0|0
20310|180000.0|1|2|2|25|0|0|0|0|0|-1|4236.0|5230.0|6570.0|7192.0|6437.0|12499.0|2001.0|2000.0|1018.0|6154.0|12527.0|5016.0|0
28193|80000.0|2|1|2|25|-1|-1|2|-1|-1|-2|746.0|4824.0|690.0|6097.0|0.0|0.0|4830.0|0.0|6097.0|0.0|0.0|2169.0|0
23702|80000.0|2|2|2|33|0|-1|-1|0|-1|-1|17254.0|811.0|1533.0|722.0|811.0|337.0|1000.0|1533.0|0.0|900.0|337.0|1000.0|0
27421|260000.0|2|3|2|27|0|0|0|0|0|0|106164.0|105133.0|100606.0|93022.0|61746.0|47819.0|3834.0|4523.0|3154.0|2025.0|1709.0|2011.0|0
17257|90000.0|1|2|1|36|0|0|0|0|0|0|7752.0|9112.0|10306.0|11328.0|12036.0|14329.0|1500.0|1500.0|1500.0|1200.0|2500.0|0.0|1
15624|100000.0|1|1|2|31|0|0|2|2|-1|-1|27163.0|29408.0|29395.0|28895.0|105.0|955.0|3000.0|1000.0|0.0|1000.0|1000.0|1000.0|0
22625|130000.0|1|2|2|28|0|0|0|0|0|0|88549.0|74624.0|76133.0|77648.0|79370.0|80071.0|2709.0|2750.0|2767.0|2961.0|2913.0|3000.0|0
6058|50000.0|2|3|1|47|1|2|0|0|0|0|50574.0|48968.0|50151.0|50496.0|2759.0|-442.0|0.0|2463.0|2300.0|55.0|0.0|37459.0|1
21729|200000.0|1|2|2|32|2|0|0|0|-2|-2|160106.0|162743.0|81890.0|0.0|0.0|0.0|7600.0|4000.0|0.0|0.0|0.0|0.0|1
1177|50000.0|1|1|2|34|0|0|2|0|0|2|33499.0|36742.0|35875.0|36501.0|21764.0|1723.0|3800.0|0.0|1500.0|300.0|0.0|150.0|0
3596|120000.0|2|1|2|27|-1|0|0|0|0|0|22027.0|51757.0|113157.0|106767.0|30237.0|-1280.0|35000.0|100000.0|0.0|0.0|0.0|2750.0|0
19343|80000.0|2|2|2|25|0|0|0|0|0|0|7536.0|5024.0|5589.0|6094.0|45342.0|45877.0|1200.0|1100.0|1000.0|40000.0|1700.0|1700.0|0
971|50000.0|2|2|1|46|-1|-1|-1|-1|-1|-1|569.0|1436.0|3220.0|6592.0|5085.0|1050.0|1440.0|3224.0|6621.0|5396.0|1050.0|0.0|1
4733|280000.0|1|2|2|33|-2|-2|-2|-2|-2|-2|0.0|2650.0|3294.0|3640.0|2720.0|7598.0|2650.0|3294.0|3640.0|2720.0|7598.0|4434.0|0
22687|150000.0|1|2|1|55|0|-1|-1|-1|0|0|1540.0|780.0|0.0|580.0|780.0|0.0|780.0|0.0|580.0|200.0|0.0|0.0|0
24997|50000.0|2|3|1|42|0|0|0|0|0|0|13562.0|14821.0|16657.0|17863.0|16811.0|16802.0|1500.0|2500.0|1518.0|1000.0|2000.0|1000.0|0
10940|340000.0|2|3|2|27|1|2|0|0|0|0|29221.0|14802.0|153697.0|153381.0|143426.0|139945.0|12.0|145000.0|5055.0|5017.0|5059.0|7382.0|0
15843|60000.0|2|2|1|42|0|0|0|2|2|2|56166.0|58022.0|61331.0|55566.0|59331.0|60569.0|2760.0|4941.0|0.0|4675.0|2361.0|0.0|1
12977|20000.0|1|2|2|27|1|-2|-2|-2|-2|-2|0.0|0.0|0.0|0.0|0.0|0.0|0.0|0.0|0.0|0.0|0.0|0.0|1
10964|90000.0|2|2|3|36|0|0|0|0|0|0|91458.0|91049.0|70101.0|28942.0|27508.0|28250.0|3137.0|5094.0|1106.0|1001.0|1201.0|1074.0|0
13003|160000.0|2|2|2|37|-2|-1|-1|-1|-1|-1|7596.0|898.0|850.0|1729.0|5696.0|0.0|920.0|852.0|1759.0|5707.0|0.0|0.0|0
5110|300000.0|2|1|1|47|-2|-2|-1|-1|-1|-1|3289.0|5189.0|7128.0|5916.0|9634.0|0.0|5189.0|7128.0|5923.0|9634.0|0.0|6485.0|0
9814|110000.0|2|1|2|23|0|0|0|0|0|0|83914.0|85064.0|78997.0|71276.0|68385.0|62475.0|4022.0|3300.0|2000.0|3000.0|2500.0|2310.0|0
6371|280000.0|1|1|1|37|2|-1|-1|-1|-2|-1|1405.0|1549.0|1504.0|0.0|0.0|2949.0|1549.0|1504.0|0.0|0.0|2949.0|2838.0|0
10272|300000.0|1|2|1|32|-1|-1|-1|-1|-1|-2|2884.0|1706.0|2960.0|579.0|0.0|0.0|1706.0|2964.0|579.0|0.0|0.0|2937.0|1
2968|340000.0|1|1|1|41|-2|-2|-2|-2|-2|-2|11379.0|11086.0|3112.0|3351.0|1259.0|19271.0|11258.0|3112.0|3351.0|1259.0|19271.0|16992.0|0
12115|50000.0|2|2|2|30|-1|-1|-1|0|0|-1|1383.0|1383.0|4149.0|2766.0|1383.0|1383.0|1383.0|4149.0|0.0|0.0|1383.0|5419.0|0
24610|20000.0|1|3|2|26|8|7|6|5|4|3|43340.0|42619.0|35381.0|31539.0|27409.0|23567.0|0.0|0.0|0.0|0.0|0.0|300.0|0
18081|50000.0|1|2|1|35|-1|-1|-1|-1|-1|0|3056.0|0.0|4091.0|0.0|6592.0|2728.0|0.0|4091.0|0.0|6592.0|0.0|1456.0|0
10359|170000.0|2|2|1|34|-1|-1|-1|-1|-1|0|326.0|326.0|326.0|326.0|652.0|326.0|326.0|326.0|326.0|652.0|0.0|326.0|0
24643|150000.0|1|2|2|35|0|0|0|-1|-1|-1|60015.0|72227.0|51364.0|54340.0|0.0|2129.0|20000.0|30000.0|54340.0|0.0|2129.0|0.0|0
6759|50000.0|2|2|2|22|0|0|2|2|2|0|37253.0|38075.0|32982.0|31857.0|29647.0|29585.0|5500.0|6194.0|1200.0|0.0|2000.0|2000.0|0
10938|300000.0|2|2|2|30|-1|-1|-1|-1|2|-1|2186.0|0.0|290.0|707.0|161.0|7705.0|0.0|290.0|1209.0|0.0|7705.0|3798.0|0
765|250000.0|2|2|1|37|0|0|0|0|0|0|212954.0|215928.0|221963.0|224949.0|229577.0|234221.0|8000.0|9510.0|8160.0|8364.0|8493.0|8625.0|0
20080|360000.0|2|1|1|33|-1|-1|-1|-1|-1|-1|50067.0|17607.0|41262.0|8882.0|17348.0|29216.0|17607.0|41285.0|8882.0|17348.0|29216.0|4043.0|0
18370|10000.0|1|3|2|31|0|0|2|0|0|0|10119.0|10188.0|9089.0|9271.0|9618.0|8516.0|3000.0|0.0|295.0|459.0|1500.0|2000.0|0
1751|370000.0|1|2|1|38|2|0|0|0|0|0|376014.0|377594.0|355120.0|315740.0|322540.0|319195.0|16000.0|13217.0|12000.0|12000.0|12000.0|15000.0|1
2020|210000.0|1|2|2|27|1|-2|-1|2|-1|0|0.0|0.0|709.0|397.0|1026.0|1026.0|0.0|709.0|0.0|1026.0|0.0|0.0|0
11961|70000.0|2|2|2|30|-1|0|0|0|0|0|69494.0|112821.0|70305.0|71017.0|66218.0|66854.0|2716.0|2570.0|2720.0|2350.0|2500.0|2660.0|1
5857|200000.0|2|1|1|40|0|0|0|0|0|0|9141.0|9046.0|9635.0|10197.0|10118.0|10535.0|1138.0|1157.0|1149.0|500.0|1000.0|1000.0|0
15163|180000.0|2|1|2|24|-1|-1|2|0|0|-2|14670.0|22087.0|21282.0|10200.0|0.0|0.0|37867.0|0.0|200.0|0.0|0.0|0.0|0
29643|330000.0|2|1|2|44|0|0|2|0|0|0|243621.0|259517.0|253863.0|257535.0|262753.0|268145.0|21400.0|0.0|9400.0|9542.0|9766.0|9786.0|1
8061|280000.0|1|1|1|47|-1|-1|-1|-1|-1|-1|3587.0|3187.0|3190.0|1982.0|3590.0|3590.0|3200.0|3203.0|1992.0|3608.0|3600.0|3602.0|0
21714|400000.0|2|1|1|48|-1|-1|-1|-1|-1|-1|5880.0|18368.0|591.0|13654.0|45363.0|2640.0|18368.0|591.0|13662.0|45363.0|2640.0|28663.0|0
29897|360000.0|1|1|1|49|-1|-1|-2|-2|-1|2|4698.0|-200.0|-200.0|0.0|5084.0|2500.0|0.0|0.0|200.0|5084.0|0.0|0.0|1
19134|60000.0|2|2|1|30|0|0|0|0|0|0|65460.0|64128.0|62736.0|59133.0|57662.0|53059.0|2299.0|2232.0|2152.0|2226.0|1908.0|1933.0|1
6284|300000.0|1|2|2|31|0|0|0|0|0|0|285038.0|291480.0|298378.0|131103.0|128742.0|124882.0|12507.0|15056.0|5027.0|5007.0|5063.0|3039.0|0
12792|130000.0|1|3|3|40|2|0|0|0|0|0|88222.0|88288.0|84822.0|85970.0|86644.0|87576.0|3515.0|3107.0|5003.0|3203.0|3456.0|4000.0|0
3027|170000.0|2|2|2|33|-1|-1|-2|-1|-1|-1|298.0|0.0|0.0|467.0|203.0|0.0|0.0|0.0|467.0|203.0|0.0|1116.0|0
1685|160000.0|1|1|1|40|0|0|0|0|0|0|27563.0|28350.0|25186.0|36100.0|21707.0|7928.0|5002.0|5000.0|14400.0|10000.0|4000.0|0.0|0
6588|50000.0|2|2|1|28|1|2|2|2|0|0|38612.0|37509.0|15377.0|12590.0|11209.0|7448.0|0.0|5000.0|0.0|3023.0|5000.0|4000.0|0
4816|20000.0|1|2|2|33|-1|0|0|0|0|0|3010.0|1603.0|19980.0|19983.0|20066.0|19855.0|1272.0|19288.0|681.0|917.0|1000.0|889.0|0
8260|310000.0|2|1|2|31|-2|-2|-2|-2|-2|-2|9108.0|24480.0|6864.0|0.0|150.0|150.0|24485.0|6864.0|0.0|150.0|150.0|271.0|0
9314|230000.0|1|2|1|41|0|0|0|0|0|0|301038.0|305327.0|213058.0|216260.0|215968.0|174195.0|9405.0|7769.0|7757.0|8030.0|6549.0|5226.0|1
15729|390000.0|2|3|2|30|0|0|0|0|0|0|338174.0|256104.0|221739.0|184529.0|175781.0|173442.0|8738.0|6545.0|6601.0|5700.0|6100.0|5000.0|0
11738|80000.0|1|1|2|39|2|2|2|2|0|0|78246.0|79404.0|80388.0|78128.0|75762.0|73873.0|3000.0|3001.0|0.0|2703.0|3100.0|8302.0|1
28342|380000.0|2|2|1|51|1|-2|-2|-2|-1|-1|0.0|0.0|0.0|0.0|630.0|1297.0|0.0|0.0|0.0|630.0|1613.0|1618.0|0
7725|50000.0|1|2|2|23|0|0|0|0|0|0|34549.0|18552.0|19334.0|18165.0|19322.0|19575.0|2836.0|1200.0|13000.0|1500.0|9000.0|1000.0|0
3865|360000.0|2|3|1|37|-2|-2|-2|-2|-2|-2|0.0|0.0|0.0|0.0|0.0|239.0|0.0|0.0|0.0|0.0|239.0|0.0|0
11829|50000.0|1|2|2|27|3|2|2|0|0|-1|13694.0|14880.0|14242.0|13968.0|14319.0|2614.0|1700.0|0.0|426.0|501.0|2614.0|1390.0|1
28878|80000.0|2|2|2|29|2|0|0|0|0|0|77416.0|75500.0|69313.0|67972.0|66800.0|68693.0|2661.0|2509.0|2500.0|3000.0|3000.0|3000.0|1
28037|60000.0|1|2|2|49|0|0|0|0|0|0|81411.0|52017.0|35423.0|24023.0|20175.0|16137.0|38709.0|1609.0|661.0|656.0|1000.0|5000.0|0
9247|80000.0|2|2|1|47|-1|2|2|-1|-1|-1|4166.0|3908.0|0.0|3521.0|0.0|14206.0|0.0|0.0|3521.0|0.0|14206.0|7500.0|0
17853|50000.0|1|3|2|23|0|0|-2|-2|-2|-2|4332.0|0.0|0.0|0.0|0.0|0.0|0.0|0.0|0.0|0.0|0.0|0.0|0
25648|150000.0|2|3|2|27|0|0|2|0|0|0|3081.0|7997.0|8710.0|9559.0|10401.0|11069.0|5000.0|1000.0|1000.0|1000.0|1000.0|1398.0|0
7944|50000.0|1|3|1|45|1|2|2|2|0|0|46166.0|42253.0|46794.0|44995.0|45934.0|48796.0|0.0|5600.0|0.0|1800.0|4000.0|0.0|0
6598|50000.0|1|2|1|44|0|0|0|0|0|0|48659.0|34763.0|16158.0|11950.0|9903.0|10224.0|1345.0|1197.0|1152.0|495.0|1014.0|0.0|0
22900|450000.0|1|2|1|41|-2|-2|-2|-2|-2|-2|1068.0|1281.0|907.0|882.0|968.0|1243.0|1287.0|911.0|886.0|972.0|1249.0|1416.0|0
24202|260000.0|2|3|1|44|0|0|0|0|0|0|259346.0|234428.0|176632.0|129022.0|131447.0|135699.0|9428.0|6729.0|5022.0|4447.0|5699.0|5498.0|1
26139|240000.0|2|1|1|41|0|0|0|2|3|3|102488.0|105785.0|109082.0|119221.0|118144.0|118029.0|6500.0|6500.0|13500.0|2300.0|2002.0|0.0|0
8608|10000.0|1|2|2|22|1|2|2|2|0|0|7019.0|6760.0|8882.0|8520.0|8694.0|8871.0|0.0|2400.0|0.0|174.0|177.0|181.0|1
11441|80000.0|1|1|2|35|0|0|-1|0|0|0|75734.0|93507.0|78716.0|53109.0|28973.0|24705.0|20000.0|79239.0|2516.0|1023.0|2000.0|1000.0|0
22946|30000.0|2|3|2|45|0|0|0|0|-1|-1|28611.0|23312.0|19590.0|18447.0|15525.0|0.0|1352.0|1290.0|4150.0|15525.0|0.0|0.0|0
28921|470000.0|2|2|1|36|-1|0|0|-1|-1|-1|873.0|1593.0|1518.0|285.0|688.0|2100.0|1005.0|1000.0|285.0|688.0|2100.0|1014.0|0
26176|240000.0|2|2|1|34|0|0|0|0|-1|0|77126.0|59832.0|45054.0|39245.0|75742.0|39389.0|5005.0|2116.0|1200.0|75742.0|0.0|62282.0|0
14599|170000.0|2|1|1|39|1|2|0|0|0|2|161105.0|145908.0|119161.0|120662.0|127815.0|125098.0|0.0|6000.0|5000.0|9000.0|0.0|6000.0|0
16813|50000.0|2|3|1|31|0|0|0|0|0|0|50612.0|43616.0|43339.0|29735.0|30360.0|29697.0|1879.0|1863.0|1042.0|1081.0|1081.0|1072.0|0
21661|150000.0|2|1|2|33|-1|-1|-2|-2|-2|-2|717.0|-959.0|-959.0|-959.0|-959.0|-959.0|0.0|0.0|0.0|0.0|0.0|0.0|0
20840|210000.0|1|1|2|26|0|0|0|0|0|0|204824.0|209873.0|214775.0|111893.0|107697.0|105578.0|10000.0|10000.0|5000.0|4000.0|4000.0|4000.0|0
23825|50000.0|1|2|2|37|0|0|0|0|0|0|49473.0|48970.0|46220.0|47459.0|27056.0|28452.0|2314.0|2261.0|2500.0|2000.0|2000.0|1500.0|0
16125|230000.0|2|2|2|29|-1|-1|-1|-1|-1|-1|2624.0|1149.0|2140.0|3313.0|3750.0|2491.0|1149.0|2140.0|3313.0|3750.0|2491.0|9785.0|0
453|500000.0|2|1|2|25|-1|0|0|0|0|0|119193.0|163856.0|170201.0|162212.0|145184.0|118467.0|70005.0|10051.0|6119.0|7303.0|15090.0|10191.0|0
18424|50000.0|1|2|2|23|0|0|0|2|2|2|46926.0|18385.0|11097.0|10596.0|12421.0|12129.0|1387.0|4200.0|0.0|1958.0|0.0|1000.0|0
8438|20000.0|2|2|2|23|0|0|0|0|2|2|11564.0|13063.0|14337.0|15596.0|15204.0|17149.0|2000.0|1500.0|1500.0|0.0|2200.0|0.0|1
2362|100000.0|2|2|2|23|-1|-1|-1|0|-1|-1|892.0|2180.0|10876.0|11714.0|7177.0|10455.0|2180.0|10876.0|3000.0|7177.0|10455.0|2819.0|0
15376|250000.0|1|1|2|31|-1|0|0|0|0|0|377399.0|78416.0|64479.0|33404.0|11259.0|11007.0|10045.0|3194.0|1104.0|10015.0|5005.0|2033.0|0
6634|240000.0|2|2|2|27|-2|-2|-1|2|0|0|4400.0|0.0|1129.0|1129.0|1971.0|2059.0|0.0|1129.0|0.0|1000.0|496.0|1000.0|1
24560|130000.0|1|1|2|27|-1|-1|0|-1|-1|-1|1439.0|3548.0|1958.0|1462.0|2573.0|2402.0|3555.0|1010.0|1466.0|2581.0|2509.0|3013.0|0
20554|230000.0|2|3|1|48|1|-1|-1|-1|-1|-1|-5.0|4582.0|2883.0|20099.0|13870.0|4234.0|4587.0|2883.0|20099.0|13870.0|4234.0|0.0|0
11455|170000.0|1|2|2|29|-1|-1|0|-1|-1|-1|3362.0|64602.0|18070.0|910.0|9080.0|4839.0|64612.0|4000.0|910.0|9080.0|4839.0|5130.0|0
28596|420000.0|1|2|1|36|0|0|0|0|0|0|56068.0|55115.0|19304.0|22304.0|28465.0|38182.0|15005.0|10013.0|10000.0|10000.0|20000.0|20000.0|0
9565|200000.0|2|2|1|31|1|2|0|0|0|0|153829.0|153229.0|148438.0|143121.0|141466.0|128846.0|7022.0|6700.0|5500.0|6000.0|9800.0|0.0|0
28935|120000.0|1|1|2|27|0|0|2|0|0|0|75896.0|77931.0|79384.0|81367.0|82321.0|84336.0|3900.0|3300.0|3900.0|3200.0|3500.0|3500.0|0
28103|90000.0|2|2|2|25|0|0|0|0|0|0|44727.0|42751.0|43421.0|45878.0|46054.0|47252.0|2000.0|1851.0|3500.0|1519.0|2000.0|2000.0|0
13509|20000.0|1|2|2|25|1|2|-1|-1|0|0|12589.0|716.0|243.0|19853.0|20157.0|20182.0|0.0|1000.0|20000.0|1000.0|720.0|1800.0|0
28601|360000.0|2|1|2|50|-1|-1|-1|-1|-1|-1|11530.0|11753.0|0.0|2855.0|1730.0|0.0|11763.0|0.0|2855.0|1730.0|0.0|11150.0|0
26556|130000.0|2|1|2|29|-1|3|2|2|2|2|78.0|78.0|78.0|78.0|78.0|-121.0|0.0|0.0|0.0|0.0|0.0|0.0|0
11821|260000.0|2|2|1|34|-2|-2|-2|-2|-2|-2|0.0|0.0|0.0|167.0|-810.0|-810.0|0.0|0.0|167.0|810.0|0.0|3310.0|0
13378|50000.0|1|2|2|23|-1|-1|2|0|0|0|45708.0|48316.0|44070.0|45021.0|45145.0|46470.0|6000.0|0.0|2000.0|2000.0|3000.0|3600.0|0
7755|70000.0|2|1|1|29|0|0|0|0|0|0|68494.0|68532.0|69475.0|69582.0|69589.0|68728.0|3200.0|3300.0|3100.0|2800.0|2600.0|2940.0|0
12424|100000.0|2|2|2|29|-1|-1|-1|-1|-1|-1|3262.0|3262.0|326.0|6198.0|326.0|326.0|3262.0|326.0|6198.0|326.0|326.0|326.0|0
25805|230000.0|2|1|1|32|-2|-2|-2|-2|-2|-2|700.0|1428.0|600.0|0.0|0.0|0.0|1428.0|600.0|0.0|0.0|0.0|0.0|0
23233|20000.0|1|2|2|24|0|0|0|0|0|0|4091.0|5316.0|6467.0|7500.0|7497.0|8170.0|1300.0|1400.0|1300.0|270.0|795.0|0.0|0
11591|120000.0|1|2|2|25|1|2|2|2|2|0|63119.0|61304.0|54675.0|52206.0|10325.0|8992.0|2200.0|1828.0|500.0|0.0|500.0|1000.0|1
28393|180000.0|1|2|2|34|0|0|0|0|0|0|167604.0|162774.0|148961.0|78024.0|72989.0|75454.0|6949.0|6502.0|3022.0|3000.0|3022.0|2000.0|0
1943|50000.0|1|2|2|31|0|0|0|0|-1|-1|48640.0|49483.0|40850.0|0.0|800.0|400.0|2000.0|3000.0|0.0|400.0|20000.0|10000.0|0
15779|20000.0|2|3|2|40|0|0|0|0|0|-1|19088.0|13828.0|9290.0|6636.0|2941.0|642.0|1248.0|1200.0|1156.0|1000.0|700.0|4600.0|0
15707|230000.0|1|2|2|30|0|0|0|0|0|0|115141.0|101832.0|92396.0|84297.0|49681.0|46224.0|5028.0|5000.0|4000.0|2029.0|2000.0|2500.0|0
7173|150000.0|2|2|1|39|0|0|0|0|0|0|32891.0|30930.0|28901.0|27587.0|25531.0|26586.0|5000.0|1650.0|2000.0|2000.0|3000.0|2000.0|0
8925|290000.0|2|2|1|36|-2|-2|-2|-2|-2|-2|8909.0|8199.0|972.0|445.0|3589.0|6939.0|8300.0|972.0|455.0|3589.0|6939.0|10919.0|0
22504|340000.0|1|3|1|43|0|0|2|2|0|0|251135.0|268949.0|283400.0|277335.0|282890.0|304280.0|22000.0|20251.0|0.0|10176.0|26000.0|12000.0|0
23005|50000.0|2|3|1|61|0|0|0|0|0|2|20907.0|22236.0|23250.0|23564.0|30882.0|30242.0|1672.0|1686.0|1000.0|7764.0|0.0|1000.0|0
14354|350000.0|2|3|1|36|0|0|2|0|0|0|255751.0|275156.0|260963.0|261263.0|255566.0|254941.0|33010.0|0.0|11021.0|9200.0|8500.0|8300.0|0
7100|200000.0|2|2|2|36|1|2|2|2|2|2|73459.0|76308.0|78669.0|75995.0|79781.0|81533.0|4500.0|4000.0|0.0|5500.0|3000.0|0.0|0
29926|110000.0|1|2|1|35|0|0|0|0|0|0|112820.0|112134.0|110436.0|50175.0|50874.0|50730.0|4800.0|4108.0|4100.0|3000.0|1900.0|1800.0|0
19920|60000.0|2|2|2|22|0|0|-1|-1|0|0|11718.0|4878.0|18347.0|15707.0|18976.0|6355.0|1000.0|37325.0|20800.0|3500.0|1232.0|113.0|0
13062|100000.0|2|2|1|39|0|0|0|0|0|0|97040.0|65668.0|66046.0|66779.0|45833.0|46369.0|2617.0|2098.0|1916.0|1707.0|1732.0|1379.0|0
6791|30000.0|2|3|1|60|0|0|0|2|0|0|11575.0|12351.0|13505.0|12677.0|12995.0|13443.0|1600.0|2000.0|0.0|1000.0|1000.0|1000.0|0
837|150000.0|1|1|2|25|0|0|0|0|0|0|132684.0|128111.0|120509.0|74837.0|74391.0|66932.0|5713.0|12137.0|9005.0|2528.0|3119.0|2548.0|0
22605|50000.0|1|2|2|25|0|-1|-1|-1|-1|-1|1582.0|300.0|591.0|441.0|741.0|441.0|300.0|591.0|441.0|741.0|441.0|291.0|0
8609|60000.0|1|2|2|36|2|2|2|2|2|0|80709.0|76179.0|71219.0|67687.0|61691.0|57626.0|2300.0|2000.0|3000.0|0.0|3000.0|2000.0|0
13616|260000.0|2|3|2|33|1|-1|-1|-1|0|0|0.0|926.0|650.0|3562.0|3044.0|3044.0|926.0|650.0|3562.0|0.0|0.0|0.0|0
6073|230000.0|1|3|2|27|-2|-2|-2|-2|-2|-2|19200.0|10000.0|20176.0|10000.0|10000.0|10000.0|10000.0|20176.0|200.0|10000.0|10000.0|10000.0|0
10621|210000.0|2|1|2|34|-1|-1|-1|-1|-1|-1|1262.0|33414.0|1828.0|0.0|11854.0|30949.0|33414.0|1828.0|0.0|11854.0|30288.0|1460.0|1
29594|30000.0|2|3|3|40|-1|-1|-1|-1|-1|-1|29896.0|11158.0|18245.0|9714.0|28103.0|9207.0|11158.0|18245.0|9714.0|28112.0|9207.0|14379.0|0
3553|100000.0|2|3|1|35|0|0|0|0|0|0|79277.0|80928.0|81284.0|71748.0|67577.0|68217.0|3580.0|3439.0|2474.0|2400.0|2500.0|2523.0|0
19038|40000.0|1|2|2|29|0|0|2|0|0|2|20528.0|22973.0|22317.0|24047.0|26644.0|26079.0|3100.0|0.0|2100.0|3000.0|0.0|3000.0|0
19613|280000.0|1|3|1|39|-1|-1|-1|0|0|0|1466.0|1466.0|25482.0|24942.0|23944.0|23068.0|1473.0|25489.0|1348.0|816.0|934.0|20007.0|0
29874|410000.0|1|2|2|30|-2|-2|-2|-2|-2|-2|7011.0|9173.0|7259.0|8430.0|5130.0|5064.0|9222.0|8036.0|8542.0|5155.0|5089.0|18270.0|0
17405|20000.0|1|2|2|30|1|-2|-2|-1|-1|-2|-2610.0|390.0|0.0|780.0|0.0|0.0|3000.0|0.0|780.0|0.0|0.0|0.0|0
1304|270000.0|2|2|2|32|0|0|0|0|0|0|59710.0|49986.0|104390.0|94856.0|86461.0|83650.0|1808.0|69563.0|2891.0|2689.0|3012.0|2771.0|0
24980|10000.0|1|3|1|51|2|2|2|2|0|0|3577.0|6012.0|6066.0|5820.0|6026.0|7680.0|2500.0|300.0|0.0|300.0|1774.0|284.0|1
21677|180000.0|2|1|2|32|0|0|0|0|0|-1|17332.0|14579.0|17814.0|8260.0|9090.0|4441.0|4579.0|5000.0|2000.0|4110.0|4441.0|3549.0|0
1894|80000.0|2|5|1|25|0|0|0|0|0|0|75296.0|74792.0|75825.0|77454.0|78862.0|73442.0|4000.0|3400.0|4000.0|3349.0|2784.0|3000.0|0
28994|500000.0|2|1|2|32|0|0|0|0|0|0|253767.0|222365.0|207026.0|203513.0|202853.0|202404.0|10000.0|10000.0|7000.0|7000.0|6799.0|7000.0|0
6577|260000.0|2|2|1|40|0|0|-1|-1|0|-1|35211.0|43944.0|46957.0|45114.0|26114.0|46750.0|40000.0|48058.0|46000.0|26000.0|48000.0|33000.0|0
21500|80000.0|2|2|2|25|1|2|2|2|2|2|28789.0|31026.0|31401.0|31986.0|32468.0|31794.0|2998.0|1183.0|1400.0|1139.0|0.0|1178.0|0
9220|90000.0|2|3|1|47|2|2|2|0|0|0|92454.0|94156.0|91710.0|79884.0|49810.0|51012.0|4100.0|0.0|3424.0|1790.0|2012.0|1814.0|1
21559|30000.0|1|3|2|38|0|0|0|0|0|0|14095.0|15117.0|16130.0|16462.0|16808.0|17140.0|1255.0|1268.0|600.0|611.0|612.0|1000.0|0
19517|100000.0|2|3|1|33|0|0|2|0|0|2|32526.0|37106.0|36260.0|36995.0|39355.0|39982.0|5396.0|0.0|1285.0|2916.0|1368.0|0.0|0
21316|420000.0|1|2|1|37|-1|-1|0|0|0|0|3823.0|149793.0|56611.0|77406.0|79316.0|73995.0|150298.0|10617.0|25000.0|3034.0|3012.0|5012.0|0
13163|20000.0|2|1|2|24|-1|-1|-1|-1|-1|0|4687.0|9060.0|5064.0|14745.0|6805.0|6805.0|15000.0|6004.0|14776.0|10000.0|0.0|7436.0|0
13457|500000.0|1|1|1|47|1|-1|-1|-1|-1|-1|0.0|1200.0|163.0|1131.0|150.0|165.0|1200.0|163.0|1142.0|150.0|165.0|8530.0|0
29952|50000.0|2|1|2|23|0|0|0|2|2|2|15252.0|16885.0|18500.0|18864.0|19807.0|19407.0|2200.0|2200.0|1000.0|1500.0|0.0|3000.0|0
5475|260000.0|2|2|2|28|0|0|0|0|0|0|181121.0|167875.0|171913.0|169495.0|167944.0|166881.0|7013.0|10051.0|10026.0|7039.0|8057.0|10213.0|0
13906|310000.0|2|1|2|28|0|0|0|0|0|0|269832.0|261818.0|234621.0|242570.0|246073.0|248376.0|15327.0|10000.0|12000.0|9019.0|10024.0|15040.0|0
28516|50000.0|2|1|2|23|-1|0|0|0|0|0|15036.0|15790.0|18202.0|18601.0|19138.0|18319.0|1300.0|2701.0|700.0|847.0|655.0|700.0|0
22275|50000.0|2|2|2|41|0|0|0|0|0|0|39859.0|38781.0|26823.0|26799.0|26536.0|27093.0|1501.0|2003.0|1420.0|937.0|972.0|1007.0|0
3680|300000.0|2|2|2|39|-1|-1|-1|-1|-1|-1|6293.0|5483.0|990.0|990.0|990.0|990.0|5490.0|990.0|990.0|990.0|990.0|990.0|0
23008|50000.0|1|3|1|45|0|0|0|0|0|0|29875.0|15028.0|5639.0|6389.0|7130.0|7857.0|1700.0|1250.0|1000.0|1000.0|1000.0|1000.0|0
29507|100000.0|2|1|2|38|3|2|-1|-1|0|0|2156.0|1151.0|1151.0|35499.0|33051.0|36627.0|0.0|1151.0|35499.0|10000.0|6627.0|7000.0|0
21671|360000.0|1|2|2|31|0|0|0|0|0|0|34831.0|29791.0|19013.0|17929.0|20759.0|3436.0|5059.0|1383.0|2000.0|3030.0|2009.0|2018.0|0
12339|200000.0|1|2|2|36|0|0|0|0|-2|-2|193097.0|199873.0|205150.0|0.0|0.0|0.0|10000.0|10000.0|0.0|0.0|0.0|0.0|0
7219|240000.0|2|2|1|38|0|0|0|0|0|0|231990.0|202714.0|199711.0|203767.0|208015.0|220109.0|10028.0|7711.0|7767.0|8015.0|15829.0|9000.0|0
6608|210000.0|2|1|2|31|0|0|0|0|0|0|140839.0|119171.0|119680.0|118070.0|111841.0|111716.0|4500.0|6000.0|5102.0|5000.0|5000.0|4000.0|0
7346|330000.0|2|3|1|53|0|0|0|0|0|0|287021.0|191065.0|290451.0|192123.0|196860.0|-3140.0|6802.0|102428.0|4100.0|4937.0|3140.0|184036.0|0
27034|160000.0|2|2|1|30|0|0|0|-2|-2|-2|5331.0|6020.0|1194.0|694.0|1800.0|186.0|1153.0|1202.0|694.0|1800.0|186.0|3573.0|0
24574|50000.0|1|1|2|32|0|0|0|2|0|0|13185.0|5070.0|6815.0|6068.0|7798.0|8511.0|1255.0|2000.0|0.0|2000.0|1000.0|500.0|0
9038|50000.0|1|3|1|58|2|2|2|0|0|2|15899.0|18720.0|18122.0|18530.0|19089.0|18856.0|3400.0|0.0|1000.0|1001.0|634.0|638.0|0
4353|620000.0|2|1|2|52|-1|-1|-1|0|-1|-1|31400.0|32166.0|17206.0|164582.0|75743.0|54737.0|32335.0|17244.0|154826.0|76300.0|55012.0|55136.0|0
10193|50000.0|2|3|1|69|0|0|0|0|0|0|12196.0|13985.0|15750.0|17434.0|19220.0|17822.0|2000.0|2000.0|2000.0|2000.0|605.0|1000.0|0
12636|130000.0|2|1|2|30|2|0|0|2|0|0|112822.0|115526.0|123658.0|120259.0|121205.0|124778.0|4527.0|10122.0|1.0|4355.0|8918.0|0.0|1
25655|50000.0|2|2|2|24|0|0|2|0|-1|0|16691.0|15412.0|12420.0|13156.0|28315.0|28908.0|3500.0|0.0|1329.0|29328.0|1049.0|1186.0|0
12589|20000.0|2|2|1|28|2|-1|-1|-1|-1|-1|390.0|390.0|390.0|390.0|390.0|0.0|390.0|390.0|390.0|390.0|0.0|780.0|1
23487|110000.0|2|3|1|43|0|0|0|0|0|0|48796.0|49371.0|19413.0|20204.0|16627.0|14980.0|2350.0|1392.0|1183.0|511.0|1151.0|482.0|0
6787|20000.0|2|2|1|25|-1|-1|-1|-1|-1|-1|3454.0|6875.0|13936.0|2816.0|7419.0|165.0|6885.0|14523.0|2816.0|7419.0|0.0|16963.0|1
28471|80000.0|2|3|1|38|0|0|0|-2|-2|-2|39604.0|10635.0|0.0|0.0|0.0|0.0|1000.0|0.0|0.0|0.0|0.0|0.0|1
20863|130000.0|1|1|2|46|0|0|0|0|0|0|110766.0|114977.0|120976.0|40177.0|41529.0|43734.0|6000.0|9000.0|2000.0|2000.0|3000.0|4000.0|1
22247|120000.0|1|1|2|27|0|0|0|0|0|0|20874.0|21930.0|22165.0|20502.0|19030.0|15119.0|1700.0|1500.0|700.0|1000.0|1000.0|1000.0|0
13281|80000.0|2|1|2|25|2|0|0|0|0|0|69614.0|68836.0|69714.0|57318.0|46921.0|41072.0|3238.0|3103.0|3000.0|1800.0|1500.0|1700.0|1
6669|180000.0|1|1|2|28|-2|-2|-2|-2|-2|-2|2566.0|7255.0|24974.0|25256.0|29627.0|17765.0|7255.0|25043.0|25256.0|29627.0|17765.0|6932.0|0
9359|50000.0|2|3|2|27|1|2|2|2|0|0|18019.0|9946.0|10319.0|8603.0|7298.0|6709.0|5559.0|2446.0|0.0|260.0|1000.0|1214.0|0
28791|400000.0|1|1|2|48|0|0|0|0|0|0|112789.0|115910.0|120657.0|122338.0|124145.0|113477.0|5000.0|6624.0|5200.0|3826.0|3363.0|3398.0|0
17722|90000.0|1|2|1|37|1|2|2|2|2|0|9549.0|9257.0|11983.0|12065.0|11731.0|11809.0|0.0|3200.0|572.0|0.0|422.0|437.0|0
16900|480000.0|2|1|1|52|-2|-2|-2|-2|-2|-2|105286.0|86619.0|18802.0|34863.0|73914.0|47938.0|87170.0|18802.0|34874.0|73921.0|47938.0|56447.0|0
11923|10000.0|1|2|1|28|0|0|0|0|0|0|1474.0|2641.0|3745.0|4642.0|5642.0|6342.0|1196.0|1300.0|1000.0|1000.0|700.0|1208.0|0
1006|300000.0|1|1|2|30|0|0|0|0|-1|-1|185327.0|29446.0|21689.0|12500.0|12500.0|12500.0|1500.0|5000.0|3500.0|12500.0|12500.0|12500.0|0
28450|160000.0|2|2|1|63|1|-2|-1|-1|-1|-1|-2.0|-2.0|2647.0|1210.0|0.0|1886.0|0.0|2649.0|1210.0|0.0|1886.0|491.0|0
21874|100000.0|2|1|2|28|0|0|0|0|-1|0|4864.0|9089.0|13534.0|16158.0|6700.0|7730.0|5800.0|6000.0|4375.0|6700.0|3000.0|0.0|0
15213|30000.0|2|2|2|24|0|0|0|2|0|0|18220.0|20606.0|22880.0|22217.0|23694.0|24151.0|3000.0|2620.0|0.0|2000.0|1000.0|1000.0|0
444|500000.0|2|2|1|46|-1|-1|-1|0|0|0|886.0|21803.0|90182.0|79310.0|68380.0|58772.0|21831.0|90182.0|2500.0|2380.0|2772.0|3000.0|0
26433|20000.0|1|2|1|37|0|0|0|0|2|0|17214.0|9633.0|10944.0|11280.0|11011.0|7755.0|2248.0|1500.0|757.0|0.0|430.0|1000.0|0
23281|420000.0|2|1|1|39|0|0|0|0|0|0|304964.0|312224.0|315822.0|275393.0|278745.0|244543.0|14000.0|11230.0|10000.0|8091.0|6965.0|6362.0|0
7646|450000.0|2|2|2|35|1|2|0|0|0|0|347994.0|311267.0|365723.0|370496.0|374405.0|373155.0|0.0|90000.0|14011.0|14029.0|14052.0|14000.0|0
28860|50000.0|2|2|1|41|2|2|2|2|2|0|17028.0|20543.0|21919.0|20828.0|20272.0|18816.0|3828.0|2000.0|600.0|0.0|637.0|700.0|1
341|50000.0|2|2|1|33|0|0|0|0|0|0|34065.0|35422.0|32612.0|31842.0|27438.0|26127.0|3000.0|2011.0|1402.0|3089.0|3482.0|5000.0|0
26281|50000.0|1|2|2|30|2|2|2|2|2|2|21839.0|22771.0|23700.0|24016.0|23332.0|24849.0|1600.0|1600.0|1000.0|0.0|1896.0|0.0|1
14194|20000.0|1|2|2|32|0|0|-1|0|0|0|18472.0|19968.0|17199.0|18367.0|18130.0|18500.0|2000.0|17199.0|1600.0|363.0|370.0|1500.0|0
1602|240000.0|2|1|1|37|-1|-1|-2|-2|-2|-2|317.0|0.0|0.0|0.0|0.0|0.0|0.0|0.0|0.0|0.0|0.0|0.0|0
7155|200000.0|1|2|2|34|-2|-2|-1|0|-1|-1|541.0|-59.0|6817.0|7756.0|8835.0|13129.0|59.0|6876.0|1009.0|8837.0|13129.0|12184.0|0
25191|180000.0|1|2|1|30|-1|-1|-1|-1|0|-1|375.0|375.0|375.0|750.0|375.0|399.0|375.0|375.0|750.0|0.0|399.0|399.0|1
16551|440000.0|2|5|2|29|0|0|0|0|0|0|217407.0|219860.0|265058.0|142132.0|92400.0|0.0|8005.0|50000.0|7000.0|9000.0|0.0|1058.0|0
13753|360000.0|1|1|2|38|-1|-1|-1|-1|-1|-1|1800.0|2410.0|2722.0|2961.0|2669.0|2054.0|2413.0|2738.0|2969.0|2677.0|2060.0|2071.0|0
23006|20000.0|2|3|2|22|0|0|0|0|-1|-1|14562.0|5991.0|6870.0|0.0|2734.0|0.0|1121.0|1000.0|0.0|1367.0|0.0|0.0|0
6543|30000.0|2|3|1|67|2|2|2|0|0|0|27943.0|30734.0|28092.0|29112.0|29555.0|28536.0|3580.0|0.0|1800.0|1200.0|1083.0|1200.0|0
5415|150000.0|1|1|2|32|0|0|2|2|2|0|52582.0|57496.0|55705.0|57210.0|57084.0|13194.0|6395.0|0.0|2100.0|222.0|1000.0|650.0|1
25259|170000.0|1|1|2|37|-1|-1|-1|-1|-1|-1|4334.0|1343.0|1078.0|1392.0|1606.0|9955.0|1343.0|1078.0|1392.0|1606.0|9955.0|4382.0|1
24484|50000.0|2|1|2|26|-1|-1|-1|-1|-1|-1|651.0|651.0|1072.0|1713.0|651.0|646.0|651.0|1072.0|1713.0|651.0|646.0|651.0|1
9463|360000.0|2|1|2|30|-2|-2|-2|-2|-2|-2|-28.0|-28.0|1072.0|1980.0|10780.0|2036.0|0.0|1100.0|2025.0|10819.0|2110.0|5600.0|0
25683|50000.0|1|2|1|38|2|0|0|2|2|2|27686.0|28436.0|31051.0|31542.0|32185.0|32900.0|1500.0|3100.0|1300.0|1300.0|1400.0|1300.0|1
16074|50000.0|2|1|2|42|-1|-1|-2|-2|-2|-1|1618.0|0.0|0.0|0.0|0.0|3702.0|0.0|0.0|0.0|0.0|3702.0|4817.0|0
7842|210000.0|2|2|1|43|-1|-1|-1|-1|-1|-1|3088.0|5045.0|8024.0|1292.0|1000.0|3340.0|5056.0|8042.0|1292.0|1000.0|3340.0|7941.0|0
26291|140000.0|2|2|1|29|0|0|0|0|0|0|129289.0|90352.0|85052.0|65758.0|46847.0|39777.0|3713.0|3546.0|2589.0|1960.0|1733.0|1379.0|0
8875|80000.0|2|3|1|44|-1|-1|-1|-1|-1|-1|817.0|1131.0|817.0|1907.0|1962.0|1865.0|1131.0|1000.0|1907.0|2000.0|2000.0|700.0|0
1146|200000.0|2|2|2|34|0|0|0|-1|-1|-1|205362.0|177755.0|3455.0|1078.0|1598.0|171700.0|5504.0|1526.0|1078.0|1598.0|173026.0|6000.0|0
28487|50000.0|2|1|2|24|-1|-1|-1|-1|-1|-1|1354.0|1050.0|-1.0|7999.0|-66.0|6784.0|1054.0|0.0|8000.0|0.0|6850.0|11000.0|1
24642|20000.0|1|2|2|49|0|0|0|0|0|0|16326.0|17497.0|18456.0|18424.0|18800.0|10000.0|1441.0|1400.0|368.0|376.0|200.0|0.0|0
17558|500000.0|1|1|1|51|-1|-1|-1|-1|-1|0|8030.0|13156.0|12724.0|12873.0|24010.0|27089.0|13156.0|12724.0|12873.0|24010.0|15000.0|20000.0|0
2852|370000.0|1|2|1|55|0|0|0|0|0|0|360546.0|369909.0|370605.0|366054.0|310869.0|311284.0|15901.0|13603.0|13500.0|11014.0|12024.0|16027.0|0
17192|500000.0|2|1|1|35|-1|-1|-1|-1|0|0|416.0|258.0|1563.0|21557.0|14802.0|19552.0|258.0|1563.0|21557.0|1000.0|8000.0|23762.0|0
21900|60000.0|1|2|1|35|0|0|0|2|2|2|10560.0|11312.0|13050.0|12578.0|14008.0|13179.0|1200.0|1900.0|0.0|1600.0|0.0|500.0|1
8090|200000.0|1|2|2|30|-1|-1|-1|-1|-1|-1|416.0|416.0|416.0|416.0|416.0|0.0|416.0|416.0|416.0|416.0|0.0|832.0|0
15105|130000.0|1|1|2|32|-1|-1|-1|-2|-2|-1|32236.0|41510.0|-1523.0|-1523.0|-1523.0|48477.0|10000.0|0.0|0.0|0.0|50000.0|5000.0|0
18536|140000.0|2|3|2|53|0|0|0|0|0|0|142270.0|144418.0|143728.0|125158.0|93998.0|91229.0|5357.0|5829.0|6240.0|3500.0|3500.0|4000.0|0
9357|90000.0|1|2|2|25|0|0|0|0|0|0|79938.0|67857.0|66929.0|67797.0|47739.0|48163.0|3000.0|3000.0|3000.0|3000.0|2000.0|2000.0|0
28767|20000.0|2|2|2|53|4|4|3|3|2|2|18396.0|17826.0|18547.0|19118.0|18679.0|19812.0|0.0|1300.0|1170.0|0.0|1600.0|0.0|0
18074|30000.0|2|1|2|24|-1|-1|-1|-1|-1|-1|3055.0|18392.0|640.0|0.0|2583.0|4653.0|18407.0|640.0|0.0|2583.0|4653.0|2583.0|0
24357|30000.0|1|1|2|35|2|2|2|2|2|2|14489.0|15460.0|15514.0|14968.0|16026.0|15619.0|1500.0|600.0|0.0|1300.0|0.0|1300.0|0
20749|220000.0|2|2|1|35|0|0|0|0|0|0|100252.0|102510.0|107102.0|27361.0|29340.0|33933.0|3500.0|6000.0|3000.0|2340.0|5000.0|2000.0|0
28970|20000.0|2|2|1|35|1|2|2|3|2|0|18648.0|18061.0|21034.0|20419.0|19289.0|19600.0|0.0|3292.0|0.0|0.0|781.0|701.0|1
27308|20000.0|1|2|1|40|1|2|2|0|0|0|15919.0|16939.0|16374.0|16604.0|16837.0|17357.0|1570.0|0.0|800.0|650.0|800.0|1000.0|0
470|450000.0|2|1|2|36|1|-2|-1|-1|-2|-2|-44.0|10223.0|200.0|0.0|0.0|0.0|10267.0|200.0|0.0|0.0|0.0|0.0|0
26852|250000.0|1|1|1|37|-2|-2|-2|-2|-1|-1|-207.0|-207.0|-207.0|-207.0|11361.0|700.0|0.0|0.0|0.0|11568.0|700.0|0.0|0
15628|120000.0|2|1|2|26|1|2|2|0|0|0|3730.0|5006.0|4782.0|6041.0|6784.0|6826.0|1500.0|0.0|1500.0|1000.0|300.0|406.0|0
20804|250000.0|1|1|1|34|0|0|0|0|0|0|279640.0|252913.0|243075.0|245750.0|175005.0|179687.0|65000.0|8800.0|9011.0|6000.0|7000.0|6009.0|0
17997|220000.0|2|2|2|47|0|0|0|0|0|0|103078.0|111729.0|115173.0|116513.0|119370.0|121516.0|10000.0|6500.0|5000.0|5000.0|5000.0|5000.0|0
15024|10000.0|1|1|3|46|0|0|0|0|0|0|6772.0|7790.0|8799.0|8974.0|9162.0|9375.0|1128.0|1137.0|312.0|323.0|356.0|268.0|1
19480|360000.0|1|2|1|41|1|-2|-2|-2|-2|-2|0.0|0.0|0.0|0.0|0.0|0.0|0.0|0.0|0.0|0.0|0.0|0.0|1
4989|130000.0|2|3|1|40|0|0|-2|-2|-2|-2|102650.0|0.0|0.0|0.0|0.0|0.0|0.0|0.0|0.0|0.0|0.0|0.0|0
18833|70000.0|2|3|2|40|0|0|2|0|0|0|12924.0|14615.0|14692.0|14784.0|15175.0|16360.0|2600.0|1000.0|1000.0|1000.0|2000.0|2000.0|0
28930|20000.0|1|2|2|28|1|2|2|2|0|0|15764.0|15718.0|17164.0|16594.0|18158.0|19554.0|500.0|2000.0|0.0|2000.0|1700.0|0.0|0
4526|100000.0|2|3|2|48|-2|-2|-2|-2|-2|-2|2422.0|894.0|0.0|0.0|1639.0|923.0|894.0|0.0|0.0|1639.0|923.0|0.0|0
27262|30000.0|2|2|1|53|0|0|0|0|0|2|14495.0|15447.0|16390.0|17717.0|19420.0|18970.0|1500.0|1500.0|1600.0|2000.0|0.0|1500.0|1
889|60000.0|2|1|2|24|-1|-1|-1|-1|-1|-1|6686.0|1049.0|14020.0|4880.0|2034.0|978.0|1049.0|14020.0|4880.0|2233.0|2968.0|8067.0|0
5957|180000.0|2|2|1|33|-1|-1|-1|-1|-1|-1|3490.0|0.0|1112.0|10383.0|1980.0|2672.0|0.0|1112.0|10383.0|1980.0|2672.0|2197.0|0
18698|330000.0|1|2|1|48|-2|-2|-2|-2|-2|-2|6051.0|8346.0|8952.0|2732.0|2732.0|2732.0|8387.0|8996.0|2745.0|2745.0|2745.0|2734.0|0
26876|140000.0|2|2|2|24|-1|-1|-2|-1|-1|-2|197.0|0.0|0.0|233.0|0.0|0.0|0.0|0.0|233.0|0.0|0.0|0.0|0
28085|70000.0|2|2|1|32|0|0|0|0|0|0|67417.0|63334.0|61578.0|63061.0|64403.0|64948.0|2303.0|2400.0|2500.0|2500.0|2300.0|2400.0|0
14512|200000.0|2|1|1|36|1|-2|-2|-2|-2|-2|0.0|0.0|0.0|0.0|0.0|0.0|0.0|0.0|0.0|0.0|0.0|0.0|0
26511|30000.0|2|2|1|26|2|2|2|2|2|2|30954.0|30670.0|29856.0|30584.0|27883.0|29334.0|2074.0|0.0|2304.0|0.0|2400.0|0.0|0
26521|60000.0|2|1|2|25|-1|-1|-1|-1|-2|-1|1507.0|0.0|11305.0|0.0|0.0|300.0|0.0|11305.0|0.0|0.0|300.0|0.0|0
19329|120000.0|2|1|2|34|1|-2|-2|-2|-2|-2|0.0|0.0|0.0|0.0|0.0|0.0|0.0|0.0|0.0|0.0|0.0|0.0|0
26360|30000.0|2|3|2|52|3|2|2|2|2|2|26494.0|26675.0|29111.0|28325.0|28840.0|5450.0|900.0|3974.0|0.0|600.0|0.0|0.0|1
29698|300000.0|1|1|2|55|-2|-2|-2|-2|-2|-2|390.0|601.0|4247.0|5484.0|5125.0|1752.0|601.0|4285.0|5500.0|5151.0|1757.0|12918.0|1
4421|210000.0|2|2|1|39|-1|-1|-1|0|0|-1|836.0|4247.0|17162.0|12949.0|12023.0|7324.0|4278.0|17213.0|6015.0|2083.0|7360.0|12142.0|0
8391|240000.0|2|2|1|35|-1|2|-1|-1|-1|-1|528.0|264.0|264.0|264.0|264.0|414.0|0.0|264.0|264.0|264.0|414.0|264.0|1
26163|250000.0|2|1|1|31|-1|-1|-1|-1|-1|-1|2198.0|7404.0|3186.0|5161.0|0.0|13714.0|7404.0|3186.0|5161.0|0.0|13714.0|3224.0|0
12703|200000.0|2|3|1|29|1|-2|-1|-1|-1|-1|0.0|0.0|1000.0|34614.0|749.0|0.0|0.0|1000.0|34614.0|749.0|0.0|0.0|0
29636|370000.0|1|2|2|33|0|0|0|2|0|0|72322.0|74758.0|78423.0|81017.0|81698.0|83562.0|4252.0|5500.0|4500.0|2926.0|3182.0|3043.0|0
11385|70000.0|2|1|2|38|0|0|0|0|0|0|63455.0|54722.0|56062.0|82305.0|42308.0|40507.0|2057.0|2322.0|1631.0|2942.0|1783.0|1723.0|0
20425|420000.0|1|1|2|34|0|0|0|0|0|0|131939.0|136721.0|140011.0|141695.0|144839.0|147954.0|7000.0|7000.0|5500.0|5500.0|5600.0|5000.0|0
1390|160000.0|2|2|2|44|1|-2|-1|-1|-1|-1|-4.0|-4.0|3454.0|0.0|3312.0|0.0|0.0|3458.0|0.0|3312.0|0.0|0.0|0
12195|500000.0|2|2|2|23|4|3|2|0|0|0|507726.0|509229.0|499936.0|505507.0|484612.0|419643.0|10000.0|0.0|14000.0|16500.0|16000.0|19000.0|1
13874|260000.0|2|1|1|38|0|0|0|0|0|0|256359.0|208852.0|192782.0|189886.0|196398.0|194568.0|10027.0|10107.0|20000.0|10000.0|10000.0|10000.0|0
2079|50000.0|1|2|1|52|2|0|0|0|0|-1|27548.0|28578.0|29660.0|30600.0|-300.0|9037.0|1478.0|1560.0|1500.0|0.0|9337.0|323.0|1
21529|320000.0|2|1|1|45|1|-2|-2|-1|-1|-1|0.0|0.0|0.0|370.0|9301.0|0.0|0.0|0.0|370.0|9301.0|0.0|0.0|0
4184|300000.0|1|3|1|56|-2|-2|-2|-2|-2|-2|0.0|0.0|0.0|0.0|0.0|0.0|0.0|0.0|0.0|0.0|0.0|0.0|1
1888|180000.0|2|1|2|34|-1|-1|-2|-2|-2|-2|1599.0|0.0|0.0|0.0|0.0|0.0|0.0|0.0|0.0|0.0|0.0|0.0|0
6888|170000.0|2|3|1|37|1|2|0|0|0|0|33039.0|30336.0|30826.0|31996.0|33676.0|25301.0|3.0|2008.0|5000.0|2037.0|2029.0|2008.0|0
21403|140000.0|2|3|2|26|0|0|0|0|0|0|33236.0|32971.0|31206.0|31730.0|30535.0|28301.0|1785.0|2012.0|1536.0|837.0|989.0|782.0|0
4220|50000.0|2|3|1|44|0|0|0|0|0|0|45858.0|46315.0|47435.0|48290.0|49257.0|49345.0|2000.0|1865.0|1720.0|1687.0|1732.0|2007.0|0
22432|50000.0|1|3|2|41|0|0|2|-1|0|0|48238.0|35194.0|9802.0|26781.0|28542.0|29235.0|4866.0|126.0|58542.0|3032.0|2000.0|2000.0|0
24907|290000.0|2|2|2|26|0|0|0|0|0|0|81022.0|59327.0|102180.0|58554.0|59358.0|45266.0|2121.0|48345.0|1689.0|1516.0|1240.0|1211.0|0
12509|20000.0|2|2|2|21|1|3|2|2|-1|-1|21003.0|20260.0|9686.0|0.0|6884.0|0.0|39.0|0.0|5000.0|13749.0|0.0|0.0|1
2317|310000.0|2|1|2|32|1|-2|-1|0|0|-2|0.0|0.0|326.0|326.0|-235.0|-235.0|0.0|326.0|0.0|0.0|0.0|1200.0|0
29480|20000.0|1|3|1|51|0|0|0|0|0|0|14962.0|17580.0|19748.0|19290.0|21000.0|0.0|2890.0|2458.0|1000.0|210.0|0.0|0.0|0
2776|160000.0|2|1|2|26|-1|-1|-1|0|0|0|2659.0|3859.0|10709.0|8677.0|4318.0|2659.0|3859.0|10709.0|1000.0|100.0|1000.0|2856.0|0
25759|450000.0|1|1|3|37|-2|-2|-2|-2|-2|-2|324.0|302.0|5018.0|317.0|1614.0|324.0|303.0|5041.0|1.0|1622.0|325.0|316.0|0
4587|80000.0|2|2|1|30|1|2|0|0|0|0|82891.0|80997.0|81380.0|75374.0|77158.0|78710.0|0.0|3299.0|2699.0|3000.0|2987.0|3100.0|0
29896|180000.0|2|1|2|27|1|-1|-1|-1|-1|-2|0.0|1530.0|0.0|1610.0|0.0|0.0|1530.0|0.0|1610.0|0.0|0.0|0.0|0
24188|30000.0|1|1|2|28|0|0|0|0|2|0|23837.0|24948.0|25611.0|29245.0|28686.0|26549.0|1800.0|1400.0|4000.0|0.0|2631.0|500.0|0
17199|60000.0|2|3|1|43|2|2|-2|-2|-2|-1|4703.0|0.0|0.0|0.0|0.0|992.0|0.0|0.0|0.0|0.0|992.0|14000.0|1
7178|370000.0|2|6|1|48|0|0|0|0|0|0|250264.0|252955.0|254111.0|257816.0|255491.0|255320.0|10004.0|9498.0|10827.0|9002.0|9040.0|9004.0|0
16413|90000.0|2|1|2|29|0|0|0|0|0|0|84515.0|85777.0|86778.0|79424.0|78955.0|45916.0|4200.0|4000.0|3100.0|2000.0|3000.0|3000.0|0
23479|180000.0|1|2|2|27|0|0|0|0|0|0|134168.0|120734.0|124730.0|120423.0|113901.0|114077.0|4345.0|5966.0|4250.0|4200.0|4200.0|4200.0|0
29530|50000.0|1|2|2|23|0|0|-1|-1|-2|-2|30101.0|0.0|780.0|0.0|0.0|0.0|434.0|780.0|0.0|0.0|0.0|0.0|0
5854|20000.0|1|2|1|51|0|0|-2|-2|-2|-2|10400.0|0.0|0.0|0.0|0.0|0.0|0.0|0.0|0.0|0.0|0.0|0.0|1
28281|100000.0|1|2|2|35|2|2|2|0|0|2|24524.0|27313.0|26580.0|26840.0|28810.0|28966.0|3500.0|0.0|1000.0|2400.0|780.0|2400.0|0
14647|40000.0|2|2|2|23|2|2|2|0|0|0|33313.0|34086.0|33239.0|33938.0|34694.0|35389.0|1600.0|0.0|1250.0|1300.0|1270.0|2800.0|1
11395|30000.0|1|2|1|23|-1|-1|-1|-1|-1|-1|390.0|390.0|390.0|0.0|780.0|0.0|390.0|390.0|0.0|780.0|0.0|0.0|0
25329|210000.0|2|1|1|23|-2|-2|-2|-1|0|0|0.0|0.0|0.0|29337.0|30362.0|31356.0|0.0|0.0|29337.0|1500.0|1500.0|1500.0|1
22167|180000.0|1|1|2|27|0|0|0|0|0|0|29735.0|24414.0|18300.0|16908.0|37319.0|34978.0|19000.0|5000.0|10009.0|22000.0|20000.0|15000.0|0
20685|360000.0|2|2|2|34|1|-2|-2|-2|-2|-2|0.0|0.0|0.0|0.0|0.0|0.0|0.0|0.0|0.0|0.0|0.0|0.0|1
12260|100000.0|2|1|2|33|-2|-2|-2|-2|-2|-2|3417.0|7366.0|12146.0|752.0|5931.0|7855.0|7400.0|12146.0|752.0|5931.0|7855.0|3966.0|0
20013|10000.0|2|1|1|37|0|0|-2|-2|-2|-2|5300.0|0.0|0.0|0.0|0.0|0.0|0.0|0.0|0.0|0.0|0.0|0.0|0
5972|400000.0|2|2|1|43|0|0|0|0|0|0|398711.0|407664.0|186081.0|189987.0|193824.0|201699.0|17000.0|7000.0|7000.0|7000.0|11000.0|10000.0|0
6535|110000.0|2|2|1|43|0|0|0|0|0|0|45021.0|45782.0|46187.0|47105.0|45253.0|46144.0|2100.0|1800.0|1638.0|1490.0|1957.0|2000.0|0
9650|130000.0|2|1|2|27|-1|0|0|0|0|0|19486.0|52960.0|26491.0|19038.0|22297.0|25986.0|35000.0|10048.0|8000.0|5000.0|6000.0|8000.0|0
12072|80000.0|2|1|2|23|1|2|0|0|2|2|80461.0|78259.0|66068.0|50748.0|51490.0|50626.0|37.0|2122.0|3600.0|1600.0|18.0|1800.0|1
17819|290000.0|1|3|1|50|0|0|0|0|-1|0|62381.0|32320.0|22528.0|10502.0|82823.0|52624.0|1778.0|1565.0|212.0|82902.0|2008.0|1177.0|0
25469|180000.0|1|1|1|44|-2|-2|-2|-2|-2|-2|14787.0|12222.0|16564.0|15047.0|17884.0|13630.0|12898.0|17266.0|15053.0|17884.0|13630.0|15463.0|0
1893|70000.0|2|2|1|27|0|0|2|2|2|2|68425.0|71783.0|72616.0|68201.0|50995.0|48822.0|6800.0|3100.0|15.0|3850.0|0.0|1800.0|0
20559|110000.0|1|1|2|30|0|0|0|0|0|0|110800.0|112008.0|96347.0|49506.0|49142.0|49251.0|4404.0|2826.0|1880.0|1805.0|2182.0|2000.0|0
14507|360000.0|2|2|2|34|-2|-2|-2|-2|-2|-2|724.0|1232.0|291.0|776.0|0.0|312.0|1232.0|291.0|776.0|0.0|312.0|576.0|0
22817|120000.0|2|3|2|50|0|-1|0|0|0|0|149540.0|118675.0|120047.0|100637.0|79613.0|79286.0|125000.0|4065.0|4000.0|3000.0|3000.0|3000.0|1
472|140000.0|1|1|2|29|0|0|0|0|0|0|142087.0|255846.0|140057.0|100177.0|100873.0|98363.0|5528.0|4500.0|3500.0|4000.0|4000.0|4000.0|0
26800|170000.0|2|1|2|29|-1|0|0|-2|-2|-2|1000.0|6000.0|0.0|0.0|0.0|0.0|5000.0|0.0|0.0|0.0|0.0|0.0|0
20199|450000.0|2|1|1|33|1|-1|2|0|0|-1|621.0|11368.0|2370.0|2823.0|2243.0|4322.0|11420.0|0.0|2243.0|0.0|4322.0|0.0|0
20478|30000.0|2|2|1|36|2|3|2|2|0|0|28778.0|28039.0|28286.0|27533.0|28189.0|28805.0|0.0|1000.0|0.0|1100.0|1100.0|1500.0|1
4232|320000.0|2|3|1|44|1|-1|2|2|-1|-1|-1.0|507.0|507.0|-900.0|3750.0|3216.0|508.0|0.0|0.0|5330.0|3216.0|2041.0|0
12443|210000.0|2|2|1|47|0|0|0|0|0|0|17952.0|18894.0|20296.0|21704.0|24086.0|26414.0|1500.0|2000.0|2000.0|3000.0|3000.0|1000.0|0
49|460000.0|1|2|1|52|0|0|0|0|0|0|177520.0|174746.0|168279.0|171579.0|163450.0|160547.0|8000.0|9000.0|8154.0|6000.0|6000.0|6000.0|0
26449|50000.0|2|3|3|23|1|2|0|0|0|0|50614.0|29173.0|28116.0|28771.0|29531.0|30211.0|0.0|1500.0|1100.0|1200.0|1300.0|1100.0|0
20785|440000.0|1|3|1|38|2|-1|2|-1|-1|-1|775.0|1550.0|775.0|775.0|925.0|775.0|1551.0|1.0|776.0|926.0|776.0|776.0|1
25500|160000.0|1|2|1|43|0|0|0|0|0|0|69554.0|72390.0|75521.0|78987.0|80891.0|62113.0|4000.0|5000.0|10000.0|4000.0|3000.0|6000.0|0
29514|200000.0|1|1|2|52|0|0|0|0|0|0|115702.0|113576.0|109812.0|104567.0|100541.0|96495.0|5517.0|5381.0|3838.0|3589.0|3397.0|3296.0|0
19662|80000.0|2|2|1|28|1|-2|-1|-1|-1|0|0.0|146.0|1000.0|2525.0|1498.0|499.0|146.0|1006.0|2525.0|1504.0|1.0|649.0|0
14721|40000.0|1|2|1|44|2|2|2|2|2|2|24262.0|26640.0|25927.0|28184.0|28723.0|28125.0|3100.0|0.0|2700.0|1300.0|0.0|2500.0|1
3302|500000.0|2|2|1|38|0|0|0|0|0|0|242546.0|184601.0|189136.0|172674.0|20253.0|29576.0|7000.0|8000.0|9000.0|791.0|10000.0|7000.0|0
29752|50000.0|1|2|2|39|3|2|0|0|0|0|51998.0|50821.0|46892.0|33936.0|9225.0|9264.0|0.0|2343.0|1548.0|476.0|336.0|348.0|0
2397|80000.0|2|2|1|47|0|0|-1|-1|-2|-2|4762.0|3235.0|1970.0|0.0|0.0|0.0|1000.0|1970.0|0.0|0.0|0.0|0.0|0
15771|80000.0|2|2|1|26|0|0|-1|-1|-1|-2|40216.0|10400.0|10935.0|2318.0|-711.0|-708.0|1400.0|10935.0|2324.0|707.0|3.0|45906.0|0
23837|50000.0|2|2|2|22|0|0|0|0|0|0|28544.0|28681.0|23306.0|16282.0|9451.0|9408.0|1450.0|1400.0|1300.0|400.0|400.0|400.0|0
9511|500000.0|2|1|2|30|0|0|0|0|0|0|137243.0|129722.0|128006.0|125294.0|92276.0|96112.0|5000.0|5116.0|5000.0|5000.0|5000.0|5000.0|0
22274|150000.0|2|2|2|24|-2|-2|-2|-2|-2|-2|1563.0|5689.0|490.0|0.0|2893.0|0.0|5689.0|494.0|0.0|2893.0|0.0|499.0|0
21620|500000.0|1|1|2|32|0|0|0|0|0|0|208603.0|211340.0|166739.0|166464.0|168722.0|170299.0|8444.0|8009.0|5301.0|5220.0|5419.0|5313.0|0
13458|70000.0|2|2|1|37|0|0|0|0|2|0|66447.0|66759.0|68200.0|72972.0|71248.0|50610.0|2391.0|2518.0|5950.0|0.0|1782.0|1985.0|1
22747|270000.0|2|2|1|33|0|0|0|0|0|0|121065.0|96197.0|92217.0|94082.0|96367.0|97793.0|3500.0|3349.0|3400.0|3800.0|3300.0|2601.0|1
23920|60000.0|2|3|1|34|0|0|0|2|0|0|9928.0|11261.0|12853.0|12352.0|12703.0|13338.0|1500.0|2090.0|0.0|700.0|1000.0|1400.0|1
14815|50000.0|2|2|2|22|0|0|0|0|0|0|49619.0|50629.0|50778.0|48261.0|28768.0|29370.0|1836.0|1985.0|1468.0|1175.0|1214.0|1232.0|0
25230|50000.0|1|1|2|34|1|2|2|2|2|2|48212.0|49207.0|49914.0|48382.0|50693.0|50364.0|2500.0|2200.0|0.0|3800.0|1000.0|1500.0|0
1537|220000.0|1|2|1|49|0|0|0|0|0|0|153880.0|143020.0|117567.0|153069.0|153045.0|144529.0|6300.0|4500.0|37486.0|6000.0|5200.0|5002.0|0
10051|30000.0|2|2|1|38|3|2|0|0|0|-1|3379.0|1715.0|1170.0|780.0|390.0|150.0|0.0|1100.0|0.0|0.0|150.0|780.0|0
25999|30000.0|2|3|1|29|-1|-1|-1|0|0|0|3489.0|14926.0|9937.0|8027.0|14709.0|7483.0|14969.0|9942.0|10.0|10022.0|384.0|0.0|0
3757|150000.0|1|1|2|28|-2|-2|-2|-2|-2|-2|0.0|0.0|0.0|0.0|0.0|0.0|0.0|0.0|0.0|0.0|0.0|0.0|0
9851|170000.0|1|2|2|34|-1|-1|-1|-1|-1|-1|2806.0|326.0|676.0|326.0|326.0|326.0|652.0|676.0|326.0|326.0|326.0|1722.0|1
22092|60000.0|1|2|1|47|0|0|0|0|0|2|29324.0|30333.0|31835.0|33602.0|38127.0|37382.0|1500.0|2000.0|2300.0|5100.0|0.0|2000.0|1
10173|320000.0|2|1|2|33|-1|-1|2|0|0|-1|368.0|10038.0|8434.0|7061.0|1289.0|365.0|10550.0|0.0|0.0|0.0|365.0|12110.0|0
23423|150000.0|2|2|1|40|-1|0|0|0|0|0|4083.0|10193.0|12620.0|13027.0|17760.0|83146.0|6248.0|4620.0|3027.0|7050.0|75415.0|6056.0|0
11863|280000.0|2|1|2|34|-1|2|2|-2|-1|-1|8719.0|844.0|0.0|0.0|1000.0|0.0|0.0|0.0|0.0|1000.0|0.0|0.0|0
19626|50000.0|1|2|3|53|0|0|0|0|0|-1|49170.0|49446.0|36445.0|24788.0|24967.0|28652.0|2009.0|2500.0|1000.0|1500.0|28939.0|1200.0|0
27335|50000.0|1|3|2|23|0|0|0|0|0|0|47104.0|25555.0|16097.0|16337.0|16330.0|16708.0|2000.0|1500.0|800.0|700.0|650.0|700.0|0
12151|450000.0|1|2|1|43|0|0|0|0|0|0|104485.0|92993.0|80647.0|67875.0|58328.0|252696.0|6000.0|4000.0|4000.0|7000.0|215000.0|3000.0|0
10908|260000.0|2|3|1|34|2|2|0|0|2|2|118706.0|115308.0|123069.0|129060.0|131682.0|135656.0|0.0|9670.0|9561.0|6250.0|6250.0|6250.0|1
17418|160000.0|1|1|1|41|0|-1|0|0|2|2|117126.0|11222.0|15513.0|18087.0|17499.0|19939.0|15315.0|15000.0|3000.0|0.0|3000.0|0.0|0
24475|370000.0|2|2|1|36|0|0|0|0|0|0|219386.0|181046.0|169132.0|128553.0|88817.0|83763.0|10500.0|14045.0|8553.0|8817.0|10763.0|2526.0|0
5085|180000.0|1|1|2|32|-1|-1|2|-1|-1|-1|291.0|582.0|291.0|291.0|291.0|291.0|582.0|0.0|291.0|291.0|291.0|291.0|1
28489|90000.0|2|2|2|40|-2|-2|-2|-2|-2|-1|9663.0|69279.0|59483.0|3065.0|854.0|2328.0|69616.0|59483.0|26665.0|854.0|2334.0|10825.0|0
4674|340000.0|2|1|1|41|0|0|0|0|0|0|325371.0|326867.0|322454.0|275928.0|264601.0|265494.0|25034.0|11000.0|10000.0|10000.0|10000.0|10000.0|0
24292|50000.0|2|1|2|52|-1|0|0|0|0|-1|28594.0|33080.0|29233.0|23340.0|-300.0|31031.0|5000.0|3000.0|1000.0|0.0|31331.0|0.0|0
14907|50000.0|2|2|1|27|1|2|0|0|0|0|52180.0|51009.0|49025.0|38697.0|18561.0|18952.0|0.0|2080.0|1600.0|657.0|683.0|838.0|0
6039|150000.0|2|2|2|41|-1|-1|-1|0|-1|-1|2371.0|40800.0|1995.0|285.0|4926.0|5523.0|40824.0|2340.0|0.0|4970.0|5527.0|903.0|0
4677|100000.0|2|3|1|38|0|0|0|2|0|0|87181.0|84668.0|83898.0|77260.0|68173.0|66682.0|4017.0|7121.0|94.0|2408.0|2513.0|2716.0|0
20129|20000.0|2|1|2|24|0|0|0|0|0|0|20933.0|22202.0|21867.0|21813.0|21228.0|21614.0|2700.0|1400.0|1400.0|800.0|1783.0|1000.0|1
21464|200000.0|2|1|2|34|-1|-1|-1|-1|-1|-2|2603.0|11381.0|0.0|1000.0|0.0|0.0|11381.0|0.0|1000.0|0.0|0.0|0.0|0
13024|20000.0|1|2|2|25|1|2|0|0|0|0|19099.0|18114.0|18437.0|19267.0|19696.0|16876.0|0.0|1370.0|1200.0|1000.0|5000.0|1500.0|0
26735|50000.0|1|1|1|50|1|2|3|2|2|2|29394.0|31722.0|30928.0|30134.0|32085.0|32609.0|3100.0|0.0|0.0|2600.0|1200.0|0.0|1
1301|170000.0|2|2|1|31|1|-1|2|-1|0|0|0.0|427.0|427.0|23321.0|23475.0|25218.0|427.0|0.0|23500.0|840.0|2121.0|0.0|0
28236|170000.0|2|5|1|39|-1|-1|-1|-1|0|0|1803.0|217.0|10121.0|12180.0|15667.0|9224.0|218.0|10121.0|12180.0|5011.0|0.0|265.0|0
12412|220000.0|2|2|2|27|-1|-1|-1|-1|0|-1|1051.0|735.0|419.0|1470.0|1154.0|735.0|735.0|419.0|1470.0|0.0|735.0|2205.0|1
17972|190000.0|2|3|1|27|0|0|2|-1|-1|0|43903.0|53382.0|21811.0|2921.0|107441.0|108642.0|10882.0|0.0|2921.0|107441.0|4000.0|3700.0|0
7885|180000.0|2|1|2|28|0|0|0|0|0|0|51085.0|48531.0|55352.0|63055.0|75046.0|65184.0|5014.0|10000.0|10000.0|15057.0|10010.0|10036.0|0
24197|190000.0|1|2|1|39|2|2|2|2|0|0|166611.0|170196.0|172122.0|167858.0|171192.0|174937.0|7820.0|6100.0|0.0|6127.0|6503.0|6500.0|1
5011|140000.0|1|1|2|32|-1|-1|-2|-1|0|-1|12319.0|0.0|0.0|61.0|561.0|528.0|0.0|0.0|61.0|500.0|528.0|498.0|0
22360|30000.0|1|1|2|34|1|2|2|2|2|0|26921.0|27809.0|21658.0|22794.0|22289.0|22916.0|1700.0|0.0|1800.0|0.0|1000.0|1000.0|0
19793|160000.0|1|3|1|42|1|-1|-1|-2|-1|0|0.0|1564.0|-436.0|-436.0|436.0|436.0|1564.0|0.0|0.0|872.0|0.0|0.0|0
2096|50000.0|2|1|2|23|0|0|0|0|0|0|8889.0|10234.0|13734.0|14754.0|16499.0|18223.0|1500.0|4000.0|1255.0|2000.0|2000.0|3000.0|0
17213|140000.0|2|2|1|60|2|2|0|0|0|0|113079.0|109796.0|112144.0|114789.0|115590.0|118221.0|0.0|5600.0|6000.0|4200.0|4500.0|4600.0|1
5907|100000.0|1|2|1|40|0|0|0|-1|-1|-1|99958.0|76554.0|58610.0|9779.0|12273.0|2701.0|2975.0|2789.0|9779.0|12273.0|3105.0|16828.0|0
4127|60000.0|1|2|1|44|0|0|0|0|0|0|58216.0|60193.0|57815.0|50054.0|27535.0|22962.0|3000.0|2488.0|2000.0|1000.0|2000.0|3000.0|0
155|30000.0|2|2|1|38|0|0|-2|-2|-2|-2|3656.0|0.0|0.0|0.0|0.0|0.0|0.0|0.0|0.0|0.0|0.0|0.0|0
20383|160000.0|1|1|1|41|-2|-2|-1|-1|-2|-1|155458.0|157690.0|150209.0|151343.0|154456.0|157632.0|7200.0|6100.0|5300.0|5400.0|165759.0|4872.0|0
10819|90000.0|1|1|2|31|0|0|2|0|0|0|32581.0|36525.0|35660.0|36436.0|33548.0|32061.0|4500.0|0.0|3000.0|10000.0|2000.0|2000.0|0
22458|390000.0|2|2|2|36|0|0|0|0|0|0|112528.0|102596.0|91761.0|76756.0|65520.0|52904.0|3669.0|3277.0|3220.0|2236.0|2007.0|1600.0|0
27470|190000.0|2|1|2|26|2|0|0|0|0|0|204297.0|106428.0|109736.0|111487.0|114878.0|118541.0|6355.0|6500.0|5000.0|5117.0|5644.0|4767.0|1
16307|110000.0|2|2|1|40|0|0|0|0|0|0|23303.0|23978.0|22369.0|20608.0|20608.0|20606.0|1511.0|1772.0|1320.0|750.0|745.0|747.0|0
17860|280000.0|2|1|1|30|0|0|0|0|0|0|217773.0|215017.0|209089.0|167458.0|137312.0|109980.0|8155.0|10048.0|6011.0|6010.0|6514.0|10011.0|0
20210|500000.0|1|3|1|43|0|0|0|0|0|0|57313.0|54997.0|44226.0|40712.0|37311.0|27068.0|4060.0|5014.0|5005.0|4000.0|5000.0|0.0|0
570|270000.0|2|1|2|27|-1|-1|2|2|-1|-1|9112.0|6035.0|3687.0|0.0|887.0|690.0|6035.0|0.0|0.0|887.0|690.0|6331.0|0
13248|370000.0|2|3|1|33|0|0|0|0|0|0|18082.0|18339.0|19031.0|17345.0|18245.0|23200.0|1628.0|1320.0|1100.0|1000.0|10000.0|1000.0|0
19576|300000.0|1|2|1|30|-1|-1|-1|-1|-1|-1|165.0|165.0|165.0|165.0|1759.0|1394.0|165.0|165.0|165.0|1759.0|1394.0|1790.0|0
27061|30000.0|2|1|2|25|0|0|0|0|0|0|8341.0|10039.0|11560.0|16611.0|18179.0|19712.0|2000.0|2000.0|5611.0|2000.0|2000.0|1500.0|1
23259|550000.0|2|2|1|32|0|0|0|0|0|0|546741.0|535509.0|548020.0|530672.0|155083.0|165975.0|22863.0|167622.0|14000.0|4300.0|158064.0|28840.0|1
27108|300000.0|2|1|1|40|0|0|0|0|0|0|121603.0|125098.0|94769.0|112777.0|100323.0|87009.0|30000.0|25000.0|50007.0|10000.0|20000.0|30363.0|0
18794|230000.0|2|1|2|35|-2|-2|-2|-2|-2|-2|761.0|300.0|399.0|665.0|576.0|613.0|300.0|399.0|665.0|576.0|613.0|520.0|0
2474|50000.0|1|2|2|44|0|0|0|0|0|0|49699.0|49685.0|28637.0|38137.0|27128.0|29992.0|2300.0|1487.0|21704.0|3000.0|15000.0|18300.0|0
1447|50000.0|2|2|2|22|0|0|0|0|0|0|49609.0|61162.0|31485.0|15281.0|18031.0|18233.0|2100.0|2000.0|4000.0|3000.0|1500.0|1000.0|0
1092|360000.0|2|3|2|41|-2|-2|-2|-2|-2|-2|3578.0|3658.0|3578.0|3578.0|3578.0|4268.0|3658.0|3578.0|3578.0|3578.0|4268.0|3578.0|0
9361|240000.0|2|1|1|31|0|0|0|0|0|0|3371.0|2880.0|6809.0|29324.0|30924.0|35770.0|2000.0|4015.0|25000.0|2000.0|5000.0|2000.0|0
993|140000.0|2|3|1|39|0|0|0|0|0|0|127896.0|131764.0|134654.0|138303.0|119845.0|122457.0|7500.0|6500.0|7500.0|5000.0|4700.0|5228.0|0
17316|170000.0|2|1|1|33|-1|-1|-1|-1|0|0|1554.0|360.0|1562.0|844.0|484.0|0.0|360.0|1562.0|844.0|0.0|0.0|720.0|0
5645|360000.0|2|2|1|56|-1|-1|-1|-2|-2|-2|919.0|2374.0|-7.0|-7.0|-7.0|-7.0|2385.0|0.0|0.0|0.0|0.0|0.0|0
10627|230000.0|1|2|1|30|-1|-1|-2|-1|-1|-1|5200.0|0.0|0.0|8780.0|11990.0|0.0|0.0|0.0|8780.0|11990.0|0.0|0.0|0
23094|100000.0|1|1|2|30|0|0|0|0|-2|-2|96846.0|98364.0|21255.0|0.0|0.0|0.0|5055.0|1049.0|0.0|0.0|0.0|0.0|0
10131|80000.0|2|3|1|55|2|2|0|0|0|0|71905.0|70150.0|72017.0|73816.0|75584.0|77365.0|0.0|3000.0|3000.0|3000.0|3000.0|3000.0|1
1398|320000.0|1|1|1|28|0|0|0|0|0|0|79819.0|64851.0|37762.0|16425.0|12177.0|45648.0|3524.0|2941.0|2013.0|270.0|42659.0|100002.0|0
28216|400000.0|2|2|2|24|0|0|-1|-1|-1|-1|14925.0|12559.0|3926.0|500.0|1236.0|11975.0|5000.0|3926.0|500.0|1236.0|11975.0|253.0|0
17054|280000.0|1|1|2|47|-2|-2|-2|-2|-2|-2|2180.0|251.0|4250.0|1000.0|5507.0|5348.0|251.0|4250.0|1000.0|5507.0|5348.0|433.0|0
4173|30000.0|2|2|2|50|0|0|0|0|0|0|10741.0|12057.0|12778.0|14090.0|14063.0|14357.0|1498.0|1219.0|1531.0|504.0|521.0|523.0|0
19014|210000.0|1|3|1|44|-2|-2|-2|-2|-2|-2|1525.0|800.0|850.0|2340.0|2380.0|2694.0|800.0|850.0|2340.0|2380.0|2694.0|1530.0|0
21782|30000.0|2|2|1|34|2|2|0|0|0|2|16944.0|16374.0|17724.0|18473.0|19763.0|19306.0|0.0|1620.0|1350.0|1600.0|0.0|1630.0|1
5484|10000.0|2|2|3|52|1|4|3|2|2|0|8546.0|8267.0|7992.0|8610.0|8325.0|8441.0|0.0|0.0|900.0|0.0|400.0|900.0|1
371|100000.0|1|2|1|42|0|0|2|2|0|0|58392.0|61562.0|61392.0|59619.0|59814.0|58571.0|5500.0|2000.0|2.0|2007.0|2225.0|1947.0|0
28048|140000.0|2|3|1|56|-1|-1|3|2|2|5|11106.0|13627.0|13125.0|14600.0|16066.0|17521.0|3000.0|0.0|2000.0|2000.0|2000.0|3000.0|0
4974|20000.0|2|2|2|22|2|0|0|0|3|2|6643.0|7872.0|9077.0|10989.0|10529.0|10213.0|1500.0|1500.0|2225.0|0.0|0.0|202.0|1
14041|200000.0|1|2|1|46|-1|2|-1|-1|2|-1|7340.0|5980.0|4486.0|9790.0|4944.0|4696.0|0.0|4486.0|10000.0|0.0|4696.0|4696.0|0
26488|130000.0|2|3|1|32|-1|-1|-1|0|0|-1|326.0|326.0|4058.0|5732.0|7406.0|4124.0|326.0|4058.0|2000.0|2000.0|4124.0|326.0|1
28978|50000.0|1|2|1|41|0|0|0|-2|-2|-1|48729.0|19598.0|0.0|0.0|0.0|402.0|1000.0|402.0|0.0|0.0|402.0|19603.0|0
4282|350000.0|2|1|2|30|-2|-2|-2|-2|-2|-2|951.0|601.0|714.0|263.0|900.0|1271.0|605.0|716.0|263.0|900.0|1271.0|1218.0|0
6165|180000.0|2|2|2|33|-1|-1|-1|-1|0|0|3316.0|3385.0|6186.0|6695.0|7173.0|5094.0|3446.0|6186.0|6695.0|4000.0|955.0|2401.0|0
21444|80000.0|2|1|1|35|-1|2|-1|-1|-1|-1|3614.0|82.0|3723.0|303.0|662.0|3295.0|0.0|3723.0|891.0|662.0|3295.0|1088.0|0
1917|90000.0|2|1|2|33|0|0|0|0|0|0|80919.0|87993.0|17316.0|18026.0|18559.0|19097.0|9000.0|1500.0|1000.0|824.0|1000.0|857.0|0
8369|120000.0|2|2|1|35|0|0|0|0|0|0|115600.0|113690.0|114609.0|118232.0|119052.0|119232.0|5521.0|4232.0|5602.0|4123.0|4330.0|13245.0|0
7973|160000.0|1|1|1|42|2|2|0|0|2|2|14137.0|13613.0|14634.0|16532.0|15969.0|17701.0|0.0|1247.0|2145.0|0.0|2000.0|0.0|1
22801|230000.0|2|1|2|29|-1|-1|-1|-1|0|-1|2521.0|-1000.0|12009.0|5627.0|215.0|3039.0|0.0|13009.0|8018.0|0.0|3039.0|2000.0|0
5392|310000.0|2|1|1|43|0|0|0|0|0|0|66140.0|66637.0|68131.0|68585.0|68657.0|55457.0|6000.0|10000.0|3018.0|4000.0|3000.0|3000.0|0
23420|180000.0|1|2|1|46|0|0|0|0|0|0|97660.0|95200.0|99380.0|77876.0|65494.0|66559.0|6000.0|7007.0|5000.0|3000.0|5000.0|2500.0|0
19609|120000.0|1|2|1|30|1|2|0|0|0|0|6305.0|7052.0|8786.0|8863.0|10763.0|7140.0|1000.0|2000.0|177.0|2000.0|1000.0|0.0|1
2469|100000.0|1|2|1|24|2|2|2|2|2|2|10618.0|13233.0|13427.0|13609.0|14683.0|15001.0|2800.0|700.0|700.0|1300.0|700.0|700.0|1
27532|340000.0|2|1|2|34|0|0|0|0|0|0|332916.0|340159.0|73004.0|72338.0|58935.0|123936.0|14600.0|3035.0|1958.0|2819.0|100000.0|3000.0|0
4718|80000.0|2|3|2|32|1|-1|-1|-1|0|0|-137.0|41873.0|11047.0|9258.0|3100.0|814.0|42010.0|11047.0|9300.0|0.0|0.0|4032.0|0
5696|50000.0|2|2|0|28|1|2|0|0|0|0|51068.0|46027.0|45769.0|46677.0|47668.0|50764.0|0.0|3154.0|1669.0|1741.0|3900.0|0.0|0
21176|20000.0|1|6|2|21|0|0|0|0|0|-2|13203.0|4443.0|3259.0|2969.0|0.0|0.0|1036.0|1132.0|2000.0|0.0|0.0|0.0|0
23220|10000.0|1|3|3|54|1|2|0|0|0|0|8210.0|7936.0|8792.0|9117.0|9305.0|9504.0|0.0|1146.0|471.0|483.0|502.0|460.0|0
26366|360000.0|1|2|2|28|0|0|-1|0|0|0|19390.0|22726.0|12148.0|12885.0|12994.0|15320.0|7113.0|12163.0|3787.0|714.0|5369.0|10026.0|0
11753|50000.0|1|2|2|25|-1|-1|-1|-1|0|0|5814.0|-73.0|11427.0|191.0|7391.0|6554.0|0.0|11500.0|191.0|7200.0|2000.0|7000.0|0
17680|50000.0|2|3|3|51|0|0|0|0|0|0|44788.0|45471.0|46394.0|47865.0|47455.0|48426.0|2352.0|2275.0|2398.0|1336.0|1366.0|1444.0|1
21877|220000.0|2|2|1|45|0|0|0|0|0|0|204052.0|207977.0|214117.0|216712.0|194521.0|198246.0|7600.0|10000.0|8255.0|7200.0|7500.0|8500.0|0
22890|160000.0|1|3|2|44|-1|-1|-1|0|-1|-1|325.0|325.0|650.0|325.0|475.0|650.0|325.0|650.0|0.0|475.0|650.0|625.0|0
6211|50000.0|1|3|1|53|2|2|2|2|2|2|45870.0|46944.0|45874.0|48326.0|47440.0|50426.0|2100.0|0.0|3500.0|0.0|3758.0|5.0|1
28189|110000.0|1|2|1|38|2|2|2|2|0|0|103202.0|69917.0|68917.0|69141.0|135478.0|71875.0|2500.0|2494.0|2477.0|2500.0|3003.0|3000.0|1
27294|270000.0|2|1|2|29|0|0|0|0|0|0|125120.0|102046.0|91426.0|93262.0|96104.0|98374.0|4000.0|2969.0|3000.0|4000.0|3500.0|3450.0|0
6372|40000.0|1|2|1|35|1|-2|-2|-2|-2|-2|0.0|0.0|0.0|0.0|0.0|0.0|0.0|0.0|0.0|0.0|0.0|0.0|0
1962|130000.0|2|2|1|41|-1|0|-1|-1|-1|-1|2538.0|1866.0|1349.0|1609.0|635.0|849.0|1177.0|1349.0|1609.0|635.0|849.0|2893.0|0
2476|30000.0|1|2|1|37|2|2|2|2|2|2|19177.0|20054.0|20930.0|21291.0|20651.0|22110.0|1500.0|1500.0|1000.0|0.0|1801.0|1000.0|1
8184|200000.0|1|2|2|30|-2|-2|-2|-2|-2|-2|48492.0|49934.0|24753.0|123439.0|132269.0|129224.0|20294.0|24891.0|125171.0|17816.0|26269.0|4349.0|1
26297|10000.0|1|2|2|23|-1|0|-1|-1|-1|0|4812.0|3072.0|2529.0|390.0|9478.0|8170.0|1196.0|2535.0|390.0|9478.0|0.0|953.0|1
21666|200000.0|2|1|1|33|1|-2|-2|-2|-2|-2|0.0|0.0|0.0|0.0|0.0|0.0|0.0|0.0|0.0|0.0|0.0|1562.0|0
13001|230000.0|2|2|1|34|0|0|0|0|0|0|167299.0|165568.0|140467.0|133479.0|122948.0|125519.0|8448.0|5785.0|5400.0|4397.0|4548.0|4670.0|0
20463|70000.0|2|3|1|26|0|0|0|0|0|0|71147.0|72227.0|71078.0|50777.0|50841.0|50682.0|3800.0|3200.0|1950.0|2000.0|1828.0|2200.0|0
20046|260000.0|1|1|2|29|1|2|-1|-1|-1|-2|56536.0|23827.0|29423.0|37900.0|-3400.0|-4000.0|778.0|29423.0|10000.0|0.0|0.0|24450.0|0
7267|60000.0|2|3|1|50|2|0|0|0|0|0|61349.0|61600.0|61952.0|60661.0|29095.0|17636.0|2900.0|3300.0|2000.0|900.0|889.0|21500.0|1
1196|360000.0|2|1|2|30|-1|-1|-1|-1|-1|-1|11193.0|332.0|272.0|1465.0|18503.0|5151.0|332.0|272.0|1465.0|18503.0|5151.0|0.0|0
7817|100000.0|1|2|2|43|0|0|0|2|0|0|42529.0|43526.0|46628.0|45578.0|46486.0|47457.0|1703.0|3805.0|0.0|1663.0|1719.0|1728.0|0
18946|90000.0|2|3|1|53|0|0|0|0|0|0|87235.0|88338.0|78994.0|50095.0|48987.0|49519.0|4000.0|2602.0|2000.0|3000.0|2000.0|5000.0|0
5049|20000.0|1|3|2|27|0|0|0|0|2|2|13621.0|14984.0|16431.0|18835.0|18235.0|19535.0|1596.0|2000.0|3000.0|0.0|1600.0|0.0|0
2343|200000.0|2|2|2|27|0|0|0|0|0|0|157768.0|108932.0|110405.0|90226.0|88789.0|92188.0|6000.0|5000.0|10000.0|5000.0|5000.0|5000.0|0
22203|380000.0|2|2|1|31|1|-2|-1|-1|-2|-1|3491.0|3859.0|8796.0|7991.0|5310.0|14655.0|3878.0|8863.0|8007.0|5362.0|14695.0|24446.0|0
13844|50000.0|2|3|2|27|2|0|0|-1|-1|-1|13979.0|11243.0|4396.0|3120.0|1805.0|16820.0|1261.0|1396.0|3125.0|1805.0|16820.0|3000.0|0
27580|500000.0|2|2|2|35|-2|-2|-2|-2|-2|-2|35757.0|22370.0|7303.0|19436.0|45604.0|25996.0|22372.0|7364.0|19445.0|45604.0|25996.0|4420.0|0
22350|300000.0|1|1|2|34|-1|-1|-1|-1|-1|-1|396.0|396.0|396.0|0.0|792.0|68095.0|396.0|396.0|0.0|792.0|68095.0|1700.0|0
7334|170000.0|2|2|2|51|0|-1|-1|-1|-1|-1|1606.0|1420.0|1420.0|1420.0|1420.0|3464.0|1420.0|1420.0|1420.0|1420.0|3464.0|1420.0|0
7880|30000.0|1|3|1|44|-2|-2|-2|-2|-2|-2|2180.0|0.0|0.0|0.0|0.0|0.0|0.0|0.0|0.0|0.0|0.0|0.0|0
13775|300000.0|2|2|1|50|-2|-2|-2|-2|-2|-2|882.0|0.0|0.0|0.0|0.0|0.0|0.0|0.0|0.0|0.0|0.0|0.0|0
7754|260000.0|2|2|1|60|1|-2|-1|-1|-2|-2|-20.0|-20.0|2000.0|0.0|0.0|0.0|0.0|2020.0|0.0|0.0|0.0|0.0|0
17347|360000.0|2|1|2|27|-2|-2|-2|-2|-2|-2|0.0|0.0|0.0|0.0|0.0|300.0|0.0|0.0|0.0|0.0|300.0|0.0|0
9446|20000.0|1|2|1|36|1|2|0|0|0|0|12564.0|12077.0|12779.0|13033.0|13308.0|13985.0|0.0|1212.0|466.0|485.0|900.0|1000.0|1
9916|50000.0|2|3|2|22|0|0|-1|0|-1|-1|46811.0|40458.0|50622.0|42132.0|15311.0|19387.0|1036.0|50622.0|1149.0|15311.0|19387.0|385.0|0
26842|60000.0|2|2|2|29|0|0|0|0|0|0|53274.0|54093.0|53111.0|50568.0|47791.0|45421.0|2591.0|2109.0|1705.0|2010.0|2000.0|1523.0|0
28277|150000.0|1|2|1|42|0|0|0|0|0|0|98965.0|100714.0|100645.0|103006.0|52251.0|46581.0|3360.0|3630.0|4337.0|1894.0|1522.0|1521.0|0
11920|500000.0|1|1|1|42|0|0|0|0|0|0|580928.0|597793.0|597415.0|569034.0|551702.0|568638.0|25624.0|21898.0|20851.0|19599.0|26000.0|20000.0|0
23339|80000.0|2|1|2|24|0|0|2|0|0|0|39813.0|46375.0|43576.0|28468.0|25971.0|23686.0|9425.0|1.0|2012.0|1091.0|1006.0|2516.0|1
27550|20000.0|2|1|1|58|0|0|0|0|0|0|17241.0|18463.0|19640.0|19114.0|18679.0|15000.0|1500.0|1626.0|100.0|600.0|300.0|0.0|0
24126|120000.0|2|2|1|40|1|2|3|2|3|2|57816.0|62139.0|60584.0|63871.0|62251.0|63443.0|5900.0|0.0|4900.0|0.0|2500.0|2500.0|1
13817|140000.0|1|2|2|30|0|0|0|0|0|0|131026.0|130023.0|76098.0|50419.0|47202.0|43946.0|5006.0|2169.0|1651.0|2122.0|3006.0|2505.0|0
18344|100000.0|2|2|1|43|-1|-1|-1|-1|-1|0|21293.0|70962.0|9217.0|1845.0|41194.0|40325.0|70973.0|9226.0|1845.0|41194.0|2920.0|1374.0|0
4413|170000.0|2|1|1|44|-1|-1|-1|-1|-1|-1|29940.0|15903.0|5641.0|2194.0|18601.0|2557.0|15927.0|5641.0|2194.0|18601.0|2557.0|3871.0|0
8317|80000.0|1|1|2|32|0|0|0|2|0|0|37639.0|38659.0|43427.0|42421.0|42344.0|43229.0|1650.0|5400.0|0.0|1662.0|1717.0|1600.0|0
10243|240000.0|1|2|1|33|0|0|0|0|0|-1|23486.0|19867.0|14653.0|8626.0|0.0|1128.0|3000.0|2000.0|0.0|1790.0|1128.0|0.0|0
17456|90000.0|2|2|2|24|0|0|0|0|0|2|10648.0|10951.0|11288.0|10852.0|10519.0|9235.0|1500.0|1529.0|1113.0|800.0|0.0|2000.0|0
10126|40000.0|2|3|1|39|0|0|2|2|2|2|34378.0|37584.0|38072.0|37160.0|39628.0|40428.0|3768.0|1400.0|0.0|3081.0|1600.0|0.0|1
20234|230000.0|1|2|1|37|0|0|0|0|0|0|21374.0|23695.0|25996.0|28240.0|30450.0|31798.0|3000.0|3000.0|3000.0|3000.0|2000.0|3000.0|0
2539|390000.0|2|1|2|31|0|0|0|0|0|0|252109.0|252401.0|180074.0|178025.0|198721.0|162444.0|12009.0|7508.0|6000.0|39604.0|6341.0|5000.0|1
25962|160000.0|2|2|2|30|0|0|-1|0|0|0|13680.0|6729.0|119200.0|115893.0|113309.0|110073.0|2019.0|120377.0|3612.0|3100.0|3200.0|2558.0|0
20134|30000.0|2|2|1|30|-1|2|-1|-1|-1|-1|4994.0|886.0|937.0|0.0|1083.0|3395.0|0.0|1000.0|398.0|1083.0|3395.0|7383.0|0
18322|200000.0|2|2|1|25|-2|-2|-2|-2|-2|-2|0.0|0.0|1257.0|0.0|0.0|0.0|0.0|1257.0|0.0|0.0|0.0|0.0|0
24540|200000.0|2|2|1|33|0|0|0|0|0|0|23762.0|25944.0|26988.0|25237.0|22131.0|13774.0|4000.0|2000.0|600.0|3000.0|4000.0|100.0|0
23|50000.0|2|2|2|25|3|2|0|0|0|0|66881.0|65115.0|51010.0|50342.0|36025.0|36778.0|0.0|2092.0|1460.0|1167.0|1209.0|1645.0|0
27287|270000.0|2|1|2|30|2|2|2|0|0|0|172933.0|184761.0|164009.0|161843.0|151862.0|0.0|19028.0|0.0|3451.0|5004.0|0.0|0.0|1
18752|400000.0|2|1|1|33|-1|-1|-1|2|-1|-1|10858.0|15892.0|18182.0|12205.0|941.0|6346.0|16000.0|2600.0|24.0|1000.0|7053.0|5000.0|0
19048|280000.0|2|3|2|48|0|0|0|0|0|0|166473.0|167864.0|140466.0|142417.0|126321.0|117613.0|7750.0|5195.0|5098.0|4319.0|4209.0|4127.0|0
18985|240000.0|2|2|1|46|0|0|0|0|0|0|8751.0|9900.0|10605.0|10765.0|11765.0|4311.0|1295.0|1000.0|1000.0|1000.0|1000.0|1000.0|0
15837|10000.0|1|2|2|40|0|0|0|0|0|0|9649.0|10084.0|9421.0|9997.0|9799.0|10163.0|1500.0|1200.0|1137.0|329.0|500.0|251.0|1
27915|250000.0|1|1|2|29|-1|-1|-1|-1|-1|0|12044.0|3260.0|4037.0|1184.0|5107.0|1893.0|3276.0|4057.0|1196.0|5123.0|6.0|2539.0|0
6283|20000.0|2|2|1|27|0|0|-1|-1|-2|-2|7286.0|2160.0|780.0|0.0|0.0|0.0|1006.0|780.0|0.0|0.0|0.0|0.0|0
6373|200000.0|1|1|1|32|-1|-1|-1|-2|-1|-1|1727.0|1796.0|-4.0|-4.0|1565.0|1686.0|1809.0|0.0|0.0|1569.0|1691.0|0.0|0
9617|160000.0|2|2|2|28|-1|-1|-1|-1|-1|-1|5171.0|3634.0|4436.0|1978.0|3781.0|1732.0|3634.0|4436.0|1978.0|3781.0|1732.0|715.0|0
27187|50000.0|1|2|2|30|-1|2|2|-2|-2|-2|780.0|780.0|0.0|0.0|0.0|0.0|0.0|0.0|0.0|0.0|0.0|0.0|1
17100|20000.0|1|3|2|23|1|2|2|3|2|2|9126.0|8835.0|11088.0|10618.0|10304.0|11232.0|0.0|2400.0|0.0|0.0|1100.0|0.0|1
6062|70000.0|1|1|1|42|0|0|0|0|-2|-2|25317.0|24806.0|24100.0|0.0|0.0|0.0|2000.0|1010.0|0.0|0.0|0.0|0.0|0
3654|400000.0|1|1|2|29|0|-1|-1|-1|0|0|31348.0|27887.0|38915.0|29926.0|24383.0|45588.0|28102.0|39186.0|30153.0|12029.0|38220.0|6004.0|0
4837|440000.0|2|2|2|27|0|0|0|0|0|0|197019.0|182336.0|182617.0|166031.0|148157.0|142034.0|6040.0|12538.0|5047.0|10522.0|6082.0|10018.0|0
23993|80000.0|2|2|1|30|0|0|0|0|0|0|64596.0|64871.0|61000.0|48300.0|47300.0|3500.0|4424.0|1600.0|0.0|1500.0|1500.0|1500.0|0
10989|50000.0|2|3|1|48|0|0|0|0|0|0|4064.0|5987.0|7719.0|8588.0|9291.0|11127.0|2000.0|2000.0|1000.0|1000.0|2000.0|2000.0|0
21689|160000.0|2|1|2|35|-2|-2|2|2|0|0|52010.0|4792.0|194.0|1900.0|1900.0|1150.0|4792.0|150.0|3800.0|0.0|0.0|0.0|0
14211|60000.0|2|3|1|48|0|0|0|0|0|0|49890.0|51060.0|52236.0|54362.0|55458.0|56767.0|2000.0|2000.0|3000.0|2000.0|2200.0|2500.0|0
24973|20000.0|2|2|3|44|2|2|7|7|7|6|2400.0|2400.0|2400.0|2400.0|2400.0|1800.0|0.0|0.0|0.0|0.0|0.0|0.0|1
28315|20000.0|2|2|2|30|1|2|0|0|0|0|20128.0|17842.0|18979.0|7886.0|19786.0|20025.0|0.0|7027.0|1000.0|19000.0|6000.0|1000.0|1
10552|180000.0|2|1|2|46|-2|-2|-2|-2|-2|-2|0.0|0.0|0.0|0.0|0.0|0.0|0.0|0.0|0.0|0.0|0.0|0.0|1
17664|290000.0|1|2|2|45|0|0|0|0|0|0|212643.0|192933.0|174184.0|163792.0|120754.0|236402.0|6755.0|6900.0|6733.0|5632.0|235024.0|8700.0|0
28456|150000.0|2|5|1|34|0|0|0|0|0|0|83000.0|88000.0|93000.0|98000.0|100000.0|0.0|5000.0|5000.0|5000.0|2000.0|0.0|0.0|0
17970|30000.0|2|1|2|24|0|0|0|0|0|0|4848.0|6524.0|6290.0|4440.0|4531.0|1300.0|3000.0|1108.0|1000.0|91.0|26.0|0.0|0
4952|200000.0|2|2|1|36|-1|-1|-1|-1|0|-1|8812.0|15189.0|6205.0|37658.0|696.0|1430.0|15234.0|6225.0|38150.0|2.0|1434.0|2265.0|0
28635|220000.0|1|1|1|35|0|0|0|0|0|0|21960.0|21860.0|25463.0|28036.0|34552.0|43827.0|2000.0|4000.0|3000.0|7000.0|11000.0|3000.0|0
24283|100000.0|1|2|2|27|2|0|0|3|2|0|63004.0|66964.0|75856.0|74062.0|72756.0|76355.0|5000.0|10000.0|0.0|0.0|5000.0|5000.0|1
13488|10000.0|2|3|1|51|2|2|-2|-2|-2|-1|103.0|-677.0|-677.0|-1067.0|-747.0|71.0|0.0|0.0|0.0|1100.0|818.0|1418.0|1
457|50000.0|1|1|2|28|0|0|3|2|2|0|13258.0|18647.0|18064.0|19462.0|18854.0|20380.0|5635.0|0.0|2000.0|0.0|2000.0|2000.0|1
17569|30000.0|1|3|1|50|-1|-1|-1|-1|-1|-1|390.0|390.0|390.0|390.0|390.0|390.0|390.0|390.0|390.0|390.0|390.0|2109.0|0
13868|460000.0|2|2|2|32|0|0|0|0|0|0|30506.0|26595.0|16712.0|15635.0|6965.0|7107.0|1568.0|1714.0|1000.0|1000.0|142.0|5000.0|0
27206|240000.0|2|2|1|46|0|0|0|0|-2|-2|177221.0|169897.0|166064.0|0.0|0.0|0.0|7053.0|6520.0|0.0|0.0|0.0|0.0|1
29581|80000.0|2|3|1|46|0|0|-1|2|-1|-1|25505.0|14696.0|1278.0|1107.0|16634.0|2136.0|1000.0|2278.0|0.0|17000.0|2500.0|0.0|1
2558|90000.0|2|2|1|45|-1|-1|-1|-1|-2|-2|37453.0|9009.0|179.0|0.0|0.0|0.0|24509.0|179.0|0.0|0.0|0.0|0.0|0
9452|280000.0|1|1|2|29|0|0|0|0|0|0|135056.0|130889.0|127768.0|130339.0|133035.0|135715.0|4547.0|4584.0|3647.0|3757.0|3799.0|3912.0|0
5320|280000.0|2|1|2|30|0|0|0|0|0|0|161001.0|136271.0|131048.0|119654.0|115808.0|115116.0|5000.0|6000.0|4000.0|4000.0|5000.0|5270.0|0
16327|150000.0|2|1|2|33|1|-2|-2|-2|-2|-2|-286.0|-286.0|-286.0|-286.0|-286.0|-286.0|0.0|0.0|0.0|0.0|0.0|750.0|0
11417|280000.0|2|2|1|51|-2|-2|-2|-2|-2|-2|2477.0|3470.0|0.0|0.0|0.0|0.0|3470.0|0.0|0.0|0.0|0.0|1715.0|0
7893|200000.0|1|2|1|28|2|2|7|7|7|7|2443.0|2443.0|2443.0|2443.0|2443.0|2443.0|0.0|0.0|0.0|0.0|0.0|0.0|1
5186|180000.0|2|1|2|27|-2|-2|-1|-1|-1|0|12275.0|6491.0|37424.0|0.0|5758.0|18091.0|6491.0|37433.0|0.0|5758.0|18000.0|1000.0|0
13491|230000.0|2|1|2|27|0|0|0|0|0|0|10941.0|12058.0|13348.0|14620.0|15877.0|16611.0|1300.0|1500.0|1500.0|1500.0|1000.0|1500.0|0
5831|260000.0|2|1|2|27|0|0|0|0|0|0|15178.0|23360.0|22099.0|18985.0|19662.0|22274.0|12007.0|8000.0|1000.0|1000.0|5000.0|5000.0|0
9080|20000.0|1|3|1|29|0|0|0|-2|-2|-2|11136.0|20649.0|-1001.0|-1.0|-1.0|-1.0|10000.0|0.0|1000.0|0.0|0.0|0.0|0
23598|450000.0|2|1|1|35|-2|-2|-2|-2|-2|-2|7240.0|1251.0|0.0|1620.0|0.0|4155.0|1251.0|0.0|1620.0|0.0|4155.0|11089.0|0
10844|170000.0|2|2|2|29|0|0|0|0|0|0|69314.0|65083.0|67062.0|68188.0|56454.0|58453.0|2330.0|3028.0|2847.0|2600.0|3400.0|2045.0|0
15086|200000.0|1|1|1|31|-1|0|0|0|0|0|58008.0|72062.0|72912.0|80819.0|84186.0|83710.0|20000.0|20000.0|10000.0|20000.0|10000.0|10000.0|0
11876|230000.0|2|3|1|48|-1|-1|0|0|-2|-1|500.0|14883.0|33151.0|0.0|0.0|469.0|14883.0|20757.0|0.0|0.0|469.0|716.0|0
743|340000.0|1|1|2|26|0|0|0|0|0|0|241720.0|221836.0|206485.0|196137.0|196447.0|195114.0|8000.0|10000.0|10000.0|8032.0|8000.0|8500.0|0
25776|120000.0|2|2|1|33|0|0|0|0|0|0|46640.0|50865.0|54401.0|57873.0|61917.0|63880.0|5000.0|5000.0|5000.0|5000.0|3000.0|3000.0|0
2656|240000.0|1|1|1|44|-1|-1|-1|-1|-1|-1|4221.0|2188.0|2701.0|2427.0|1104.0|2362.0|2188.0|2701.0|2427.0|1104.0|2362.0|519.0|0
27769|50000.0|1|2|1|42|0|0|0|-1|0|0|1345.0|1545.0|-306.0|18394.0|18760.0|19166.0|1000.0|0.0|18700.0|663.0|700.0|820.0|0
22374|20000.0|2|3|2|22|0|0|0|0|0|0|14218.0|13573.0|14137.0|13737.0|12680.0|12067.0|1700.0|1500.0|0.0|0.0|1067.0|392.0|0
22071|80000.0|2|2|1|36|1|2|2|0|0|0|74328.0|75515.0|73741.0|75200.0|76959.0|78556.0|3000.0|0.0|2700.0|2950.0|3000.0|2600.0|1
15938|80000.0|2|2|2|24|2|2|2|2|2|2|22453.0|23787.0|23124.0|26700.0|27064.0|27685.0|2000.0|0.0|4300.0|1100.0|1200.0|0.0|1
29323|140000.0|2|2|2|26|-1|0|0|0|0|0|9589.0|78122.0|79327.0|117859.0|120556.0|122894.0|70000.0|3100.0|40000.0|4600.0|4500.0|4800.0|0
26201|230000.0|1|3|2|34|0|0|0|0|0|0|137122.0|138268.0|127797.0|130490.0|110153.0|112253.0|6700.0|6500.0|6513.0|4601.0|5000.0|5000.0|0
3685|160000.0|2|2|2|25|0|0|0|0|0|0|156753.0|153392.0|143297.0|140984.0|120742.0|115637.0|10000.0|8000.0|7000.0|5000.0|5000.0|5000.0|0
15158|20000.0|2|3|2|26|0|0|0|0|0|0|19026.0|19495.0|19417.0|19159.0|15574.0|0.0|2302.0|2004.0|1200.0|1000.0|0.0|0.0|0
5504|210000.0|2|2|1|30|-1|2|-1|-1|-1|-1|857.0|1030.0|380.0|705.0|705.0|705.0|725.0|380.0|705.0|705.0|705.0|705.0|0
21752|180000.0|1|3|1|43|-1|-1|-1|-1|-1|-1|3690.0|15618.0|4685.0|238.0|218.0|6690.0|15682.0|4699.0|238.0|218.0|6710.0|11949.0|0
11032|20000.0|1|2|2|23|1|-2|-2|-2|-1|0|0.0|0.0|0.0|0.0|17330.0|16066.0|0.0|0.0|0.0|17330.0|738.0|1000.0|0
5677|100000.0|2|2|1|35|0|0|0|0|0|0|106229.0|98217.0|42482.0|43326.0|44235.0|45498.0|3000.0|1707.0|1551.0|1607.0|2000.0|2000.0|0
18025|150000.0|2|3|1|33|0|0|2|0|0|0|147350.0|154848.0|151591.0|151549.0|146417.0|137835.0|11150.0|0.0|4845.0|8046.0|9200.0|5100.0|0
7378|390000.0|2|1|1|28|0|0|0|0|0|0|60697.0|64440.0|67503.0|68566.0|65411.0|66597.0|5000.0|5000.0|5007.0|5000.0|5000.0|5000.0|0
20303|500000.0|2|1|2|28|2|0|0|2|0|0|98541.0|102052.0|111690.0|78070.0|78376.0|80912.0|6000.0|13151.0|0.0|3000.0|5000.0|10000.0|1
16800|200000.0|1|1|1|40|-1|-1|-1|-1|-1|-1|390.0|394.0|388.0|822.0|386.0|540.0|400.0|390.0|830.0|400.0|550.0|310.0|0
1242|20000.0|2|2|2|28|2|2|0|0|0|0|24611.0|18920.0|13124.0|18859.0|19828.0|36666.0|0.0|1200.0|7500.0|1015.0|15000.0|0.0|1
21218|180000.0|1|2|1|43|-1|-1|-1|-1|-1|-1|2745.0|3873.0|3275.0|2347.0|3020.0|2193.0|3884.0|3284.0|2354.0|3029.0|2199.0|12553.0|0
16984|150000.0|2|1|2|29|0|0|0|0|0|0|94062.0|65825.0|64041.0|60948.0|51510.0|46917.0|3183.0|3023.0|2549.0|2000.0|2000.0|2000.0|0
1164|50000.0|1|1|2|22|0|0|0|0|0|0|28725.0|28424.0|30965.0|28612.0|25498.0|24866.0|2000.0|5000.0|1500.0|1000.0|2000.0|5000.0|1
4014|550000.0|2|1|2|28|0|0|0|0|0|0|257553.0|251236.0|246572.0|240595.0|237968.0|220199.0|12036.0|9071.0|8022.0|6797.0|7095.0|6469.0|0
8701|50000.0|2|2|1|54|0|0|0|0|0|0|50566.0|49717.0|49661.0|49581.0|49550.0|48871.0|2102.0|2013.0|1747.0|2012.0|2000.0|5900.0|0
4990|200000.0|2|3|1|41|-2|-2|-2|-2|-2|-2|-140.0|-70.0|-70.0|13968.0|6652.0|9696.0|0.0|0.0|14038.0|6684.0|9744.0|1046.0|0
26456|50000.0|2|2|2|24|0|0|0|0|0|0|43638.0|42146.0|30026.0|29857.0|30619.0|30376.0|2200.0|1700.0|2000.0|1261.0|1419.0|1400.0|0
3854|30000.0|2|2|2|23|2|0|0|0|0|0|30558.0|30363.0|29077.0|30029.0|26366.0|28916.0|1500.0|1600.0|1500.0|1000.0|3000.0|0.0|1
2408|240000.0|1|1|2|35|0|0|0|0|0|0|241499.0|236556.0|229622.0|202296.0|165639.0|159245.0|8500.0|10200.0|8366.0|6070.0|10000.0|6043.0|0
14443|500000.0|1|3|1|39|0|0|0|0|0|0|315201.0|332071.0|375070.0|354839.0|369532.0|367399.0|25000.0|50000.0|20000.0|19586.0|14122.0|12022.0|0
3772|20000.0|1|2|2|24|8|7|6|5|4|3|24348.0|24025.0|23391.0|22757.0|21834.0|21200.0|0.0|0.0|0.0|0.0|0.0|0.0|0
5082|380000.0|2|1|1|36|-2|-1|-1|-1|-1|2|3744.0|20334.0|8499.0|53235.0|101439.0|34579.0|20498.0|8549.0|53471.0|101785.0|117.0|32347.0|1
8711|140000.0|2|2|2|24|0|0|0|0|0|0|135432.0|136312.0|131559.0|111859.0|98815.0|97443.0|6500.0|4733.0|4015.0|4000.0|4000.0|3800.0|1
12642|500000.0|1|1|1|45|-1|-1|-1|-1|-1|-1|37875.0|150573.0|32413.0|193427.0|21978.0|38102.0|162003.0|32611.0|200967.0|22074.0|38272.0|3491.0|0
20453|290000.0|2|2|2|38|-2|-2|-2|-1|0|0|0.0|130.0|0.0|24756.0|25147.0|25685.0|130.0|0.0|24756.0|899.0|942.0|927.0|0
1338|100000.0|2|1|1|25|0|0|-1|0|0|0|7565.0|460.0|98796.0|52079.0|40183.0|35796.0|28.0|103350.0|1722.0|1100.0|1300.0|2000.0|0
19102|50000.0|2|3|2|37|1|3|2|0|0|0|52626.0|51537.0|49205.0|30394.0|30249.0|29957.0|0.0|24.0|1500.0|1000.0|1201.0|30592.0|1
17006|500000.0|1|3|1|53|-1|2|2|-2|-1|-1|5008.0|546.0|-4.0|-4.0|1319.0|2977.0|1.0|0.0|0.0|1323.0|3000.0|8.0|0
20723|10000.0|2|3|1|47|0|0|0|0|0|0|2855.0|3871.0|4883.0|5053.0|5275.0|0.0|1069.0|1081.0|251.0|375.0|0.0|0.0|1
18962|160000.0|2|2|2|27|1|-2|-1|0|0|-2|0.0|0.0|6204.0|6204.0|0.0|0.0|0.0|6204.0|0.0|0.0|0.0|0.0|0
9507|200000.0|2|2|1|29|0|0|0|0|0|-2|204541.0|170572.0|80620.0|82300.0|0.0|0.0|7186.0|3900.0|3900.0|0.0|0.0|0.0|0
20352|30000.0|2|2|2|23|0|0|0|0|2|0|19769.0|24285.0|26143.0|26929.0|19610.0|20591.0|5896.0|3002.0|2130.0|2.0|3004.0|8013.0|0
20115|160000.0|1|5|2|33|-2|-2|-2|-2|-2|-2|144.0|6130.0|0.0|0.0|0.0|0.0|6636.0|0.0|0.0|0.0|0.0|0.0|0
10091|70000.0|1|1|2|31|1|2|2|0|0|0|65779.0|34480.0|33632.0|35747.0|38981.0|43331.0|3000.0|0.0|3000.0|4000.0|5000.0|0.0|1
28217|60000.0|2|2|1|37|0|0|0|0|0|0|38670.0|37606.0|35189.0|31373.0|28455.0|26598.0|1606.0|1674.0|1420.0|937.0|1006.0|1039.0|0
6050|240000.0|2|1|2|30|1|1|-2|-2|-2|-2|9028.0|-1868.0|-1868.0|-1868.0|-1868.0|-1868.0|0.0|0.0|0.0|0.0|0.0|0.0|1
16676|180000.0|2|2|1|42|0|0|0|0|0|0|132986.0|126825.0|109319.0|111343.0|91966.0|82280.0|6167.0|5800.0|5700.0|3600.0|3000.0|3234.0|0
11869|80000.0|2|3|1|46|0|0|0|0|0|0|70324.0|66864.0|32990.0|30059.0|28786.0|29371.0|3000.0|2003.0|1500.0|1200.0|1200.0|1500.0|0
20300|410000.0|1|2|1|36|0|0|0|0|0|0|421227.0|416160.0|419988.0|359736.0|358471.0|360557.0|15050.0|16000.0|13100.0|12700.0|13000.0|13100.0|0
11673|270000.0|2|2|2|29|0|0|0|0|0|0|62516.0|48770.0|47846.0|39772.0|35143.0|44371.0|1854.0|1952.0|1418.0|5000.0|14000.0|2500.0|0
20098|360000.0|1|1|2|25|-1|-1|-1|0|0|-1|586.0|14074.0|5672.0|5084.0|3317.0|1646.0|14076.0|5672.0|0.0|0.0|1646.0|3875.0|0
25652|20000.0|2|1|2|25|0|-1|-1|-2|-2|-2|15312.0|2846.0|0.0|0.0|0.0|0.0|3000.0|0.0|0.0|0.0|0.0|0.0|0
4852|60000.0|2|1|1|39|0|0|2|0|0|0|56045.0|59524.0|58563.0|56831.0|53628.0|34490.0|5000.0|2000.0|1000.0|3000.0|8000.0|0.0|0
29601|20000.0|2|1|2|24|-2|2|2|2|2|0|18252.0|19650.0|19054.0|20285.0|19563.0|17899.0|2000.0|0.0|2000.0|0.0|356.0|3431.0|1
21587|170000.0|2|1|2|33|0|0|0|2|0|0|144031.0|147135.0|158528.0|138030.0|139444.0|148093.0|5500.0|14000.0|0.0|5200.0|11100.0|0.0|0
3505|20000.0|1|1|2|24|-1|-1|-1|-1|-1|-1|3808.0|4470.0|8176.0|7909.0|2948.0|1220.0|4515.0|8186.0|7913.0|3049.0|1624.0|3800.0|0
25393|50000.0|1|2|2|42|2|2|2|2|-1|0|22591.0|21523.0|24538.0|22402.0|9528.0|8447.0|0.0|3701.0|554.0|10026.0|421.0|6106.0|0
15233|360000.0|1|1|1|39|-2|-2|-2|-2|-2|-2|0.0|0.0|0.0|0.0|0.0|0.0|0.0|0.0|0.0|0.0|0.0|0.0|0
23141|30000.0|1|2|2|24|-1|-1|-1|-1|-1|-1|1473.0|390.0|390.0|390.0|0.0|780.0|390.0|390.0|390.0|0.0|780.0|0.0|1
16841|70000.0|2|3|1|32|0|0|0|2|0|0|10856.0|10822.0|13627.0|10852.0|12676.0|14463.0|2000.0|3000.0|0.0|2000.0|3000.0|4000.0|0
29539|80000.0|1|3|1|45|0|0|2|0|0|0|8133.0|10978.0|10511.0|11529.0|12332.0|13128.0|3000.0|0.0|1200.0|1000.0|1000.0|1000.0|1
17586|100000.0|1|2|2|38|0|0|0|0|0|-1|25994.0|27173.0|44285.0|45433.0|3952.0|3723.0|1994.0|19462.0|3000.0|302.0|3723.0|15462.0|0
797|80000.0|1|1|2|27|-1|-1|-1|-1|-1|-1|400.0|600.0|600.0|100.0|900.0|2934.0|600.0|600.0|100.0|900.0|2934.0|0.0|0
1373|130000.0|2|2|2|26|1|-2|-2|-2|-2|-2|0.0|0.0|0.0|0.0|0.0|0.0|0.0|0.0|0.0|0.0|0.0|0.0|0
27383|350000.0|2|2|1|38|-1|-1|-1|-1|-1|-1|282.0|2728.0|1606.0|1015.0|24555.0|185.0|2750.0|1612.0|1017.0|24560.0|1000.0|917.0|0
14789|50000.0|2|2|2|24|0|0|0|0|0|0|29186.0|29792.0|26660.0|27416.0|27836.0|28473.0|1500.0|1500.0|1200.0|1010.0|1100.0|980.0|0
23378|230000.0|1|1|2|42|-2|-2|-2|-2|-2|-2|380.0|380.0|380.0|380.0|380.0|380.0|380.0|380.0|380.0|380.0|380.0|380.0|1
4228|360000.0|1|3|1|55|0|0|-1|-1|-1|-2|9210.0|8485.0|17231.0|1770.0|0.0|0.0|6015.0|17454.0|1775.0|0.0|0.0|0.0|0
23083|210000.0|2|1|1|38|-1|-1|-1|-2|-2|-2|4868.0|13118.0|16114.0|3353.0|10775.0|2938.0|13174.0|16114.0|3353.0|10775.0|3000.0|16520.0|0
10996|220000.0|1|1|1|33|0|0|0|0|0|2|171182.0|175334.0|179024.0|183050.0|207481.0|204082.0|7000.0|6500.0|7000.0|27640.0|0.0|16000.0|0
24558|50000.0|2|2|2|28|-2|-2|-1|0|0|0|13733.0|5570.0|2698.0|4640.0|6554.0|8434.0|2037.0|2698.0|2000.0|2000.0|2000.0|2000.0|0
10496|240000.0|1|2|1|33|-1|-1|-1|-1|-1|-1|8383.0|3470.0|2220.0|2220.0|3356.0|2220.0|3470.0|2220.0|2220.0|3356.0|2220.0|3829.0|0
11551|320000.0|1|1|1|44|-1|-1|-1|-1|-1|-1|1329.0|4526.0|11906.0|14202.0|6956.0|4839.0|4526.0|11911.0|14425.0|7063.0|4839.0|6271.0|0
27453|280000.0|2|1|1|34|-1|0|0|0|0|0|11584.0|12211.0|10247.0|10247.0|6170.0|11170.0|7011.0|3000.0|0.0|123.0|5000.0|0.0|1
18524|120000.0|2|2|2|33|0|0|0|0|0|0|135770.0|136901.0|115299.0|117498.0|89417.0|91370.0|5000.0|5000.0|4620.0|3200.0|3300.0|5000.0|0
15515|90000.0|2|1|1|38|-1|-1|-1|-1|-1|-1|380.0|2132.0|0.0|1066.0|1752.0|569.0|2132.0|0.0|1066.0|1752.0|569.0|2132.0|0
23109|320000.0|2|1|2|36|0|0|0|0|0|0|29026.0|28179.0|28695.0|19370.0|10155.0|3788.0|5000.0|5018.0|1000.0|3000.0|0.0|7013.0|0
6709|220000.0|2|1|2|36|-2|-2|-2|-1|2|0|637.0|0.0|0.0|300.0|300.0|728.0|0.0|0.0|365.0|0.0|578.0|198.0|1
2501|10000.0|1|3|2|36|-1|-1|-1|-1|0|0|576.0|3100.0|3629.0|6260.0|5990.0|6520.0|4009.0|4011.0|6260.0|120.0|2000.0|2000.0|1
18887|120000.0|1|3|2|25|0|0|2|0|0|-1|81129.0|72699.0|39909.0|18334.0|7382.0|19801.0|7504.0|29.0|10004.0|6.0|19824.0|18129.0|0
18739|80000.0|2|3|2|25|0|0|0|0|0|0|79986.0|80012.0|78748.0|76722.0|70370.0|64510.0|3000.0|3010.0|2700.0|2300.0|2500.0|2000.0|0
19529|160000.0|1|2|2|45|0|0|0|0|0|0|131895.0|132154.0|129237.0|90981.0|92580.0|77184.0|5336.0|4900.0|2807.0|2898.0|2713.0|2885.0|1
26251|360000.0|1|2|1|49|1|-2|-1|-1|-2|-2|0.0|0.0|8209.0|-41.0|-41.0|-41.0|0.0|8209.0|0.0|0.0|0.0|0.0|1
11458|30000.0|2|2|2|29|0|0|2|0|0|-2|22501.0|20210.0|8762.0|6200.0|0.0|0.0|2429.0|5.0|1062.0|0.0|0.0|0.0|0
8172|240000.0|1|1|1|30|0|0|0|0|0|0|240770.0|243509.0|228735.0|198585.0|202762.0|202932.0|9000.0|8009.0|7100.0|7324.0|7200.0|7074.0|0
1509|20000.0|2|2|1|26|1|-2|-2|-2|-2|-2|0.0|0.0|0.0|0.0|0.0|0.0|0.0|0.0|0.0|0.0|0.0|0.0|1
17744|360000.0|2|2|1|45|0|-1|-1|-1|-1|-1|20137.0|3332.0|3542.0|6487.0|3437.0|4875.0|3332.0|3752.0|6487.0|3437.0|4875.0|24181.0|0
21576|20000.0|1|2|2|40|1|2|2|2|3|2|8545.0|10177.0|10467.0|11987.0|11503.0|11175.0|1923.0|600.0|2000.0|0.0|0.0|1000.0|1
22974|240000.0|1|2|1|47|0|0|0|0|-1|-1|205495.0|236484.0|243567.0|44351.0|193283.0|21682.0|34700.0|11005.0|8006.0|202000.0|8505.0|377000.0|0
3840|440000.0|2|2|2|31|0|0|0|0|0|-1|49803.0|25781.0|18400.0|10978.0|1175.0|32857.0|1390.0|4375.0|271.0|497.0|34255.0|1048.0|0
11434|50000.0|2|2|2|29|-1|-1|-1|0|0|0|1303.0|801.0|11512.0|11512.0|8490.0|0.0|801.0|11512.0|0.0|0.0|0.0|950.0|0
1176|340000.0|2|1|2|35|-1|-1|0|0|0|0|484.0|15904.0|44852.0|41971.0|81011.0|38472.0|15904.0|30000.0|20000.0|50000.0|20000.0|10000.0|0
28685|30000.0|2|2|1|22|1|2|2|2|2|0|28037.0|29055.0|28303.0|29462.0|28859.0|29122.0|1745.0|0.0|3554.0|0.0|1190.0|1030.0|0
9441|60000.0|2|3|2|32|0|0|0|0|0|0|62552.0|26929.0|27967.0|28526.0|28275.0|29151.0|1500.0|1500.0|1003.0|1500.0|1500.0|1044.0|0
24470|300000.0|2|2|1|36|-1|-1|-2|-1|-1|-1|77765.0|1443.0|41071.0|58995.0|24713.0|28948.0|1443.0|41071.0|58995.0|24713.0|28948.0|7210.0|0
28296|210000.0|2|2|1|33|0|0|0|2|2|2|159715.0|163060.0|168218.0|169726.0|173687.0|176510.0|6000.0|8000.0|6000.0|7000.0|6000.0|20000.0|0
24418|190000.0|2|1|2|28|0|0|0|0|0|0|141693.0|143464.0|146943.0|151905.0|153538.0|156664.0|5618.0|5795.0|7408.0|5645.0|5753.0|6370.0|0
26522|550000.0|1|5|1|37|0|0|0|0|0|0|452600.0|364447.0|318029.0|91903.0|91010.0|70045.0|16025.0|14407.0|3512.0|3506.0|2512.0|125020.0|1
23821|180000.0|2|1|2|32|1|2|2|0|0|-2|17816.0|18247.0|33230.0|5168.0|0.0|0.0|1000.0|0.0|103.0|0.0|0.0|0.0|0
17780|140000.0|1|3|1|41|-1|-1|-1|-1|0|-1|1476.0|2139.0|0.0|1686.0|1686.0|205.0|2139.0|0.0|1686.0|0.0|205.0|6689.0|0
29386|150000.0|2|3|2|58|2|0|0|0|0|0|152767.0|152319.0|120458.0|98302.0|69424.0|70906.0|6251.0|5000.0|3903.0|2500.0|2600.0|2600.0|0
8835|30000.0|2|1|2|26|1|2|2|2|0|0|13890.0|15374.0|16141.0|15593.0|15908.0|16757.0|2000.0|1300.0|0.0|564.0|1100.0|1000.0|1
14642|200000.0|2|2|1|36|-1|-1|-1|-1|-1|-1|1070.0|4078.0|1099.0|1099.0|1099.0|1099.0|4107.0|1099.0|1099.0|1099.0|1099.0|1099.0|0
19846|80000.0|1|2|2|29|0|0|0|0|0|0|41815.0|42938.0|44022.0|44792.0|45915.0|46998.0|2100.0|2100.0|1800.0|2000.0|2000.0|2500.0|0
25210|50000.0|2|3|1|53|2|2|2|2|0|0|41174.0|42196.0|43327.0|42335.0|43326.0|46256.0|2000.0|2100.0|0.0|2000.0|3800.0|5783.0|0
24288|210000.0|2|1|2|28|1|-2|-2|-2|-2|-2|0.0|0.0|0.0|0.0|0.0|0.0|0.0|0.0|0.0|0.0|0.0|0.0|1
1053|200000.0|2|2|1|36|2|2|-2|-2|-2|-2|2500.0|0.0|0.0|0.0|0.0|0.0|0.0|0.0|0.0|0.0|0.0|0.0|1
1972|180000.0|2|1|2|27|1|-2|-2|-2|-2|-2|-200.0|-200.0|-200.0|-200.0|-200.0|-200.0|0.0|0.0|0.0|0.0|0.0|0.0|1
20772|170000.0|2|3|2|29|-1|-1|-1|-2|-2|-2|14460.0|738.0|0.0|0.0|0.0|0.0|738.0|0.0|0.0|0.0|0.0|0.0|0
4487|10000.0|2|3|1|49|-1|-1|-2|-1|2|2|32.0|-358.0|-748.0|1690.0|1138.0|930.0|0.0|0.0|2828.0|0.0|182.0|0.0|1
14694|20000.0|2|1|2|24|0|0|0|0|0|0|18916.0|18556.0|19162.0|19293.0|19298.0|19198.0|1600.0|1805.0|1400.0|405.0|400.0|0.0|0
913|230000.0|2|2|1|37|-1|0|0|0|0|0|1054.0|2869.0|5567.0|2622.0|5550.0|7446.0|2000.0|3000.0|2000.0|3000.0|2000.0|3000.0|1
5313|120000.0|2|2|2|24|0|0|0|0|0|-1|11296.0|12200.0|11761.0|6761.0|7189.0|1087.0|1400.0|1000.0|0.0|1000.0|1087.0|801.0|0
23316|130000.0|1|2|1|54|0|0|0|0|0|0|129049.0|63099.0|57700.0|53308.0|48722.0|48831.0|3000.0|2100.0|2500.0|2100.0|2100.0|1500.0|0
19532|150000.0|2|1|2|28|0|0|0|0|0|0|66296.0|61916.0|39614.0|39863.0|26379.0|22081.0|3000.0|3005.0|5000.0|3000.0|5000.0|1000.0|0
12256|130000.0|1|2|2|29|1|-1|-1|-1|-1|0|-4.0|1198.0|101424.0|-1175.0|111715.0|52337.0|1202.0|101726.0|1228.0|114488.0|2000.0|2007.0|0
17001|140000.0|1|2|2|44|2|0|0|0|0|0|84371.0|85119.0|86901.0|89583.0|90432.0|92332.0|3046.0|3153.0|4126.0|3231.0|3351.0|3400.0|1
23723|360000.0|2|2|2|35|0|0|0|0|0|0|35327.0|42032.0|35665.0|37071.0|38680.0|42352.0|10000.0|2453.0|5000.0|5000.0|10000.0|10017.0|0
446|50000.0|1|2|2|48|0|0|0|0|0|0|23694.0|22500.0|20279.0|19816.0|18711.0|17598.0|1635.0|1360.0|1233.0|601.0|591.0|736.0|0
10007|200000.0|2|1|2|33|-1|-1|-1|-2|-2|-2|846.0|4292.0|0.0|0.0|0.0|0.0|4974.0|0.0|0.0|0.0|0.0|0.0|0
19940|530000.0|2|2|1|44|0|0|0|0|0|0|562326.0|532374.0|537543.0|541019.0|468571.0|478034.0|20010.0|25022.0|21003.0|18003.0|20000.0|20004.0|1
9654|60000.0|1|2|2|30|0|-1|-1|-1|-1|0|41540.0|390.0|390.0|0.0|15666.0|15915.0|390.0|390.0|0.0|16056.0|1000.0|390.0|0
7039|300000.0|2|2|1|45|0|0|0|0|0|0|12975.0|13149.0|13408.0|12714.0|12437.0|11166.0|1520.0|2000.0|1452.0|1000.0|649.0|344.0|0
16894|150000.0|1|1|1|40|0|0|0|0|0|-1|133013.0|123548.0|94995.0|52874.0|64269.0|73351.0|4159.0|4221.0|3094.0|30454.0|100049.0|5098.0|1
8590|240000.0|1|1|1|49|-1|-1|-2|-1|-1|-2|511.0|-5.0|-5.0|561.0|0.0|0.0|0.0|0.0|566.0|0.0|0.0|517.0|0
17917|140000.0|2|2|2|32|2|2|2|3|2|2|76187.0|84734.0|91142.0|88800.0|90750.0|88591.0|9834.0|8742.0|0.0|3500.0|0.0|3100.0|1
2133|400000.0|2|2|1|42|-2|-2|-1|0|0|0|0.0|641.0|1290.0|1319.0|694.0|697.0|641.0|1290.0|29.0|0.0|3.0|703.0|0
641|160000.0|1|1|2|34|-1|-1|-1|-1|-1|-1|390.0|390.0|390.0|520.0|540.0|390.0|390.0|390.0|520.0|560.0|390.0|0.0|1
20995|50000.0|1|2|1|47|0|0|0|0|0|0|13917.0|16695.0|21320.0|18614.0|19003.0|19439.0|3000.0|5000.0|2000.0|618.0|679.0|500.0|0
24457|120000.0|2|2|2|37|0|0|0|0|0|0|93822.0|96916.0|99051.0|99927.0|101541.0|103379.0|4848.0|4877.0|3625.0|3600.0|3751.0|3900.0|0
4234|430000.0|2|2|1|37|0|0|0|0|0|0|17800.0|18175.0|11153.0|11073.0|2853.0|3177.0|2003.0|2000.0|1030.0|2350.0|2000.0|1150.0|0
14122|340000.0|1|1|2|29|0|0|0|0|0|0|277140.0|272579.0|271986.0|227152.0|221218.0|159462.0|10000.0|13012.0|8008.0|8343.0|9463.0|196000.0|1
23569|80000.0|2|2|1|40|-1|-1|-1|-1|-1|-1|390.0|390.0|390.0|390.0|390.0|540.0|390.0|390.0|390.0|390.0|540.0|390.0|0
2887|270000.0|2|2|1|31|-1|-1|0|0|0|0|6894.0|14246.0|43615.0|33336.0|36045.0|28725.0|14305.0|43000.0|1740.0|16045.0|2000.0|5000.0|0
16309|160000.0|1|1|2|53|2|2|-1|-1|-2|-1|1309.0|0.0|4582.0|0.0|0.0|2191.0|0.0|4582.0|0.0|0.0|2191.0|4825.0|1
22751|430000.0|1|3|2|38|-2|-2|-2|-2|-2|-2|37693.0|3390.0|5930.0|33736.0|23558.0|8118.0|3507.0|5960.0|39507.0|11838.0|8158.0|8509.0|0
7126|360000.0|2|2|2|27|0|0|0|0|0|0|214711.0|179651.0|139310.0|143215.0|168839.0|171153.0|10440.0|13360.0|6123.0|28002.0|6116.0|10056.0|0
2043|50000.0|2|3|1|45|0|0|0|0|0|0|48169.0|48163.0|49302.0|16522.0|15175.0|16371.0|2400.0|2500.0|1318.0|700.0|1600.0|600.0|0
11047|90000.0|2|2|1|29|0|0|0|0|0|0|13770.0|14024.0|9232.0|4173.0|4408.0|5846.0|1522.0|3010.0|1500.0|1500.0|1500.0|2000.0|0
18230|180000.0|2|2|2|48|-1|-1|-1|-1|-1|-1|10000.0|10000.0|10000.0|10000.0|20000.0|10338.0|10000.0|10000.0|10000.0|20000.0|10338.0|20894.0|0
16515|20000.0|1|2|1|55|3|2|2|2|0|0|13139.0|12636.0|15212.0|14675.0|14835.0|15047.0|0.0|3100.0|0.0|700.0|600.0|2000.0|1
27418|20000.0|1|2|2|43|0|0|0|0|0|0|19197.0|19997.0|20060.0|18780.0|19580.0|0.0|1500.0|1500.0|1000.0|800.0|0.0|0.0|0
3548|60000.0|2|2|2|40|0|0|0|0|0|0|61756.0|60800.0|55390.0|50221.0|22032.0|20710.0|2200.0|2100.0|8000.0|800.0|1000.0|1000.0|0
21856|20000.0|1|1|2|27|0|0|0|0|0|0|19115.0|18962.0|19298.0|19378.0|19717.0|15630.0|1404.0|1130.0|600.0|861.0|313.0|0.0|0
27735|350000.0|2|1|2|31|0|0|0|0|0|2|181550.0|177978.0|164481.0|198545.0|232543.0|165288.0|10000.0|20000.0|100048.0|60000.0|0.0|5000.0|0
16213|80000.0|1|3|1|73|-1|0|0|2|2|2|63144.0|65631.0|68875.0|70646.0|72870.0|75018.0|3500.0|4330.0|3500.0|3500.0|3500.0|5100.0|1
8976|50000.0|1|2|2|25|0|0|4|3|2|2|29206.0|53086.0|51981.0|50805.0|51518.0|50713.0|25000.0|0.0|0.0|1800.0|108.0|2400.0|0
27099|60000.0|2|2|1|47|0|0|0|2|-1|2|27970.0|28004.0|31688.0|30448.0|452.0|302.0|1456.0|4140.0|0.0|904.0|0.0|12985.0|1
27825|220000.0|1|2|1|47|-2|-2|-2|-2|-2|-2|7625.0|8325.0|1497.0|0.0|0.0|7625.0|8334.0|1497.0|0.0|0.0|7625.0|2226.0|0
17028|70000.0|2|1|2|26|0|0|0|0|0|0|46222.0|47650.0|48867.0|47808.0|43022.0|44077.0|2500.0|2300.0|2300.0|2000.0|1900.0|3000.0|0
18906|50000.0|2|2|2|33|0|0|0|0|0|0|14720.0|15743.0|16756.0|17089.0|17446.0|17825.0|1265.0|1278.0|611.0|632.0|668.0|591.0|1
18983|450000.0|2|1|2|33|-1|-1|-1|-1|-1|-1|30627.0|3693.0|6696.0|2461.0|4192.0|4378.0|4008.0|6696.0|5000.0|4192.0|4378.0|71100.0|0
21414|50000.0|1|1|2|28|0|0|-1|-1|-1|-1|18771.0|10655.0|1659.0|6524.0|29949.0|3268.0|10000.0|1659.0|6546.0|29949.0|3268.0|399.0|0
21541|250000.0|1|1|2|48|-2|-1|-1|-1|0|-1|5241.0|2738.0|2360.0|6976.0|3701.0|2872.0|2754.0|2377.0|7006.0|11.0|2981.0|0.0|0
11598|10000.0|1|2|2|23|-2|-1|-1|-1|0|0|998.0|780.0|390.0|3622.0|3695.0|3126.0|780.0|390.0|3622.0|108.0|246.0|98.0|1
4493|20000.0|1|2|2|34|1|2|0|0|0|0|14498.0|13968.0|15739.0|17168.0|17580.0|18295.0|0.0|2000.0|2000.0|1000.0|1000.0|1000.0|0
16630|500000.0|2|1|1|35|-1|-1|-1|-1|-1|-1|2153.0|9869.0|4055.0|3000.0|3000.0|8063.0|9869.0|4065.0|3000.0|3000.0|8063.0|6000.0|0
12452|20000.0|1|3|2|31|0|0|0|0|0|0|7222.0|13627.0|11974.0|11467.0|10469.0|9380.0|10009.0|2004.0|5013.0|3010.0|3690.0|4384.0|0
10770|180000.0|2|2|1|34|0|0|0|0|0|0|181076.0|168338.0|169278.0|171274.0|169691.0|173760.0|6013.0|6307.0|6300.0|6300.0|7000.0|14000.0|0
18718|70000.0|2|3|2|22|0|0|0|0|0|0|53443.0|49938.0|39926.0|18648.0|5022.0|5935.0|3000.0|2500.0|2500.0|1000.0|1000.0|500.0|0
29842|50000.0|2|2|2|25|0|0|2|0|0|0|39033.0|37002.0|21933.0|16137.0|16030.0|15373.0|6455.0|0.0|1500.0|3000.0|5000.0|5000.0|0
2153|350000.0|2|1|2|32|-1|-1|-1|-1|-1|0|11942.0|3236.0|7241.0|6800.0|5163.0|942.0|3252.0|7289.0|8495.0|5184.0|1.0|2.0|0
27553|450000.0|1|1|1|34|-2|-2|-2|-2|-2|-2|-9.0|1844.0|0.0|0.0|0.0|0.0|1853.0|0.0|0.0|0.0|0.0|0.0|1
8573|100000.0|1|3|1|48|-2|-2|-2|-2|-2|-2|6345.0|0.0|0.0|0.0|0.0|0.0|0.0|0.0|0.0|0.0|0.0|0.0|0
9120|190000.0|2|1|2|26|0|0|0|0|0|2|31061.0|32129.0|33142.0|33726.0|35758.0|35171.0|1750.0|1720.0|1300.0|2600.0|0.0|1400.0|0
20249|200000.0|2|2|1|40|0|0|0|0|0|0|22065.0|23382.0|21522.0|8815.0|4280.0|0.0|2000.0|1128.0|4280.0|0.0|0.0|0.0|0
26979|250000.0|1|1|1|48|0|-1|-1|-1|0|-1|205323.0|5317.0|4898.0|19351.0|4858.0|6973.0|10021.0|5033.0|19619.0|4874.0|7050.0|12073.0|1
315|200000.0|1|3|1|44|0|0|0|0|0|0|138877.0|144085.0|142520.0|151078.0|176717.0|168431.0|6437.0|5000.0|10000.0|27080.0|10017.0|4200.0|0
18686|30000.0|2|3|1|44|1|-2|-2|-2|-2|-1|0.0|0.0|0.0|0.0|0.0|379.0|0.0|0.0|0.0|0.0|379.0|0.0|0
28880|140000.0|2|2|2|50|0|0|0|0|0|0|128949.0|133778.0|131241.0|25994.0|25769.0|24552.0|7000.0|6000.0|3000.0|5000.0|4000.0|6000.0|1
29526|100000.0|2|2|1|30|0|0|0|0|0|0|47423.0|49978.0|52520.0|54877.0|57484.0|59095.0|3000.0|3000.0|3000.0|3000.0|2000.0|3000.0|0
19429|50000.0|1|3|1|57|3|2|0|0|0|0|12854.0|12362.0|13447.0|13427.0|13711.0|14083.0|0.0|1600.0|500.0|500.0|600.0|600.0|0
25858|200000.0|1|1|1|43|1|2|0|0|0|0|203393.0|198272.0|120005.0|121023.0|128387.0|130960.0|0.0|5812.0|4500.0|9352.0|4700.0|5000.0|1
4617|80000.0|1|2|1|37|1|-2|-2|-2|-2|-2|0.0|0.0|0.0|0.0|0.0|0.0|3000.0|0.0|0.0|0.0|0.0|0.0|0
23151|360000.0|2|2|2|35|2|2|2|0|0|0|360023.0|363239.0|350214.0|319960.0|260944.0|202686.0|14693.0|30.0|12302.0|10004.0|7506.0|19721.0|1
1920|30000.0|1|2|2|30|0|0|0|0|0|0|22221.0|23248.0|24260.0|24743.0|25261.0|25763.0|1391.0|1403.0|886.0|917.0|922.0|955.0|0
27928|260000.0|2|1|2|28|0|0|0|0|0|0|63504.0|66283.0|67341.0|54725.0|36117.0|35144.0|4000.0|3002.0|2000.0|2000.0|2464.0|1000.0|0
1090|300000.0|2|2|2|28|0|0|0|0|0|0|199801.0|121321.0|94524.0|86637.0|78939.0|70689.0|5017.0|3200.0|3500.0|3000.0|3000.0|74000.0|0
11915|130000.0|1|1|2|34|0|0|0|0|0|0|31179.0|30569.0|28659.0|26952.0|15852.0|0.0|2002.0|1400.0|600.0|1000.0|0.0|0.0|0
22964|80000.0|2|2|1|25|0|0|0|0|0|0|79029.0|76009.0|74908.0|41646.0|29297.0|30057.0|4000.0|3200.0|2230.0|1300.0|1410.0|1000.0|0
1409|200000.0|1|2|1|28|-1|0|0|0|0|0|11445.0|12379.0|12187.0|7402.0|10827.0|11351.0|5013.0|3038.0|3007.0|5005.0|2056.0|2826.0|0
15419|50000.0|1|2|1|24|0|0|0|0|0|0|17331.0|17961.0|18689.0|19284.0|19517.0|19193.0|1600.0|1700.0|1600.0|1200.0|1000.0|1000.0|0
16964|130000.0|1|1|2|37|0|0|0|0|0|0|109383.0|106149.0|44841.0|45451.0|46564.0|47516.0|5300.0|1700.0|1300.0|1500.0|1500.0|1400.0|0
14450|80000.0|1|3|1|41|0|0|0|0|0|0|35646.0|38040.0|39562.0|40427.0|43417.0|46878.0|3000.0|2135.0|2000.0|3500.0|4000.0|3000.0|0
88|50000.0|2|2|2|35|1|2|0|0|-1|0|31507.0|30705.0|33467.0|12870.0|3325.0|5103.0|0.0|3467.0|1229.0|3325.0|2000.0|2167.0|0
818|110000.0|1|1|2|31|-1|-1|-1|-1|0|0|7300.0|593.0|11801.0|11312.0|11312.0|11312.0|593.0|11801.0|11312.0|0.0|0.0|0.0|0
23045|50000.0|1|2|2|27|0|0|0|0|-1|-1|47481.0|36112.0|31992.0|33361.0|100.0|0.0|1910.0|1790.0|79.0|100.0|1200.0|0.0|0
8228|160000.0|2|3|1|44|0|-1|-1|2|2|2|6061.0|1594.0|2904.0|2313.0|2753.0|2191.0|2000.0|3037.0|0.0|1000.0|0.0|5000.0|0
15490|360000.0|1|1|1|37|-1|-1|-1|-1|-1|-1|25078.0|20970.0|14407.0|6820.0|10099.0|7806.0|21006.0|14430.0|6820.0|10099.0|7806.0|7862.0|0
19898|400000.0|1|2|1|32|0|0|0|0|0|0|271974.0|337765.0|138235.0|136102.0|33340.0|63684.0|100000.0|10007.0|3601.0|22000.0|35802.0|2013.0|0
18109|150000.0|2|2|2|27|1|-2|-2|-2|-1|-1|0.0|0.0|0.0|0.0|699.0|1170.0|0.0|0.0|0.0|699.0|1170.0|1173.0|0
18377|140000.0|2|2|2|33|0|0|0|0|0|0|54279.0|55991.0|59465.0|62855.0|63670.0|67464.0|2615.0|5000.0|5000.0|2455.0|5000.0|5000.0|0
16450|160000.0|2|2|1|25|0|0|0|0|0|0|116744.0|94894.0|97589.0|78487.0|78592.0|81326.0|4000.0|4500.0|3000.0|3000.0|4000.0|5000.0|0
23295|50000.0|2|1|2|24|3|2|2|2|0|0|8506.0|10194.0|10928.0|10456.0|11279.0|12095.0|2000.0|1200.0|0.0|1000.0|1000.0|1000.0|1
11979|340000.0|2|1|2|44|-2|-2|-2|-2|-2|-2|2732.0|2183.0|4103.0|12950.0|11372.0|2434.0|2183.0|4142.0|12950.0|11372.0|2434.0|2222.0|0
13676|30000.0|2|3|2|36|2|2|2|2|2|2|25437.0|26734.0|26011.0|27353.0|26776.0|28620.0|2000.0|0.0|2078.0|0.0|2291.0|0.0|1
11263|50000.0|2|2|2|22|2|2|2|2|0|0|50583.0|50974.0|51688.0|50024.0|29381.0|28957.0|2300.0|3000.0|0.0|800.0|808.0|1200.0|0
26110|50000.0|2|3|2|48|0|0|0|0|0|0|45163.0|25870.0|28027.0|28007.0|28770.0|28929.0|1500.0|3000.0|1200.0|1200.0|1162.0|1000.0|0
1479|250000.0|1|3|1|39|-1|-1|-1|-1|-1|-2|1976.0|3314.0|0.0|800.0|3576.0|0.0|3318.0|0.0|800.0|3576.0|0.0|0.0|0
6054|80000.0|2|2|1|38|0|0|0|0|0|0|29249.0|28795.0|27006.0|23705.0|18275.0|18104.0|1800.0|1550.0|1244.0|751.0|612.0|667.0|0
777|20000.0|2|2|2|24|2|2|2|2|-1|-1|6270.0|8284.0|8000.0|0.0|186.0|3314.0|2284.0|0.0|0.0|186.0|3314.0|3515.0|1
12593|120000.0|2|1|2|31|-1|-1|-1|-1|-1|0|316.0|316.0|316.0|316.0|632.0|316.0|316.0|316.0|316.0|632.0|0.0|316.0|0
19936|30000.0|2|2|1|35|2|2|2|2|2|2|17880.0|19288.0|20313.0|19696.0|20670.0|20200.0|2000.0|1626.0|0.0|1600.0|0.0|1126.0|1
10899|50000.0|1|2|1|40|0|0|0|0|0|0|31852.0|28526.0|60032.0|25443.0|19600.0|19405.0|1600.0|2018.0|1500.0|1000.0|1500.0|1000.0|1
27741|580000.0|2|2|1|57|-1|-1|-1|-1|-1|-1|20498.0|2290.0|4968.0|4481.0|5574.0|14240.0|2290.0|4968.0|4485.0|5583.0|14242.0|9986.0|0
10060|10000.0|2|2|2|22|0|0|0|0|0|0|2274.0|3297.0|4730.0|5649.0|7304.0|8252.0|1067.0|1500.0|1000.0|1751.0|1073.0|2041.0|1
24908|70000.0|2|2|2|23|0|0|0|0|0|0|65026.0|29549.0|29705.0|29012.0|28355.0|16579.0|4000.0|1595.0|775.0|1000.0|600.0|2000.0|0
10354|170000.0|1|1|1|41|-1|-1|-1|0|0|-1|10540.0|0.0|9871.0|9739.0|66.0|230.0|0.0|9871.0|0.0|0.0|230.0|23709.0|1
9476|230000.0|2|1|1|46|-2|-2|-2|-2|-2|-2|266.0|0.0|0.0|0.0|0.0|300.0|0.0|0.0|0.0|0.0|300.0|0.0|0
4638|200000.0|2|2|2|36|0|0|0|0|0|0|138636.0|140982.0|145038.0|146190.0|148989.0|130481.0|5048.0|6726.0|5451.0|5774.0|4739.0|5500.0|0
488|80000.0|1|2|2|27|-1|-1|-1|-1|2|-1|390.0|390.0|390.0|1080.0|540.0|390.0|390.0|390.0|1080.0|0.0|390.0|390.0|0
28314|170000.0|2|2|1|51|-1|-1|-1|-1|-1|-1|3022.0|2742.0|4592.0|3798.0|8717.0|4362.0|2751.0|4592.0|3798.0|8774.0|4362.0|12114.0|0
12810|20000.0|2|2|1|33|0|0|0|0|0|0|10001.0|20844.0|5760.0|3343.0|1510.0|0.0|2000.0|1500.0|1007.0|7.0|0.0|0.0|0
6542|20000.0|1|1|2|22|0|0|0|0|0|0|14677.0|16625.0|17924.0|18674.0|15452.0|15882.0|3004.0|3006.0|3007.0|489.0|2110.0|2201.0|0
26277|140000.0|1|1|2|29|0|0|0|0|0|0|142044.0|142087.0|255846.0|140057.0|100177.0|100873.0|6100.0|5528.0|4500.0|3500.0|4000.0|4000.0|1
26525|110000.0|2|2|2|25|0|0|0|0|0|0|38152.0|39214.0|39981.0|41312.0|42028.0|42899.0|2000.0|1700.0|2000.0|1700.0|1700.0|2300.0|0
16953|50000.0|2|2|1|46|2|2|2|2|2|2|28390.0|29639.0|30854.0|30062.0|32705.0|33519.0|2000.0|2000.0|0.0|3300.0|1500.0|0.0|0
9613|150000.0|2|1|1|35|0|0|0|0|0|-1|27329.0|42144.0|35757.0|33789.0|33219.0|5621.0|20228.0|10036.0|18002.0|10000.0|5621.0|0.0|0
26536|50000.0|1|2|2|27|2|2|0|0|0|0|94297.0|49377.0|41247.0|9818.0|9003.0|9203.0|5600.0|1595.0|505.0|500.0|500.0|659.0|0
12559|80000.0|2|3|1|27|0|0|-1|0|0|0|18094.0|6942.0|26855.0|23287.0|20885.0|17595.0|1034.0|27318.0|1407.0|429.0|417.0|200.0|0
16233|90000.0|1|3|1|31|1|2|2|3|5|5|63276.0|61693.0|75670.0|83772.0|83401.0|81487.0|0.0|15000.0|10000.0|1500.0|0.0|1500.0|1
4500|50000.0|2|2|2|48|-1|-1|0|0|0|0|879.0|8061.0|8290.0|7838.0|7998.0|8161.0|8061.0|1398.0|1000.0|160.0|163.0|9217.0|0
25647|30000.0|1|1|1|38|8|7|6|5|4|3|35031.0|34552.0|33756.0|32960.0|31881.0|31085.0|0.0|0.0|0.0|0.0|0.0|0.0|1
6786|400000.0|2|2|1|38|-1|0|-1|-1|0|-1|3697.0|3600.0|1354.0|5322.0|5103.0|2077.0|1000.0|1354.0|5322.0|6.0|2386.0|9085.0|0
4038|20000.0|1|2|1|32|0|0|0|2|0|0|16354.0|17776.0|21158.0|20511.0|20316.0|20474.0|1700.0|4000.0|0.0|800.0|1000.0|800.0|0
4576|380000.0|1|1|2|31|0|0|0|0|0|0|167061.0|158903.0|275057.0|156348.0|153778.0|139177.0|6000.0|6010.0|5209.0|5000.0|5000.0|4000.0|0
15136|180000.0|2|1|2|35|-1|-1|-1|0|-1|-1|11123.0|7883.0|16477.0|13207.0|73813.0|34935.0|7936.0|18207.0|0.0|22479.0|34935.0|5382.0|0
4843|30000.0|1|1|1|30|0|0|0|0|0|0|10024.0|12855.0|14634.0|16378.0|16961.0|19669.0|3000.0|2000.0|2000.0|1000.0|3000.0|1000.0|0
19090|30000.0|2|2|2|25|1|2|3|2|2|0|17835.0|21220.0|20563.0|18676.0|18281.0|17261.0|4000.0|0.0|1000.0|0.0|2000.0|2000.0|0
18112|380000.0|2|1|2|33|0|0|0|0|0|0|89842.0|88898.0|63203.0|44889.0|44276.0|31799.0|8000.0|8009.0|7000.0|6000.0|10500.0|8500.0|0
10435|310000.0|2|1|2|25|2|0|0|0|0|0|266270.0|273719.0|235796.0|188031.0|170898.0|68369.0|11677.0|8406.0|6000.0|5074.0|3000.0|3000.0|1
4753|40000.0|2|1|1|40|-1|-1|-1|-1|-1|0|776.0|776.0|776.0|776.0|1552.0|776.0|776.0|776.0|776.0|1552.0|0.0|1459.0|1
13823|160000.0|1|2|1|52|0|0|0|-2|-2|-2|161747.0|164150.0|0.0|0.0|0.0|0.0|7350.0|0.0|0.0|0.0|0.0|0.0|1
150|340000.0|2|2|2|38|-2|-2|-2|-2|-2|-2|0.0|780.0|0.0|0.0|0.0|0.0|780.0|0.0|0.0|0.0|0.0|0.0|1
15053|70000.0|2|2|2|25|0|0|0|0|0|0|22935.0|23963.0|24979.0|25665.0|26357.0|26768.0|1398.0|1414.0|1100.0|1104.0|1000.0|1155.0|0
8972|80000.0|2|3|2|65|0|0|0|0|0|0|84985.0|84247.0|81619.0|30095.0|20639.0|7849.0|4000.0|2048.0|1300.0|1700.0|401.0|180.0|0
11184|410000.0|1|1|2|28|0|0|0|0|0|0|82735.0|90847.0|74122.0|72363.0|68703.0|66710.0|10000.0|6000.0|4000.0|5000.0|6000.0|3000.0|0
11105|200000.0|2|1|1|33|0|0|0|0|0|0|105775.0|88262.0|69596.0|32709.0|31816.0|33368.0|3493.0|2536.0|1065.0|10020.0|6097.0|5022.0|0
7509|80000.0|2|3|1|32|-2|-2|-2|-2|-2|-2|0.0|0.0|0.0|0.0|0.0|0.0|0.0|0.0|0.0|0.0|0.0|0.0|0
29410|130000.0|1|3|2|39|1|2|2|2|2|2|71034.0|69329.0|74175.0|72383.0|77217.0|75820.0|0.0|6000.0|0.0|6000.0|0.0|6000.0|0
8092|240000.0|2|1|2|27|1|2|0|0|0|0|21260.0|20643.0|38552.0|18580.0|12773.0|5423.0|0.0|19000.0|437.0|1000.0|1000.0|5503.0|0
6788|80000.0|2|2|2|25|1|2|0|0|2|0|31040.0|30259.0|31712.0|33734.0|29822.0|30966.0|0.0|2000.0|2444.0|0.0|3000.0|1000.0|1
11099|60000.0|1|3|2|34|2|0|0|0|0|0|58501.0|59225.0|59592.0|58654.0|58664.0|59323.0|2300.0|2578.0|2039.0|2088.0|2767.0|1750.0|0
11484|200000.0|2|2|1|31|0|0|0|0|0|0|24605.0|25653.0|26750.0|24014.0|10885.0|7371.0|1462.0|1559.0|2000.0|390.0|328.0|180.0|0
25033|80000.0|1|1|2|38|-1|0|0|0|0|0|21788.0|32562.0|23346.0|18361.0|10434.0|7387.0|16445.0|1482.0|1011.0|8.0|111.0|3509.0|0
18530|150000.0|2|2|2|30|-1|-1|-2|-2|-1|-1|55.0|-94.0|-208.0|-208.0|993.0|0.0|0.0|239.0|0.0|1201.0|0.0|2184.0|0
27370|80000.0|2|1|2|23|0|0|0|0|0|0|23998.0|17442.0|15948.0|17118.0|9883.0|8689.0|3150.0|2000.0|6000.0|500.0|304.0|500.0|0
1156|100000.0|2|3|1|46|2|2|2|2|2|0|42674.0|45983.0|46927.0|47759.0|46865.0|47930.0|4000.0|2000.0|1900.0|0.0|2000.0|4000.0|1
11049|390000.0|2|1|2|27|2|0|0|0|0|0|386301.0|392458.0|290201.0|295606.0|300709.0|305904.0|17000.0|11000.0|11000.0|10656.0|11000.0|12000.0|0
12914|20000.0|2|2|1|46|1|2|0|0|-2|-2|3098.0|2901.0|3800.0|0.0|0.0|0.0|0.0|1000.0|0.0|0.0|0.0|0.0|1
3211|60000.0|2|3|1|55|3|2|0|0|0|0|74786.0|71575.0|63821.0|63719.0|63807.0|57482.0|0.0|9400.0|2271.0|2425.0|2087.0|2142.0|1
7355|20000.0|2|1|2|22|0|0|0|0|0|0|28758.0|14780.0|18829.0|18401.0|3000.0|0.0|1423.0|5000.0|400.0|200.0|0.0|0.0|0
6674|30000.0|1|3|2|25|0|0|0|0|0|0|23075.0|23996.0|25407.0|27312.0|8810.0|6355.0|2000.0|2500.0|3000.0|178.0|1000.0|0.0|0
4385|510000.0|1|1|1|41|-1|-1|-1|-1|-1|-1|3196.0|16447.0|3317.0|10771.0|5552.0|2253.0|16447.0|3317.0|10771.0|5552.0|2253.0|96.0|0
1125|360000.0|2|3|1|36|2|0|0|-2|-2|-2|150527.0|153900.0|0.0|0.0|0.0|0.0|7000.0|0.0|0.0|0.0|0.0|0.0|0
12310|90000.0|1|2|1|41|-1|-1|0|0|0|0|-1750.0|76674.0|77974.0|80064.0|81747.0|86611.0|79786.0|2836.0|3657.0|2972.0|6228.0|0.0|0
26513|110000.0|2|2|2|59|2|0|0|0|0|0|89595.0|126322.0|59115.0|57149.0|54180.0|51796.0|2437.0|3804.0|1857.0|1840.0|1832.0|1648.0|0
19182|100000.0|2|2|1|38|0|0|0|0|0|2|84883.0|86616.0|88207.0|89428.0|95895.0|93092.0|4000.0|4500.0|3500.0|8000.0|4000.0|0.0|0
17810|110000.0|1|2|1|32|0|0|0|0|-2|-2|56573.0|26953.0|28190.0|-18.0|-18.0|-18.0|2000.0|2000.0|0.0|0.0|0.0|0.0|0
9715|50000.0|2|1|2|28|2|2|2|2|2|2|31336.0|32039.0|32714.0|32482.0|33807.0|34398.0|1500.0|1500.0|600.0|2000.0|1300.0|1500.0|0
15463|350000.0|2|1|1|45|-1|-1|-1|-1|-1|-1|291.0|291.0|291.0|291.0|291.0|291.0|291.0|291.0|291.0|291.0|291.0|291.0|0
24396|180000.0|1|1|2|28|-1|-1|-1|-1|-1|-1|666.0|662.0|-4.0|55566.0|1056.0|390.0|662.0|0.0|61411.0|1056.0|0.0|1998.0|0
11727|150000.0|1|1|2|33|1|2|2|2|0|0|88590.0|85800.0|91242.0|88399.0|89629.0|94637.0|0.0|7400.0|0.0|3300.0|7000.0|0.0|1
2072|50000.0|2|1|2|50|0|0|0|0|0|0|51016.0|49000.0|20356.0|20241.0|20304.0|20119.0|2098.0|1303.0|698.0|719.0|716.0|833.0|0
20522|50000.0|1|2|2|25|0|0|0|2|0|0|17826.0|18620.0|19722.0|19305.0|19409.0|20221.0|1400.0|2200.0|806.0|1000.0|2000.0|1000.0|0
28174|100000.0|1|2|1|44|0|0|0|2|0|0|11509.0|11119.0|12376.0|4419.0|2946.0|1473.0|1270.0|3000.0|0.0|0.0|0.0|3230.0|0
2847|50000.0|1|1|2|24|0|0|0|0|0|0|12570.0|11659.0|8312.0|11451.0|9312.0|7239.0|6000.0|6000.0|8000.0|186.0|0.0|0.0|0
5572|280000.0|2|2|1|26|0|0|0|0|0|0|256455.0|245712.0|231025.0|182159.0|80747.0|51689.0|8354.0|5501.0|4293.0|2079.0|1892.0|20012.0|0
12202|150000.0|1|1|1|49|-2|-2|-2|-2|-2|-2|15472.0|14860.0|19601.0|13262.0|14329.0|34193.0|14877.0|19608.0|13280.0|14329.0|34193.0|7880.0|0
14030|20000.0|1|2|2|26|1|2|2|0|0|2|8476.0|10187.0|9885.0|11398.0|12208.0|11869.0|2000.0|0.0|2000.0|1000.0|0.0|1200.0|1
9924|40000.0|2|1|2|22|0|0|0|0|0|0|34521.0|35662.0|36918.0|37478.0|20650.0|0.0|2000.0|2000.0|1071.0|1500.0|0.0|0.0|1
1287|230000.0|2|2|2|28|1|-2|-1|2|-1|-1|0.0|0.0|233.0|233.0|20.0|0.0|0.0|233.0|0.0|20.0|0.0|0.0|0
29174|150000.0|2|2|2|40|-2|-2|-2|-2|-2|-2|8482.0|3493.0|4724.0|5749.0|345.0|349.0|3514.0|4724.0|5749.0|345.0|349.0|24026.0|0
14748|40000.0|2|5|1|48|0|0|0|0|0|0|37896.0|40262.0|40370.0|39970.0|39970.0|0.0|3292.0|1400.0|0.0|0.0|0.0|0.0|0
22847|320000.0|2|2|1|53|0|0|0|0|0|0|33589.0|34608.0|38544.0|44486.0|52319.0|51764.0|3000.0|6000.0|8000.0|10000.0|1900.0|2000.0|0
3597|180000.0|1|2|1|34|-1|-1|-1|-1|-1|-1|1341.0|4185.0|291.0|570.0|2260.0|1583.0|4185.0|291.0|570.0|2260.0|1583.0|3974.0|0
86|50000.0|1|2|2|29|0|0|0|-2|-2|-2|1972.0|2524.0|0.0|0.0|0.0|0.0|2500.0|0.0|0.0|0.0|0.0|0.0|1
28673|410000.0|2|1|2|31|0|0|0|0|0|0|309531.0|313646.0|270317.0|209076.0|191671.0|192848.0|11270.0|15325.0|9099.0|7016.0|7703.0|100000.0|0
26063|10000.0|2|2|1|46|1|2|-1|-1|-1|-1|9841.0|9628.0|4060.0|4530.0|2140.0|1875.0|121.0|4060.0|4530.0|2140.0|1875.0|0.0|1
698|30000.0|1|2|2|24|-2|-2|-2|-2|-2|-2|0.0|0.0|0.0|0.0|0.0|0.0|0.0|0.0|0.0|0.0|0.0|0.0|0
12343|210000.0|2|2|2|27|0|0|0|0|0|0|83381.0|85097.0|86928.0|89471.0|91282.0|93309.0|3100.0|3200.0|4000.0|3300.0|3500.0|3500.0|0
18054|260000.0|2|2|1|50|0|0|0|0|0|0|263320.0|171626.0|175869.0|180891.0|184952.0|182328.0|7000.0|7000.0|8000.0|7032.0|13603.0|5000.0|0
3933|30000.0|1|3|1|52|0|0|0|0|0|0|28889.0|30050.0|29797.0|18464.0|12235.0|0.0|2002.0|1025.0|1230.0|1042.0|0.0|0.0|0
22048|500000.0|1|2|1|40|0|0|0|0|0|-2|30415.0|31645.0|32556.0|36642.0|-8.0|-8.0|2006.0|3000.0|5080.0|8.0|0.0|0.0|0
4254|210000.0|2|1|2|31|0|0|0|-1|0|0|9604.0|10970.0|1230.0|24531.0|24287.0|22683.0|5056.0|1230.0|24531.0|1003.0|479.0|8080.0|0
16412|180000.0|2|2|1|30|0|0|0|0|-1|-1|39259.0|41054.0|25590.0|5817.0|13623.0|-2202.0|3000.0|6000.0|1000.0|13623.0|388.0|77001.0|0
6177|80000.0|2|3|2|24|2|0|0|0|0|0|58850.0|59867.0|47925.0|23642.0|21707.0|20544.0|2700.0|4500.0|1000.0|933.0|5000.0|500.0|0
24586|450000.0|1|2|2|33|-2|-2|-2|-2|-2|-2|-14.0|2568.0|-387.0|-387.0|-387.0|113.0|2582.0|0.0|0.0|0.0|500.0|2515.0|0
10869|70000.0|2|2|3|24|1|2|0|0|0|0|4177.0|2657.0|2752.0|1048.0|462.0|830.0|0.0|1500.0|0.0|0.0|1123.0|0.0|0
10310|240000.0|2|1|1|41|-1|-1|-1|-1|-1|-1|4420.0|16829.0|4745.0|2430.0|7792.0|33196.0|16920.0|4774.0|2442.0|7829.0|33361.0|1076.0|0
11398|90000.0|2|2|2|29|-1|-1|-1|-1|-1|-1|18858.0|11056.0|3909.0|3506.0|4128.0|4254.0|11056.0|3916.0|3506.0|4128.0|4254.0|3438.0|0
24144|430000.0|1|1|1|35|-2|-2|-2|-2|-2|-2|0.0|0.0|0.0|0.0|0.0|2178.0|0.0|0.0|0.0|0.0|2178.0|2125.0|0
1721|370000.0|2|2|2|28|0|0|0|0|0|0|87248.0|82477.0|71825.0|69872.0|63656.0|46555.0|2896.0|2097.0|2000.0|1818.0|1044.0|28034.0|0
17537|50000.0|1|2|2|23|0|0|0|0|0|0|45256.0|41608.0|36554.0|19367.0|19705.0|19696.0|2161.0|1621.0|1000.0|1000.0|1000.0|1000.0|0
13697|340000.0|1|2|1|35|1|-2|-2|-2|-2|-2|-6.0|-6.0|-6.0|-6.0|-6.0|-6.0|0.0|0.0|0.0|0.0|0.0|0.0|0
13112|170000.0|2|1|2|40|-2|-2|-1|0|0|0|-3549.0|-8964.0|157499.0|160946.0|50228.0|53525.0|4557.0|168499.0|12008.0|3000.0|4000.0|10000.0|0
10944|400000.0|2|1|2|33|-1|2|-1|-1|-1|-1|565.0|565.0|11471.0|1779.0|0.0|3470.0|0.0|11495.0|1779.0|0.0|3470.0|24096.0|0
27046|350000.0|2|5|1|45|0|0|0|0|0|0|355310.0|337523.0|342288.0|336750.0|341376.0|348730.0|13671.0|12678.0|13601.0|12136.0|12771.0|12900.0|0
2976|260000.0|2|1|2|26|0|0|0|0|0|0|238110.0|244368.0|245186.0|254614.0|176211.0|180845.0|10368.0|15186.0|14614.0|7211.0|7850.0|6912.0|0
1185|400000.0|2|2|1|30|0|0|-1|-1|-1|-1|161226.0|139481.0|17939.0|10315.0|22728.0|11493.0|5000.0|17939.0|12845.0|22728.0|11493.0|10703.0|0
21985|20000.0|1|3|1|55|1|2|0|0|0|0|19420.0|19810.0|20037.0|19640.0|15378.0|7284.0|1000.0|1400.0|393.0|308.0|1000.0|0.0|0
9410|50000.0|2|3|2|24|2|0|0|0|0|0|57396.0|58941.0|60630.0|53662.0|20229.0|19044.0|2500.0|3000.0|5064.0|1000.0|840.0|1000.0|1
10587|180000.0|2|1|2|32|-2|-2|-2|-2|-2|-2|10989.0|228.0|1540.0|0.0|0.0|0.0|228.0|1541.0|0.0|0.0|0.0|0.0|0
12230|50000.0|1|2|2|36|0|0|0|0|0|0|52045.0|49714.0|50908.0|49756.0|27702.0|27429.0|2000.0|2005.0|1432.0|1008.0|3007.0|2003.0|0
29256|130000.0|1|3|2|27|2|-1|-1|-1|-1|-2|1985.0|1666.0|1306.0|2049.0|0.0|0.0|1671.0|1306.0|2049.0|0.0|0.0|1497.0|0
10741|140000.0|1|2|1|39|0|0|0|0|0|0|92861.0|87249.0|87188.0|86973.0|85854.0|85839.0|3992.0|4100.0|4000.0|3162.0|3500.0|3210.0|0
16431|230000.0|2|2|2|37|0|0|2|0|0|0|29087.0|30589.0|20958.0|21637.0|19846.0|12770.0|2100.0|1000.0|1252.0|500.0|1000.0|1000.0|0
1130|200000.0|2|1|2|28|-1|-1|-1|-1|-1|-1|18134.0|18410.0|1213.0|9095.0|18393.0|612.0|18410.0|1297.0|9113.0|18393.0|612.0|54856.0|0
23115|230000.0|2|1|2|28|-1|2|0|0|0|0|2376.0|2178.0|27460.0|22515.0|20109.0|13700.0|0.0|27446.0|1400.0|0.0|274.0|0.0|0
8194|120000.0|1|2|2|26|0|0|0|0|0|0|107314.0|110578.0|113736.0|116000.0|119131.0|122135.0|5000.0|5000.0|4152.0|5000.0|5000.0|5000.0|0
17993|50000.0|2|2|2|22|0|0|0|0|0|0|28040.0|29092.0|29366.0|27737.0|28318.0|28806.0|1510.0|1442.0|982.0|1017.0|1277.0|567.0|0
2763|120000.0|1|2|2|29|0|0|0|0|0|0|118277.0|121004.0|118774.0|91369.0|88015.0|88087.0|6513.0|3740.0|3215.0|3300.0|3405.0|3303.0|0
19044|180000.0|2|1|2|29|-1|-1|-1|-1|-1|-1|10447.0|18006.0|4815.0|10060.0|49264.0|5983.0|18006.0|5860.0|11470.0|49613.0|5983.0|7133.0|0
20622|500000.0|1|1|1|69|-1|-1|-1|-1|-1|-1|1200.0|5652.0|271.0|1234.0|1015.0|3579.0|5652.0|271.0|1234.0|1015.0|3579.0|2053.0|0
12045|220000.0|2|1|2|33|-1|2|2|0|0|0|1379.0|1205.0|825.0|1783.0|1205.0|1205.0|705.0|325.0|1283.0|507.0|705.0|705.0|0
3265|50000.0|2|3|1|55|0|0|0|0|2|0|46300.0|10849.0|8857.0|9658.0|9359.0|9554.0|1200.0|1147.0|1222.0|0.0|350.0|338.0|0
23541|30000.0|2|2|1|30|0|0|0|2|0|0|25156.0|25949.0|28478.0|27754.0|28186.0|30240.0|1500.0|3000.0|0.0|1001.0|2500.0|1200.0|0
7354|20000.0|1|3|2|27|0|0|0|0|0|0|13384.0|14153.0|15417.0|16944.0|18992.0|15888.0|1300.0|1500.0|2000.0|2048.0|0.0|4500.0|1
15178|40000.0|1|2|2|28|-1|-1|-2|-2|-2|-2|3333.0|-167.0|-5187.0|-187.0|-187.0|113.0|167.0|4982.0|5000.0|0.0|3335.0|27000.0|0
1919|20000.0|1|3|2|22|0|0|0|0|0|0|18535.0|18541.0|18270.0|16992.0|19025.0|35744.0|5109.0|1600.0|2400.0|3800.0|739.0|2000.0|1
9920|50000.0|1|1|2|29|-1|-1|-1|-1|-1|-1|759.0|360.0|360.0|360.0|360.0|360.0|360.0|360.0|360.0|360.0|360.0|360.0|0
2504|260000.0|1|1|1|30|-1|-1|-1|0|0|-1|1131.0|291.0|582.0|291.0|0.0|291.0|291.0|582.0|0.0|0.0|130291.0|651.0|1
13576|160000.0|1|1|2|28|-2|-2|-2|-2|-2|-2|2235.0|13695.0|390.0|4080.0|3390.0|390.0|13695.0|390.0|4080.0|3390.0|390.0|390.0|0
25463|20000.0|2|1|2|37|0|0|0|-1|-1|-2|8400.0|2000.0|0.0|2000.0|0.0|0.0|1000.0|0.0|2000.0|0.0|0.0|0.0|1
25219|220000.0|1|1|2|38|0|0|0|0|0|0|159322.0|164176.0|167028.0|170480.0|173818.0|177556.0|7500.0|7000.0|6500.0|6000.0|6000.0|10000.0|0
13335|70000.0|1|2|2|32|0|0|0|0|0|0|69921.0|71198.0|70660.0|67975.0|65805.0|66058.0|2708.0|2532.0|2569.0|2324.0|2541.0|2295.0|0
284|120000.0|2|2|1|35|1|-2|-2|-2|-1|2|0.0|0.0|0.0|0.0|54683.0|2657.0|0.0|0.0|0.0|54683.0|0.0|2239.0|1
18352|50000.0|2|3|1|44|0|0|-1|0|0|0|48592.0|38491.0|900.0|1900.0|2900.0|3000.0|1063.0|900.0|1000.0|1000.0|100.0|0.0|1
29634|50000.0|1|2|3|37|0|0|0|0|0|-1|50239.0|49642.0|48381.0|44113.0|8522.0|17948.0|1799.0|2060.0|1014.0|170.0|17948.0|188.0|0
3427|180000.0|2|2|2|28|0|0|0|0|0|0|10479.0|11793.0|12500.0|13383.0|14760.0|15472.0|1410.0|1117.0|1000.0|1500.0|1000.0|1000.0|0
5597|200000.0|2|1|1|38|-1|-1|-1|-1|-1|-1|5221.0|6875.0|5129.0|14997.0|2996.0|5525.0|6877.0|5129.0|17653.0|2996.0|6143.0|3538.0|0
18589|210000.0|2|2|1|43|0|0|0|0|2|0|80527.0|82332.0|84043.0|88508.0|85802.0|85280.0|4000.0|4000.0|7000.0|0.0|3500.0|7000.0|0
13199|150000.0|2|2|1|47|0|0|0|0|0|0|153404.0|144960.0|148146.0|142279.0|139905.0|142833.0|6900.0|7200.0|5450.0|5265.0|5443.0|5350.0|0
23879|300000.0|2|1|2|52|-1|-1|0|-1|0|0|583.0|111383.0|111665.0|14325.0|11416.0|10523.0|111665.0|3000.0|14325.0|0.0|0.0|9927.0|0
11416|20000.0|1|1|2|56|1|-2|-1|0|0|2|0.0|0.0|17901.0|18217.0|20269.0|11180.0|0.0|17901.0|519.0|2210.0|0.0|0.0|0
21503|380000.0|1|1|2|33|0|0|0|0|0|0|77994.0|79099.0|80828.0|82583.0|84687.0|84832.0|3000.0|3000.0|3100.0|3500.0|3500.0|3200.0|0
22781|410000.0|2|1|2|41|-2|-2|-2|-1|-1|-1|0.0|0.0|0.0|150.0|150.0|1929.0|0.0|0.0|150.0|150.0|1929.0|136869.0|0
4|90000.0|2|2|2|27|0|0|2|0|0|0|97973.0|100442.0|89242.0|82784.0|53609.0|49048.0|12500.0|2.0|5085.0|5000.0|3000.0|1004.0|1
5646|50000.0|2|2|1|50|0|0|0|-1|-1|-1|48119.0|48318.0|21750.0|4387.0|4392.0|9493.0|1554.0|1028.0|4387.0|4392.0|9493.0|492.0|1
29725|140000.0|2|2|2|31|0|0|0|0|0|0|137326.0|138119.0|137950.0|140254.0|139679.0|141748.0|6400.0|6600.0|6500.0|5100.0|5300.0|6000.0|0
10133|130000.0|2|1|2|26|1|2|2|2|2|2|22415.0|21146.0|23647.0|22984.0|24315.0|23155.0|0.0|3500.0|0.0|2000.0|0.0|2000.0|0
23828|500000.0|1|1|1|50|2|2|2|2|2|2|70144.0|74850.0|76463.0|77611.0|78735.0|80430.0|6500.0|3400.0|3000.0|3000.0|3100.0|3110.0|1
28141|20000.0|2|3|1|42|0|0|0|0|0|0|17775.0|18974.0|18586.0|18957.0|19374.0|19583.0|1500.0|1285.0|656.0|699.0|2000.0|1286.0|0
28535|260000.0|1|1|1|35|0|0|0|0|0|0|163327.0|165557.0|152856.0|142605.0|144240.0|144213.0|8200.0|6243.0|7000.0|5500.0|5500.0|5411.0|0
6857|360000.0|2|1|2|30|0|0|0|0|0|0|139762.0|143515.0|147037.0|146117.0|145884.0|147645.0|6000.0|6000.0|4818.0|5000.0|5000.0|4500.0|0
23327|110000.0|2|2|1|43|0|0|2|0|0|0|108616.0|114854.0|105275.0|107561.0|105502.0|103813.0|9600.0|0.0|4000.0|3765.0|4000.0|4200.0|0
293|150000.0|2|1|2|52|0|0|0|0|0|0|135450.0|137647.0|141046.0|143490.0|146060.0|149861.0|4771.0|4952.0|4019.0|4132.0|5037.0|3500.0|1
16710|180000.0|2|1|2|32|-1|-1|-1|-1|0|-1|1160.0|2884.0|1165.0|4685.0|1165.0|3472.0|2889.0|1165.0|4685.0|0.0|3472.0|799.0|0
2680|150000.0|1|3|1|39|-2|-2|-2|-2|-2|-2|0.0|0.0|0.0|0.0|0.0|0.0|0.0|0.0|0.0|0.0|0.0|0.0|0
1790|140000.0|2|2|1|41|0|0|0|0|0|0|56379.0|51993.0|52678.0|53753.0|54821.0|56145.0|1855.0|1913.0|1952.0|1963.0|2208.0|2084.0|0
3290|360000.0|2|2|1|34|0|0|-1|-1|-2|-2|9561.0|5866.0|1297.0|0.0|0.0|0.0|1166.0|1297.0|0.0|0.0|0.0|444.0|0
17620|210000.0|1|1|1|42|-1|-1|-1|-1|-1|-1|2295.0|6072.0|8319.0|5330.0|1586.0|4920.0|6090.0|8369.0|5346.0|1590.0|4934.0|3568.0|0
322|200000.0|2|3|2|50|-1|-1|-1|-1|-1|-1|3943.0|1443.0|2203.0|2189.0|5475.0|5506.0|1443.0|2583.0|2189.0|5475.0|5506.0|15837.0|0
1563|150000.0|2|1|1|28|1|-2|-2|-2|-1|-1|0.0|0.0|522.0|0.0|3978.0|25590.0|0.0|522.0|0.0|3978.0|25590.0|0.0|0
14379|30000.0|2|1|2|30|0|0|0|0|0|0|32751.0|33804.0|31336.0|32389.0|33142.0|33999.0|1600.0|2000.0|1500.0|1200.0|1330.0|2500.0|0
16311|330000.0|1|1|2|39|0|0|0|0|0|0|365672.0|346014.0|334826.0|265256.0|264516.0|264079.0|12350.0|12780.0|9400.0|20000.0|9610.0|10200.0|0
18343|150000.0|1|2|1|32|0|0|0|0|0|0|143706.0|140120.0|138520.0|139329.0|142149.0|111435.0|6010.0|5007.0|5016.0|10101.0|5006.0|4015.0|1
9534|200000.0|2|1|2|32|0|0|0|0|0|0|14254.0|19902.0|17822.0|15022.0|13051.0|10790.0|10000.0|2000.0|1000.0|2000.0|1790.0|1000.0|0
24940|200000.0|2|3|2|30|0|0|0|0|0|0|196031.0|196143.0|189524.0|167163.0|146975.0|122324.0|7300.0|7108.0|7680.0|6200.0|5000.0|4500.0|0
13278|180000.0|2|2|1|47|-1|-1|-2|-2|-2|-2|11900.0|4256.0|4000.0|4000.0|4000.0|4000.0|4256.0|4000.0|4000.0|4000.0|4000.0|4000.0|0
3826|130000.0|2|2|2|25|0|0|0|0|0|0|111587.0|112348.0|114734.0|117823.0|120854.0|123904.0|4100.0|4200.0|5000.0|5000.0|5000.0|10700.0|0
10240|30000.0|2|1|1|22|0|0|0|0|0|2|22479.0|22650.0|22513.0|22391.0|23654.0|22738.0|2004.0|2004.0|2001.0|2001.0|1.0|1701.0|0
390|640000.0|2|2|2|39|0|0|0|0|0|0|119887.0|123223.0|119211.0|118722.0|105197.0|93921.0|10000.0|10000.0|10535.0|15000.0|5000.0|13627.0|0
27394|20000.0|1|2|2|23|-1|-1|0|-1|0|-1|4584.0|4005.0|5677.0|688.0|1688.0|61.0|4005.0|4078.0|1237.0|1000.0|61.0|0.0|1
27585|360000.0|1|2|1|56|-1|-1|-1|-1|-1|-1|750.0|1224.0|3206.0|291.0|951.0|2941.0|1236.0|3537.0|291.0|951.0|2941.0|291.0|0
25515|430000.0|1|2|1|48|0|0|0|0|0|0|32263.0|32802.0|25645.0|25045.0|25568.0|26144.0|1794.0|2399.0|884.0|914.0|987.0|869.0|0
14315|130000.0|1|1|1|29|1|2|0|0|0|0|118723.0|117323.0|38765.0|33349.0|33463.0|33795.0|3001.0|3000.0|2000.0|1000.0|666.0|2000.0|0
29813|300000.0|1|2|2|30|0|0|-1|0|0|0|1485.0|-9.0|11970.0|10292.0|10116.0|829.0|0.0|11979.0|206.0|10.0|4.0|11591.0|0
23586|190000.0|1|3|2|26|0|0|0|2|0|0|124896.0|100078.0|102801.0|98753.0|98727.0|99484.0|4633.0|8858.0|12.0|3588.0|3543.0|3700.0|0
853|40000.0|2|2|1|30|2|2|2|2|2|2|14408.0|15370.0|16320.0|16456.0|16492.0|16086.0|1500.0|1500.0|700.0|600.0|0.0|1600.0|1
16454|230000.0|2|1|1|27|0|0|0|0|0|0|104001.0|106155.0|111244.0|116300.0|121346.0|130318.0|4000.0|6000.0|6000.0|6000.0|10000.0|11058.0|0
8510|100000.0|2|1|2|47|0|0|-2|-2|-2|-2|22970.0|0.0|0.0|0.0|0.0|0.0|0.0|0.0|0.0|0.0|0.0|0.0|0
8320|50000.0|1|3|1|55|-1|-1|-1|0|0|0|1344.0|780.0|13032.0|14292.0|16698.0|15436.0|1200.0|13032.0|1500.0|3000.0|554.0|2000.0|0
13178|60000.0|2|2|1|37|5|4|4|3|2|2|60480.0|59966.0|58411.0|58868.0|55232.0|58430.0|1001.0|0.0|2001.0|0.0|4301.0|2000.0|0
1087|20000.0|2|2|2|33|2|0|0|0|0|0|19946.0|18694.0|17228.0|16923.0|10467.0|10526.0|1593.0|1340.0|1171.0|402.0|600.0|538.0|1
12321|240000.0|2|1|2|29|-1|-1|-1|-1|-1|-1|358.0|176.0|0.0|540.0|100.0|2600.0|176.0|0.0|540.0|100.0|2600.0|704.0|0
10673|80000.0|2|2|1|50|0|0|0|-1|0|-1|56602.0|14233.0|15729.0|3000.0|1500.0|1500.0|5000.0|5000.0|3000.0|0.0|1500.0|4473.0|0
5440|10000.0|1|3|1|41|1|4|3|2|0|0|10711.0|10399.0|10092.0|9700.0|10000.0|9900.0|0.0|0.0|0.0|302.0|0.0|0.0|0
12365|30000.0|2|2|1|51|-2|-2|-2|-2|-2|-2|1724.0|1222.0|4952.0|6693.0|22761.0|10044.0|1222.0|4972.0|7629.0|22817.0|10056.0|298.0|1
29580|290000.0|2|2|2|24|0|0|0|0|0|0|230014.0|219207.0|215223.0|216261.0|217537.0|216014.0|8411.0|8600.0|7000.0|7300.0|7000.0|6000.0|0
7383|50000.0|2|1|2|22|2|2|2|0|0|0|8823.0|10606.0|4991.0|4461.0|2561.0|0.0|2000.0|300.0|200.0|0.0|0.0|0.0|1
9320|30000.0|2|3|1|42|0|0|0|2|2|2|21969.0|23306.0|27851.0|27098.0|29866.0|29276.0|1706.0|5251.0|0.0|3519.0|0.0|1368.0|1
6091|50000.0|1|2|2|24|0|0|2|2|0|0|20378.0|23346.0|23670.0|22994.0|23473.0|23932.0|3300.0|1000.0|0.0|1000.0|1000.0|962.0|1
24506|110000.0|2|1|1|30|0|0|0|0|0|0|49069.0|14241.0|15205.0|16267.0|53869.0|54138.0|1600.0|1500.0|1400.0|38002.0|1415.0|1010.0|0
25203|270000.0|2|2|2|28|0|0|0|0|0|0|38875.0|38589.0|27846.0|21787.0|16429.0|5488.0|6000.0|2000.0|1200.0|330.0|2000.0|8258.0|0
5357|50000.0|2|2|2|26|0|0|0|0|0|0|49296.0|39427.0|35674.0|31113.0|31734.0|32488.0|1614.0|1546.0|1461.0|1082.0|1210.0|1203.0|0
2246|100000.0|2|1|2|28|2|0|0|0|0|0|4523.0|7267.0|9967.0|19706.0|20378.0|22038.0|3000.0|3000.0|10000.0|1000.0|2000.0|4000.0|1
22592|280000.0|2|3|2|49|-2|-2|-2|-1|-1|0|795.0|1020.0|0.0|1075.0|141246.0|146349.0|1025.0|0.0|1075.0|141246.0|6349.0|9192.0|0
15798|200000.0|2|1|1|40|-2|-2|-2|-2|-2|-2|-50.0|-50.0|-50.0|-50.0|-50.0|-50.0|0.0|0.0|0.0|0.0|0.0|2877.0|0
9753|230000.0|2|1|1|40|-1|-1|-2|-1|-1|-2|1163.0|0.0|1487.0|826.0|-4.0|-4.0|0.0|1487.0|830.0|0.0|0.0|1342.0|0
5718|130000.0|1|3|1|43|2|2|2|2|2|2|55544.0|57428.0|58917.0|60352.0|61167.0|63042.0|3400.0|3000.0|3000.0|2400.0|3000.0|2400.0|0
20727|290000.0|2|2|1|49|0|0|0|0|0|0|282538.0|281749.0|238490.0|86202.0|83155.0|84927.0|10711.0|12915.0|2962.0|2863.0|2996.0|3257.0|1
22843|270000.0|2|2|1|32|1|2|2|2|2|2|234752.0|233036.0|229286.0|217644.0|223690.0|221413.0|10000.0|8000.0|0.0|16000.0|8000.0|0.0|1
5649|320000.0|1|2|1|35|0|0|0|0|0|0|274599.0|280021.0|286011.0|292636.0|298492.0|200098.0|11500.0|12000.0|12873.0|13020.0|8800.0|5650.0|1
12063|200000.0|1|1|2|37|2|2|2|2|2|2|157131.0|166590.0|168386.0|164182.0|169029.0|172084.0|13500.0|6000.0|0.0|7500.0|6000.0|4000.0|1
17038|260000.0|1|2|2|29|-1|2|2|-2|-1|2|8832.0|1528.0|0.0|0.0|5987.0|5837.0|15.0|0.0|0.0|5987.0|0.0|27887.0|1
24696|190000.0|2|1|2|33|1|2|0|0|0|0|115056.0|108137.0|89722.0|69861.0|49894.0|49727.0|0.0|4413.0|2942.0|2000.0|1583.0|1500.0|0
3672|300000.0|2|1|2|42|-1|-1|-1|0|0|-2|6349.0|668.0|9737.0|367.0|-23.0|-413.0|668.0|9800.0|0.0|0.0|0.0|0.0|0
25274|50000.0|1|1|2|27|1|-2|-1|2|2|2|0.0|0.0|71.0|71.0|3871.0|3612.0|0.0|71.0|0.0|3800.0|0.0|0.0|1
9064|140000.0|2|2|2|27|-1|-1|-2|-2|-2|-2|515.0|0.0|0.0|0.0|0.0|0.0|0.0|0.0|0.0|0.0|0.0|0.0|0
12929|50000.0|1|1|2|33|2|4|3|2|0|0|24947.0|24529.0|23840.0|22790.0|23001.0|24557.0|249.0|0.0|0.0|1500.0|2100.0|0.0|0
6030|180000.0|2|1|2|27|0|0|0|0|0|0|101395.0|101607.0|98186.0|59451.0|49956.0|50133.0|5000.0|3371.0|6940.0|2800.0|2000.0|2000.0|0
25689|390000.0|2|1|2|29|0|0|0|0|0|0|283965.0|278793.0|275339.0|268728.0|271979.0|272076.0|8724.0|8445.0|8103.0|8324.0|9198.0|8365.0|0
6238|440000.0|1|2|1|49|-2|-2|-2|-2|-2|-2|942.0|2002.0|2942.0|2948.0|0.0|942.0|2002.0|2942.0|2948.0|0.0|942.0|1000.0|0
26055|30000.0|1|1|1|37|0|0|0|0|0|0|29104.0|30606.0|30416.0|28165.0|28654.0|29083.0|2000.0|2000.0|2003.0|2000.0|1000.0|402.0|1
13547|30000.0|1|2|2|25|1|2|3|2|0|0|25787.0|28067.0|27332.0|26597.0|27512.0|57002.0|3000.0|0.0|0.0|1500.0|1600.0|900.0|0
26365|50000.0|2|2|1|45|0|0|0|0|0|0|49073.0|12630.0|9215.0|9215.0|8011.0|5615.0|2022.0|2000.0|0.0|1000.0|1904.0|1664.0|0
7901|240000.0|2|1|2|35|-2|-2|-2|-2|-2|-2|0.0|0.0|0.0|2429.0|0.0|799.0|0.0|0.0|2429.0|0.0|799.0|17125.0|0
6440|150000.0|2|2|2|26|0|0|0|0|0|2|10693.0|13188.0|19902.0|23068.0|26184.0|25615.0|3000.0|7000.0|3500.0|3500.0|0.0|3500.0|1
23976|20000.0|2|1|2|38|-1|0|0|3|2|2|3527.0|4556.0|5867.0|5495.0|5126.0|5899.0|1241.0|1700.0|0.0|0.0|1000.0|0.0|1
10279|290000.0|1|3|1|47|-1|-1|-2|-2|-2|-2|1200.0|0.0|0.0|0.0|0.0|0.0|0.0|0.0|0.0|0.0|0.0|4634.0|0
21212|240000.0|2|2|1|27|0|0|0|0|0|0|240428.0|235782.0|129479.0|125584.0|128752.0|130651.0|7227.0|4486.0|3557.0|4235.0|3593.0|349.0|0
5285|110000.0|1|2|1|49|0|0|0|0|0|0|51395.0|51803.0|52888.0|54570.0|55368.0|56623.0|1855.0|1921.0|2563.0|2300.0|2300.0|1704.0|0
16321|200000.0|2|1|1|28|-1|-1|-1|-1|-1|-1|1878.0|576.0|4251.0|1358.0|300.0|0.0|576.0|4251.0|1358.0|300.0|8909.0|5670.0|0
4554|210000.0|1|5|1|31|2|0|0|0|0|-1|195615.0|199825.0|124788.0|126946.0|93925.0|-285.0|9234.0|5185.0|4900.0|4526.0|21787.0|152951.0|0
8029|100000.0|2|2|2|31|-1|-1|0|0|0|0|960.0|4348.0|73689.0|76148.0|77254.0|78967.0|4348.0|70000.0|4000.0|3000.0|3000.0|3000.0|0
15005|140000.0|2|1|2|29|0|0|0|0|0|0|51822.0|52960.0|57088.0|62868.0|65284.0|69663.0|2000.0|5000.0|6500.0|3000.0|5000.0|5000.0|0
19668|360000.0|1|1|1|48|0|0|0|0|0|0|167922.0|159433.0|126114.0|18258.0|6989.0|7691.0|6206.0|10030.0|1061.0|1011.0|3016.0|189853.0|0
28054|180000.0|2|3|1|43|1|-1|-1|-1|-2|-2|0.0|8016.0|1200.0|0.0|0.0|0.0|8016.0|1200.0|0.0|0.0|0.0|0.0|0
21314|300000.0|1|1|2|33|0|-1|0|0|0|-1|1617.0|7785.0|3420.0|814.0|-494.0|8006.0|7785.0|3000.0|0.0|0.0|8500.0|0.0|0
19811|130000.0|2|2|1|40|0|0|0|0|0|0|133559.0|129869.0|118032.0|95953.0|73970.0|107785.0|5400.0|6950.0|4600.0|4000.0|2000.0|2300.0|0
6958|110000.0|2|2|1|24|0|0|0|0|0|2|42667.0|43734.0|43495.0|43504.0|45987.0|44274.0|2600.0|1667.0|1525.0|4000.0|0.0|3000.0|0
14613|50000.0|2|3|2|22|0|0|0|0|0|0|36926.0|52845.0|52148.0|32718.0|32096.0|30563.0|20007.0|3014.0|1309.0|5009.0|2008.0|4622.0|0
24410|30000.0|1|2|1|37|0|0|0|0|0|0|15054.0|15104.0|15428.0|16273.0|16305.0|780.0|1551.0|1265.0|1500.0|841.0|0.0|0.0|1
17564|270000.0|1|2|2|26|0|0|0|0|0|0|214277.0|199757.0|198551.0|201945.0|203636.0|205104.0|10000.0|7500.0|8000.0|7409.0|7869.0|10035.0|0
29953|30000.0|2|3|1|28|0|0|0|0|0|0|16162.0|13301.0|12930.0|13233.0|12595.0|12454.0|2000.0|1307.0|2000.0|252.0|249.0|100.0|1
27773|70000.0|1|3|1|45|2|2|2|2|2|2|71586.0|71623.0|71020.0|67338.0|70769.0|68957.0|3100.0|3008.0|0.0|5100.0|2600.0|0.0|1
5920|360000.0|2|2|1|45|0|0|0|0|0|0|222505.0|199464.0|182886.0|109556.0|111286.0|90580.0|8000.0|7565.0|4100.0|4027.0|3445.0|2000.0|0
4599|270000.0|2|1|2|27|0|0|0|0|0|0|196192.0|200750.0|204418.0|197854.0|173743.0|149095.0|9000.0|9500.0|8929.0|7265.0|5400.0|5300.0|0
3927|260000.0|1|2|2|31|0|0|-1|-1|-1|0|260783.0|54254.0|24119.0|16887.0|149104.0|127342.0|1743.0|24145.0|16900.0|150241.0|5285.0|942.0|0
13838|20000.0|1|2|2|25|1|2|0|0|-1|0|20873.0|20240.0|20365.0|19565.0|9928.0|12758.0|4.0|1378.0|1203.0|15460.0|3000.0|2000.0|1
6703|500000.0|1|1|2|27|0|0|0|0|0|0|252881.0|224633.0|486367.0|616836.0|250600.0|296217.0|30032.0|271636.0|30876.0|60044.0|50539.0|100562.0|0
10291|130000.0|2|2|2|23|2|2|2|0|0|0|6271.0|6871.0|7599.0|9459.0|10303.0|11128.0|1500.0|1000.0|2000.0|1000.0|1000.0|1000.0|0
2402|100000.0|2|2|1|41|-2|-2|-2|-2|-2|-2|0.0|0.0|0.0|0.0|0.0|0.0|0.0|0.0|0.0|0.0|0.0|0.0|1
25302|280000.0|2|2|2|38|0|0|0|0|0|0|92579.0|94451.0|96041.0|98301.0|74624.0|75173.0|4300.0|4000.0|4033.0|3000.0|3300.0|3500.0|0
20576|60000.0|2|1|2|31|-1|-1|-1|-1|-2|-2|7233.0|1596.0|1562.0|0.0|0.0|0.0|1596.0|1562.0|0.0|0.0|0.0|0.0|0
3545|70000.0|2|3|2|26|0|0|0|0|0|0|28995.0|30131.0|31610.0|37209.0|40749.0|40541.0|1600.0|2000.0|7000.0|5000.0|1500.0|1500.0|0
3583|80000.0|2|2|2|25|0|0|0|0|0|0|62242.0|28610.0|29425.0|29990.0|29153.0|19863.0|19885.0|1700.0|1169.0|1044.0|717.0|1000.0|0
14116|150000.0|1|1|2|32|-1|-1|-1|-1|2|-1|994.0|10168.0|-4.0|5515.0|3673.0|6106.0|10290.0|0.0|5519.0|3.0|6134.0|3779.0|0
22303|50000.0|2|2|2|22|2|2|2|0|0|0|49559.0|49548.0|50148.0|48910.0|29848.0|26159.0|1100.0|1700.0|1500.0|1000.0|1000.0|1300.0|1
14442|150000.0|2|1|2|39|3|2|2|-1|-1|-2|99.0|99.0|0.0|1980.0|0.0|0.0|0.0|0.0|1980.0|0.0|0.0|0.0|0
23548|180000.0|1|1|1|31|-1|-1|0|0|-1|-1|1100.0|860.0|1480.0|380.0|740.0|1100.0|860.0|1000.0|0.0|740.0|1100.0|380.0|1
7429|20000.0|1|2|2|36|0|0|0|2|0|0|16419.0|17139.0|20159.0|19533.0|19928.0|19695.0|1300.0|3300.0|0.0|1000.0|1000.0|900.0|0
8496|100000.0|2|2|1|41|1|3|2|2|2|2|51345.0|50249.0|51421.0|52684.0|51400.0|0.0|0.0|2300.0|2400.0|0.0|0.0|0.0|1
15617|100000.0|1|3|3|48|2|-1|0|0|0|0|10514.0|8408.0|5250.0|9360.0|4098.0|800.0|13008.0|1119.0|7110.0|110.0|102.0|0.0|1
6540|80000.0|2|1|2|25|0|0|0|0|0|0|66426.0|55334.0|53738.0|49021.0|45494.0|44218.0|2657.0|1800.0|1799.0|1616.0|1697.0|1737.0|0
16872|150000.0|2|1|2|45|-2|-2|-2|-2|-2|-2|1923.0|101.0|0.0|0.0|0.0|399.0|101.0|0.0|0.0|0.0|399.0|0.0|0
25661|10000.0|1|3|2|46|3|2|2|3|3|3|1050.0|1050.0|1050.0|1050.0|1050.0|1050.0|0.0|0.0|0.0|0.0|0.0|0.0|1
25477|50000.0|1|2|2|25|2|2|3|3|3|3|1050.0|1050.0|1050.0|1050.0|1050.0|1050.0|0.0|0.0|0.0|0.0|0.0|0.0|1
12911|50000.0|2|1|1|41|1|2|2|3|3|2|45313.0|46262.0|49188.0|50084.0|48980.0|50050.0|2000.0|4000.0|2000.0|0.0|2000.0|3000.0|0
24260|170000.0|2|2|2|34|-1|-1|-1|-1|-1|-1|8069.0|2855.0|11744.0|5886.0|12916.0|3177.0|2855.0|11900.0|5886.0|12916.0|3177.0|4511.0|1
4454|110000.0|2|2|1|39|2|2|0|0|2|2|110109.0|106656.0|104407.0|108689.0|106342.0|111575.0|0.0|5200.0|7700.0|0.0|7800.0|0.0|1
27204|350000.0|1|2|2|34|-2|-2|-2|-2|-2|-2|2184.0|1445.0|2424.0|4582.0|5600.0|2927.0|1445.0|2424.0|4584.0|5610.0|2927.0|1298.0|0
20796|30000.0|2|2|1|27|2|0|0|2|0|0|25243.0|26261.0|29038.0|28289.0|28543.0|30544.0|1730.0|3500.0|0.0|1011.0|2450.0|0.0|0
9074|20000.0|1|3|2|22|1|2|0|0|0|0|18977.0|18374.0|18458.0|18852.0|19546.0|21165.0|0.0|1680.0|1000.0|1000.0|2100.0|0.0|0
17340|260000.0|2|1|2|28|0|0|0|0|0|0|39105.0|45868.0|44567.0|37437.0|41321.0|43970.0|8000.0|8000.0|9000.0|13000.0|12000.0|10000.0|0
28564|50000.0|2|3|1|47|0|-1|-1|-1|-1|0|1091.0|390.0|1554.0|390.0|780.0|390.0|390.0|1554.0|390.0|780.0|0.0|390.0|0
3477|50000.0|2|2|1|29|0|0|0|0|0|0|20103.0|21466.0|23122.0|24654.0|26365.0|25844.0|2000.0|2000.0|2000.0|2000.0|2000.0|2000.0|0
15918|400000.0|2|2|1|46|0|0|0|0|0|0|43405.0|39802.0|37115.0|39907.0|35061.0|35969.0|15000.0|15000.0|10000.0|15000.0|20000.0|20000.0|0
5047|160000.0|2|2|1|37|0|0|0|0|0|-1|27720.0|14413.0|13484.0|6714.0|-319.0|3583.0|5000.0|5017.0|5000.0|0.0|6774.0|0.0|0
1708|300000.0|2|1|2|30|-2|-2|-2|-2|-2|-2|0.0|0.0|0.0|0.0|0.0|0.0|0.0|0.0|0.0|0.0|0.0|0.0|1
22609|700000.0|1|1|2|35|-1|0|-1|0|0|0|8277.0|18282.0|130130.0|105055.0|70896.0|41509.0|17599.0|130370.0|3381.0|145.0|4639.0|12235.0|0
20686|200000.0|2|2|1|46|-1|-1|2|-1|-1|-1|827.0|1654.0|827.0|827.0|827.0|827.0|1654.0|0.0|827.0|827.0|827.0|827.0|0
9551|110000.0|1|2|2|29|0|0|0|0|0|0|112533.0|109515.0|48917.0|46765.0|40212.0|39690.0|4101.0|3000.0|2000.0|3000.0|5000.0|3000.0|0
24880|220000.0|2|1|1|26|0|0|0|0|0|0|52593.0|65221.0|73395.0|81697.0|57517.0|58920.0|15000.0|10000.0|10000.0|5000.0|1776.0|10000.0|0
17636|60000.0|1|3|2|36|0|0|0|0|0|0|34364.0|34246.0|13266.0|19876.0|19274.0|17923.0|5000.0|1029.0|19507.0|1000.0|358.0|3045.0|0
16402|120000.0|1|2|2|26|2|2|2|2|0|0|109110.0|105891.0|113662.0|110349.0|112036.0|114584.0|0.0|11000.0|0.0|5000.0|4332.0|9404.0|0
21678|200000.0|1|2|2|31|0|0|0|0|0|0|173103.0|176817.0|180416.0|184018.0|188151.0|199766.0|6500.0|6546.0|6600.0|7100.0|15000.0|0.0|0
16584|10000.0|1|3|2|25|0|0|0|0|0|0|6892.0|7915.0|10086.0|18714.0|9781.0|9979.0|1294.0|2465.0|500.0|1000.0|500.0|0.0|0
25642|310000.0|2|2|1|46|-1|-1|-1|-1|-1|-2|12479.0|423.0|430.0|843.0|857.0|-777.0|423.0|430.0|845.0|857.0|628.0|0.0|0
29484|230000.0|1|2|1|50|0|0|0|0|0|0|94314.0|96269.0|56058.0|57174.0|58371.0|59561.0|4082.0|1990.0|2003.0|2074.0|2115.0|2094.0|1
19607|70000.0|1|2|2|32|0|0|0|0|0|0|71336.0|70393.0|131412.0|63823.0|52339.0|40836.0|3609.0|2523.0|2441.0|3038.0|2029.0|70004.0|1
12937|70000.0|2|2|2|24|0|0|-2|-1|-1|0|36175.0|0.0|0.0|680.0|69257.0|68557.0|0.0|0.0|680.0|71867.0|9812.0|2900.0|0
12435|100000.0|2|2|2|26|-1|-1|-1|0|0|0|1370.0|4192.0|4159.0|3542.0|1980.0|3980.0|4210.0|4159.0|1000.0|1080.0|2000.0|1525.0|0
29879|200000.0|2|2|1|37|0|0|0|-1|-1|0|97645.0|99894.0|97400.0|4283.0|145769.0|143712.0|3952.0|4500.0|4283.0|148192.0|5133.0|5108.0|0
29739|50000.0|1|1|1|47|1|-2|-1|-1|-2|-2|0.0|0.0|1708.0|0.0|0.0|0.0|0.0|1708.0|0.0|0.0|0.0|0.0|0
28501|130000.0|2|2|2|25|1|2|0|0|0|0|136963.0|133293.0|133207.0|131578.0|101612.0|101650.0|0.0|6867.0|5660.0|3800.0|3677.0|3620.0|0
20783|500000.0|2|1|1|34|0|0|0|0|0|0|174246.0|149600.0|83320.0|79359.0|57549.0|44994.0|6371.0|5000.0|10051.0|7549.0|2102.0|50000.0|0
29228|130000.0|1|2|2|29|-1|-1|-1|-1|-1|-1|3920.0|3848.0|942.0|942.0|768.0|-174.0|4000.0|942.0|942.0|768.0|0.0|0.0|0
9663|310000.0|2|2|2|27|0|0|0|0|0|0|122127.0|110388.0|119365.0|113435.0|140988.0|145161.0|10000.0|10124.0|20000.0|30125.0|30137.0|20171.0|0
407|140000.0|2|1|2|23|0|0|0|0|0|0|35206.0|26200.0|27771.0|29261.0|20121.0|24263.0|2000.0|2000.0|2025.0|1300.0|4500.0|3500.0|0
26985|50000.0|1|2|2|39|0|0|0|0|0|0|17698.0|16533.0|17636.0|16956.0|17532.0|19078.0|2005.0|4000.0|1000.0|1000.0|2000.0|1000.0|0
21892|30000.0|2|2|2|22|2|2|2|0|0|0|27201.0|27873.0|25406.0|23339.0|17869.0|15284.0|4000.0|0.0|2000.0|2000.0|1500.0|1000.0|1
5868|150000.0|2|2|1|33|0|0|0|0|0|0|37794.0|39240.0|40653.0|41249.0|42356.0|43278.0|2000.0|2000.0|1500.0|1700.0|1700.0|1668.0|0
20980|20000.0|2|2|1|30|0|0|0|0|0|0|16754.0|17763.0|18854.0|19972.0|18090.0|19842.0|1291.0|2382.0|1500.0|605.0|2000.0|2000.0|0
1652|60000.0|1|2|1|30|1|2|2|2|2|0|46138.0|44832.0|47830.0|48458.0|47176.0|47461.0|0.0|4000.0|2000.0|0.0|2000.0|1700.0|1
20424|20000.0|1|3|1|40|0|0|0|0|0|0|8151.0|9011.0|10858.0|12670.0|13157.0|13742.0|1153.0|2000.0|2000.0|1000.0|800.0|1000.0|0
24440|30000.0|2|1|1|41|0|0|0|0|0|0|26480.0|27529.0|28783.0|28312.0|28159.0|28870.0|1481.0|1735.0|994.0|2003.0|1180.0|1238.0|0
22051|280000.0|2|1|2|32|-1|-1|-1|-1|-1|-1|45536.0|11509.0|2110.0|2121.0|6789.0|14959.0|11509.0|5000.0|2121.0|6789.0|14959.0|16067.0|0
2229|50000.0|2|2|2|56|0|0|0|0|0|0|47060.0|48481.0|49505.0|17612.0|19461.0|18660.0|2180.0|2204.0|656.0|2159.0|678.0|851.0|0
26445|50000.0|1|2|2|27|2|-1|-1|-1|-1|2|390.0|390.0|780.0|216.0|1080.0|540.0|390.0|780.0|216.0|864.0|0.0|390.0|0
18782|140000.0|1|2|2|41|0|0|0|0|0|2|185948.0|170133.0|155737.0|140586.0|136641.0|117308.0|6088.0|5677.0|4797.0|15414.0|0.0|2330.0|0
7433|20000.0|1|3|1|44|0|0|0|0|0|0|18467.0|19106.0|19690.0|19684.0|19697.0|19849.0|1328.0|1302.0|686.0|701.0|855.0|988.0|0
23167|100000.0|2|1|1|30|3|4|4|4|4|3|98094.0|101614.0|101072.0|105252.0|102742.0|100884.0|6000.0|1900.0|6686.0|0.0|0.0|0.0|1
29404|170000.0|2|1|2|34|0|0|0|0|0|0|172095.0|160914.0|103021.0|99219.0|99179.0|99902.0|6317.0|3632.0|3494.0|3620.0|3800.0|4000.0|0
14611|430000.0|2|1|2|29|0|0|0|-1|0|0|42130.0|34785.0|0.0|18518.0|16574.0|12215.0|1000.0|0.0|18518.0|5.0|244.0|1038.0|0
24500|250000.0|1|3|1|42|0|0|-2|-2|-2|-2|41300.0|0.0|0.0|0.0|0.0|0.0|0.0|0.0|0.0|0.0|0.0|0.0|0
20529|50000.0|1|2|2|49|5|4|3|2|0|0|52321.0|51210.0|50125.0|48640.0|17450.0|60.0|0.0|0.0|0.0|2000.0|1003.0|1076.0|0
9780|50000.0|1|2|2|43|0|0|0|0|0|0|46594.0|47585.0|48887.0|49097.0|17203.0|17562.0|1768.0|2070.0|1280.0|616.0|636.0|640.0|1
22267|160000.0|1|1|1|40|0|0|2|2|-1|2|4024.0|6484.0|3503.0|-473.0|3757.0|3286.0|3000.0|0.0|0.0|4700.0|0.0|3000.0|1
20113|90000.0|1|6|1|57|-2|-2|-2|-2|-2|-1|0.0|0.0|0.0|0.0|0.0|585.0|0.0|0.0|0.0|0.0|585.0|0.0|0
26268|200000.0|1|2|1|54|0|0|0|0|-2|-2|41190.0|40921.0|17702.0|-2540.0|-6491.0|-7741.0|2138.0|5101.0|19.0|6.0|11.0|1.0|0
18818|100000.0|2|1|1|51|1|-2|-2|-1|2|2|0.0|0.0|0.0|300.0|150.0|780.0|0.0|0.0|300.0|0.0|630.0|0.0|1
12704|50000.0|1|2|2|27|0|0|0|0|0|0|47452.0|48663.0|50297.0|36164.0|37616.0|39062.0|2000.0|2500.0|2000.0|2000.0|2000.0|2000.0|1
13678|400000.0|2|3|1|39|1|-1|-1|-1|-2|-1|2384.0|3500.0|471.0|-203.0|2371.0|1949.0|3603.0|471.0|203.0|2574.0|1949.0|1040.0|0
11410|280000.0|2|1|2|26|0|0|0|0|0|0|36395.0|35945.0|36381.0|36594.0|37010.0|36334.0|1700.0|1600.0|1300.0|1500.0|2000.0|99334.0|0
22626|140000.0|1|1|2|32|0|0|2|2|2|2|32678.0|37303.0|37114.0|38687.0|41338.0|40645.0|5400.0|600.0|2400.0|3500.0|0.0|1539.0|0
157|20000.0|2|3|1|42|2|0|0|0|2|2|20205.0|16882.0|18094.0|19592.0|19930.0|20353.0|1500.0|1500.0|1800.0|800.0|900.0|36.0|1
14534|210000.0|2|1|2|33|0|0|-2|-2|-2|-2|6309.0|0.0|0.0|0.0|0.0|0.0|0.0|0.0|0.0|0.0|0.0|0.0|1
8579|60000.0|2|3|1|59|-1|-1|-1|-1|-1|-1|694.0|694.0|694.0|694.0|694.0|28948.0|694.0|694.0|694.0|694.0|28948.0|1044.0|0
15925|80000.0|1|1|2|30|-1|0|0|0|0|0|40276.0|41897.0|45535.0|45954.0|47706.0|49235.0|5000.0|7000.0|4000.0|5000.0|5000.0|2029.0|0
21118|80000.0|1|3|2|34|0|0|0|0|0|0|45876.0|46565.0|47967.0|48804.0|49624.0|50031.0|1752.0|2154.0|1991.0|1811.0|1742.0|2000.0|0
20049|20000.0|2|1|2|25|0|0|0|0|0|0|15810.0|15947.0|6012.0|5689.0|4587.0|2293.0|1249.0|1125.0|1000.0|92.0|0.0|20505.0|0
11717|120000.0|2|2|1|28|1|2|0|0|0|0|60188.0|58467.0|59760.0|60990.0|61960.0|65233.0|0.0|3000.0|3000.0|3000.0|5000.0|0.0|1
13762|20000.0|1|2|1|54|0|0|0|0|0|0|18398.0|19014.0|17836.0|19410.0|18512.0|14483.0|2000.0|1500.0|2900.0|1500.0|1000.0|0.0|0
17833|300000.0|2|3|2|29|-2|-2|-2|-2|-2|-2|-140.0|28092.0|3572.0|195.0|209.0|990.0|28232.0|3589.0|195.0|210.0|994.0|0.0|1
16500|120000.0|1|1|2|28|0|0|0|0|0|0|35220.0|38036.0|38746.0|40107.0|41464.0|42680.0|3700.0|1640.0|2000.0|2000.0|2000.0|1800.0|0
1303|90000.0|2|2|2|26|0|0|0|0|0|0|11181.0|11237.0|9442.0|5318.0|11928.0|15558.0|3194.0|8823.0|0.0|7000.0|6660.0|10000.0|0
9389|180000.0|2|1|2|28|-2|-2|-2|-2|-2|-1|168318.0|127111.0|74197.0|-19.0|-19.0|142176.0|4163.0|1898.0|0.0|0.0|142195.0|5100.0|0
9878|210000.0|2|1|2|30|1|-2|-2|-1|-1|-1|0.0|0.0|0.0|830.0|0.0|10533.0|0.0|0.0|830.0|0.0|10533.0|13877.0|0
107|500000.0|2|1|2|27|0|0|0|0|0|0|78335.0|61234.0|55446.0|47208.0|32019.0|22318.0|2315.0|2599.0|1500.0|2019.0|1200.0|1784.0|0
28590|50000.0|1|3|2|30|2|0|0|0|0|0|50110.0|50322.0|27078.0|19107.0|19506.0|20024.0|1500.0|1620.0|1000.0|707.0|841.0|657.0|1
8736|190000.0|2|1|2|44|0|0|0|0|0|0|181045.0|184249.0|158883.0|99255.0|80219.0|81912.0|8000.0|7000.0|4000.0|3000.0|3000.0|3000.0|0
5861|80000.0|2|3|1|41|0|0|-1|0|-1|-1|3482.0|2946.0|1524.0|2946.0|1473.0|0.0|1000.0|1524.0|1473.0|1473.0|0.0|390.0|0
14660|80000.0|2|2|2|31|0|0|2|2|0|0|75953.0|81055.0|81587.0|78103.0|78335.0|78678.0|7000.0|3000.0|0.0|3000.0|3100.0|5900.0|0
22451|280000.0|1|1|2|33|-1|-1|0|0|0|0|8814.0|151643.0|153190.0|147589.0|149291.0|151357.0|151650.0|5546.0|6007.0|5507.0|6007.0|4184.0|1
18354|200000.0|1|2|2|29|-1|0|0|2|0|0|10538.0|16201.0|20926.0|20260.0|24754.0|29383.0|6201.0|5000.0|0.0|5000.0|5054.0|5054.0|1
22995|50000.0|2|2|1|25|0|-1|-1|-1|-1|-1|2126.0|1513.0|1246.0|1111.0|3018.0|5847.0|1513.0|1246.0|1111.0|3018.0|5847.0|1273.0|0
244|110000.0|2|1|2|36|0|0|0|0|0|0|141670.0|138542.0|120439.0|113273.0|81261.0|76051.0|6278.0|5485.0|3396.0|2844.0|3005.0|2510.0|0
13348|50000.0|2|2|1|29|-2|-2|-1|-1|-1|-1|21523.0|1481.0|19766.0|19661.0|16740.0|13272.0|19505.0|20509.0|1513.0|1515.0|1539.0|20217.0|0
18301|210000.0|2|1|1|43|1|-2|-2|-2|-2|-2|0.0|0.0|0.0|0.0|0.0|0.0|0.0|0.0|0.0|0.0|0.0|0.0|1
20208|50000.0|1|1|2|54|2|0|0|0|0|0|9159.0|10474.0|10184.0|6279.0|7693.0|15083.0|1500.0|1508.0|1000.0|1500.0|1000.0|2000.0|0
18635|200000.0|1|1|3|45|0|0|0|0|0|0|74416.0|75891.0|77516.0|79088.0|80141.0|81833.0|3061.0|3200.0|3196.0|2700.0|2714.0|8918.0|0
26614|150000.0|1|1|3|45|0|0|0|0|0|0|108434.0|111178.0|32220.0|33247.0|34164.0|34878.0|3000.0|1300.0|1300.0|1200.0|1200.0|0.0|0
9257|180000.0|2|1|2|32|1|-2|-2|-1|-1|-2|-10.0|-10.0|-10.0|5650.0|-10.0|-10.0|0.0|0.0|5660.0|0.0|0.0|0.0|0
662|70000.0|2|2|2|28|0|0|0|0|-1|2|41264.0|41799.0|37887.0|37876.0|6736.0|4162.0|2112.0|1200.0|758.0|6736.0|0.0|0.0|0
26416|150000.0|1|2|2|34|-1|-1|-1|2|2|-2|917.0|167.0|1371.0|1200.0|0.0|0.0|2000.0|1371.0|0.0|0.0|0.0|0.0|0
27197|80000.0|1|3|1|52|1|2|2|2|0|0|77185.0|80311.0|81558.0|78761.0|71352.0|19674.0|5000.0|3100.0|0.0|2000.0|713.0|1500.0|1
29255|80000.0|2|1|1|32|-2|-2|-2|-2|-2|-2|871.0|3179.0|3344.0|3552.0|0.0|0.0|3381.0|3384.0|3958.0|0.0|0.0|0.0|0
29983|70000.0|2|3|2|31|2|0|0|0|0|0|68174.0|68973.0|69835.0|66216.0|30000.0|30096.0|3200.0|3013.0|2141.0|1200.0|1300.0|1300.0|1
17121|350000.0|1|1|1|41|0|0|0|0|0|0|24297.0|25299.0|26329.0|27343.0|27886.0|28470.0|1411.0|1441.0|1455.0|998.0|1033.0|1038.0|0
21048|240000.0|2|1|1|40|2|2|2|2|-2|-2|2500.0|2500.0|2500.0|0.0|0.0|0.0|0.0|0.0|0.0|0.0|0.0|0.0|1
9083|150000.0|1|1|2|25|-1|-1|-1|-1|-2|-2|3125.0|8418.0|797.0|-3.0|-3.0|-3.0|8443.0|799.0|0.0|0.0|0.0|0.0|0
22733|180000.0|2|2|2|36|0|0|0|2|2|-1|14222.0|14701.0|17322.0|13137.0|0.0|2293.0|1300.0|2902.0|3047.0|0.0|2293.0|2000.0|0
24130|220000.0|1|1|2|32|0|0|0|0|0|0|203689.0|204943.0|172926.0|104747.0|180458.0|182435.0|10000.0|8000.0|6000.0|107000.0|13000.0|8000.0|1
20759|150000.0|1|1|2|26|0|0|2|2|2|2|131490.0|145714.0|147332.0|149199.0|151978.0|148131.0|16441.0|5500.0|5800.0|5400.0|5000.0|0.0|0
4226|50000.0|2|1|2|46|-1|-1|-1|-1|-1|-1|3737.0|0.0|7752.0|596.0|18396.0|5769.0|0.0|7752.0|596.0|18396.0|5769.0|5769.0|0
8343|50000.0|2|2|1|38|2|0|0|2|2|2|29989.0|31184.0|33850.0|34495.0|35129.0|35918.0|2000.0|3500.0|1500.0|1500.0|1500.0|1500.0|1
5296|200000.0|1|1|2|29|1|-2|-1|2|0|-1|0.0|0.0|2348.0|1790.0|1790.0|350.0|0.0|2348.0|0.0|0.0|350.0|2570.0|1
15372|320000.0|2|2|1|42|-1|-1|-1|-1|-1|-1|2862.0|18729.0|23405.0|16662.0|38459.0|2836.0|18729.0|23421.0|16683.0|38459.0|2836.0|1286.0|0
18392|80000.0|2|3|1|49|0|0|0|0|0|0|79967.0|75920.0|73968.0|71919.0|59894.0|59405.0|2700.0|2875.0|3000.0|3000.0|4000.0|2500.0|0
19631|500000.0|2|2|1|45|0|0|0|0|0|-1|494140.0|274198.0|214481.0|112222.0|33958.0|9684.0|14515.0|10815.0|5874.0|2729.0|9784.0|279706.0|0
5090|50000.0|2|3|0|27|2|0|-1|-1|-2|-2|49929.0|49667.0|780.0|0.0|0.0|0.0|1750.0|780.0|0.0|0.0|0.0|0.0|0
11891|360000.0|2|2|2|52|-2|-2|-2|-2|-2|-2|640.0|2113.0|-6.0|999.0|944.0|-3.0|2231.0|0.0|1005.0|948.0|0.0|789.0|0
3415|50000.0|1|1|2|30|0|0|2|2|2|0|45948.0|50813.0|45393.0|49351.0|45473.0|48595.0|6012.0|10.0|8212.0|1200.0|4008.0|4407.0|0
12858|20000.0|1|2|1|53|0|0|2|2|2|2|16039.0|19752.0|19112.0|20223.0|18806.0|20001.0|4000.0|0.0|1382.0|0.0|3000.0|0.0|1
20548|100000.0|2|2|2|26|-1|-1|-1|-1|-1|-1|1508.0|6186.0|2208.0|1823.0|1516.0|3378.0|6186.0|2208.0|1823.0|1516.0|3378.0|3431.0|0
3076|20000.0|2|2|1|24|2|0|0|0|0|0|19618.0|17576.0|18266.0|18637.0|19028.0|14924.0|1451.0|1141.0|512.0|533.0|1000.0|600.0|0
19070|140000.0|2|3|2|53|0|0|0|0|0|0|68889.0|68662.0|65581.0|56271.0|54586.0|54247.0|3075.0|3014.0|2606.0|2005.0|2404.0|2629.0|0
4163|150000.0|2|1|1|37|0|0|-1|-1|-1|-2|26416.0|18915.0|16047.0|17633.0|0.0|0.0|2497.0|16047.0|18776.0|0.0|0.0|0.0|0
20641|1000000.0|2|1|1|47|0|0|0|-1|0|0|964511.0|983931.0|535020.0|891586.0|927171.0|961664.0|50784.0|50723.0|896040.0|50000.0|50000.0|50256.0|0
20566|200000.0|1|1|1|36|-2|-1|-1|-1|-1|0|239.0|2925.0|3421.0|301.0|9585.0|8374.0|2925.0|3421.0|301.0|10217.0|0.0|0.0|0
27744|20000.0|2|2|2|26|0|0|0|0|0|0|6690.0|8628.0|8515.0|6584.0|3403.0|3748.0|2600.0|1500.0|1500.0|1000.0|402.0|0.0|0
7684|180000.0|1|1|1|49|0|0|0|0|0|0|62087.0|63444.0|65420.0|67722.0|70970.0|72670.0|3000.0|3000.0|4000.0|5000.0|3000.0|5000.0|0
27965|330000.0|2|1|1|37|-1|-1|-1|-1|0|-1|4785.0|3403.0|0.0|5882.0|5882.0|1013.0|3523.0|0.0|5882.0|0.0|1013.0|0.0|0
13373|60000.0|1|2|1|45|0|0|0|0|0|0|60035.0|60776.0|49802.0|50965.0|19275.0|17976.0|2380.0|2262.0|3000.0|1500.0|1000.0|1500.0|1
14601|330000.0|2|1|1|41|-1|-1|-1|-1|0|-1|11006.0|4160.0|48549.0|16942.0|1610.0|26842.0|4160.0|48549.0|18562.0|0.0|26842.0|11938.0|0
21082|200000.0|1|3|2|26|2|0|0|0|0|0|72763.0|53839.0|34228.0|26418.0|22196.0|15973.0|5041.0|14031.0|15021.0|15007.0|14004.0|14012.0|1
11370|300000.0|2|1|1|38|-1|0|0|0|0|0|15230.0|16212.0|17239.0|18237.0|18600.0|17939.0|1222.0|1249.0|1247.0|610.0|611.0|616.0|0
3521|50000.0|1|3|2|27|0|0|0|0|0|0|45002.0|46053.0|45120.0|45870.0|46975.0|49284.0|2100.0|2100.0|1800.0|2000.0|3100.0|1300.0|0
28191|320000.0|1|2|2|36|0|0|0|0|0|0|318022.0|321560.0|150062.0|139555.0|116315.0|106541.0|10810.0|4746.0|4241.0|3275.0|3265.0|2865.0|0
1538|250000.0|2|3|2|47|-2|-2|-2|-2|-2|-2|7363.0|27415.0|0.0|1930.0|1643.0|1687.0|27474.0|0.0|1930.0|1643.0|1687.0|0.0|0
4160|230000.0|2|2|2|33|0|0|0|0|0|0|232796.0|233564.0|235149.0|166637.0|165699.0|163858.0|9000.0|9500.0|6000.0|6150.0|6000.0|10500.0|0
14000|50000.0|1|1|2|32|1|2|2|2|2|2|45997.0|47003.0|46468.0|47198.0|49634.0|48708.0|2064.0|500.0|1800.0|3528.0|0.0|3000.0|1
24138|50000.0|1|1|1|29|0|0|0|0|0|0|48310.0|49690.0|40697.0|16751.0|17093.0|13191.0|2300.0|1400.0|335.0|342.0|4000.0|200.0|1
25497|130000.0|2|2|2|29|1|3|2|2|2|2|129094.0|125616.0|126531.0|127571.0|121365.0|125368.0|0.0|4500.0|4500.0|900.0|7200.0|4980.0|1
2485|360000.0|2|2|1|36|0|0|0|0|0|0|16557.0|18369.0|20067.0|48307.0|12918.0|12375.0|3000.0|2000.0|29079.0|1066.0|1000.0|1000.0|0
18549|290000.0|1|2|2|34|0|0|0|0|0|0|14543.0|12190.0|14483.0|16589.0|18306.0|22204.0|2000.0|3000.0|3000.0|3000.0|5000.0|3000.0|0
15766|110000.0|1|1|2|26|0|0|0|0|0|0|109386.0|99100.0|50827.0|51834.0|52921.0|54013.0|2432.0|3686.0|1850.0|1917.0|1968.0|1950.0|0
28303|400000.0|1|1|2|37|-1|-1|-1|-1|-2|-1|385.0|12695.0|1290.0|0.0|0.0|3058.0|13032.0|1290.0|0.0|0.0|3058.0|3768.0|0
29501|30000.0|2|2|2|21|-2|-2|-2|-2|-2|-2|0.0|780.0|3260.0|4311.0|1551.0|0.0|780.0|3260.0|4311.0|1551.0|0.0|0.0|0
27818|80000.0|2|2|1|49|-1|2|-1|-1|-1|0|2222.0|390.0|390.0|390.0|721.0|331.0|0.0|390.0|390.0|721.0|0.0|461.0|1
25473|440000.0|2|1|1|33|-2|-2|-2|-2|-2|-1|0.0|0.0|0.0|0.0|0.0|100.0|0.0|0.0|0.0|0.0|100.0|300.0|0
11073|150000.0|2|1|2|36|0|0|-2|-2|-2|-2|15447.0|0.0|0.0|0.0|0.0|0.0|0.0|0.0|0.0|0.0|0.0|0.0|0
12927|210000.0|2|1|2|33|-1|-1|-1|0|0|-2|1888.0|320.0|1403.0|418.0|-16.0|-342.0|320.0|1409.0|0.0|0.0|0.0|2108.0|1
6928|420000.0|2|1|2|33|-1|-1|-2|-2|-1|-1|25718.0|0.0|0.0|0.0|1643.0|6800.0|0.0|0.0|0.0|1643.0|3400.0|403500.0|0
28071|200000.0|1|1|2|31|0|0|0|0|0|0|6618.0|6777.0|7957.0|4667.0|76187.0|74900.0|1900.0|3008.0|3500.0|73000.0|2700.0|3800.0|0
3368|500000.0|2|2|1|53|-1|-1|-1|-1|0|-1|7855.0|17481.0|12021.0|132906.0|122256.0|37380.0|17512.0|12021.0|132906.0|0.0|37380.0|3500.0|0
16697|70000.0|1|2|1|40|0|0|0|0|0|0|30346.0|27040.0|23756.0|18897.0|10873.0|10707.0|1681.0|1635.0|1463.0|525.0|535.0|570.0|0
13604|150000.0|2|3|2|43|-2|-2|-2|-2|-2|-2|1622.0|12946.0|0.0|0.0|1761.0|18304.0|13016.0|0.0|0.0|1761.0|18306.0|4275.0|0
18488|120000.0|2|2|2|30|-1|-1|-1|-1|-1|-1|140.0|3230.0|3011.0|1964.0|1883.0|1538.0|3230.0|3011.0|1964.0|1883.0|1538.0|1911.0|0
28091|310000.0|2|2|1|39|-2|-2|-2|-2|-2|-2|360.0|360.0|360.0|360.0|360.0|360.0|360.0|360.0|360.0|360.0|360.0|360.0|0
3275|130000.0|1|2|2|30|0|0|0|0|2|2|95799.0|97858.0|100534.0|105347.0|103550.0|109733.0|4500.0|5200.0|8000.0|0.0|8100.0|0.0|0
12794|230000.0|1|1|2|29|2|-1|-1|-2|-2|-1|481.0|12381.0|0.0|0.0|0.0|376.0|12381.0|0.0|0.0|0.0|376.0|0.0|0
11981|50000.0|2|3|1|36|0|0|0|0|0|0|13572.0|10805.0|8623.0|8799.0|8468.0|8768.0|1188.0|3000.0|176.0|169.0|300.0|1200.0|0
25616|370000.0|2|2|1|47|-2|-2|-2|-2|-2|-1|1859.0|2232.0|4556.0|4333.0|2504.0|3431.0|2243.0|4578.0|4354.0|2516.0|3438.0|37467.0|0
1031|60000.0|1|1|1|49|2|0|0|0|0|0|60289.0|57426.0|25820.0|25793.0|28224.0|28968.0|1580.0|1500.0|1100.0|3000.0|1200.0|1100.0|1
6722|240000.0|1|1|2|35|-1|-1|-1|-1|-1|-1|446.0|2852.0|-348.0|152.0|272.0|5291.0|2852.0|0.0|500.0|500.0|5291.0|1000.0|0
17724|90000.0|2|2|1|27|0|0|0|0|0|0|73849.0|70549.0|49858.0|43303.0|29888.0|24973.0|2900.0|2012.0|1603.0|1208.0|1000.0|707.0|0
4783|150000.0|1|1|2|26|0|0|0|2|0|0|29712.0|28045.0|31732.0|26989.0|33624.0|29786.0|3200.0|6300.0|0.0|10000.0|2000.0|2000.0|0
21449|50000.0|2|2|2|38|0|0|0|0|2|2|7980.0|10513.0|9922.0|8633.0|8385.0|7862.0|3000.0|1200.0|1800.0|0.0|1600.0|0.0|0
9626|500000.0|1|1|1|64|-2|-2|-2|-2|-2|-2|0.0|0.0|0.0|0.0|0.0|0.0|0.0|0.0|0.0|0.0|0.0|1063.0|1
6333|310000.0|1|1|1|37|-1|-1|-1|-1|-1|-1|46916.0|5545.0|17152.0|6540.0|6834.0|6890.0|5545.0|17248.0|6559.0|10000.0|6890.0|5593.0|0
8824|200000.0|1|1|2|28|0|0|0|0|0|2|42215.0|44597.0|51023.0|56627.0|60693.0|59596.0|3092.0|7518.0|7122.0|5627.0|0.0|2741.0|0
5239|230000.0|1|1|1|40|-2|-2|-2|-2|-2|-2|169.0|2008.0|3587.0|2663.0|2660.0|2997.0|2018.0|3605.0|2681.0|2673.0|3012.0|2583.0|0
15584|110000.0|2|2|2|28|2|2|2|0|0|0|105014.0|104574.0|94521.0|88833.0|82585.0|75992.0|9000.0|10.0|3917.0|2730.0|2770.0|2800.0|0
18497|300000.0|2|2|2|33|0|0|0|0|0|0|351232.0|298709.0|268531.0|157953.0|161183.0|163942.0|9198.0|7668.0|4429.0|4821.0|4684.0|3152.0|0
27507|80000.0|1|2|1|36|-1|-1|0|0|0|0|9097.0|31091.0|34651.0|26569.0|20082.0|25535.0|31091.0|20000.0|5000.0|10000.0|10000.0|0.0|0
21919|160000.0|2|2|2|26|1|2|2|2|-1|-1|5654.0|796.0|398.0|0.0|398.0|0.0|398.0|0.0|0.0|398.0|0.0|0.0|0
487|300000.0|2|1|2|27|0|0|0|0|0|0|131760.0|132770.0|130595.0|132683.0|128557.0|125900.0|4700.0|4995.0|4516.0|4034.0|4088.0|3886.0|0
13114|500000.0|2|1|1|44|0|-1|-1|0|0|0|329570.0|71921.0|367979.0|294969.0|189612.0|128459.0|72001.0|368199.0|6486.0|234.0|90.0|167116.0|0
25183|50000.0|1|2|1|34|0|0|0|0|0|0|43389.0|44381.0|45942.0|45943.0|20276.0|19515.0|1717.0|2278.0|1279.0|3475.0|676.0|648.0|0
26848|60000.0|1|1|1|38|2|0|0|0|2|2|30013.0|31226.0|32396.0|34657.0|35456.0|34736.0|2000.0|2000.0|2800.0|1500.0|0.0|1500.0|1
17838|80000.0|1|3|1|45|2|0|0|0|0|0|75222.0|131966.0|68466.0|68547.0|59339.0|32500.0|2379.0|6036.0|1763.0|1187.0|650.0|0.0|1
11785|20000.0|2|1|2|24|2|0|0|0|0|0|18466.0|15946.0|16327.0|17970.0|18819.0|16642.0|1500.0|1500.0|2000.0|1000.0|1000.0|1000.0|1
3731|50000.0|2|1|2|24|4|3|2|2|2|2|38965.0|38063.0|38838.0|39598.0|40313.0|41293.0|0.0|1700.0|1700.0|1500.0|1800.0|1700.0|1
23756|100000.0|1|1|2|28|0|0|0|0|0|0|12332.0|12832.0|8564.0|7241.0|7364.0|7542.0|1296.0|1123.0|1000.0|223.0|1500.0|0.0|0
11299|430000.0|2|3|2|30|0|0|0|0|0|0|200364.0|147550.0|106901.0|81257.0|83264.0|62618.0|6215.0|3050.0|2511.0|5110.0|2005.0|5046.0|0
17674|50000.0|2|1|2|24|1|2|2|0|0|2|50789.0|52158.0|51051.0|50959.0|51121.0|49344.0|2500.0|0.0|2100.0|3500.0|0.0|2000.0|0
25717|420000.0|1|1|2|42|0|0|0|0|0|0|155814.0|155282.0|116385.0|106961.0|92331.0|89566.0|5397.0|5678.0|3577.0|3023.0|3026.0|3012.0|0
8649|50000.0|2|2|1|30|0|0|0|2|0|-1|31079.0|30036.0|6845.0|4364.0|2185.0|2162.0|2280.0|2300.0|0.0|44.0|2200.0|3000.0|0
27128|80000.0|2|2|1|54|2|2|2|2|2|2|48298.0|49402.0|50416.0|51293.0|50170.0|53391.0|2200.0|2100.0|2000.0|0.0|4200.0|2100.0|1
2496|20000.0|1|2|2|25|0|0|3|2|2|-1|15789.0|21698.0|21054.0|20355.0|19980.0|3470.0|6500.0|0.0|0.0|10000.0|25065.0|177.0|0
26047|240000.0|1|2|1|33|1|2|2|0|0|2|172618.0|174842.0|141471.0|39578.0|46489.0|45632.0|6765.0|0.0|2000.0|7592.0|0.0|140000.0|0
15089|450000.0|2|1|2|40|-1|-1|-1|-1|-2|-2|9612.0|19253.0|6665.0|0.0|0.0|0.0|19293.0|6665.0|0.0|0.0|0.0|8768.0|0
5385|20000.0|1|2|2|52|0|0|0|0|0|0|17420.0|19130.0|20340.0|19940.0|19940.0|0.0|2000.0|2000.0|0.0|0.0|0.0|0.0|0
23690|50000.0|2|3|1|41|0|0|0|0|0|0|46456.0|47445.0|48847.0|50065.0|17304.0|17824.0|1760.0|2162.0|2380.0|619.0|798.0|1000.0|0
2217|50000.0|1|2|1|34|1|2|0|0|0|0|49372.0|47420.0|47992.0|49278.0|28086.0|30196.0|0.0|2500.0|3500.0|1000.0|3397.0|0.0|0
10120|130000.0|2|3|1|33|1|-2|-2|-2|-2|-2|0.0|0.0|0.0|0.0|0.0|0.0|0.0|0.0|0.0|0.0|0.0|0.0|0
9826|60000.0|2|2|1|38|1|2|2|2|0|0|22212.0|21568.0|24209.0|23524.0|24491.0|25033.0|0.0|3000.0|0.0|1500.0|1100.0|1000.0|0
25778|340000.0|2|1|2|36|0|0|0|-1|0|0|91938.0|85927.0|71707.0|92695.0|86244.0|71538.0|3911.0|5104.0|92695.0|3114.0|2613.0|2366.0|0
28861|20000.0|2|2|1|22|2|2|2|2|2|2|20439.0|20564.0|20479.0|19415.0|20540.0|20903.0|1602.0|900.0|0.0|1800.0|850.0|0.0|1
24383|20000.0|1|1|2|22|1|2|2|0|0|0|19438.0|20528.0|19464.0|18604.0|18172.0|14444.0|1700.0|0.0|700.0|620.0|800.0|300.0|1
385|60000.0|2|3|3|48|0|0|2|2|-1|0|53116.0|55950.0|54439.0|-561.0|20115.0|20000.0|3689.0|0.0|0.0|20907.0|400.0|0.0|0
6311|170000.0|2|2|1|42|-1|-1|-1|-1|-1|-1|415.0|415.0|415.0|415.0|1215.0|1390.0|415.0|415.0|415.0|1215.0|1390.0|1215.0|0
11656|50000.0|2|2|2|22|0|0|0|0|-1|0|44593.0|33019.0|13552.0|0.0|28105.0|29684.0|5000.0|3000.0|0.0|28105.0|2000.0|2000.0|0
16766|200000.0|2|5|2|29|-1|-1|-1|0|-1|0|9383.0|37303.0|21244.0|7422.0|27761.0|21715.0|37465.0|21321.0|1200.0|27761.0|5548.0|30966.0|0
8273|270000.0|2|2|1|25|0|0|0|0|0|0|21586.0|239499.0|203867.0|188064.0|147915.0|139976.0|239104.0|7098.0|6179.0|5023.0|6090.0|4000.0|0
26845|30000.0|1|2|1|35|0|0|0|2|0|0|8348.0|9678.0|12702.0|12206.0|12701.0|13839.0|1476.0|3500.0|0.0|1000.0|1500.0|0.0|1
25704|260000.0|2|1|2|36|-1|-1|-2|-2|-2|-1|2992.0|0.0|0.0|0.0|0.0|150.0|0.0|0.0|0.0|0.0|150.0|310.0|0
6303|200000.0|1|1|2|29|0|0|0|0|0|0|187889.0|190967.0|195622.0|126281.0|128702.0|131001.0|8000.0|8000.0|5000.0|5000.0|5000.0|5000.0|0
26544|230000.0|2|2|1|25|0|0|0|0|0|0|9167.0|10468.0|10722.0|11543.0|10058.0|20158.0|1392.0|2000.0|1000.0|0.0|10100.0|2253.0|0
18844|30000.0|1|2|1|27|4|4|3|2|2|3|10846.0|10533.0|10225.0|9912.0|11444.0|10975.0|0.0|0.0|0.0|1700.0|0.0|0.0|1
20169|150000.0|2|2|2|27|-1|-1|-1|-1|-1|0|7815.0|4914.0|6237.0|3280.0|11167.0|15915.0|4933.0|6237.0|3280.0|11167.0|10000.0|686.0|0
7134|30000.0|2|2|1|56|0|0|2|0|0|2|11564.0|14099.0|13580.0|13657.0|16356.0|16540.0|3042.0|0.0|600.0|2942.0|600.0|0.0|0
2513|130000.0|2|3|1|25|0|0|0|0|0|0|132110.0|133734.0|129299.0|131871.0|132168.0|129779.0|6359.0|4505.0|4530.0|4798.0|4600.0|4655.0|0
550|210000.0|2|1|2|25|-1|-1|-1|0|0|0|4576.0|1837.0|141555.0|140550.0|153587.0|153278.0|1837.0|141555.0|4272.0|20150.0|6000.0|9749.0|0
27038|80000.0|2|2|2|22|-1|0|0|0|0|0|858.0|1468.0|1724.0|2884.0|2994.0|28788.0|1000.0|1036.0|1196.0|306.0|26045.0|1513.0|0
10656|260000.0|2|1|1|44|1|-1|-1|-2|-1|2|0.0|6500.0|0.0|0.0|2223.0|2056.0|6500.0|0.0|0.0|2223.0|0.0|60934.0|0
13946|50000.0|2|1|2|29|0|0|0|0|0|0|44498.0|41897.0|17304.0|16544.0|14787.0|15975.0|4000.0|4000.0|2000.0|3000.0|3000.0|3000.0|0
21767|50000.0|1|2|1|46|0|0|0|-1|-1|-1|49046.0|49221.0|46505.0|6991.0|4809.0|1890.0|2185.0|2938.0|6996.0|4809.0|1890.0|6890.0|0
10661|160000.0|1|1|1|51|2|0|0|0|2|2|150.0|1380.0|1481.0|2623.0|2457.0|4912.0|1230.0|1331.0|2473.0|0.0|2500.0|0.0|1
28425|390000.0|2|2|1|39|-1|-1|-1|-1|-1|0|827.0|827.0|827.0|1036.0|15209.0|15156.0|827.0|827.0|1036.0|15000.0|1000.0|1000.0|0
14540|50000.0|2|2|2|52|0|0|0|0|0|0|33743.0|22989.0|15843.0|16825.0|14637.0|15397.0|2000.0|1400.0|2000.0|5000.0|1000.0|1000.0|1
8435|420000.0|1|2|1|34|0|0|0|0|0|0|253454.0|247743.0|229049.0|220951.0|210606.0|188108.0|9744.0|9553.0|7603.0|7830.0|7253.0|11326.0|0
15122|500000.0|1|1|1|46|0|0|0|0|0|0|11471.0|13270.0|14245.0|15199.0|20980.0|18255.0|2000.0|1500.0|1219.0|6000.0|1000.0|1000.0|0
11053|280000.0|2|2|1|43|-2|-2|-2|-2|-2|-2|14633.0|5600.0|13397.0|20004.0|10571.0|8430.0|5600.0|13397.0|20004.0|10571.0|8430.0|13561.0|0
13127|120000.0|2|2|1|30|2|0|0|0|2|2|87199.0|89008.0|90834.0|95499.0|93857.0|99504.0|4110.0|4203.0|7100.0|0.0|7396.0|3700.0|1
1669|60000.0|1|1|2|29|1|2|2|0|0|2|43434.0|44522.0|43222.0|43588.0|46564.0|47369.0|2100.0|0.0|1708.0|4000.0|2000.0|1903.0|1
6659|280000.0|1|2|2|38|2|2|2|2|0|0|163675.0|168581.0|170775.0|166749.0|168739.0|166757.0|9000.0|6000.0|5.0|5858.0|5741.0|5608.0|1
12266|200000.0|2|2|2|34|-2|-2|-2|-2|-2|-2|0.0|0.0|0.0|445.0|2309.0|-10.0|0.0|0.0|445.0|2332.0|10.0|0.0|0
26840|30000.0|2|2|1|45|1|2|2|2|2|2|13440.0|13923.0|17194.0|16625.0|17442.0|18016.0|1000.0|3500.0|0.0|1400.0|1000.0|1000.0|0
6667|130000.0|2|2|1|35|0|0|0|0|0|0|125989.0|127884.0|128231.0|127677.0|125675.0|127318.0|6500.0|6500.0|6201.0|5000.0|5500.0|5100.0|0
23647|40000.0|2|2|2|33|-1|-1|-1|2|-1|-1|1860.0|1979.0|4167.0|1979.0|1979.0|1979.0|2279.0|4167.0|0.0|1979.0|1979.0|1775.0|0
25312|150000.0|2|1|2|26|2|2|2|2|2|2|75373.0|76865.0|78214.0|76363.0|79893.0|48052.0|3300.0|3200.0|0.0|5137.0|0.0|2200.0|1
10043|50000.0|2|3|2|44|2|2|2|2|2|0|42115.0|41164.0|43658.0|44644.0|43798.0|44912.0|0.0|3500.0|2000.0|0.0|2000.0|2000.0|1
11399|180000.0|2|1|2|31|-1|-1|-1|-2|-2|-2|8260.0|5921.0|0.0|0.0|0.0|0.0|5921.0|0.0|0.0|0.0|0.0|0.0|1
26561|50000.0|2|2|2|24|1|2|0|0|0|0|48861.0|48082.0|48614.0|26667.0|26036.0|26850.0|2000.0|2233.0|1083.0|1100.0|1400.0|3000.0|1
24614|70000.0|1|2|2|35|0|0|0|0|0|0|67306.0|69023.0|69340.0|39191.0|40009.0|40893.0|3400.0|2310.0|1600.0|1600.0|1700.0|2000.0|0
7385|50000.0|2|2|1|47|0|0|0|0|0|0|48433.0|49664.0|49405.0|47522.0|28711.0|28060.0|3500.0|2013.0|1863.0|1006.0|1300.0|2500.0|0
22531|360000.0|2|2|2|28|0|0|0|0|0|-1|63352.0|58601.0|19567.0|16658.0|17249.0|247.0|6010.0|4000.0|0.0|2000.0|247.0|12000.0|0
19756|90000.0|2|1|2|29|0|0|0|0|0|0|92464.0|91709.0|92412.0|91297.0|91790.0|91377.0|3600.0|4331.0|3218.0|3613.0|3300.0|3519.0|0
26448|60000.0|2|1|2|22|0|0|0|0|0|0|57484.0|59521.0|59674.0|56018.0|36350.0|18203.0|3000.0|3000.0|1500.0|790.0|1000.0|1000.0|0
29304|270000.0|2|1|2|26|0|0|0|0|0|0|134235.0|62483.0|62134.0|61797.0|57312.0|57582.0|6000.0|2500.0|3000.0|7475.0|3000.0|2500.0|0
17035|230000.0|2|5|2|52|0|0|0|0|0|0|155131.0|156687.0|153635.0|74503.0|46254.0|141916.0|6641.0|6015.0|2663.0|5015.0|100095.0|5027.0|0
16723|60000.0|2|1|1|37|0|0|0|0|0|2|37934.0|39020.0|40071.0|41098.0|43536.0|44670.0|2000.0|2000.0|2000.0|3100.0|2000.0|0.0|0
17459|200000.0|1|3|1|34|0|0|0|0|0|0|75420.0|73548.0|47100.0|27112.0|21220.0|15719.0|3015.0|1903.0|10033.0|949.0|10078.0|92757.0|0
3104|30000.0|1|1|2|28|0|0|0|0|2|0|10480.0|11503.0|12513.0|13804.0|13442.0|14066.0|1199.0|1209.0|1500.0|0.0|1000.0|1500.0|1
16298|20000.0|1|3|1|49|0|0|0|-2|-2|-2|10823.0|11180.0|0.0|0.0|0.0|0.0|1400.0|0.0|0.0|0.0|0.0|0.0|1
7906|210000.0|2|1|2|27|0|0|0|0|0|0|21275.0|18405.0|76779.0|67518.0|66364.0|65038.0|2079.0|67000.0|2300.0|2365.0|2000.0|2000.0|0
20490|230000.0|2|1|2|33|-1|-1|-2|-2|-2|-2|6283.0|0.0|0.0|0.0|0.0|0.0|0.0|0.0|0.0|0.0|0.0|0.0|0
22231|240000.0|1|1|1|33|0|0|0|0|0|0|167835.0|170978.0|172217.0|163786.0|81611.0|79817.0|7200.0|8400.0|7000.0|3000.0|2900.0|3100.0|0
21554|100000.0|1|2|2|41|-1|2|2|2|2|2|1941.0|3255.0|3056.0|4998.0|4769.0|9691.0|1500.0|0.0|2000.0|0.0|5000.0|0.0|1
10269|240000.0|1|1|1|37|-2|-2|-2|-2|-2|-2|4081.0|7608.0|154353.0|9617.0|11360.0|3842.0|7644.0|155142.0|9661.0|11489.0|3870.0|3539.0|0
10766|50000.0|2|1|2|27|0|0|0|0|0|0|44402.0|44977.0|46546.0|46033.0|48656.0|41674.0|2000.0|3000.0|2400.0|3023.0|5000.0|0.0|0
28886|40000.0|1|1|2|27|2|0|0|0|0|0|10181.0|11058.0|11471.0|11776.0|12660.0|12660.0|2500.0|2000.0|1500.0|2330.0|2300.0|1000.0|1
14860|100000.0|2|1|2|32|-1|-1|2|-1|-1|-1|1876.0|9814.0|6690.0|1196.0|416.0|620.0|9814.0|443.0|1196.0|2080.0|620.0|928.0|0
8746|20000.0|1|2|1|43|0|0|0|0|0|0|14102.0|14870.0|16116.0|16436.0|16781.0|17112.0|1300.0|1500.0|588.0|610.0|611.0|788.0|0
4739|130000.0|2|2|2|23|0|0|0|0|0|0|44930.0|40688.0|40880.0|37851.0|37816.0|39849.0|6000.0|6000.0|4000.0|10000.0|5000.0|8002.0|0
29314|80000.0|2|1|2|24|-2|-2|-2|-2|-2|-2|0.0|698.0|4949.0|967.0|5762.0|0.0|698.0|4949.0|967.0|5775.0|0.0|0.0|0
1886|90000.0|1|2|1|37|2|-1|-1|0|0|0|117793.0|93777.0|87401.0|38144.0|39177.0|36687.0|6732.0|92113.0|1317.0|1598.0|1461.0|1354.0|0
10952|260000.0|1|1|2|35|1|2|0|0|2|0|149124.0|145333.0|148332.0|160810.0|155683.0|158771.0|0.0|6910.0|16502.0|0.0|5847.0|5873.0|1
13346|80000.0|2|1|1|32|1|-2|-1|-1|-1|-1|0.0|0.0|1900.0|7411.0|1900.0|0.0|0.0|1900.0|7411.0|1900.0|0.0|0.0|0
5102|300000.0|2|2|2|31|-2|-2|-2|-2|-2|-2|188.0|188.0|585.0|207.0|0.0|0.0|188.0|585.0|207.0|0.0|0.0|378.0|0
9180|20000.0|1|3|1|41|2|0|0|0|0|0|18738.0|18986.0|20110.0|19584.0|16539.0|19466.0|1376.0|1500.0|593.0|2701.0|4261.0|941.0|1
21693|60000.0|1|1|2|28|-1|0|0|0|0|0|40784.0|41723.0|42665.0|43254.0|43757.0|44378.0|2001.0|2001.0|1690.0|1501.0|1617.0|1502.0|0
24703|400000.0|2|1|2|33|-2|-2|-2|-2|-2|-2|0.0|0.0|0.0|0.0|0.0|0.0|0.0|0.0|0.0|0.0|0.0|0.0|1
17915|50000.0|2|3|2|23|0|0|0|0|0|0|43979.0|33403.0|20879.0|18573.0|17318.0|17936.0|2000.0|2000.0|2000.0|1000.0|1000.0|2800.0|0
1470|220000.0|1|2|1|45|0|0|0|0|0|0|165583.0|168400.0|171249.0|173455.0|88063.0|90240.0|6500.0|6000.0|4500.0|3000.0|3000.0|3000.0|0
22284|310000.0|2|1|2|32|-2|-2|-2|-2|-2|-2|20138.0|8267.0|65993.0|8543.0|1695.0|750.0|8267.0|66008.0|8543.0|1695.0|750.0|7350.0|1
9311|170000.0|2|2|1|52|0|0|0|0|0|0|168516.0|168529.0|169956.0|119844.0|117944.0|118163.0|6791.0|7333.0|4218.0|4269.0|4481.0|4144.0|0
21762|80000.0|2|1|2|23|-1|-1|0|0|-1|-1|3526.0|6687.0|4356.0|3450.0|4318.0|0.0|6687.0|1000.0|0.0|4318.0|0.0|254.0|0
13482|240000.0|1|2|1|48|0|0|0|0|0|0|236767.0|236769.0|238769.0|235603.0|233374.0|230897.0|8622.0|8922.0|8519.0|8499.0|8418.0|8420.0|0
6986|360000.0|2|1|1|36|-2|-2|-2|-2|-2|-2|13686.0|1992.0|604.0|0.0|3960.0|0.0|1992.0|604.0|0.0|3960.0|0.0|2313.0|0
8753|500000.0|2|2|1|54|0|0|0|0|0|0|455977.0|397418.0|392278.0|375931.0|364134.0|354019.0|13455.0|13691.0|12692.0|11883.0|11922.0|10032.0|0
6268|50000.0|2|1|2|28|0|0|0|0|0|2|48726.0|48261.0|39336.0|10142.0|10174.0|9904.0|2406.0|2000.0|462.0|736.0|0.0|147.0|0
25970|50000.0|1|1|2|32|0|0|0|0|0|0|18741.0|12724.0|13804.0|15331.0|15159.0|10188.0|1724.0|1804.0|2721.0|1159.0|1188.0|733.0|0
13736|240000.0|1|1|1|43|0|0|0|0|0|0|223151.0|226688.0|230690.0|213633.0|176135.0|179027.0|7766.0|8300.0|7200.0|6200.0|6550.0|6107.0|1
2924|20000.0|1|1|2|24|1|-1|-1|-2|-1|-1|255.0|541.0|275.0|329.0|544.0|190.0|541.0|275.0|329.0|544.0|190.0|241.0|0
22710|380000.0|2|1|2|32|-1|0|0|0|0|0|91806.0|100291.0|108245.0|109006.0|117195.0|121246.0|10000.0|10000.0|10000.0|10001.0|6000.0|38000.0|0
23679|150000.0|1|5|1|36|0|0|0|0|0|0|216482.0|220889.0|133616.0|136378.0|139219.0|142172.0|5500.0|3800.0|3900.0|4000.0|4100.0|4100.0|0
9061|30000.0|2|2|2|25|-2|-2|-1|0|0|0|0.0|1232.0|27287.0|27874.0|28430.0|29093.0|1232.0|31484.0|1444.0|1000.0|1100.0|1491.0|0
29446|230000.0|1|1|1|32|1|-2|-2|-2|-2|-1|0.0|0.0|0.0|0.0|0.0|150.0|0.0|0.0|0.0|0.0|150.0|990.0|1
7723|140000.0|2|2|1|27|0|0|0|0|0|0|125273.0|125756.0|111799.0|107375.0|104299.0|106280.0|6000.0|6000.0|3910.0|3936.0|3871.0|3841.0|1
28470|50000.0|2|1|2|27|2|0|0|0|0|0|49296.0|50080.0|50725.0|43492.0|44377.0|41297.0|1881.0|1915.0|1472.0|4012.0|2008.0|10002.0|0
13449|230000.0|2|2|2|34|-2|-2|-2|-2|-2|-2|1716.0|1518.0|909.0|-1307.0|-3237.0|-5459.0|1518.0|1000.0|0.0|0.0|0.0|0.0|0
16606|430000.0|2|1|1|35|-1|-1|-1|-1|-1|0|3642.0|492.0|0.0|925.0|12151.0|39673.0|492.0|0.0|925.0|12151.0|29000.0|30000.0|0
13007|440000.0|2|1|1|37|-1|-1|0|-1|-1|-1|10858.0|46104.0|21349.0|11569.0|-1401.0|1773.0|50004.0|20000.0|12000.0|0.0|3773.0|0.0|0
25465|130000.0|2|2|1|48|2|2|2|2|2|2|105500.0|107761.0|109965.0|110797.0|107529.0|114104.0|5500.0|5400.0|4100.0|0.0|8500.0|0.0|1
20999|460000.0|1|1|1|42|-1|-1|-1|-1|-1|2|11924.0|7721.0|1711.0|-2.0|7126.0|1996.0|7728.0|2229.0|2.0|7128.0|10.0|957.0|0
15174|80000.0|1|2|1|27|-1|0|0|0|0|0|79690.0|80976.0|57827.0|46390.0|45354.0|43112.0|3181.0|2050.0|1684.0|1564.0|1558.0|2000.0|0
21648|230000.0|2|3|1|32|0|0|0|0|0|0|195126.0|88743.0|92195.0|94814.0|98182.0|98457.0|5000.0|5000.0|5000.0|5000.0|4000.0|5000.0|0
25080|20000.0|1|2|2|27|2|0|0|0|0|2|13747.0|15020.0|16059.0|16081.0|17423.0|17695.0|1500.0|1600.0|580.0|1600.0|700.0|0.0|1
1450|210000.0|2|5|2|32|-2|-2|-2|-2|-2|-2|0.0|0.0|0.0|0.0|0.0|0.0|0.0|0.0|0.0|0.0|0.0|0.0|0
19089|190000.0|1|3|1|41|0|0|0|0|0|0|30425.0|31419.0|32450.0|33458.0|34122.0|34833.0|1467.0|1498.0|1506.0|1170.0|1209.0|1215.0|0
27950|150000.0|2|2|1|39|1|-2|-2|-2|-2|-2|0.0|0.0|0.0|0.0|0.0|0.0|0.0|0.0|0.0|0.0|0.0|0.0|1
6438|200000.0|1|2|1|40|2|2|0|0|0|0|208012.0|199367.0|202668.0|111486.0|118951.0|89077.0|0.0|8756.0|5003.0|10053.0|10066.0|10027.0|1
20239|100000.0|2|2|2|31|0|0|0|0|0|0|101458.0|101207.0|101421.0|101111.0|101384.0|101358.0|3800.0|4000.0|3602.0|3719.0|3700.0|7800.0|1
20797|150000.0|2|2|2|32|6|5|4|3|2|2|81341.0|79529.0|77757.0|75841.0|73678.0|77273.0|0.0|0.0|0.0|0.0|4874.0|1000.0|0
20695|210000.0|2|1|2|29|0|0|0|0|0|0|3675.0|4460.0|5542.0|15378.0|18106.0|18804.0|1082.0|1164.0|10000.0|3000.0|1000.0|1000.0|0
26812|360000.0|1|1|1|42|0|-1|-1|-1|-1|-1|30860.0|20180.0|21908.0|1780.0|47307.0|0.0|20204.0|21908.0|1780.0|47307.0|0.0|0.0|0
27638|150000.0|1|2|2|27|0|0|0|0|0|0|84034.0|81537.0|78407.0|73688.0|56995.0|52887.0|5065.0|20028.0|3152.0|2025.0|5211.0|10061.0|0
5559|320000.0|1|2|2|36|2|0|0|2|0|0|283743.0|289508.0|302561.0|283356.0|275361.0|268871.0|12013.0|21041.0|1514.0|9122.0|9518.0|9209.0|1
6228|20000.0|1|2|2|27|1|6|5|4|4|3|19388.0|18807.0|18235.0|18654.0|18073.0|17501.0|0.0|0.0|1000.0|0.0|0.0|0.0|0
2410|70000.0|2|3|1|24|0|0|0|0|0|0|66380.0|68083.0|50822.0|31179.0|28686.0|10806.0|4000.0|3012.0|5000.0|2000.0|3000.0|3000.0|0
8015|20000.0|2|2|2|24|0|-1|-1|0|-1|-1|4261.0|7830.0|17213.0|4781.0|3178.0|15834.0|7830.0|17221.0|1203.0|3178.0|15834.0|0.0|0
29047|300000.0|2|1|2|48|0|0|0|0|0|0|247279.0|235093.0|224062.0|212480.0|202148.0|186955.0|10005.0|9500.0|7500.0|6914.0|6100.0|5500.0|0
12944|300000.0|2|1|2|41|-1|-1|-2|-2|-2|-2|5770.0|0.0|0.0|0.0|0.0|0.0|0.0|0.0|0.0|0.0|0.0|0.0|0
5533|150000.0|1|2|2|25|0|0|0|0|0|0|153932.0|153573.0|153309.0|152357.0|153133.0|0.0|5500.0|5509.0|5672.0|6787.0|0.0|832.0|0
25494|200000.0|2|2|1|34|0|0|0|0|0|0|5481.0|6430.0|4494.0|4771.0|9454.0|8595.0|1068.0|1140.0|1000.0|5000.0|3000.0|3000.0|0
26974|30000.0|2|1|2|27|0|0|0|0|0|0|26135.0|27407.0|29002.0|26806.0|25948.0|22162.0|2000.0|2500.0|1500.0|1000.0|2000.0|3000.0|0
28064|170000.0|1|1|2|27|-2|-2|-2|-2|-2|-2|2190.0|264.0|1408.0|1434.0|264.0|264.0|264.0|1408.0|1434.0|264.0|264.0|264.0|0
16807|110000.0|2|2|1|41|0|0|0|0|0|0|52388.0|41742.0|43852.0|39840.0|32801.0|33174.0|1780.0|3306.0|1108.0|1126.0|1269.0|679.0|0
18022|80000.0|2|2|1|42|2|2|2|2|2|2|45691.0|46662.0|47595.0|48312.0|49392.0|50426.0|2000.0|2000.0|1800.0|2000.0|2000.0|1900.0|1
24113|300000.0|1|1|1|44|0|0|0|0|0|0|58137.0|51459.0|49737.0|48015.0|36004.0|6748.0|3000.0|2000.0|1500.0|3000.0|1000.0|3000.0|0
24550|10000.0|1|3|1|37|0|0|0|0|0|-2|14498.0|7512.0|7308.0|5275.0|0.0|0.0|2248.0|1120.0|375.0|0.0|0.0|0.0|0
12462|20000.0|2|1|3|22|2|0|0|0|0|0|14033.0|14993.0|16244.0|18300.0|18100.0|-1900.0|1500.0|1800.0|2800.0|0.0|0.0|1900.0|1
5775|100000.0|2|2|1|42|1|2|2|-2|-2|-2|3256.0|3020.0|0.0|0.0|0.0|0.0|0.0|0.0|0.0|0.0|0.0|0.0|0
20861|30000.0|1|1|2|24|0|0|-2|-2|-2|-1|11080.0|-202.0|-202.0|-202.0|-202.0|7571.0|0.0|0.0|0.0|0.0|7844.0|235.0|0
75|200000.0|2|2|2|28|-1|-1|-1|-1|0|0|8837.0|9491.0|3632.0|7673.0|5830.0|6890.0|9690.0|3632.0|7673.0|2530.0|6000.0|6925.0|0
18231|420000.0|1|1|1|39|0|0|0|0|0|0|100333.0|102906.0|105030.0|107146.0|107896.0|110149.0|5138.0|5267.0|5347.0|4019.0|4152.0|4173.0|0
25728|230000.0|2|2|2|28|0|0|0|0|0|-1|29500.0|4828.0|7633.0|9202.0|2553.0|6015.0|4800.0|7021.0|8008.0|0.0|6015.0|3053.0|0
4986|140000.0|2|2|2|27|1|-2|-2|-2|-2|-2|0.0|0.0|0.0|0.0|0.0|0.0|0.0|0.0|0.0|0.0|0.0|0.0|0
20792|50000.0|2|2|1|27|0|0|0|0|0|0|45632.0|42750.0|39776.0|33164.0|34781.0|30231.0|1837.0|2500.0|1390.0|2007.0|2000.0|2000.0|0
18603|150000.0|2|2|1|31|0|0|0|0|0|0|104014.0|108229.0|109374.0|111279.0|125353.0|126913.0|5500.0|4005.0|3241.0|15500.0|4000.0|3568.0|0
26660|80000.0|2|3|1|49|-1|-1|-1|-1|-1|-1|3367.0|4641.0|2290.0|1459.0|6764.0|7601.0|4641.0|2290.0|1459.0|6764.0|7601.0|7990.0|0
2959|70000.0|2|2|2|25|0|0|0|2|2|0|70488.0|51152.0|35122.0|28633.0|28039.0|28621.0|2000.0|4500.0|1200.0|0.0|1200.0|1185.0|0
17206|10000.0|1|3|1|52|1|2|0|0|0|0|6969.0|6712.0|7722.0|7875.0|8041.0|8357.0|0.0|1128.0|281.0|292.0|450.0|1415.0|1
10754|80000.0|2|2|1|48|0|0|0|0|0|0|77627.0|80712.0|48428.0|52391.0|23359.0|24597.0|5000.0|5000.0|5000.0|3000.0|2000.0|3000.0|0
7370|60000.0|1|2|2|53|0|0|0|0|0|0|62038.0|34845.0|33598.0|20904.0|18705.0|19345.0|1579.0|1998.0|1304.0|771.0|1045.0|433.0|0
8952|200000.0|2|3|1|32|0|0|0|0|0|0|132436.0|133530.0|137837.0|140609.0|141896.0|151082.0|4780.0|6459.0|6550.0|5106.0|11500.0|0.0|1
11516|360000.0|2|3|2|30|-1|0|0|-1|0|0|11816.0|19726.0|26374.0|9781.0|8719.0|18076.0|10000.0|13021.0|9781.0|0.0|10000.0|8752.0|0
26158|50000.0|2|2|1|29|0|0|0|0|0|0|49895.0|48434.0|47827.0|28935.0|28224.0|27547.0|1867.0|1521.0|1419.0|969.0|997.0|952.0|1
13038|490000.0|1|1|1|57|0|0|0|0|0|0|354782.0|348786.0|349958.0|340602.0|303047.0|331606.0|17035.0|20059.0|12943.0|15049.0|50017.0|20021.0|0
22951|170000.0|2|2|1|50|-1|-1|-1|-1|-1|-1|79210.0|660.0|15360.0|891.0|13460.0|32136.0|660.0|15360.0|891.0|13460.0|32136.0|0.0|0
12061|200000.0|1|3|2|28|0|0|0|0|0|0|54663.0|46147.0|44095.0|25454.0|17651.0|18994.0|11000.0|3000.0|3000.0|2000.0|3000.0|10000.0|0
9397|470000.0|1|3|1|47|0|0|0|0|0|0|163529.0|129341.0|106390.0|82181.0|79402.0|72121.0|4700.0|30002.0|20000.0|40000.0|35000.0|40000.0|0
20400|100000.0|2|3|1|50|0|0|0|0|0|2|36925.0|38324.0|39680.0|41687.0|43607.0|43739.0|2000.0|2000.0|2680.0|2600.0|1000.0|5261.0|1
13344|350000.0|1|1|1|70|0|0|0|0|0|0|100895.0|70244.0|64839.0|57583.0|45554.0|37063.0|3371.0|2089.0|3008.0|1300.0|1500.0|1372.0|0
1101|230000.0|1|1|2|29|0|0|2|2|0|0|41154.0|44121.0|43286.0|39215.0|39814.0|40437.0|4000.0|2500.0|0.0|3000.0|3000.0|5000.0|0
27740|250000.0|2|5|1|27|0|0|0|0|0|0|127786.0|60663.0|49181.0|34072.0|33419.0|33925.0|3729.0|1600.0|2000.0|1000.0|1100.0|900.0|0
2432|370000.0|1|2|1|34|-1|-1|-1|-1|0|-1|13854.0|3366.0|2671.0|13780.0|20652.0|10876.0|3382.0|2684.0|13795.0|10103.0|11020.0|10684.0|0
27237|200000.0|2|1|2|26|0|-1|-1|-1|-1|-1|6242.0|1776.0|3587.0|0.0|2160.0|900.0|1776.0|3598.0|0.0|2160.0|900.0|1850.0|0
15608|100000.0|2|1|2|23|-1|-1|-1|0|-1|-1|4357.0|1897.0|4153.0|2972.0|1990.0|1861.0|1901.0|4153.0|1000.0|1990.0|1861.0|0.0|0
29059|450000.0|2|2|2|34|-2|-2|-2|-2|-2|-2|3752.0|513.0|0.0|4376.0|0.0|0.0|513.0|0.0|4376.0|0.0|0.0|0.0|0
15002|70000.0|1|1|2|28|0|0|0|0|0|0|9214.0|10560.0|12071.0|12866.0|14644.0|16230.0|1500.0|2000.0|1000.0|2000.0|2000.0|3000.0|0
9100|370000.0|2|2|2|39|0|0|0|0|0|0|181221.0|180616.0|114073.0|57660.0|23093.0|18436.0|10073.0|6367.0|5100.0|2000.0|3000.0|3000.0|0
16967|150000.0|2|3|1|41|0|0|0|0|0|-2|20934.0|21364.0|21196.0|21715.0|0.0|0.0|1500.0|1500.0|1000.0|0.0|0.0|0.0|0
21409|500000.0|1|2|2|44|-2|-2|-1|0|0|-2|26697.0|26319.0|79424.0|77920.0|55625.0|30092.0|1131.0|150042.0|4790.0|3236.0|866.0|630.0|0
21788|50000.0|1|3|2|40|0|0|0|0|-1|0|50693.0|50019.0|36939.0|29500.0|19655.0|20067.0|1747.0|1515.0|3076.0|20693.0|679.0|653.0|0
14615|30000.0|2|3|2|25|0|0|0|0|0|0|20983.0|22636.0|24417.0|27020.0|28107.0|28727.0|2000.0|2500.0|3000.0|1500.0|1056.0|544.0|0
15499|50000.0|1|2|2|42|0|0|0|0|0|0|7217.0|8291.0|9649.0|10975.0|11292.0|11610.0|1200.0|1500.0|1500.0|500.0|500.0|500.0|0
6869|50000.0|1|3|0|50|0|0|0|0|0|0|9404.0|10745.0|12058.0|13256.0|14437.0|16985.0|1500.0|1500.0|1400.0|1400.0|2800.0|0.0|0
27929|80000.0|2|2|2|38|-1|-1|-1|0|0|0|390.0|390.0|3529.0|13207.0|13110.0|13116.0|390.0|3529.0|10207.0|500.0|600.0|3000.0|0
21017|200000.0|1|2|1|28|3|2|2|7|7|7|2443.0|2443.0|2443.0|2443.0|2443.0|2443.0|0.0|0.0|0.0|0.0|0.0|0.0|1
4337|50000.0|2|3|1|27|2|0|0|0|2|0|11275.0|37651.0|38498.0|40644.0|39731.0|35657.0|27234.0|1754.0|2900.0|0.0|1265.0|832.0|1
24299|150000.0|2|3|1|40|-2|-2|-2|-2|-2|-2|0.0|0.0|0.0|0.0|0.0|4095.0|0.0|0.0|0.0|0.0|4095.0|0.0|0
15655|50000.0|2|3|1|49|0|0|-2|-2|-2|-2|36325.0|0.0|0.0|0.0|0.0|0.0|0.0|0.0|0.0|0.0|0.0|0.0|0
28837|120000.0|1|2|1|39|0|0|0|2|2|2|93673.0|95590.0|101562.0|94307.0|89867.0|81617.0|4375.0|8485.0|524.0|6004.0|5.0|3073.0|0
16302|110000.0|1|2|1|51|0|0|0|0|0|0|54051.0|55126.0|57239.0|104353.0|48308.0|49693.0|1972.0|3000.0|49000.0|1569.0|2000.0|2000.0|1
4884|100000.0|2|1|2|29|2|2|2|2|2|2|74032.0|75557.0|76434.0|74611.0|79292.0|80945.0|3300.0|2700.0|0.0|5900.0|3100.0|0.0|0
21497|90000.0|1|2|2|27|0|0|2|0|0|0|49271.0|51425.0|47756.0|45977.0|43936.0|37142.0|3011.0|1207.0|1619.0|1576.0|1600.0|2000.0|0
18979|160000.0|1|2|2|34|2|2|2|2|2|2|73820.0|72341.0|76917.0|75370.0|81943.0|80203.0|0.0|5500.0|0.0|7500.0|0.0|2000.0|1
23121|290000.0|2|1|2|32|-2|-2|-2|-2|-1|0|0.0|5743.0|8809.0|0.0|7241.0|10289.0|5743.0|5000.0|0.0|7241.0|5000.0|5000.0|0
10826|210000.0|1|2|1|35|0|0|0|0|0|0|62809.0|64781.0|65847.0|46992.0|47073.0|47283.0|3018.0|2824.0|1757.0|1674.0|1717.0|1741.0|0
16593|250000.0|1|1|2|31|-2|-2|-2|-2|-2|-2|0.0|0.0|7066.0|0.0|0.0|0.0|0.0|7066.0|145.0|0.0|0.0|2758.0|0
6193|170000.0|1|3|1|48|2|-1|-1|0|-1|-1|316.0|316.0|632.0|316.0|466.0|316.0|316.0|632.0|0.0|466.0|316.0|0.0|0
16291|20000.0|1|2|2|21|0|0|0|0|-1|-1|20070.0|19278.0|3346.0|-780.0|780.0|2130.0|1072.0|1000.0|0.0|1560.0|2130.0|3680.0|0
4661|210000.0|1|2|1|35|-1|-1|-2|-2|-1|-1|5811.0|0.0|0.0|0.0|1243.0|0.0|0.0|0.0|0.0|1243.0|0.0|0.0|0
19281|390000.0|2|1|2|26|-2|-2|-2|-2|-2|-2|0.0|280.0|0.0|0.0|0.0|48425.0|280.0|0.0|0.0|0.0|48425.0|2000.0|0
28587|270000.0|2|2|1|27|0|0|0|2|0|0|24769.0|22546.0|21345.0|14852.0|18669.0|25175.0|4000.0|5000.0|0.0|10000.0|7000.0|2000.0|0
19764|330000.0|2|2|2|29|0|0|0|0|-1|-1|49549.0|133957.0|128212.0|79407.0|8875.0|49880.0|90000.0|3000.0|5000.0|8875.0|49880.0|519.0|0
29645|360000.0|2|2|1|29|1|-1|2|-1|-1|-1|0.0|828.0|414.0|414.0|414.0|414.0|1244.0|2.0|416.0|416.0|416.0|600.0|0
26434|30000.0|2|2|2|24|0|0|0|0|0|0|30767.0|28818.0|30411.0|28805.0|26895.0|27162.0|1600.0|2517.0|4006.0|2000.0|1000.0|1500.0|0
16696|70000.0|2|2|2|22|0|0|0|0|0|0|57889.0|33868.0|33390.0|26457.0|27165.0|27562.0|1592.0|1497.0|947.0|1134.0|1000.0|1021.0|0
19676|270000.0|2|3|1|35|0|0|0|-2|-1|0|60227.0|61650.0|0.0|248.0|163248.0|163412.0|3000.0|0.0|248.0|163000.0|5925.0|4782.0|0
3691|40000.0|1|2|1|40|1|2|0|0|0|0|34364.0|33512.0|34549.0|35572.0|36481.0|37889.0|0.0|1577.0|1600.0|1500.0|2000.0|2000.0|1
18919|260000.0|2|1|1|38|1|-2|-2|-2|-2|-2|0.0|0.0|0.0|0.0|0.0|0.0|0.0|0.0|0.0|0.0|0.0|0.0|0
5019|260000.0|1|2|2|30|0|0|0|2|0|0|4640.0|5891.0|8840.0|8464.0|10068.0|10977.0|1500.0|4000.0|0.0|2000.0|1500.0|1000.0|0
8528|230000.0|2|2|1|49|1|-2|-2|-2|-2|-1|0.0|0.0|0.0|0.0|0.0|6946.0|0.0|0.0|0.0|0.0|6946.0|0.0|0
25510|500000.0|2|2|2|32|0|0|0|0|0|0|44462.0|37890.0|28527.0|27030.0|27454.0|30486.0|7000.0|7000.0|8000.0|10000.0|12000.0|2876.0|0
11905|80000.0|1|2|2|43|0|0|0|0|0|0|78144.0|78940.0|80238.0|50642.0|50533.0|50758.0|3318.0|3463.0|1600.0|1770.0|50000.0|1753.0|0
8461|190000.0|2|2|1|33|1|-2|-2|-2|-2|-2|-2500.0|-3000.0|-3000.0|-3000.0|-3000.0|-3000.0|0.0|0.0|0.0|0.0|0.0|0.0|0
24582|130000.0|1|3|2|54|2|0|0|0|0|0|98285.0|94075.0|92857.0|95351.0|95525.0|96980.0|4300.0|4300.0|7400.0|3600.0|4000.0|4000.0|0
10853|50000.0|2|2|2|35|0|0|0|0|0|0|48818.0|49796.0|50892.0|50769.0|48813.0|49874.0|2200.0|2200.0|1800.0|1900.0|2000.0|2000.0|0
26289|80000.0|2|3|1|54|0|0|0|0|0|0|55498.0|56368.0|42486.0|24500.0|28900.0|29400.0|2000.0|2000.0|1600.0|5000.0|1000.0|600.0|0
3434|500000.0|2|1|2|32|0|0|0|0|0|0|422713.0|406204.0|415664.0|423392.0|399250.0|362627.0|15000.0|16000.0|15000.0|14000.0|13180.0|14000.0|0
22408|500000.0|2|2|2|36|-1|-1|-1|0|0|0|339.0|0.0|28119.0|29698.0|32229.0|27912.0|0.0|28119.0|2000.0|3200.0|3000.0|785.0|0
2355|180000.0|1|2|2|29|0|0|0|0|0|0|98535.0|99196.0|98905.0|75576.0|59889.0|51422.0|3977.0|6516.0|1611.0|3000.0|7080.0|1132.0|0
12198|430000.0|2|1|2|38|0|0|0|0|0|0|41092.0|43095.0|44692.0|45648.0|47884.0|136701.0|3000.0|2300.0|2000.0|3000.0|90000.0|4000.0|0
24887|20000.0|1|2|2|44|1|2|0|0|0|0|6535.0|6285.0|7672.0|8390.0|9101.0|9796.0|0.0|1500.0|1000.0|1000.0|1000.0|1000.0|1
21888|140000.0|2|2|2|26|0|0|-1|-1|-1|0|8178.0|3776.0|3776.0|3776.0|4173.0|4287.0|1000.0|3776.0|3776.0|4173.0|1000.0|5049.0|0
29495|200000.0|2|2|1|30|0|0|2|0|0|0|33604.0|35706.0|34064.0|30519.0|26166.0|28097.0|3000.0|1500.0|2547.0|2500.0|2500.0|3500.0|0
11380|220000.0|1|2|2|30|-1|-1|2|-1|2|2|776.0|1552.0|776.0|221876.0|223986.0|204957.0|1552.0|0.0|221876.0|7500.0|4.0|10000.0|1
23560|380000.0|1|1|1|34|0|0|0|0|0|0|124486.0|106065.0|97979.0|100599.0|81087.0|82793.0|3563.0|3385.0|4074.0|2592.0|2696.0|3569.0|0
10612|340000.0|2|1|2|34|-1|-1|-1|0|0|0|1780.0|28620.0|66633.0|182856.0|166943.0|126445.0|28763.0|66652.0|123267.0|26207.0|948.0|52876.0|0
4171|160000.0|2|2|2|24|2|2|2|2|2|2|67018.0|67257.0|68939.0|72267.0|73602.0|75133.0|1900.0|3400.0|5100.0|2800.0|2900.0|2800.0|0
15514|150000.0|2|1|2|40|0|0|0|0|0|-1|145074.0|152179.0|149313.0|129768.0|136084.0|30312.0|11000.0|6000.0|40000.0|42000.0|34880.0|201277.0|0
4193|50000.0|2|3|1|26|1|2|0|0|0|0|48421.0|42779.0|34992.0|25916.0|27207.0|26192.0|0.0|1424.0|1500.0|1677.0|1500.0|1500.0|1
3848|210000.0|2|2|2|24|-2|-2|-2|-1|-1|-1|973.0|4197.0|1772.0|7293.0|1508.0|2498.0|4224.0|2631.0|8132.0|1563.0|2506.0|2135.0|0
24579|240000.0|2|2|2|34|0|0|0|0|0|0|122810.0|114408.0|97395.0|83314.0|73292.0|59270.0|10066.0|7255.0|3035.0|3030.0|3018.0|2012.0|0
3920|310000.0|2|1|1|47|0|0|2|0|0|0|131559.0|135970.0|121016.0|111214.0|101957.0|92805.0|17839.0|0.0|5000.0|4000.0|4000.0|3000.0|0
28517|150000.0|2|2|2|28|0|-1|0|-1|-1|-2|12272.0|4447.0|5228.0|1623.0|0.0|0.0|4447.0|1000.0|1623.0|0.0|0.0|0.0|0
9284|240000.0|2|1|2|28|-2|-2|-2|-2|-2|-2|8451.0|1419.0|37307.0|1086.0|1494.0|7724.0|1419.0|37307.0|1086.0|1494.0|7724.0|1101.0|0
5131|50000.0|2|2|2|36|0|0|0|0|0|2|94228.0|47635.0|42361.0|19574.0|20295.0|19439.0|2000.0|1500.0|1000.0|1800.0|0.0|1000.0|1
21711|20000.0|2|2|1|33|0|0|0|0|0|0|17287.0|13864.0|14534.0|9662.0|8091.0|0.0|1572.0|1242.0|1020.0|2000.0|0.0|0.0|0
29823|500000.0|2|2|2|48|-1|0|0|0|0|0|30252.0|47506.0|28171.0|26498.0|45212.0|35223.0|38009.0|28005.0|22000.0|33000.0|22000.0|10000.0|0
27857|30000.0|2|2|1|23|0|0|0|0|0|0|27141.0|28297.0|29012.0|29754.0|30211.0|29853.0|1900.0|1500.0|1200.0|1300.0|1500.0|1180.0|0
24013|500000.0|2|2|2|50|-1|-1|-1|0|0|0|588.0|2393.0|5306.0|5453.0|3221.0|1269.0|2393.0|5308.0|1000.0|0.0|0.0|1557.0|1
4642|30000.0|2|1|2|24|-1|-1|-1|-1|2|2|165.0|165.0|165.0|323.0|158.0|-1027.0|165.0|165.0|323.0|0.0|0.0|5527.0|1
23804|170000.0|1|2|2|24|0|0|0|0|0|0|108717.0|69632.0|56537.0|113576.0|138419.0|101452.0|8092.0|20121.0|100071.0|50122.0|6468.0|278311.0|0
20279|100000.0|2|2|2|34|0|0|0|0|0|0|104660.0|104108.0|102066.0|99186.0|97140.0|95123.0|4589.0|4516.0|3645.0|3649.0|3724.0|3236.0|0
22308|70000.0|2|3|3|49|2|0|0|0|0|0|92033.0|79841.0|80149.0|47735.0|48737.0|50225.0|3078.0|13489.0|7000.0|1771.0|2300.0|7600.0|1
17451|30000.0|2|2|1|23|2|2|2|2|2|2|26795.0|29654.0|28879.0|30892.0|30500.0|0.0|3300.0|0.0|2500.0|0.0|0.0|0.0|0
26841|230000.0|2|1|2|27|0|0|0|2|0|0|79108.0|70757.0|76049.0|68989.0|54450.0|39862.0|3187.0|7100.0|0.0|2700.0|2000.0|1572.0|0
1572|20000.0|1|1|2|38|0|0|0|0|0|0|15255.0|16507.0|16842.0|15151.0|16741.0|20540.0|5006.0|4015.0|2006.0|7137.0|18000.0|202.0|1
22412|50000.0|2|2|1|31|0|0|0|0|0|-2|47800.0|50725.0|53518.0|4199.0|0.0|0.0|3725.0|2364.0|2398.0|0.0|0.0|17324.0|1
1486|40000.0|2|2|1|30|0|0|0|0|0|0|39940.0|40581.0|40543.0|39943.0|38895.0|37726.0|2000.0|2000.0|2000.0|1400.0|1300.0|2000.0|0
5675|180000.0|2|1|2|28|0|0|0|2|0|0|99307.0|104403.0|110366.0|101550.0|98615.0|49730.0|6700.0|10605.0|0.0|4751.0|1754.0|0.0|1
17585|180000.0|2|3|2|27|-1|-1|-1|-1|-1|-1|3898.0|0.0|715.0|4079.0|0.0|213.0|0.0|715.0|6942.0|0.0|213.0|0.0|0
29079|130000.0|2|1|2|27|-2|-2|-2|-2|-2|-2|0.0|0.0|734.0|0.0|390.0|988.0|0.0|734.0|0.0|390.0|988.0|1990.0|0
20713|30000.0|1|1|2|24|2|2|0|0|0|0|16035.0|15493.0|16197.0|16669.0|16865.0|17199.0|0.0|1270.0|742.0|613.0|615.0|646.0|1
27919|100000.0|2|1|2|31|1|2|-1|-1|-1|-1|9311.0|5107.0|1647.0|3348.0|1458.0|1458.0|0.0|1647.0|3348.0|1458.0|1458.0|1677.0|0
18340|200000.0|1|1|1|34|-1|-1|-1|-1|-1|-2|5879.0|5884.0|5171.0|4598.0|-95.0|-2175.0|5884.0|5171.0|4598.0|0.0|0.0|0.0|0
15292|50000.0|2|2|2|25|0|0|0|-1|0|-1|4406.0|3732.0|0.0|4249.0|4865.0|2157.0|3000.0|0.0|4249.0|2065.0|2157.0|0.0|0
22400|20000.0|2|3|1|30|0|0|0|-2|-1|0|12304.0|17000.0|0.0|0.0|700.0|700.0|5170.0|0.0|0.0|700.0|0.0|0.0|0
4373|80000.0|1|2|2|26|1|2|0|0|0|-1|27897.0|24833.0|23331.0|21964.0|19664.0|2544.0|0.0|1527.0|1500.0|540.0|2544.0|2789.0|1
18443|120000.0|2|2|2|27|0|0|0|0|0|-1|57449.0|38254.0|23017.0|14440.0|4770.0|1595.0|1743.0|1640.0|1010.0|95.0|1595.0|0.0|0
4609|70000.0|2|2|2|26|2|2|2|0|0|0|71862.0|73594.0|71851.0|68539.0|49027.0|48969.0|3500.0|0.0|3100.0|1900.0|2000.0|1865.0|1
1710|270000.0|2|2|2|31|-2|-2|-2|-2|-2|-2|0.0|0.0|0.0|0.0|0.0|0.0|0.0|0.0|0.0|0.0|0.0|0.0|0
5576|260000.0|1|3|1|36|-1|0|0|0|0|0|154462.0|153799.0|77156.0|73658.0|70273.0|67100.0|7425.0|2795.0|2779.0|2947.0|3400.0|5000.0|0
24174|200000.0|2|2|2|26|0|0|0|2|2|0|105433.0|108408.0|116094.0|116289.0|112011.0|106313.0|5498.0|11084.0|3800.0|0.0|4005.0|2911.0|0
8963|180000.0|2|2|1|36|0|0|0|0|0|0|98736.0|96566.0|81166.0|72463.0|72189.0|70712.0|6025.0|5000.0|6800.0|5000.0|5000.0|5000.0|0
6625|110000.0|2|2|2|45|-1|-1|-1|0|0|0|836.0|9376.0|85924.0|33342.0|33193.0|32993.0|9376.0|85924.0|1167.0|1197.0|1180.0|1163.0|0
2256|230000.0|2|1|2|30|1|-2|-2|-2|-2|-2|0.0|0.0|0.0|0.0|0.0|0.0|0.0|0.0|0.0|0.0|0.0|0.0|0
7556|50000.0|2|1|1|34|0|0|0|0|0|0|42980.0|44015.0|45284.0|46186.0|47440.0|48453.0|1731.0|2000.0|1655.0|2000.0|1800.0|2000.0|0
4253|100000.0|2|3|1|60|-1|-1|3|2|-1|-1|2178.0|4944.0|4709.0|2234.0|2267.0|2168.0|7300.0|0.0|0.0|2300.0|2168.0|2300.0|0
13093|140000.0|1|2|2|26|2|2|2|2|2|2|119424.0|116014.0|133567.0|129953.0|136283.0|139961.0|0.0|19500.0|0.0|10000.0|6000.0|5000.0|1
5403|50000.0|2|3|1|50|0|0|0|0|0|0|38499.0|39216.0|15554.0|8704.0|8904.0|4687.0|1743.0|1021.0|200.0|200.0|100.0|0.0|0
20544|200000.0|2|1|1|40|-1|-1|-1|-1|-2|-2|3266.0|390.0|11314.0|-71.0|-467.0|-863.0|390.0|11320.0|0.0|0.0|0.0|2000.0|0
15856|30000.0|1|1|2|25|-1|0|0|0|0|0|1581.0|2282.0|2964.0|3360.0|5038.0|4833.0|1046.0|1044.0|1072.0|1750.0|182.0|2000.0|0
9376|140000.0|2|2|1|49|-1|-1|0|-1|-1|-1|8280.0|3147.0|2421.0|5021.0|2646.0|6117.0|3147.0|2000.0|5021.0|2646.0|5541.0|0.0|1
24735|120000.0|2|2|2|23|0|0|0|0|0|0|118063.0|120851.0|120013.0|77539.0|77333.0|79113.0|4700.0|3538.0|3000.0|3000.0|3000.0|5000.0|0
1808|140000.0|2|4|2|26|0|0|-2|-2|-1|0|75000.0|0.0|0.0|0.0|51571.0|55731.0|0.0|0.0|0.0|51571.0|5001.0|3001.0|0
9426|20000.0|1|2|2|23|0|0|0|0|0|0|10478.0|11193.0|12207.0|14402.0|16399.0|20929.0|1193.0|1207.0|2402.0|2399.0|5000.0|0.0|0
29881|60000.0|2|1|2|32|0|0|0|0|0|0|59166.0|39328.0|38313.0|28660.0|31398.0|9966.0|2000.0|2300.0|1700.0|10000.0|1200.0|20000.0|0
22429|20000.0|1|3|2|41|1|2|-1|-1|-1|-1|9913.0|3261.0|1491.0|390.0|390.0|390.0|50.0|1491.0|2500.0|390.0|390.0|0.0|0
23368|60000.0|2|1|2|27|2|2|0|0|0|2|19341.0|19625.0|20347.0|21669.0|23005.0|22499.0|900.0|1342.0|1664.0|2000.0|0.0|900.0|1
18138|50000.0|2|2|2|28|0|0|0|2|0|0|43747.0|44488.0|47342.0|46326.0|46358.0|45283.0|1746.0|3600.0|0.0|1666.0|1559.0|1551.0|0
9762|90000.0|1|2|1|34|0|0|0|0|0|0|86371.0|85679.0|87036.0|88742.0|49148.0|48396.0|3073.0|3700.0|3374.0|1543.0|1405.0|1500.0|1
5066|20000.0|2|3|2|54|0|0|0|0|0|0|13543.0|14308.0|16856.0|18073.0|18773.0|19166.0|1300.0|2800.0|1500.0|1000.0|695.0|1000.0|0
460|100000.0|2|3|1|39|1|-1|-1|-1|-1|-1|-5.0|580.0|2207.0|630.0|540.0|0.0|585.0|2207.0|630.0|540.0|0.0|0.0|0
1991|50000.0|2|2|1|43|0|0|0|0|0|0|35268.0|34807.0|31071.0|30258.0|29579.0|28396.0|1600.0|1400.0|1500.0|1200.0|1500.0|1200.0|0
21558|140000.0|1|2|1|41|0|0|0|0|0|0|109326.0|111679.0|113921.0|114348.0|111382.0|112458.0|5600.0|5600.0|4500.0|4200.0|4500.0|4500.0|0
16119|200000.0|1|2|1|49|-1|0|-1|0|-1|-1|8143.0|39869.0|38685.0|22125.0|17778.0|24354.0|39100.0|38759.0|102.0|17868.0|25125.0|35031.0|0
15761|300000.0|2|3|1|32|-2|-2|-2|-2|-2|-2|0.0|0.0|0.0|0.0|0.0|0.0|0.0|0.0|0.0|0.0|0.0|0.0|1
9612|350000.0|1|1|1|30|-2|-2|-2|-2|-2|-2|51672.0|31250.0|29178.0|29180.0|52550.0|43538.0|13113.0|12110.0|15044.0|32244.0|40218.0|112406.0|0
27981|20000.0|1|2|2|57|0|0|0|0|0|0|20104.0|19887.0|19486.0|19501.0|19274.0|19703.0|3000.0|1500.0|1600.0|900.0|900.0|600.0|0
18594|80000.0|2|3|1|42|2|2|2|2|0|0|17511.0|20503.0|25917.0|19081.0|15200.0|13039.0|3600.0|6142.0|0.0|0.0|0.0|6439.0|1
10127|80000.0|1|3|2|27|1|-2|-2|-2|-2|-2|0.0|0.0|0.0|0.0|0.0|0.0|0.0|0.0|0.0|0.0|0.0|0.0|1
20163|150000.0|1|1|1|36|-2|-2|-2|-2|-2|-2|2750.0|2424.0|27498.0|1213.0|26636.0|2547.0|2424.0|27498.0|1213.0|26636.0|2704.0|1800.0|0
28017|20000.0|1|2|2|40|0|0|0|2|0|0|29035.0|16391.0|18920.0|18180.0|19000.0|20000.0|4000.0|3500.0|0.0|2000.0|1000.0|0.0|0
2318|150000.0|2|1|2|52|0|0|0|0|0|0|126810.0|58955.0|29332.0|36796.0|19912.0|23126.0|5000.0|13003.0|15000.0|11000.0|10000.0|3000.0|0
7594|200000.0|1|1|1|39|0|0|0|0|0|0|91415.0|79928.0|23532.0|23632.0|12852.0|5799.0|20387.0|2023.0|5060.0|1549.0|3029.0|8419.0|0
5812|210000.0|1|1|1|34|-1|-1|-1|2|-1|0|330.0|330.0|660.0|330.0|660.0|330.0|330.0|660.0|0.0|660.0|0.0|330.0|0
18418|100000.0|1|5|3|44|2|2|0|0|0|0|40199.0|39218.0|35464.0|30456.0|29420.0|27102.0|0.0|2005.0|1700.0|976.0|2000.0|3000.0|0
29804|190000.0|1|2|1|43|0|0|0|0|0|0|83399.0|86010.0|87736.0|90373.0|91980.0|94502.0|4000.0|4000.0|5000.0|4000.0|4000.0|5000.0|1
11059|80000.0|1|3|2|38|0|0|0|0|0|0|7790.0|9123.0|10656.0|11474.0|13117.0|15899.0|1467.0|2000.0|1000.0|2000.0|3000.0|0.0|0
11368|20000.0|2|2|2|26|0|0|0|0|0|0|15700.0|16734.0|17549.0|17702.0|10400.0|0.0|1600.0|1400.0|1171.0|600.0|0.0|0.0|0
24248|330000.0|2|1|1|53|0|0|0|0|0|0|304922.0|292517.0|211831.0|153841.0|156866.0|155679.0|14000.0|7507.0|6000.0|6171.0|6000.0|6000.0|0
27732|170000.0|1|1|2|48|0|0|0|-1|0|0|6203.0|9932.0|-157264.0|166969.0|164040.0|166416.0|5079.0|0.0|332809.0|6000.0|6000.0|6100.0|0
15974|180000.0|2|1|2|28|-1|-1|-1|-1|0|-1|651.0|1883.0|651.0|2688.0|1000.0|2253.0|1883.0|651.0|2688.0|20.0|2253.0|9816.0|0
1312|20000.0|2|2|2|21|-1|-1|2|2|-2|-2|390.0|780.0|780.0|0.0|0.0|0.0|780.0|0.0|0.0|0.0|0.0|0.0|0
26619|50000.0|2|1|2|31|-1|0|-1|-1|-1|-2|12725.0|34526.0|12787.0|3995.0|0.0|0.0|30018.0|12787.0|3995.0|0.0|0.0|0.0|0
27449|50000.0|1|1|2|26|-1|-1|-1|-1|2|2|526.0|526.0|526.0|1913.0|1226.0|1752.0|526.0|526.0|1913.0|0.0|1052.0|0.0|1
14454|500000.0|1|1|2|28|0|0|0|0|0|0|92442.0|96905.0|111219.0|251573.0|300336.0|269964.0|7036.0|20042.0|150122.0|75182.0|11486.0|11162.0|0
6131|30000.0|2|3|1|55|1|2|0|0|0|0|30724.0|29278.0|30393.0|29785.0|30377.0|30155.0|0.0|1600.0|1585.0|1377.0|1155.0|2600.0|1
18216|20000.0|2|3|2|31|0|0|0|0|0|0|5556.0|3684.0|4298.0|3882.0|3563.0|3242.0|1028.0|1032.0|1000.0|72.0|369.0|0.0|0
3030|100000.0|2|2|1|41|2|0|0|0|0|0|71978.0|73715.0|74621.0|72567.0|77231.0|78780.0|3500.0|2800.0|3000.0|6000.0|3000.0|2000.0|0
19891|170000.0|1|1|2|29|0|0|0|0|0|0|175349.0|165527.0|147798.0|120811.0|117680.0|118907.0|5800.0|6520.0|5700.0|4300.0|4500.0|4500.0|0
7264|20000.0|1|1|2|23|1|-2|-2|-2|-2|-2|-348.0|-738.0|-738.0|-1518.0|-1518.0|-1518.0|0.0|0.0|0.0|0.0|0.0|0.0|1
13985|140000.0|1|1|2|29|0|0|0|0|0|0|29785.0|32140.0|34002.0|23567.0|24377.0|4327.0|4000.0|3000.0|3000.0|1000.0|1000.0|2000.0|0
27313|190000.0|2|1|2|27|0|0|0|0|0|0|72656.0|38054.0|39410.0|38288.0|39276.0|36885.0|2000.0|2000.0|1500.0|1500.0|1300.0|1302.0|1
24212|240000.0|2|1|1|40|1|-1|-1|-1|-1|-1|0.0|9965.0|4100.0|4100.0|4100.0|4100.0|9965.0|4100.0|4100.0|4100.0|4100.0|4732.0|0
6467|80000.0|2|2|2|43|0|0|0|0|0|0|72987.0|72055.0|70730.0|68487.0|57304.0|41345.0|2561.0|2745.0|2100.0|1684.0|4000.0|3000.0|0
19379|50000.0|2|2|1|36|0|0|0|0|0|0|52136.0|50942.0|49715.0|21332.0|20096.0|18883.0|2218.0|2519.0|712.0|706.0|740.0|600.0|0
11155|170000.0|1|1|2|34|1|2|2|2|0|0|23535.0|22876.0|25674.0|24963.0|25640.0|26278.0|0.0|3503.0|0.0|1078.0|1215.0|1000.0|0
19211|200000.0|2|2|1|45|0|0|0|0|0|0|193641.0|121830.0|122181.0|121888.0|66771.0|65495.0|4543.0|5000.0|4500.0|3100.0|3000.0|1300.0|1
8491|50000.0|1|2|2|31|0|0|0|0|0|0|50275.0|45673.0|48833.0|31769.0|9713.0|9521.0|2000.0|5000.0|2500.0|500.0|317.0|1000.0|0
6902|200000.0|2|1|2|25|-1|-1|-1|-1|-1|-1|8926.0|700.0|610.0|5130.0|12050.0|4970.0|700.0|610.0|5130.0|12050.0|4970.0|8888.0|0
17989|160000.0|1|2|1|35|2|2|2|0|0|0|155327.0|159293.0|154957.0|157788.0|160282.0|100213.0|8000.0|0.0|7300.0|7000.0|4400.0|1200.0|1
19448|80000.0|2|2|1|40|-1|-1|0|-1|-1|-1|3463.0|5143.0|8351.0|3234.0|1819.0|1909.0|5143.0|6458.0|3917.0|1819.0|2299.0|1909.0|0
10712|70000.0|2|1|2|23|0|0|0|0|0|0|7531.0|8545.0|9588.0|10900.0|46462.0|47599.0|1145.0|1188.0|1500.0|36000.0|2000.0|1668.0|1
14801|50000.0|1|1|1|41|2|0|0|0|0|0|39159.0|40194.0|41209.0|42125.0|43443.0|44476.0|1669.0|1684.0|1600.0|2000.0|1753.0|1696.0|1
18388|200000.0|1|2|2|29|0|0|0|0|0|2|7468.0|34399.0|36792.0|49648.0|33498.0|30895.0|30035.0|10008.0|15011.0|5010.0|153.0|14100.0|0
5191|20000.0|2|2|1|51|-1|-1|-2|-2|-2|-2|10400.0|0.0|0.0|0.0|0.0|0.0|0.0|0.0|2000.0|0.0|0.0|0.0|0
3832|130000.0|2|2|1|31|0|0|0|0|0|0|32215.0|33690.0|34859.0|34051.0|32827.0|16702.0|2000.0|2000.0|2000.0|1000.0|2000.0|7131.0|0
11852|130000.0|1|1|2|29|-1|-1|-1|0|0|-1|9619.0|6247.0|59904.0|81838.0|37422.0|15365.0|6247.0|59904.0|30000.0|10000.0|15365.0|10778.0|0
5567|280000.0|2|1|2|31|-2|-2|-2|-2|-2|-2|1558.0|0.0|940.0|0.0|699.0|0.0|0.0|940.0|0.0|699.0|0.0|399.0|0
23244|20000.0|1|2|3|48|0|0|0|2|0|0|16537.0|16192.0|16926.0|17333.0|16820.0|17175.0|1500.0|3500.0|1000.0|1000.0|1000.0|1000.0|0
11248|130000.0|1|2|1|48|-2|-2|-2|-2|-2|-2|1115.0|1897.0|1020.0|3640.0|948.0|9071.0|1902.0|1023.0|3650.0|950.0|9093.0|4.0|0
1195|20000.0|1|2|2|22|3|2|2|2|3|2|16132.0|16562.0|19279.0|20663.0|20043.0|19584.0|1000.0|3000.0|2000.0|0.0|0.0|1803.0|1
12683|210000.0|2|1|2|30|0|0|0|0|0|0|7264.0|8816.0|10749.0|5125.0|5732.0|9297.0|2000.0|2500.0|2000.0|1000.0|4000.0|4000.0|0
405|330000.0|2|2|2|36|0|0|0|0|0|0|257156.0|257576.0|256014.0|245244.0|239441.0|242025.0|10037.0|10109.0|10053.0|10014.0|9001.0|9001.0|0
5062|120000.0|2|1|1|42|0|0|0|0|0|0|112237.0|114467.0|116900.0|119228.0|121805.0|115463.0|4097.0|4278.0|4308.0|11540.0|5685.0|4390.0|0
18834|90000.0|2|3|1|42|0|0|0|0|0|0|14376.0|15374.0|11195.0|8948.0|9143.0|6003.0|1278.0|1086.0|581.0|273.0|227.0|162.0|0
5128|130000.0|2|1|2|28|-1|-1|-1|-1|-1|-1|2936.0|1688.0|5890.0|1113.0|1283.0|3000.0|2464.0|5890.0|1113.0|1283.0|3000.0|883.0|0
21146|80000.0|1|1|2|35|-1|-1|-1|-1|-1|-1|7988.0|3977.0|6848.0|1719.0|1378.0|19942.0|3983.0|6853.0|1719.0|1378.0|19942.0|2418.0|0
23261|390000.0|2|2|1|32|-1|-1|-1|-1|-1|0|2075.0|0.0|682.0|10943.0|9942.0|11168.0|0.0|682.0|11130.0|9942.0|6600.0|1000.0|0
11362|160000.0|2|1|1|33|1|-2|-2|-2|-2|-2|0.0|0.0|0.0|0.0|0.0|0.0|0.0|0.0|0.0|0.0|0.0|0.0|0
7212|170000.0|1|1|2|29|1|-2|-2|-2|-1|-1|0.0|0.0|0.0|0.0|1015.0|0.0|0.0|0.0|0.0|1015.0|0.0|0.0|0
17157|50000.0|2|2|2|49|0|0|0|0|0|0|43342.0|44441.0|45390.0|46310.0|47262.0|48219.0|2100.0|2000.0|1113.0|1143.0|1159.0|1381.0|0
16903|330000.0|2|2|1|45|0|0|0|0|0|0|123813.0|127050.0|135631.0|138036.0|141330.0|144529.0|5100.0|10600.0|5000.0|5000.0|5000.0|5000.0|0
22407|80000.0|2|2|2|32|0|0|0|0|0|0|16007.0|19643.0|23213.0|27547.0|31151.0|37673.0|5000.0|5000.0|6000.0|5000.0|8000.0|10000.0|0
7468|50000.0|1|2|1|54|-2|-2|-2|-2|-2|-2|1583.0|2134.0|0.0|2025.0|0.0|1924.0|2134.0|0.0|2025.0|0.0|1924.0|0.0|0
10202|20000.0|2|2|2|22|-1|0|0|-1|-1|-2|11999.0|3617.0|4165.0|6323.0|0.0|0.0|1062.0|1000.0|10488.0|0.0|0.0|0.0|1
16228|360000.0|2|1|1|40|-1|-1|-2|-1|-1|-1|10210.0|-1814.0|-11035.0|12319.0|6050.0|2125.0|0.0|0.0|32319.0|6050.0|2125.0|35860.0|0
5508|400000.0|1|2|1|34|0|0|0|0|0|2|52271.0|56788.0|60049.0|60876.0|65178.0|45933.0|6000.0|5000.0|1902.0|5000.0|0.0|5000.0|0
522|360000.0|1|1|2|35|-1|-1|-1|-1|2|0|1195.0|23944.0|884.0|789.0|244.0|244.0|23944.0|884.0|300.0|0.0|0.0|856.0|0
10715|30000.0|2|3|2|42|0|0|0|2|0|0|26300.0|26295.0|26167.0|25413.0|25122.0|20448.0|1700.0|3102.0|1000.0|1015.0|700.0|1000.0|0
20083|50000.0|1|2|2|23|2|0|0|0|0|0|49301.0|50660.0|50036.0|60770.0|10598.0|10122.0|2500.0|2142.0|2254.0|680.0|491.0|340.0|1
4027|90000.0|1|1|2|26|1|2|2|0|0|0|58518.0|52526.0|45640.0|41539.0|39373.0|32080.0|3006.0|99.0|1500.0|1500.0|2015.0|1200.0|0
26252|180000.0|1|1|1|30|1|1|-2|-2|-2|-2|143900.0|0.0|0.0|0.0|0.0|0.0|10000.0|0.0|0.0|0.0|0.0|0.0|0
24690|220000.0|1|1|1|43|1|-2|-2|-2|-2|-2|0.0|0.0|0.0|0.0|0.0|0.0|0.0|0.0|0.0|0.0|0.0|0.0|1
24204|210000.0|2|1|2|31|1|-2|-2|-2|-2|-2|0.0|0.0|0.0|0.0|0.0|0.0|0.0|0.0|0.0|0.0|0.0|0.0|0
5865|400000.0|2|2|2|44|-1|-1|-1|-1|-1|-1|4988.0|2986.0|96868.0|33745.0|5143.0|1601.0|3003.0|97353.0|33913.0|5168.0|1611.0|0.0|0
20498|60000.0|1|1|2|25|0|0|0|0|0|0|24200.0|34708.0|25326.0|27914.0|30476.0|31982.0|11000.0|2000.0|3000.0|3000.0|2000.0|2000.0|0
21906|100000.0|1|3|2|37|0|0|0|0|0|0|20116.0|19319.0|16356.0|10144.0|8095.0|10140.0|4000.0|2000.0|4000.0|3095.0|5140.0|4122.0|0
19306|150000.0|1|2|1|40|0|0|0|0|0|0|54021.0|55154.0|56280.0|57397.0|58599.0|60668.0|2003.0|2044.0|2054.0|2127.0|3044.0|3150.0|0
14569|200000.0|1|1|2|33|1|-1|-1|0|-1|-1|-5.0|3465.0|3191.0|1873.0|90687.0|4577.0|3470.0|3191.0|0.0|90729.0|0.0|6266.0|0
20253|50000.0|2|2|2|26|-1|-1|-1|-2|-1|3|528.0|378.0|-150.0|-678.0|2057.0|1206.0|378.0|0.0|0.0|3263.0|0.0|0.0|0
15544|120000.0|1|2|1|45|0|0|0|2|-1|-1|22573.0|22506.0|12440.0|10218.0|3516.0|4321.0|5000.0|10218.0|0.0|4500.0|4321.0|3000.0|0
3274|390000.0|2|2|1|41|0|0|0|0|0|0|216622.0|214504.0|212726.0|210556.0|208317.0|205339.0|7244.0|7500.0|7228.0|7103.0|7214.0|7000.0|0
14104|300000.0|2|2|1|46|0|0|-1|0|-1|0|5287.0|5750.0|2977.0|4796.0|2367.0|7367.0|3000.0|3000.0|2500.0|2367.0|5000.0|3000.0|0
23375|20000.0|1|2|2|31|-1|-1|-1|2|-1|-1|390.0|390.0|780.0|390.0|806.0|19103.0|390.0|780.0|0.0|806.0|19103.0|1000.0|1
25986|500000.0|1|1|1|38|0|0|0|0|0|0|419487.0|389605.0|309466.0|246519.0|247263.0|251389.0|13000.0|20000.0|15000.0|9322.0|10000.0|10000.0|0
19702|160000.0|1|2|1|45|1|2|2|2|2|2|11569.0|11092.0|12900.0|12396.0|13692.0|13323.0|0.0|2000.0|0.0|1500.0|0.0|2000.0|0
13313|40000.0|2|3|1|48|2|2|-1|-1|-1|2|780.0|0.0|390.0|540.0|1080.0|540.0|0.0|390.0|540.0|1080.0|0.0|780.0|0
27888|140000.0|2|2|1|25|0|0|0|0|0|0|81960.0|81757.0|83046.0|84034.0|77659.0|77180.0|3005.0|3000.0|3000.0|3000.0|3000.0|5000.0|0
6997|200000.0|2|1|1|56|0|0|0|0|0|0|15603.0|16842.0|18556.0|19247.0|19935.0|21098.0|1500.0|2000.0|1000.0|1000.0|1500.0|3000.0|0
19241|30000.0|2|2|2|33|0|0|0|0|0|0|25498.0|26149.0|26716.0|26918.0|27089.0|26277.0|1451.0|1408.0|1000.0|964.0|1136.0|716.0|1
26214|20000.0|2|3|3|55|1|2|3|2|2|2|18558.0|20358.0|19743.0|19128.0|20560.0|20082.0|2400.0|0.0|0.0|1744.0|0.0|600.0|1
6563|50000.0|1|2|1|37|0|0|0|0|0|0|27516.0|28871.0|29500.0|28914.0|29529.0|29319.0|2000.0|1435.0|1149.0|1197.0|1009.0|990.0|0
14903|50000.0|2|3|1|53|2|2|2|2|2|2|40926.0|43236.0|45250.0|46003.0|44193.0|44838.0|3000.0|3000.0|1800.0|0.0|1500.0|2300.0|1
15018|200000.0|2|3|2|49|1|-2|-1|-1|-1|-2|0.0|0.0|3614.0|714.0|0.0|0.0|0.0|3614.0|721.0|0.0|0.0|6728.0|1
28329|260000.0|2|5|1|46|-1|-1|-1|-1|-1|-2|9507.0|4405.0|0.0|2776.0|0.0|0.0|4405.0|0.0|2776.0|0.0|0.0|0.0|0
10642|500000.0|1|1|2|34|0|0|0|0|0|0|8007.0|10556.0|14332.0|20393.0|22633.0|24318.0|3000.0|4000.0|6500.0|5000.0|2000.0|4000.0|0
3240|210000.0|1|2|1|38|-1|-1|-1|-1|-1|-1|326.0|0.0|2684.0|0.0|10652.0|326.0|0.0|2684.0|0.0|10652.0|326.0|0.0|0
18366|380000.0|2|2|2|27|0|0|-1|0|0|0|4400.0|0.0|270219.0|3641.0|3717.0|3791.0|0.0|270219.0|131.0|135.0|136.0|76.0|0
22077|20000.0|1|1|2|25|1|-1|-1|0|0|0|-431.0|569.0|1769.0|2582.0|3184.0|3974.0|1000.0|1769.0|1000.0|800.0|1000.0|4000.0|0
7928|210000.0|2|1|2|50|-1|-1|-2|-1|-1|-1|1561.0|0.0|0.0|806.0|1945.0|0.0|0.0|0.0|806.0|1945.0|0.0|1315.0|0
16348|210000.0|1|2|1|36|-1|-1|-1|-1|-2|-2|1060.0|777.0|7971.0|-8.0|-8.0|-8.0|779.0|7994.0|0.0|0.0|0.0|1704.0|0
25985|240000.0|2|1|1|33|-1|-1|-2|-2|-2|-2|2193.0|0.0|0.0|0.0|2500.0|0.0|0.0|0.0|0.0|2500.0|0.0|880.0|0
3396|60000.0|2|1|2|28|1|2|0|0|0|0|47262.0|46226.0|47557.0|48464.0|49532.0|50552.0|0.0|2100.0|2000.0|2000.0|2000.0|3000.0|0
10356|500000.0|1|2|1|46|0|0|-1|-1|-1|-1|157046.0|82603.0|37528.0|83629.0|20894.0|27217.0|1652.0|37550.0|83642.0|20894.0|24038.0|59021.0|0
11314|50000.0|2|3|2|34|0|0|0|0|0|0|60170.0|48000.0|50192.0|50451.0|49086.0|34161.0|3000.0|3000.0|5000.0|3000.0|1000.0|711.0|0
14658|50000.0|1|1|2|26|0|0|0|0|0|0|6905.0|7574.0|7652.0|7161.0|7531.0|7033.0|2000.0|2000.0|1000.0|1500.0|0.0|3000.0|0
22239|30000.0|2|2|2|29|2|2|2|2|2|0|18872.0|21734.0|21103.0|22939.0|22273.0|22814.0|3500.0|0.0|2500.0|0.0|900.0|1000.0|1
3103|360000.0|1|2|1|35|1|-2|-2|-2|-2|-2|-103.0|-103.0|-103.0|-103.0|-103.0|-103.0|0.0|0.0|0.0|0.0|0.0|0.0|0
23707|410000.0|1|1|2|34|0|0|0|-1|-1|-1|468749.0|411016.0|420393.0|1467.0|1421.0|-15.0|17259.0|18600.0|1474.0|1428.0|0.0|0.0|1
927|10000.0|2|2|2|31|0|0|0|0|0|0|10468.0|9138.0|10309.0|10299.0|10295.0|10306.0|1160.0|1331.0|1321.0|517.0|528.0|600.0|0
19769|180000.0|2|2|2|30|0|0|0|0|0|0|148860.0|135814.0|138654.0|130773.0|121293.0|123947.0|6500.0|7000.0|6600.0|4700.0|5100.0|4700.0|0
8447|260000.0|1|1|2|29|0|0|0|0|0|0|128208.0|100939.0|92549.0|90038.0|88772.0|111287.0|17000.0|6000.0|5000.0|6500.0|25000.0|4000.0|0
25356|440000.0|1|3|1|47|0|-1|-1|-1|-1|-1|98161.0|1238.0|1238.0|1238.0|1238.0|2165.0|1238.0|1238.0|1238.0|1238.0|2165.0|150000.0|1
22655|50000.0|2|2|2|24|0|0|0|0|0|0|39083.0|40150.0|41181.0|41996.0|43021.0|45700.0|1700.0|1700.0|1501.0|1700.0|3400.0|0.0|1
29342|200000.0|1|1|2|26|0|0|-1|0|0|-2|14335.0|12452.0|4467.0|3285.0|0.0|0.0|1213.0|4467.0|1000.0|0.0|0.0|0.0|0
151|450000.0|2|1|2|28|-1|-1|-1|-1|-1|-1|108.0|-58.0|14276.0|1346.0|1448.0|4005.0|0.0|14500.0|1346.0|1448.0|4005.0|166.0|0
29835|210000.0|2|2|2|32|-2|-2|-2|-2|-2|-2|355.0|975.0|410.0|0.0|0.0|0.0|979.0|412.0|0.0|0.0|0.0|0.0|0
14986|150000.0|2|1|2|26|-1|-1|-1|-1|-1|-1|15079.0|5018.0|6701.0|54574.0|983.0|25580.0|5018.0|6701.0|54579.0|983.0|25580.0|26738.0|0
22214|510000.0|1|1|1|35|-2|-1|0|0|-2|-1|0.0|2754.0|3700.0|0.0|0.0|102097.0|2754.0|1000.0|0.0|0.0|102097.0|3509.0|0
4869|200000.0|1|1|2|31|-2|-2|-2|-2|-2|-2|100.0|100.0|100.0|100.0|100.0|100.0|100.0|100.0|100.0|100.0|100.0|100.0|0
2232|330000.0|2|5|1|36|0|-1|-1|0|0|0|18768.0|3736.0|119340.0|134194.0|76865.0|78760.0|3744.0|119356.0|20062.0|10189.0|30032.0|4005.0|0
5207|180000.0|1|2|1|48|0|0|0|0|0|0|178440.0|176624.0|76565.0|82825.0|81763.0|66120.0|8000.0|10000.0|10000.0|10000.0|10000.0|3000.0|0
29357|90000.0|1|2|1|48|2|2|-2|-2|-2|-2|71900.0|0.0|0.0|0.0|0.0|0.0|0.0|0.0|0.0|0.0|0.0|0.0|1
17401|180000.0|1|1|1|63|0|0|0|0|0|0|157932.0|156847.0|130572.0|120464.0|109129.0|112273.0|7000.0|5500.0|4218.0|4500.0|5000.0|4000.0|0
24427|20000.0|1|2|2|34|0|0|0|0|0|-1|13730.0|15170.0|15277.0|13478.0|16978.0|12914.0|2000.0|2000.0|1000.0|5000.0|12914.0|600.0|0
23276|90000.0|2|3|2|24|-1|-1|-1|-1|-1|-2|595.0|207.0|18189.0|557.0|0.0|0.0|207.0|18281.0|557.0|0.0|0.0|0.0|1
1025|50000.0|1|3|1|58|0|0|0|-2|-2|-1|50456.0|51400.0|0.0|0.0|0.0|10400.0|2400.0|0.0|0.0|0.0|10400.0|0.0|0
6656|150000.0|2|1|2|29|-1|-1|-1|-1|-1|-1|962.0|5868.0|15218.0|15965.0|9275.0|25321.0|5868.0|15283.0|15972.0|9275.0|25321.0|7350.0|0
11639|20000.0|2|3|2|54|0|0|2|2|2|0|9777.0|10140.0|9360.0|9833.0|9153.0|9116.0|2000.0|1000.0|1000.0|0.0|500.0|500.0|0
18495|360000.0|2|2|2|33|0|0|0|0|0|0|7157.0|8446.0|9034.0|8340.0|3144.0|0.0|2000.0|1501.0|1000.0|900.0|0.0|0.0|0
16176|140000.0|2|1|2|30|1|2|0|0|0|0|149389.0|145757.0|144229.0|144470.0|144386.0|120586.0|0.0|5350.0|5555.0|5836.0|4191.0|4341.0|0
6386|170000.0|2|3|1|54|0|0|0|0|0|0|139211.0|136982.0|130585.0|127013.0|126635.0|127093.0|7020.0|7005.0|7000.0|6000.0|6000.0|6000.0|0
1274|200000.0|2|3|0|45|-2|-2|-2|-2|-2|-2|399.0|2430.0|0.0|399.0|1396.0|0.0|2430.0|0.0|399.0|1396.0|0.0|0.0|0
29971|60000.0|1|2|1|39|-2|2|-1|-1|-1|-1|50210.0|2846.0|18862.0|18145.0|20934.0|22146.0|60054.0|19061.0|20089.0|23019.0|22181.0|16711.0|0
27075|80000.0|2|2|2|25|0|0|2|2|2|2|26855.0|28789.0|31026.0|31401.0|31986.0|32468.0|2386.0|2998.0|1183.0|1400.0|1139.0|0.0|0
29050|20000.0|2|2|2|25|0|0|0|0|0|0|7561.0|8576.0|9621.0|10485.0|10700.0|10922.0|1144.0|1189.0|1053.0|268.0|277.0|358.0|1
23173|30000.0|2|1|2|28|2|2|4|4|4|4|37.0|37.0|37.0|37.0|37.0|37.0|0.0|0.0|0.0|0.0|0.0|0.0|0
2919|50000.0|1|1|2|44|0|0|0|0|0|0|50893.0|28527.0|29241.0|28513.0|29106.0|29638.0|1800.0|1500.0|1200.0|1203.0|1166.0|1000.0|0
16166|50000.0|1|2|1|47|2|0|0|0|0|0|10492.0|11913.0|13012.0|13789.0|14560.0|15025.0|1600.0|1600.0|1300.0|1000.0|700.0|600.0|1
12991|50000.0|1|3|2|34|0|0|0|0|0|0|49454.0|49157.0|49773.0|48398.0|32584.0|33322.0|1792.0|2208.0|1513.0|1149.0|1245.0|1271.0|0
5971|240000.0|2|2|2|35|0|0|0|-2|-2|-2|15750.0|12891.0|0.0|0.0|0.0|0.0|1005.0|0.0|0.0|0.0|0.0|0.0|0
28388|160000.0|2|2|2|25|0|0|0|0|0|0|153392.0|143297.0|140984.0|120742.0|115637.0|111354.0|8000.0|7000.0|5000.0|5000.0|5000.0|10500.0|0
5174|60000.0|2|2|2|26|0|0|0|0|0|0|58117.0|53986.0|47413.0|36527.0|28170.0|28963.0|2400.0|2050.0|2011.0|1200.0|1400.0|1200.0|0
1266|350000.0|1|2|2|36|0|0|0|0|0|0|249663.0|230738.0|232382.0|234254.0|211309.0|210897.0|8026.0|9503.0|9015.0|7511.0|8011.0|7361.0|0
6910|20000.0|1|1|2|25|1|-1|2|2|2|2|0.0|1825.0|1346.0|587.0|338.0|1239.0|3650.0|0.0|300.0|0.0|1000.0|0.0|0
23329|180000.0|2|2|1|35|0|0|-2|-2|-2|-2|43068.0|316.0|316.0|316.0|316.0|316.0|316.0|316.0|316.0|316.0|316.0|314.0|0
17880|20000.0|1|2|1|39|2|0|0|0|0|0|20264.0|20328.0|19299.0|19928.0|20204.0|20398.0|1500.0|1500.0|900.0|700.0|1480.0|0.0|1
9440|150000.0|1|2|1|51|2|2|0|0|2|2|17307.0|16736.0|17491.0|24882.0|25229.0|24688.0|0.0|1329.0|7720.0|1051.0|0.0|1987.0|1
26389|390000.0|2|1|1|39|-2|-2|-2|-2|-2|-2|48417.0|15530.0|112316.0|114797.0|131601.0|130295.0|2000.0|97472.0|4000.0|20000.0|31667.0|6539.0|0
28276|50000.0|1|2|1|28|0|0|0|0|-2|-1|28249.0|19304.0|5742.0|0.0|-30481.0|58.0|1196.0|2000.0|8.0|0.0|40058.0|49163.0|1
7904|180000.0|1|2|2|39|0|0|0|0|0|0|119466.0|120491.0|124553.0|127096.0|128992.0|131660.0|4500.0|6000.0|6100.0|5500.0|4900.0|5500.0|0
21598|170000.0|1|2|1|34|0|0|0|0|2|2|47956.0|48854.0|50068.0|56691.0|57367.0|56322.0|2000.0|2000.0|7500.0|2200.0|0.0|3000.0|0
10608|110000.0|2|2|2|26|0|0|0|0|0|0|45028.0|46276.0|47527.0|48735.0|49925.0|50967.0|2000.0|2000.0|2000.0|2000.0|2000.0|2500.0|0
9719|70000.0|1|2|2|31|0|0|0|0|0|0|35515.0|36619.0|37725.0|38792.0|39447.0|40361.0|2000.0|2000.0|2000.0|1600.0|1700.0|1700.0|0
2986|20000.0|2|2|2|23|0|0|0|0|0|0|16575.0|17629.0|18552.0|15562.0|16308.0|17034.0|1327.0|1250.0|800.0|1000.0|1000.0|1000.0|0
27432|310000.0|1|1|1|40|-2|-2|-2|-2|-2|-2|-150.0|-150.0|-150.0|-150.0|-150.0|-150.0|0.0|0.0|0.0|0.0|0.0|0.0|0
10520|410000.0|2|1|2|31|0|0|0|0|0|0|134072.0|133604.0|133882.0|135954.0|134250.0|129971.0|15003.0|15877.0|30000.0|14250.0|9971.0|27380.0|0
18940|460000.0|2|1|2|39|0|0|0|0|0|0|89095.0|93634.0|111899.0|199682.0|177073.0|175979.0|6000.0|20000.0|90000.0|9000.0|10000.0|10000.0|0
13643|20000.0|1|2|1|62|1|2|2|0|0|0|17539.0|18563.0|17982.0|18659.0|19035.0|20236.0|1612.0|0.0|1289.0|665.0|1491.0|0.0|0
26685|100000.0|2|2|2|30|2|2|2|2|0|0|96604.0|94153.0|102623.0|100090.0|101511.0|103503.0|0.0|10000.0|0.0|4000.0|7816.0|0.0|1
7631|170000.0|1|2|1|52|3|2|2|-2|-1|-1|2184.0|1990.0|0.0|0.0|3955.0|1278.0|0.0|0.0|0.0|3955.0|1278.0|1316.0|0
1550|260000.0|2|2|2|27|-1|-1|-1|-1|-1|-1|208.0|208.0|208.0|208.0|208.0|208.0|208.0|208.0|208.0|208.0|208.0|208.0|1
6105|80000.0|2|1|2|22|-1|-1|-1|-1|-1|0|1807.0|133.0|5395.0|1182.0|266.0|366.0|133.0|5395.0|1182.0|266.0|233.0|0.0|0
10348|450000.0|2|3|2|40|-1|-1|-1|-1|0|0|5453.0|25948.0|53938.0|14602.0|18065.0|19239.0|26731.0|55367.0|15174.0|10528.0|10037.0|48551.0|0
591|80000.0|1|1|2|29|0|0|0|0|0|0|79048.0|80676.0|78311.0|80777.0|79306.0|79195.0|3000.0|3100.0|7000.0|3200.0|3500.0|3200.0|0
11187|50000.0|2|3|1|70|2|2|0|0|0|0|54084.0|51564.0|50733.0|30363.0|30444.0|30482.0|0.0|2504.0|1200.0|1500.0|1100.0|1301.0|0
20348|200000.0|2|1|2|42|-1|-1|-1|-1|-1|-1|1347.0|208.0|1582.0|3607.0|894.0|301.0|208.0|1677.0|3607.0|894.0|301.0|2457.0|1
27486|20000.0|1|3|2|23|0|0|0|0|0|0|19812.0|20388.0|19145.0|20124.0|20127.0|20150.0|1300.0|1330.0|1309.0|702.0|719.0|1000.0|0
18517|90000.0|2|3|1|35|0|0|-1|0|0|0|13865.0|5128.0|6911.0|8774.0|9622.0|9824.0|2054.0|6911.0|2000.0|1000.0|357.0|1000.0|0
16790|140000.0|2|2|1|37|-1|-1|-1|-1|-1|-1|326.0|326.0|326.0|1516.0|326.0|1439.0|326.0|326.0|1516.0|326.0|1439.0|326.0|1
11208|50000.0|2|2|1|23|0|0|0|0|0|0|5215.0|6232.0|7251.0|8326.0|9184.0|10031.0|1106.0|1125.0|1200.0|1000.0|1000.0|1000.0|1
6893|100000.0|1|3|1|54|0|0|0|5|4|3|46041.0|59526.0|72823.0|71105.0|69424.0|68006.0|15000.0|15000.0|0.0|0.0|0.0|2700.0|0
5602|360000.0|2|1|2|47|1|2|0|0|2|0|366577.0|345484.0|354469.0|187836.0|186172.0|189759.0|0.0|14148.0|11500.0|0.0|5324.0|5500.0|0
7331|210000.0|2|2|2|30|0|0|0|0|0|0|184705.0|188235.0|193694.0|178664.0|149612.0|151226.0|7000.0|9057.0|6507.0|9808.0|6000.0|5500.0|0
15884|320000.0|2|3|1|51|-1|-1|-1|-1|-1|0|8391.0|2855.0|1021.0|953.0|868.0|872.0|2869.0|1026.0|957.0|868.0|4.0|954.0|0
5183|470000.0|1|2|2|29|0|0|0|0|0|0|59235.0|47091.0|34901.0|33953.0|34188.0|35444.0|3106.0|5017.0|3007.0|2001.0|2093.0|10076.0|0
4654|500000.0|1|3|1|39|0|0|0|0|0|0|41597.0|50849.0|54927.0|57972.0|60224.0|71198.0|10000.0|4927.0|3972.0|3224.0|11980.0|5765.0|0
27243|150000.0|2|2|1|49|1|-1|-1|-1|-1|-1|0.0|970.0|8867.0|0.0|600.0|0.0|970.0|8867.0|0.0|600.0|0.0|0.0|0
16370|120000.0|2|2|2|29|0|0|0|0|0|0|96342.0|97724.0|99131.0|100464.0|100380.0|101445.0|4500.0|4500.0|4500.0|3700.0|3679.0|4100.0|0
10536|210000.0|2|1|2|34|-1|-1|-1|-1|-1|-1|5081.0|4053.0|3853.0|3942.0|2338.0|1767.0|4055.0|3856.0|3945.0|2338.0|1767.0|0.0|0
20277|100000.0|2|2|1|35|3|3|2|2|0|0|61089.0|59556.0|60486.0|58296.0|33247.0|34118.0|0.0|2525.0|0.0|1206.0|1423.0|3400.0|1
7282|100000.0|2|3|1|47|0|0|0|0|0|0|139550.0|70620.0|70000.0|70298.0|69677.0|69672.0|3500.0|2600.0|3000.0|2500.0|2500.0|2500.0|0
4143|500000.0|2|1|1|56|-1|-1|-1|-1|-1|-1|881.0|1035.0|29944.0|10528.0|17907.0|3147.0|1035.0|29944.0|10528.0|17907.0|3147.0|5011.0|0
3263|140000.0|1|1|1|27|1|-2|-2|-2|-2|-2|-488.0|-488.0|-488.0|-488.0|-488.0|-488.0|0.0|0.0|0.0|0.0|0.0|0.0|0
29552|170000.0|2|2|2|51|0|0|0|0|0|0|154278.0|161679.0|165068.0|166227.0|109682.0|112906.0|10000.0|7500.0|6778.0|4000.0|5000.0|5000.0|0
15613|130000.0|2|2|2|25|2|2|0|0|0|0|138910.0|119948.0|135259.0|95956.0|97770.0|92206.0|0.0|18259.0|3456.0|3770.0|3706.0|3708.0|1
12903|20000.0|1|2|1|31|-1|-1|-1|0|-1|-1|836.0|390.0|780.0|390.0|390.0|0.0|390.0|780.0|0.0|390.0|0.0|780.0|1
18889|150000.0|1|1|2|37|0|0|0|0|0|0|45000.0|44386.0|46505.0|49103.0|51698.0|52549.0|3000.0|2500.0|3000.0|3000.0|1546.0|2000.0|0
8063|70000.0|2|3|3|51|0|0|0|0|0|0|32485.0|30527.0|13407.0|13643.0|12722.0|13515.0|1267.0|1191.0|427.0|957.0|1000.0|14001.0|0
13269|200000.0|2|2|1|32|-1|-1|-1|-1|-1|-1|5150.0|10190.0|10190.0|10190.0|10594.0|11193.0|10190.0|10190.0|10190.0|10594.0|11193.0|10190.0|0
10855|170000.0|2|1|1|44|-2|-2|-2|-2|-2|-1|10309.0|4944.0|28144.0|1883.0|27938.0|14832.0|4944.0|28144.0|1883.0|27938.0|14832.0|0.0|0
25468|20000.0|2|2|2|23|1|2|0|0|0|2|15596.0|15053.0|15773.0|17102.0|18704.0|18263.0|0.0|1269.0|1598.0|2200.0|0.0|3700.0|1
7102|430000.0|2|1|2|38|-1|-1|-1|-1|-1|-1|590.0|590.0|590.0|590.0|590.0|590.0|590.0|590.0|590.0|590.0|590.0|590.0|0
25122|20000.0|1|3|1|29|0|0|0|0|-2|-2|14171.0|11136.0|20649.0|-1001.0|-1.0|-1.0|2000.0|10000.0|0.0|1000.0|0.0|0.0|0
29109|200000.0|2|1|2|37|0|0|0|0|-1|0|21111.0|25562.0|8603.0|28692.0|29019.0|43308.0|5000.0|5000.0|20089.0|30000.0|15093.0|15051.0|0
3425|90000.0|2|3|1|37|0|0|0|0|0|0|62460.0|63354.0|64528.0|65815.0|67350.0|68605.0|2500.0|2300.0|2281.0|2519.0|2451.0|2300.0|0
11327|80000.0|2|3|0|37|-2|-2|-2|-2|-2|-2|7070.0|3087.0|5210.0|3882.0|4785.0|1000.0|3087.0|5215.0|3882.0|4785.0|1968.0|0.0|0
22389|120000.0|1|2|1|33|-1|-1|-1|-1|-1|-1|1336.0|-5.0|500.0|500.0|150.0|150.0|0.0|505.0|500.0|150.0|150.0|941.0|0
19056|50000.0|1|2|1|54|2|2|0|0|0|0|48580.0|47112.0|30246.0|26953.0|27249.0|27521.0|0.0|1500.0|1000.0|986.0|986.0|996.0|0
19380|220000.0|1|1|1|39|0|0|0|0|0|0|96473.0|97887.0|94776.0|72842.0|46747.0|44236.0|10000.0|4000.0|5063.0|2000.0|1605.0|1697.0|0
24778|50000.0|1|3|1|45|-1|-1|2|-1|-1|-1|261.0|1305.0|1134.0|1073.0|1312.0|51.0|2305.0|0.0|1200.0|1500.0|0.0|0.0|0
16102|70000.0|2|2|2|26|0|0|0|0|0|0|23409.0|23174.0|26103.0|28342.0|24894.0|25272.0|3003.0|5106.0|4026.0|755.0|1029.0|5303.0|1
15345|210000.0|1|1|2|28|-2|-2|-2|-2|-2|-2|15648.0|2008.0|-4291.0|-4291.0|-4291.0|-4291.0|2500.0|0.0|0.0|0.0|0.0|0.0|0
14914|50000.0|1|2|1|38|0|0|0|0|0|0|50748.0|48626.0|20712.0|17834.0|18248.0|19390.0|1500.0|1200.0|2500.0|618.0|4000.0|3000.0|0
15392|360000.0|2|1|1|30|-1|0|-1|-1|-1|-1|13395.0|28327.0|6257.0|2967.0|1550.0|0.0|20460.0|6257.0|2967.0|1550.0|0.0|1550.0|0
9192|50000.0|2|1|1|25|0|0|0|0|0|-2|48294.0|48993.0|50702.0|49663.0|0.0|0.0|1805.0|2514.0|2475.0|0.0|0.0|0.0|1
23888|250000.0|2|3|2|29|-2|-2|-1|-1|-1|-1|686.0|0.0|947.0|7385.0|3806.0|22319.0|0.0|947.0|7385.0|5301.0|46660.0|2964.0|0
24957|220000.0|2|2|2|28|-1|-1|-2|-2|-2|-2|3700.0|0.0|0.0|0.0|0.0|0.0|0.0|0.0|0.0|0.0|0.0|0.0|1
20714|20000.0|2|2|2|23|0|0|0|0|0|-1|17772.0|19058.0|19681.0|19507.0|14656.0|756.0|1877.0|1500.0|500.0|0.0|756.0|23750.0|0
7066|30000.0|2|2|2|28|0|0|0|0|2|2|28347.0|29880.0|29588.0|30687.0|25637.0|26468.0|2000.0|2000.0|2200.0|0.0|1800.0|0.0|0
21753|10000.0|1|2|2|23|0|0|0|0|0|2|8109.0|9219.0|10200.0|9694.0|9684.0|9872.0|1400.0|1300.0|500.0|1000.0|500.0|0.0|0
22812|50000.0|2|2|1|48|0|0|0|0|0|0|10929.0|13262.0|14273.0|14555.0|14860.0|15155.0|2526.0|1237.0|519.0|538.0|541.0|560.0|0
21831|250000.0|2|4|1|43|-2|-2|-2|-2|-2|-2|-6.0|1298.0|826.0|2044.0|-16.0|-16.0|1304.0|830.0|2054.0|0.0|0.0|0.0|0
8155|200000.0|1|1|1|43|-1|-1|-1|-1|-1|-1|1144.0|2480.0|3372.0|1081.0|2384.0|6595.0|2506.0|3380.0|1085.0|2394.0|6601.0|29708.0|0
906|220000.0|2|2|2|30|0|0|0|0|0|0|18598.0|24781.0|22901.0|23815.0|37748.0|16657.0|10000.0|2015.0|5000.0|20000.0|3000.0|1210.0|0
1355|590000.0|2|2|1|29|-2|-2|-2|-1|0|0|0.0|0.0|0.0|1387.0|2206.0|3014.0|0.0|0.0|1387.0|1000.0|1000.0|1000.0|1
12631|300000.0|2|2|2|28|0|0|2|2|2|2|275855.0|286812.0|280337.0|318248.0|316147.0|303666.0|15000.0|7000.0|50000.0|12000.0|0.0|13000.0|1
25019|500000.0|1|1|2|40|0|0|0|0|0|0|353356.0|320704.0|321094.0|317546.0|279250.0|239172.0|17000.0|11684.0|15000.0|8995.0|9457.0|10000.0|0
5635|80000.0|2|3|1|45|0|0|0|0|0|0|35401.0|36399.0|37689.0|38580.0|39104.0|39484.0|1587.0|1877.0|1768.0|1292.0|900.0|1365.0|0
8389|80000.0|2|1|2|28|1|2|0|0|0|2|4885.0|3482.0|4251.0|4047.0|3547.0|221.0|0.0|1000.0|500.0|1000.0|0.0|1000.0|0
10556|90000.0|2|3|1|53|0|0|0|0|0|0|88363.0|87235.0|88338.0|78994.0|50095.0|48987.0|3200.0|4000.0|2602.0|2000.0|3000.0|2000.0|1
6620|600000.0|2|3|2|51|0|0|0|0|0|0|95286.0|78404.0|147559.0|323129.0|310042.0|311840.0|10448.0|85113.0|217035.0|11032.0|15019.0|10033.0|0
10993|50000.0|1|2|2|27|0|0|0|0|0|0|47261.0|48054.0|47434.0|20099.0|18682.0|18538.0|2055.0|1935.0|675.0|662.0|650.0|666.0|1
23292|410000.0|1|1|2|33|-2|-2|-2|-1|-1|-1|333.0|333.0|333.0|1019.0|2218.0|1216.0|333.0|333.0|1019.0|2218.0|1216.0|1019.0|0
13748|240000.0|2|1|2|28|0|0|0|0|0|0|233441.0|236496.0|242446.0|207633.0|197644.0|193724.0|9000.0|10307.0|9014.0|6029.0|6014.0|6034.0|0
19649|130000.0|2|1|2|27|1|-1|0|0|-1|-1|0.0|1483.0|2450.0|0.0|1089.0|2249.0|1483.0|1000.0|0.0|1089.0|2249.0|2184.0|0
15230|320000.0|2|2|1|35|0|0|0|2|0|0|4050.0|4914.0|6630.0|6393.0|9721.0|10584.0|1073.0|1789.0|0.0|3425.0|1000.0|3425.0|0
23811|450000.0|1|1|2|34|0|0|0|0|0|0|260733.0|228515.0|232762.0|208005.0|194608.0|201044.0|20255.0|50171.0|7096.0|6604.0|10012.0|10000.0|0
11000|50000.0|2|2|2|23|0|0|-1|2|0|0|21998.0|15299.0|32514.0|26479.0|27396.0|27789.0|2063.0|33730.0|0.0|1500.0|1000.0|1019.0|0
15333|50000.0|2|2|1|38|0|-1|-1|-1|-1|-1|1226.0|1226.0|1226.0|1226.0|1765.0|1066.0|1226.0|1226.0|1226.0|1765.0|1066.0|170.0|0
26839|230000.0|2|2|1|45|0|0|0|0|0|0|71149.0|71922.0|77500.0|72851.0|72860.0|48758.0|3000.0|11261.0|10000.0|2100.0|5000.0|5000.0|0
12896|200000.0|1|1|1|39|0|0|0|0|0|2|132589.0|135286.0|139725.0|142605.0|149894.0|153054.0|4900.0|6600.0|6700.0|11200.0|5700.0|5900.0|1
23427|500000.0|2|2|2|28|-1|-1|-1|0|0|-1|72620.0|873.0|8596.0|6418.0|6243.0|1984.0|873.0|8596.0|275.0|300.0|1984.0|27014.0|0
11751|220000.0|1|2|2|28|0|0|0|0|0|0|59247.0|60200.0|60360.0|61168.0|57287.0|62208.0|6000.0|3037.0|4000.0|4000.0|15000.0|3000.0|0
9478|70000.0|2|5|1|23|0|0|0|0|0|0|30847.0|31849.0|33333.0|34344.0|35032.0|35807.0|1516.0|2000.0|1600.0|1215.0|1300.0|1500.0|0
5547|190000.0|1|3|1|34|0|0|0|0|0|0|187780.0|189924.0|192232.0|186472.0|190262.0|193403.0|6781.0|7071.0|6744.0|6866.0|7203.0|7182.0|0
68|10000.0|1|2|1|37|0|0|0|0|-1|-1|6930.0|6399.0|4634.0|5388.0|780.0|0.0|1065.0|1246.0|1000.0|780.0|0.0|390.0|0
6065|230000.0|2|1|2|27|-2|-2|-2|-2|-2|-2|2978.0|6666.0|1951.0|67101.0|5136.0|10316.0|7000.0|1951.0|67101.0|5142.0|10316.0|5720.0|0
8552|50000.0|1|3|2|35|1|2|0|0|0|2|51350.0|50214.0|50035.0|50495.0|52073.0|51120.0|0.0|2160.0|2000.0|4300.0|0.0|2061.0|0
18044|160000.0|1|1|1|41|-1|-1|-1|-1|-1|2|776.0|230.0|1350.0|1310.0|2374.0|1444.0|230.0|1500.0|1310.0|1444.0|0.0|1000.0|1
5095|70000.0|1|2|3|47|0|0|0|2|0|0|27847.0|29073.0|34578.0|33723.0|35156.0|37370.0|2000.0|6000.0|0.0|2000.0|2784.0|0.0|1
25041|80000.0|1|2|2|26|0|0|0|0|0|0|50442.0|51397.0|49991.0|47681.0|46900.0|45161.0|1816.0|1920.0|2063.0|1543.0|1400.0|1557.0|0
28119|420000.0|2|2|2|27|-2|-2|-2|-2|-2|-2|15000.0|15000.0|15000.0|15000.0|15000.0|15000.0|15000.0|15000.0|15000.0|15000.0|15000.0|14996.0|0
20485|210000.0|2|1|1|43|1|-2|-2|-2|-2|-2|0.0|0.0|0.0|0.0|0.0|0.0|0.0|0.0|0.0|0.0|0.0|0.0|0
29688|200000.0|1|6|1|66|0|0|0|0|0|0|143994.0|102211.0|54762.0|55858.0|56338.0|57360.0|4767.0|2573.0|2604.0|1997.0|2228.0|2094.0|0
12514|130000.0|1|1|2|37|0|0|0|0|0|0|91390.0|88381.0|89091.0|91212.0|29441.0|29683.0|5000.0|3424.0|4193.0|1042.0|1100.0|1080.0|0
12388|250000.0|1|1|2|36|0|0|0|0|0|0|143200.0|146391.0|91714.0|88397.0|90312.0|92456.0|7000.0|3500.0|3100.0|3200.0|3500.0|3500.0|0
24606|220000.0|1|2|1|55|-1|-1|-1|-1|-1|-1|757.0|757.0|3257.0|757.0|757.0|757.0|757.0|3257.0|757.0|757.0|757.0|907.0|0
15181|200000.0|2|2|1|37|-1|-1|-1|-1|-1|-1|313.0|0.0|313.0|152.0|148.0|498.0|0.0|313.0|152.0|148.0|498.0|148.0|0
4873|70000.0|2|2|2|23|0|0|0|0|0|0|57034.0|58224.0|59158.0|60675.0|62047.0|65298.0|2700.0|2500.0|2500.0|2500.0|4300.0|3000.0|0
2454|210000.0|2|1|1|34|0|0|0|0|0|0|200239.0|195025.0|165356.0|116351.0|95854.0|91173.0|9510.0|7000.0|10079.0|4500.0|3532.0|3500.0|0
22927|500000.0|1|1|2|34|0|0|0|0|0|-1|203729.0|147289.0|63994.0|40501.0|11248.0|4189.0|10043.0|8078.0|10000.0|10000.0|4200.0|0.0|0
29592|200000.0|2|2|1|37|-1|-1|-1|0|-1|-1|24779.0|8313.0|1951.0|1951.0|3124.0|3259.0|8318.0|1951.0|0.0|3124.0|3259.0|0.0|0
27997|120000.0|2|2|1|26|0|0|0|0|0|0|4317.0|5240.0|5283.0|5444.0|6412.0|5121.0|2000.0|1000.0|1000.0|1000.0|1825.0|1272.0|0
9747|150000.0|1|3|2|25|-1|-1|-1|0|0|-1|9240.0|386.0|12870.0|11173.0|1719.0|413.0|386.0|12884.0|251.0|39.0|414.0|6556.0|0
25665|50000.0|1|1|2|28|0|0|0|0|0|0|46176.0|40870.0|41590.0|42419.0|43307.0|44167.0|2000.0|1700.0|1519.0|1572.0|1580.0|1637.0|0
17276|80000.0|2|3|1|50|0|0|0|0|0|0|6627.0|9503.0|11966.0|14493.0|20328.0|23506.0|3000.0|3000.0|3000.0|8000.0|3506.0|3000.0|0
15607|20000.0|1|2|2|21|2|0|0|2|0|0|19820.0|19277.0|20997.0|20200.0|20000.0|0.0|2000.0|5000.0|0.0|0.0|0.0|0.0|1
2704|290000.0|2|0|2|38|1|-1|-1|-1|-1|-1|0.0|1437.0|3070.0|1406.0|2196.0|1481.0|1437.0|3078.0|1406.0|2196.0|1481.0|0.0|0
27676|500000.0|2|1|2|33|0|0|0|0|0|0|48206.0|45445.0|43875.0|34003.0|33079.0|28257.0|2100.0|1800.0|1500.0|1500.0|2000.0|10200.0|0
5573|40000.0|1|2|2|27|6|5|4|3|2|0|42055.0|41146.0|40114.0|38797.0|38244.0|38478.0|0.0|0.0|0.0|0.0|871.0|116.0|1
9183|290000.0|2|2|2|28|0|0|0|0|0|-1|15042.0|28827.0|45913.0|44656.0|24692.0|7208.0|15000.0|20000.0|37092.0|20000.0|7208.0|34000.0|0
16843|30000.0|2|3|1|45|1|2|2|2|0|0|29334.0|28198.0|29497.0|28268.0|30817.0|17219.0|0.0|2457.0|0.0|3000.0|344.0|0.0|0
2259|400000.0|1|1|3|31|1|-1|-1|-1|-1|-1|0.0|1731.0|499.0|1487.0|499.0|499.0|1731.0|499.0|1487.0|499.0|499.0|36983.0|0
23344|480000.0|1|1|1|37|1|-1|-1|-1|0|0|6071.0|7994.0|8313.0|25714.0|25710.0|20110.0|8023.0|8351.0|25753.0|14012.0|10021.0|12462.0|0
24300|80000.0|2|2|2|25|0|0|2|2|0|0|47369.0|49524.0|48461.0|45943.0|46660.0|46118.0|4400.0|1500.0|1500.0|1742.0|1800.0|2100.0|1
776|180000.0|2|4|1|32|0|0|0|0|0|0|136055.0|136095.0|136201.0|136857.0|130839.0|131059.0|6400.0|6400.0|7000.0|5000.0|5000.0|5000.0|0
14365|20000.0|2|2|1|63|-1|2|2|0|-1|-1|858.0|2310.0|1716.0|929.0|978.0|0.0|1716.0|0.0|0.0|978.0|0.0|0.0|0
29092|170000.0|2|1|1|51|-2|-2|-2|-2|-2|-2|4667.0|5910.0|1630.0|2326.0|660.0|1373.0|5914.0|1630.0|2326.0|660.0|1373.0|6674.0|0
4684|70000.0|1|1|3|57|0|0|0|0|0|0|69398.0|70352.0|69936.0|68118.0|65942.0|62495.0|2667.0|2321.0|2391.0|2316.0|2466.0|1451.0|0
18097|260000.0|1|2|2|44|0|0|0|0|0|0|36048.0|37157.0|38040.0|33882.0|34589.0|35397.0|1688.0|1571.0|1213.0|1253.0|1381.0|1166.0|0
527|340000.0|2|2|3|35|-2|-2|-2|-2|-2|-1|132.0|132.0|132.0|132.0|132.0|112847.0|132.0|132.0|132.0|132.0|112847.0|5005.0|0
10075|200000.0|1|1|1|53|-2|-1|-1|-1|-1|-1|513.0|974.0|4271.0|3696.0|0.0|2099.0|974.0|4271.0|3696.0|0.0|2099.0|7784.0|0
21008|70000.0|2|1|2|28|0|0|0|0|0|0|21777.0|20335.0|21699.0|22460.0|20345.0|42123.0|2000.0|2000.0|1500.0|3000.0|721.0|1200.0|0
29487|200000.0|2|1|2|32|0|0|0|0|0|0|118532.0|121068.0|119122.0|121402.0|115419.0|116749.0|6000.0|4500.0|4300.0|6000.0|4400.0|4500.0|0
11151|360000.0|2|1|2|27|0|0|0|0|0|0|130640.0|120058.0|110795.0|101668.0|78730.0|66682.0|4500.0|4100.0|4208.0|3000.0|2300.0|1800.0|0
14629|10000.0|1|2|2|21|0|0|0|0|-1|-1|6703.0|8422.0|9205.0|9393.0|4176.0|0.0|2000.0|1000.0|188.0|2538.0|0.0|0.0|0
9591|100000.0|2|3|1|50|0|0|0|2|2|2|27666.0|28677.0|31516.0|30701.0|32392.0|32645.0|1473.0|3312.0|0.0|2578.0|1294.0|0.0|1
10256|110000.0|2|1|1|31|-2|-2|-2|-2|-2|-1|0.0|0.0|0.0|0.0|163.0|63755.0|0.0|0.0|0.0|163.0|63755.0|2000.0|0
26997|280000.0|1|2|2|47|0|0|0|0|0|0|229281.0|233992.0|186321.0|180598.0|20596.0|15311.0|20213.0|8003.0|9002.0|5000.0|5000.0|5000.0|0
7442|100000.0|1|1|2|32|0|0|0|0|2|2|83831.0|85586.0|87289.0|91451.0|93381.0|89522.0|4000.0|4037.0|6500.0|3500.0|0.0|3200.0|0
22607|30000.0|1|2|2|23|0|0|-2|-2|-2|-2|41300.0|0.0|0.0|0.0|0.0|0.0|0.0|0.0|0.0|0.0|0.0|0.0|0
10261|70000.0|2|2|2|25|1|2|0|0|0|0|73167.0|70238.0|70640.0|71298.0|70930.0|72491.0|0.0|2600.0|3000.0|3000.0|6000.0|0.0|0
11067|320000.0|2|1|2|31|-1|-1|-1|-1|-1|0|11910.0|4401.0|3345.0|1104.0|82434.0|82319.0|4445.0|3398.0|1104.0|82434.0|0.0|20895.0|0
10881|120000.0|1|2|1|40|-1|0|0|0|0|0|112123.0|114344.0|117684.0|117344.0|58800.0|0.0|4089.0|5179.0|2543.0|1176.0|0.0|0.0|0
4659|110000.0|2|2|1|33|1|2|0|0|0|0|7801.0|5289.0|9893.0|9986.0|9981.0|11714.0|0.0|5000.0|500.0|400.0|2000.0|0.0|0
15796|320000.0|2|1|2|32|-1|-1|-1|0|0|-1|20488.0|18607.0|41195.0|89714.0|64646.0|6103.0|18615.0|42067.0|30014.0|39515.0|6110.0|11611.0|0
3338|60000.0|2|1|2|25|0|0|0|0|0|0|56136.0|57280.0|56969.0|58695.0|57453.0|61153.0|2100.0|2100.0|2685.0|2300.0|4800.0|3400.0|0
29788|80000.0|1|2|2|32|-1|-1|-1|-1|-1|-1|2976.0|13384.0|2255.0|1830.0|2647.0|11083.0|13424.0|2267.0|1835.0|2655.0|11116.0|4020.0|0
15844|120000.0|2|2|1|41|-1|-1|-1|-1|-1|0|919.0|8209.0|421.0|4502.0|6013.0|5094.0|8209.0|421.0|5000.0|6013.0|0.0|7600.0|0
6400|280000.0|2|1|2|32|0|0|0|0|0|0|202506.0|197855.0|239059.0|282518.0|248238.0|210267.0|10547.0|80004.0|68410.0|7767.0|6308.0|5437.0|0
14878|180000.0|2|2|1|41|0|0|0|0|0|0|139184.0|141752.0|122164.0|111328.0|113890.0|116823.0|6411.0|6000.0|5000.0|4500.0|5000.0|4200.0|0
11066|280000.0|1|1|2|31|2|0|0|-1|0|0|278510.0|279845.0|0.0|189841.0|193313.0|192742.0|6996.0|0.0|189841.0|6022.0|6078.0|5300.0|1
12011|150000.0|2|2|1|36|2|2|2|2|2|2|100247.0|109909.0|112453.0|113318.0|114268.0|116688.0|12924.0|5800.0|4200.0|4300.0|4400.0|4700.0|1
13837|200000.0|2|2|1|44|-2|-2|-2|-2|-2|-2|7096.0|1323.0|8457.0|48757.0|4200.0|7312.0|1336.0|8457.0|48757.0|4200.0|7312.0|21740.0|0
12394|180000.0|1|1|2|29|-2|-1|-1|-1|-2|-2|0.0|300.0|740.0|0.0|0.0|0.0|300.0|740.0|0.0|0.0|0.0|0.0|1
22718|50000.0|1|2|1|54|2|2|2|2|2|2|48556.0|49240.0|48647.0|36411.0|32087.0|22909.0|1804.0|2045.0|1314.0|1268.0|0.0|2436.0|1
18868|90000.0|2|2|2|23|-1|-1|0|0|0|0|803.0|16983.0|18644.0|12718.0|12984.0|13247.0|16983.0|2000.0|500.0|424.0|431.0|1000.0|0
2863|50000.0|2|1|2|25|0|0|0|0|0|0|48408.0|47563.0|41319.0|25110.0|20478.0|20258.0|1774.0|2100.0|1609.0|1000.0|1000.0|1000.0|0
13195|390000.0|2|2|1|31|0|0|0|0|0|-2|49667.0|33900.0|33545.0|16666.0|0.0|0.0|1700.0|17000.0|333.0|0.0|16666.0|13807.0|0
4485|50000.0|1|2|2|32|0|0|0|0|0|0|48536.0|41045.0|41532.0|18646.0|19183.0|19214.0|3030.0|2124.0|646.0|828.0|1097.0|612.0|0
10146|290000.0|1|2|1|38|1|2|0|0|0|0|296437.0|192441.0|194158.0|197590.0|187134.0|180887.0|25.0|10013.0|9526.0|6549.0|6373.0|6781.0|0
24368|340000.0|1|3|2|34|0|0|0|0|0|0|334628.0|328749.0|285399.0|248984.0|251047.0|255303.0|16040.0|14000.0|11000.0|9200.0|10000.0|9500.0|1
16059|110000.0|1|3|2|49|0|0|0|0|0|0|113928.0|112775.0|110399.0|48532.0|44703.0|47869.0|4915.0|4379.0|12466.0|5000.0|5307.0|5000.0|0
7065|90000.0|2|2|1|42|-1|-1|-2|-2|-1|-1|390.0|0.0|-390.0|-780.0|780.0|0.0|0.0|0.0|0.0|1560.0|0.0|0.0|0
158|160000.0|1|1|2|30|-1|-1|-2|-2|-2|-1|30265.0|-131.0|-527.0|-923.0|-1488.0|-1884.0|131.0|396.0|396.0|565.0|792.0|0.0|0
17986|100000.0|1|3|1|56|0|0|0|0|0|0|10882.0|11952.0|13047.0|13330.0|14112.0|14477.0|1250.0|1300.0|500.0|1000.0|600.0|600.0|0
27328|30000.0|2|3|1|48|0|0|0|0|0|0|29757.0|29059.0|26386.0|9370.0|7290.0|0.0|1720.0|1450.0|1010.0|500.0|0.0|0.0|0
8930|350000.0|2|1|2|24|2|2|0|0|2|0|86342.0|84103.0|86179.0|91608.0|86705.0|90208.0|0.0|3500.0|6800.0|0.0|5100.0|105000.0|1
12666|320000.0|1|1|1|33|0|0|0|0|0|0|325445.0|202853.0|57051.0|161651.0|182265.0|0.0|10000.0|15000.0|105000.0|55000.0|0.0|0.0|0
20569|20000.0|1|3|1|53|0|0|0|0|0|0|19084.0|19224.0|18545.0|19405.0|19358.0|19413.0|1300.0|1400.0|1300.0|700.0|700.0|646.0|0
9081|30000.0|2|2|2|23|2|0|0|0|0|0|27216.0|28420.0|27929.0|28920.0|27997.0|28378.0|3003.0|1482.0|1703.0|1001.0|1500.0|1845.0|1
1929|30000.0|1|3|2|25|-2|-2|-2|-2|-2|-2|780.0|0.0|390.0|749.0|390.0|0.0|0.0|390.0|749.0|390.0|0.0|805.0|1
17301|210000.0|2|1|1|33|0|0|0|0|0|0|199851.0|190551.0|192717.0|195700.0|150525.0|137565.0|7000.0|7791.0|7000.0|5254.0|5400.0|5380.0|1
26330|110000.0|2|2|1|29|0|0|0|0|0|0|60101.0|61589.0|60822.0|62306.0|63768.0|65239.0|2505.0|2500.0|2500.0|2500.0|2500.0|2640.0|0
6487|230000.0|1|2|1|36|0|0|0|0|0|0|19505.0|20715.0|19750.0|19506.0|19255.0|17479.0|3000.0|3000.0|3000.0|3000.0|3000.0|3000.0|0
14233|50000.0|1|3|1|48|0|0|0|0|0|0|10420.0|8451.0|9641.0|9468.0|9294.0|9263.0|1310.0|1500.0|500.0|500.0|500.0|200.0|0
11726|50000.0|1|2|2|32|0|0|0|0|0|2|50240.0|50149.0|50021.0|44924.0|49669.0|42689.0|6000.0|8000.0|3000.0|9000.0|0.0|10000.0|1
6896|30000.0|2|3|1|55|0|0|0|0|0|0|10682.0|11399.0|12421.0|13507.0|13782.0|14159.0|1200.0|1214.0|1300.0|500.0|600.0|2900.0|1
18369|240000.0|2|2|3|39|0|0|0|0|0|0|171907.0|171394.0|68907.0|70164.0|70672.0|69581.0|7200.0|3000.0|3000.0|2509.0|3000.0|2500.0|0
15404|260000.0|2|2|2|51|0|0|0|0|0|0|200964.0|205714.0|208756.0|168828.0|155644.0|159135.0|8000.0|8065.0|7000.0|10000.0|10000.0|10000.0|0
6745|30000.0|2|2|1|36|-1|-1|-2|-2|-2|-1|528.0|-120.0|-120.0|-120.0|-120.0|6675.0|0.0|0.0|0.0|0.0|6795.0|21947.0|1
3738|130000.0|1|2|1|42|1|-2|-2|-2|-2|-2|-52.0|-52.0|-52.0|-52.0|-52.0|-52.0|0.0|0.0|0.0|0.0|0.0|1000.0|1
10168|20000.0|2|1|2|23|2|0|0|0|0|0|19175.0|19889.0|17703.0|18690.0|19065.0|19261.0|1575.0|1400.0|1300.0|643.0|862.0|2000.0|0
21420|330000.0|2|2|1|37|-1|-1|-1|-1|0|0|2202.0|2900.0|2335.0|7278.0|6646.0|5324.0|2911.0|2579.0|7278.0|6.0|26.0|2089.0|0
20371|500000.0|1|1|1|50|1|2|2|2|2|2|74850.0|76463.0|77611.0|78735.0|80430.0|82068.0|3400.0|3000.0|3000.0|3100.0|3110.0|0.0|1
306|100000.0|1|2|2|50|1|-1|-1|0|0|-2|0.0|2976.0|44591.0|8910.0|0.0|0.0|2976.0|44591.0|0.0|0.0|0.0|0.0|0
15853|260000.0|2|1|1|31|0|0|0|0|0|0|50312.0|128072.0|55359.0|39189.0|49909.0|20782.0|85387.0|33061.0|5039.0|20154.0|2854.0|29.0|0
29498|250000.0|2|3|1|39|-1|-1|-1|0|-1|-1|5086.0|14180.0|49453.0|10989.0|2975.0|4099.0|14180.0|49453.0|0.0|2975.0|4099.0|6470.0|0
23671|20000.0|1|1|2|31|3|2|2|7|7|7|2400.0|2400.0|2400.0|2400.0|2400.0|2400.0|0.0|0.0|0.0|0.0|0.0|0.0|1
13994|130000.0|1|2|1|31|2|2|0|0|0|0|131635.0|126548.0|127748.0|100291.0|93552.0|95521.0|0.0|5100.0|4100.0|3392.0|3521.0|3724.0|1
1635|250000.0|2|1|1|38|-1|-1|0|-1|-1|0|6352.0|6790.0|10418.0|7720.0|37543.0|31337.0|6790.0|5418.0|7720.0|37604.0|0.0|0.0|0
9146|400000.0|1|1|1|48|-2|-2|-2|-2|-2|-2|3173.0|4265.0|8403.0|9096.0|28896.0|52196.0|4265.0|8427.0|9096.0|28896.0|52196.0|396.0|0
15371|30000.0|2|2|1|27|0|0|0|0|0|0|52636.0|27761.0|28791.0|29078.0|30125.0|8941.0|3164.0|1615.0|902.0|1374.0|767.0|849.0|0
19065|230000.0|1|3|1|39|0|0|0|0|-1|-1|53672.0|75305.0|56484.0|38363.0|4867.0|2736.0|25000.0|5000.0|5000.0|4867.0|2736.0|0.0|0
3212|300000.0|2|1|2|35|1|-2|-2|-2|-1|-1|0.0|0.0|0.0|0.0|150000.0|0.0|0.0|0.0|0.0|150000.0|0.0|267.0|0
19849|310000.0|2|1|2|27|0|0|0|0|0|0|115126.0|105687.0|102306.0|93929.0|87681.0|73479.0|5222.0|5197.0|4000.0|5000.0|3980.0|3271.0|0
28086|20000.0|1|2|2|35|0|0|0|0|0|0|19600.0|19694.0|19945.0|20051.0|19472.0|19830.0|1312.0|1363.0|1249.0|1000.0|2000.0|1000.0|1
891|20000.0|2|2|2|26|2|0|0|0|0|0|19366.0|19297.0|20023.0|19625.0|15188.0|0.0|1800.0|1500.0|500.0|500.0|0.0|0.0|1
23441|500000.0|1|1|2|29|-1|-1|-1|-1|-1|-1|8898.0|1276.0|24031.0|41305.0|5405.0|32310.0|1283.0|24174.0|41306.0|5455.0|36914.0|12457.0|0
3726|200000.0|2|2|2|25|0|0|0|0|0|0|22371.0|24569.0|28630.0|29962.0|30733.0|39192.0|2569.0|4500.0|1800.0|2000.0|9000.0|5000.0|0
10223|300000.0|1|2|1|29|-1|-1|-2|-2|-2|-2|1874.0|-200.0|-200.0|-200.0|-200.0|-200.0|0.0|0.0|0.0|0.0|0.0|0.0|0
2499|20000.0|2|2|1|35|2|0|0|2|2|2|5890.0|7282.0|9455.0|9154.0|10001.0|10046.0|1500.0|2454.0|0.0|1000.0|350.0|0.0|1
23891|500000.0|1|1|1|44|-1|-1|-1|-1|-1|-1|150758.0|62931.0|21296.0|19897.0|4460.0|4195.0|63256.0|21408.0|19996.0|4482.0|4212.0|16748.0|0
18285|180000.0|2|2|2|34|-1|-1|-1|-1|-1|-1|194.0|191.0|187.0|176.0|188.0|187.0|200.0|187.0|180.0|200.0|187.0|750.0|0
22816|80000.0|2|3|1|40|0|0|0|0|0|0|18608.0|19583.0|19098.0|14269.0|14612.0|16945.0|2000.0|2000.0|1090.0|2300.0|4500.0|1050.0|0
12168|130000.0|1|3|1|44|0|0|-2|-2|-2|-2|15722.0|0.0|0.0|0.0|0.0|0.0|0.0|0.0|0.0|0.0|0.0|0.0|0
20798|360000.0|1|1|2|30|2|-1|-1|2|-1|-1|2024.0|428.0|5306.0|3603.0|604.0|14850.0|428.0|5306.0|0.0|604.0|14850.0|2403.0|0
5215|180000.0|1|1|2|28|0|0|0|0|0|-1|9853.0|18399.0|29973.0|42347.0|-53.0|10653.0|10732.0|22119.0|17012.0|0.0|10706.0|9659.0|0
11180|280000.0|1|2|1|33|0|0|0|0|0|0|207982.0|196055.0|182099.0|185925.0|188224.0|186529.0|8644.0|6445.0|15934.0|7016.0|6753.0|6008.0|0
24770|380000.0|1|3|1|44|-1|0|0|0|0|0|40352.0|41385.0|42397.0|43243.0|45716.0|46629.0|1523.0|1535.0|1381.0|3000.0|1494.0|2000.0|0
1986|240000.0|1|1|2|57|0|0|0|0|0|0|224041.0|238077.0|245387.0|248945.0|224776.0|11567.0|18800.0|12000.0|10000.0|20019.0|3000.0|9000.0|0
26541|200000.0|2|2|1|41|0|-1|-1|-1|0|0|6981.0|678.0|1287.0|54531.0|55229.0|56836.0|1000.0|1350.0|54531.0|2200.0|2500.0|2300.0|0
22266|150000.0|2|2|1|24|1|-1|-1|-1|-1|-1|-122.0|16711.0|8004.0|521.0|3776.0|165.0|16924.0|8004.0|521.0|3776.0|165.0|356.0|0
12057|50000.0|1|2|2|25|0|0|0|2|2|0|18894.0|21258.0|23590.0|24896.0|24200.0|26630.0|3000.0|3000.0|2000.0|0.0|3000.0|1500.0|0
17406|100000.0|2|2|1|47|0|0|0|0|0|0|27555.0|29798.0|31028.0|33544.0|35328.0|41835.0|3000.0|2028.0|3354.0|2328.0|7300.0|0.0|0
16245|500000.0|2|1|1|36|0|0|0|-1|-1|-1|64266.0|47971.0|25581.0|15406.0|6196.0|45045.0|26000.0|11725.0|15406.0|6903.0|45045.0|10000.0|0
16846|360000.0|1|1|2|27|-1|-1|-1|-1|-1|-1|5810.0|4036.0|2310.0|1300.0|0.0|348.0|4041.0|2310.0|1300.0|0.0|348.0|1080.0|0
1752|270000.0|1|1|1|50|-1|-1|-1|-1|-1|-1|316.0|316.0|316.0|5772.0|316.0|316.0|316.0|316.0|5772.0|316.0|316.0|5174.0|0
17107|50000.0|2|3|2|23|-1|-1|-1|-1|0|0|3237.0|5365.0|8263.0|14054.0|22071.0|20506.0|5389.0|8276.0|14075.0|15022.0|3012.0|3018.0|1
25205|90000.0|1|1|2|32|-1|-1|-1|-1|-1|2|6546.0|1485.0|25558.0|1443.0|1677.0|1480.0|1498.0|25572.0|1443.0|257.0|0.0|58.0|0
16721|290000.0|2|1|1|52|0|0|0|2|2|2|85532.0|69025.0|85735.0|79698.0|71981.0|63168.0|12000.0|20000.0|0.0|5500.0|0.0|10000.0|0
18849|140000.0|2|2|2|53|0|0|0|0|0|0|8068.0|9446.0|13271.0|11243.0|12091.0|12691.0|1535.0|5004.0|1451.0|1000.0|1000.0|3194.0|0
1642|290000.0|2|2|1|39|1|-2|-2|-2|-2|-2|-70.0|9540.0|390.0|3184.0|390.0|390.0|10000.0|800.0|3184.0|390.0|390.0|6617.0|0
24584|250000.0|2|2|2|26|0|0|0|0|0|0|70522.0|72062.0|73511.0|75314.0|74172.0|71933.0|2667.0|2700.0|3000.0|5000.0|2800.0|1800.0|0
24999|60000.0|2|2|2|21|0|0|0|0|0|0|40969.0|32724.0|24975.0|25475.0|26010.0|26183.0|1859.0|1410.0|910.0|939.0|1000.0|1000.0|0
1091|20000.0|2|4|2|22|0|0|0|0|0|0|17576.0|17632.0|18385.0|18657.0|8539.0|0.0|1500.0|1200.0|1000.0|1000.0|0.0|0.0|0
3069|300000.0|1|1|1|38|-2|-2|-2|-2|-2|-2|0.0|0.0|0.0|0.0|0.0|0.0|0.0|0.0|0.0|0.0|0.0|0.0|1
245|280000.0|1|2|2|30|2|2|2|2|2|0|110550.0|113877.0|115223.0|116930.0|112607.0|95949.0|6600.0|4700.0|5100.0|0.0|4200.0|3000.0|0
21575|10000.0|1|3|2|44|1|2|0|0|0|0|7816.0|7542.0|8561.0|9571.0|9761.0|10106.0|0.0|1149.0|1159.0|349.0|502.0|200.0|0
21862|50000.0|1|3|1|41|5|4|3|2|0|0|54090.0|52955.0|51847.0|50307.0|27707.0|28479.0|0.0|0.0|0.0|0.0|974.0|31100.0|1
19344|220000.0|2|1|1|38|1|2|2|0|0|0|171784.0|177468.0|173233.0|176859.0|182393.0|187446.0|10000.0|0.0|8000.0|10000.0|8000.0|12000.0|0
13257|100000.0|2|1|2|26|1|2|2|2|0|-1|3144.0|2949.0|4480.0|764.0|528.0|933.0|0.0|1795.0|0.0|13.0|933.0|3000.0|0
12864|320000.0|2|2|2|37|-2|-2|-2|-2|-2|-2|-5700.0|-5700.0|-5700.0|197300.0|-2300.0|227835.0|0.0|0.0|203000.0|400.0|310135.0|1000.0|0
18968|220000.0|2|1|2|38|-1|2|2|2|2|2|2650.0|2650.0|150.0|150.0|150.0|150.0|0.0|0.0|0.0|0.0|0.0|0.0|0
20729|80000.0|2|1|1|44|1|-1|-1|-1|-1|-1|-60.0|2400.0|595.0|1810.0|737.0|2555.0|2460.0|595.0|1815.0|737.0|2555.0|4290.0|0
1212|360000.0|2|1|2|26|-1|-1|-1|-1|0|-1|724.0|125.0|416.0|190.0|190.0|66.0|125.0|418.0|190.0|0.0|66.0|151.0|0
25610|60000.0|2|2|1|31|0|0|0|0|0|0|49581.0|35465.0|29732.0|29411.0|28859.0|28309.0|1500.0|1600.0|1394.0|1000.0|1000.0|1500.0|0
15913|240000.0|2|2|2|42|1|2|2|0|0|0|187558.0|187333.0|163332.0|166813.0|170739.0|174532.0|6700.0|0.0|6900.0|6000.0|6000.0|6000.0|1
8201|400000.0|2|1|2|32|0|0|0|0|0|0|48419.0|51886.0|53291.0|57265.0|61035.0|64879.0|5000.0|3000.0|5000.0|5000.0|5000.0|5000.0|0
13930|60000.0|2|2|3|35|0|0|2|0|0|0|12695.0|15453.0|13420.0|15211.0|14395.0|16141.0|3000.0|0.0|2000.0|1000.0|2000.0|1000.0|0
20721|320000.0|2|2|1|53|0|0|0|0|0|0|8513.0|151835.0|153327.0|155528.0|158745.0|161937.0|150000.0|8510.0|5000.0|4500.0|4544.0|5000.0|0
11070|80000.0|2|2|1|44|0|0|0|-2|-2|-2|40769.0|41150.0|0.0|0.0|0.0|0.0|2150.0|0.0|0.0|0.0|0.0|0.0|0
7823|20000.0|1|3|2|26|3|3|2|0|0|0|21667.0|21081.0|19661.0|26158.0|13560.0|15324.0|0.0|25.0|2000.0|1000.0|2000.0|1000.0|1
18628|50000.0|2|1|2|35|0|0|0|0|0|0|4309.0|10834.0|15251.0|12159.0|9581.0|15222.0|7000.0|8000.0|9400.0|1000.0|6000.0|3000.0|0
3805|240000.0|1|1|1|36|2|0|0|0|0|2|183360.0|187637.0|191846.0|194485.0|206747.0|203388.0|8600.0|8700.0|7200.0|15500.0|0.0|8000.0|0
22435|450000.0|1|1|2|31|1|2|2|2|-2|-2|153246.0|151659.0|10199.0|0.0|0.0|0.0|4009.0|2000.0|0.0|0.0|0.0|0.0|1
27803|270000.0|1|1|2|33|-1|-1|0|-1|0|0|288.0|765.0|1277.0|42402.0|33855.0|32349.0|765.0|1004.0|42522.0|1026.0|10000.0|1041.0|0
26717|350000.0|2|2|2|28|-2|-2|-2|-2|-2|-2|3738.0|7555.0|36553.0|8997.0|13074.0|5107.0|7555.0|36698.0|9124.0|13074.0|5107.0|18830.0|0
4962|160000.0|2|2|2|28|0|0|0|0|0|0|84668.0|88294.0|91784.0|108310.0|103166.0|104677.0|5000.0|5000.0|20000.0|5000.0|5400.0|6100.0|0
10059|80000.0|2|3|2|28|0|0|0|0|0|0|71834.0|70194.0|71912.0|69776.0|70985.0|72444.0|3200.0|3500.0|3000.0|2500.0|2500.0|2500.0|0
11702|280000.0|1|1|1|41|-1|-1|-1|-1|-1|-1|718.0|3910.0|1906.0|837.0|360.0|350.0|3927.0|1913.0|841.0|360.0|350.0|2095.0|0
22823|360000.0|2|1|1|47|2|2|-2|-2|-2|-2|2500.0|0.0|0.0|0.0|0.0|0.0|0.0|0.0|0.0|0.0|0.0|0.0|1
25686|290000.0|1|2|1|49|-2|-2|-2|-2|-2|-2|4040.0|5438.0|3116.0|13459.0|2685.0|2532.0|5457.0|3131.0|13526.0|2698.0|2544.0|1988.0|0
13830|200000.0|1|1|2|50|1|-1|0|-1|-1|-1|-6676.0|5953.0|2870.0|390.0|1210.0|2551.0|16374.0|2392.0|500.0|1210.0|2551.0|0.0|1
29723|180000.0|2|1|2|27|-1|-1|-1|-1|-1|-1|581.0|5394.0|1485.0|4778.0|23350.0|583.0|5396.0|1485.0|4778.0|23350.0|583.0|5883.0|0
5560|400000.0|2|3|2|35|-2|-2|-2|-2|-2|-2|1432.0|8125.0|7017.0|10525.0|13295.0|11024.0|8132.0|7018.0|10542.0|13378.0|11045.0|6666.0|1
10755|70000.0|2|2|2|30|0|0|0|0|0|0|19758.0|8960.0|9949.0|10298.0|10511.0|9764.0|1162.0|1151.0|500.0|513.0|424.0|195.0|0
18588|50000.0|2|2|2|47|0|0|0|0|0|0|39296.0|40638.0|41741.0|45982.0|43041.0|42957.0|2000.0|1759.0|5000.0|1525.0|1569.0|3000.0|0
9718|180000.0|2|2|1|33|-2|-2|-2|-2|-2|-2|0.0|0.0|0.0|0.0|653.0|0.0|0.0|0.0|0.0|653.0|0.0|0.0|0
9384|70000.0|2|2|2|23|0|0|0|0|0|0|54428.0|25085.0|25282.0|21858.0|19171.0|8443.0|2002.0|1819.0|509.0|539.0|2000.0|1000.0|0
5543|160000.0|2|2|2|30|-2|-2|-2|-2|-2|-2|-38.0|-38.0|-38.0|-38.0|-38.0|-38.0|0.0|0.0|0.0|0.0|0.0|0.0|0
1531|270000.0|2|2|1|26|0|0|0|0|0|-1|22804.0|11496.0|12273.0|12014.0|10597.0|31182.0|1496.0|2273.0|2014.0|597.0|31182.0|82615.0|0
17218|160000.0|1|1|2|31|-1|-1|-1|-1|-1|-1|813.0|1351.0|0.0|2773.0|215.0|2026.0|1351.0|0.0|2773.0|215.0|2026.0|0.0|0
24671|140000.0|1|3|1|50|0|0|0|2|0|0|143090.0|139095.0|147204.0|139896.0|136922.0|130098.0|5411.0|16000.0|0.0|5341.0|4830.0|4621.0|0
4694|170000.0|2|1|1|28|1|-1|-1|-1|-1|-1|0.0|1295.0|0.0|376.0|0.0|376.0|1295.0|0.0|376.0|0.0|376.0|0.0|0
12705|200000.0|1|3|2|48|0|0|0|0|-1|-1|87035.0|79529.0|67675.0|56519.0|11884.0|14343.0|2915.0|2646.0|2208.0|12503.0|14869.0|0.0|0
13691|190000.0|2|2|2|28|0|0|0|0|0|2|188370.0|188550.0|187521.0|190448.0|195492.0|190598.0|8700.0|8500.0|9270.0|14100.0|0.0|7200.0|0
19679|160000.0|2|1|1|34|-1|-1|-1|-1|-1|-1|430.0|430.0|430.0|850.0|3350.0|4874.0|430.0|430.0|850.0|3350.0|4874.0|9858.0|0
10541|200000.0|2|2|3|40|0|0|0|-1|0|-1|118728.0|110699.0|61827.0|35902.0|326.0|1446.0|4895.0|3927.0|35955.0|0.0|5826.0|4706.0|1
26932|30000.0|2|3|1|39|-1|2|-1|-1|-2|-2|1937.0|640.0|1751.0|0.0|0.0|0.0|0.0|1751.0|0.0|0.0|0.0|0.0|1
6816|40000.0|2|2|1|38|0|0|0|2|0|0|37539.0|38132.0|41217.0|40255.0|39135.0|37235.0|2000.0|4000.0|0.0|1700.0|3000.0|0.0|1
5004|240000.0|2|1|2|28|-2|-2|-2|-2|-2|-2|1981.0|-2076.0|-2076.0|-2076.0|-2076.0|-253.0|0.0|0.0|0.0|0.0|1823.0|0.0|0
6853|50000.0|1|2|2|41|0|0|0|0|0|0|48152.0|45974.0|44792.0|18649.0|16260.0|18745.0|2043.0|3000.0|14000.0|545.0|5000.0|308.0|0
14195|180000.0|2|3|2|42|0|0|0|0|0|0|67414.0|61256.0|66668.0|83568.0|90418.0|88898.0|10000.0|10000.0|17500.0|7000.0|25000.0|33600.0|0
24004|360000.0|2|2|1|37|-2|-2|-2|-2|-2|-2|-5.0|-5.0|-5.0|-5.0|-5.0|-5.0|0.0|0.0|0.0|0.0|0.0|0.0|0
3048|50000.0|1|2|2|34|0|0|0|0|-2|-2|50713.0|49402.0|44415.0|0.0|0.0|0.0|3000.0|1000.0|0.0|0.0|0.0|0.0|0
28574|120000.0|2|2|2|35|0|0|0|0|0|0|71708.0|72047.0|67080.0|68660.0|69411.0|2855.0|3200.0|3000.0|3700.0|3500.0|1000.0|68074.0|0
6206|20000.0|1|1|2|26|-1|-1|-1|-1|-1|-1|416.0|416.0|416.0|416.0|416.0|982.0|416.0|416.0|416.0|416.0|982.0|0.0|1
26131|30000.0|2|2|1|45|2|2|2|0|0|0|30330.0|30948.0|29480.0|28805.0|19733.0|16543.0|1400.0|0.0|928.0|602.0|768.0|1299.0|1
8088|180000.0|2|3|1|41|-1|-1|-1|-1|-2|-1|3600.0|5184.0|5719.0|0.0|0.0|7632.0|5184.0|5719.0|0.0|0.0|7632.0|0.0|0
5592|180000.0|2|1|1|38|2|0|0|0|0|0|183939.0|176737.0|179787.0|181918.0|169664.0|173169.0|8000.0|7900.0|6900.0|6200.0|6700.0|6700.0|1
8977|160000.0|2|2|1|40|0|0|2|0|0|2|137695.0|146193.0|139323.0|140719.0|143638.0|144482.0|12121.0|0.0|5100.0|10251.0|5205.0|0.0|0
9819|50000.0|1|3|1|41|1|2|2|0|0|0|85579.0|78993.0|69424.0|64201.0|58110.0|57337.0|3023.0|23.0|4023.0|2523.0|7926.0|102.0|0
7124|260000.0|2|1|2|29|-1|-1|-2|-1|-1|-1|470.0|0.0|0.0|550.0|880.0|1287.0|0.0|0.0|550.0|880.0|1287.0|925.0|1
26223|150000.0|2|1|2|37|-1|-1|-1|-1|0|0|20224.0|24837.0|4159.0|15089.0|2233.0|0.0|24840.0|4159.0|17589.0|0.0|0.0|500.0|0
20015|180000.0|2|2|2|30|0|0|0|0|0|0|43779.0|44213.0|44561.0|45130.0|47790.0|48222.0|1751.0|1712.0|1894.0|4000.0|1837.0|1711.0|0
19315|30000.0|2|3|1|24|2|0|0|0|0|0|27896.0|29938.0|30061.0|29621.0|27956.0|29484.0|2506.0|1748.0|1003.0|1022.0|2000.0|1000.0|0
10535|30000.0|1|2|2|25|1|2|2|2|2|2|26623.0|27703.0|26753.0|30107.0|30614.0|27190.0|1800.0|0.0|4100.0|900.0|0.0|40925.0|1
15263|80000.0|2|2|2|27|0|0|0|0|0|0|55647.0|57737.0|58577.0|60169.0|58426.0|58204.0|3000.0|3923.0|2500.0|2100.0|2200.0|2075.0|0
9974|120000.0|2|2|1|37|-1|-1|-2|-2|-2|-2|18486.0|0.0|0.0|0.0|0.0|0.0|0.0|0.0|0.0|0.0|0.0|0.0|0
25659|100000.0|1|2|1|50|0|0|0|0|0|0|95549.0|98909.0|81181.0|48194.0|40692.0|18110.0|5025.0|2939.0|18263.0|15761.0|418.0|583.0|0
27745|50000.0|2|1|2|27|2|3|2|2|2|2|12250.0|11761.0|12476.0|11979.0|12880.0|12531.0|0.0|1200.0|0.0|1100.0|0.0|1200.0|1
25260|260000.0|2|3|1|36|0|0|0|0|0|0|118028.0|113611.0|107853.0|103031.0|98487.0|77783.0|4379.0|3670.0|4000.0|4000.0|3000.0|3000.0|0
12314|80000.0|1|2|1|54|0|0|0|0|0|0|26730.0|24568.0|27979.0|22460.0|22743.0|22988.0|1500.0|3901.0|1001.0|1001.0|1001.0|1901.0|0
1553|180000.0|2|2|1|35|-1|-1|0|0|0|0|1175.0|5317.0|8388.0|8529.0|7739.0|3803.0|5317.0|3200.0|2700.0|2000.0|76.0|0.0|0
6052|80000.0|2|2|2|32|0|0|0|0|0|0|50189.0|57701.0|66736.0|74626.0|74092.0|59274.0|10000.0|10000.0|10104.0|5000.0|5000.0|5000.0|0
28981|360000.0|2|2|1|28|1|-2|-2|-2|-2|-2|0.0|0.0|0.0|0.0|0.0|0.0|0.0|0.0|0.0|0.0|0.0|0.0|0
11688|230000.0|2|3|2|30|0|0|0|0|0|0|1873.0|2778.0|4734.0|6642.0|8520.0|9869.0|1500.0|2000.0|2000.0|2000.0|1500.0|2000.0|1
1580|360000.0|1|1|1|38|0|0|0|-1|0|0|47026.0|88355.0|54913.0|25407.0|22179.0|337.0|48564.0|10072.0|25821.0|609.0|1.0|10425.0|0
5627|150000.0|2|2|2|23|0|0|-1|0|0|-2|15952.0|29836.0|1860.0|1535.0|0.0|0.0|20039.0|1860.0|0.0|0.0|0.0|0.0|0
2088|70000.0|1|2|2|25|0|0|0|0|0|0|23018.0|24044.0|25059.0|25559.0|26094.0|26612.0|1400.0|1415.0|915.0|947.0|952.0|986.0|0
5017|300000.0|2|2|1|38|0|-1|0|0|0|0|1250.0|940.0|11240.0|12137.0|15937.0|16437.0|940.0|10300.0|1200.0|4000.0|500.0|6000.0|0
26407|190000.0|2|2|2|44|0|0|0|0|0|0|162051.0|168517.0|169675.0|171908.0|153857.0|153988.0|17917.0|7601.0|7602.0|6010.0|6010.0|6001.0|0
11754|150000.0|2|1|2|29|-1|2|-1|-1|0|0|2599.0|1530.0|390.0|1366.0|780.0|0.0|0.0|390.0|1366.0|0.0|0.0|431.0|0
24429|10000.0|2|2|1|32|0|0|0|0|0|0|4695.0|5719.0|6733.0|7616.0|7779.0|8646.0|1103.0|1117.0|1000.0|286.0|1000.0|200.0|1
13878|80000.0|2|2|1|28|0|-1|-1|-1|-1|-1|8432.0|928.0|3602.0|5495.0|10059.0|5700.0|928.0|3602.0|5495.0|10109.0|5700.0|3502.0|0
28811|200000.0|1|3|1|43|-1|-1|-1|0|0|-1|1435.0|1270.0|3783.0|2522.0|1261.0|1436.0|1270.0|4000.0|0.0|0.0|1436.0|1261.0|0
1318|140000.0|1|1|1|47|0|0|0|0|0|0|109259.0|108015.0|107209.0|106353.0|100653.0|99546.0|5400.0|5211.0|4000.0|4000.0|4000.0|3600.0|0
10420|220000.0|2|1|2|29|0|0|0|0|0|0|47944.0|44914.0|46446.0|37604.0|15540.0|20330.0|5000.0|5008.0|7000.0|4000.0|5000.0|150.0|0
26019|450000.0|2|1|1|29|0|0|0|0|0|0|104457.0|68877.0|62223.0|65522.0|61413.0|63547.0|2489.0|2528.0|10179.0|10013.0|5183.0|5000.0|0
12058|120000.0|2|2|1|28|1|-2|-2|-2|-2|-2|0.0|0.0|0.0|0.0|0.0|0.0|0.0|0.0|0.0|0.0|0.0|0.0|0
1293|70000.0|2|2|1|28|1|3|2|2|2|0|29836.0|30856.0|30658.0|31850.0|31207.0|32037.0|1800.0|600.0|2000.0|0.0|1500.0|1500.0|1
28336|150000.0|1|1|1|35|-2|-2|-2|-2|-2|-2|5819.0|805.0|-48.0|8029.0|2188.0|9157.0|809.0|0.0|8077.0|2199.0|9202.0|2112.0|0
8841|180000.0|1|2|2|33|0|0|0|0|0|0|103956.0|103230.0|105945.0|111065.0|122028.0|125069.0|4100.0|4400.0|10000.0|12900.0|5000.0|5000.0|0
14565|420000.0|2|1|1|44|1|2|0|0|0|0|35545.0|34332.0|35097.0|33025.0|36945.0|37276.0|6.0|3016.0|1846.0|5005.0|2005.0|1462.0|0
24481|110000.0|2|2|1|37|0|0|0|0|0|0|20733.0|21738.0|22760.0|23466.0|24085.0|24584.0|1602.0|1624.0|1330.0|949.0|976.0|988.0|0
4809|380000.0|1|1|1|53|-2|-2|-2|-2|-2|-2|360.0|360.0|360.0|720.0|360.0|360.0|360.0|360.0|720.0|0.0|360.0|360.0|0
19126|100000.0|2|1|2|25|0|0|0|0|0|0|90976.0|93443.0|94192.0|95535.0|97945.0|93412.0|4000.0|3503.0|4000.0|4003.0|3500.0|3400.0|0
26060|30000.0|2|2|2|26|2|2|2|2|0|0|30028.0|26208.0|28804.0|22335.0|17448.0|17448.0|0.0|3400.0|0.0|0.0|0.0|0.0|1
4828|180000.0|1|1|2|30|1|-2|-2|-2|-1|-1|-203.0|-698.0|-193.0|-688.0|817.0|1157.0|0.0|1000.0|0.0|2000.0|1000.0|2000.0|1
18866|50000.0|2|2|1|47|0|0|0|0|-2|-2|32547.0|33481.0|26775.0|0.0|0.0|0.0|1582.0|1800.0|0.0|0.0|0.0|0.0|0
24271|360000.0|2|2|2|45|-2|-1|2|2|-2|-2|0.0|2500.0|2500.0|0.0|0.0|0.0|2500.0|0.0|0.0|0.0|0.0|0.0|0
10262|230000.0|1|1|2|34|-1|-1|-1|-1|-1|-1|476.0|476.0|476.0|476.0|476.0|4145.0|476.0|476.0|476.0|476.0|4145.0|476.0|0
17324|130000.0|2|3|2|50|-1|-1|-1|-1|0|0|390.0|52180.0|206.0|3265.0|5661.0|7026.0|107767.0|206.0|3265.0|3000.0|2000.0|2000.0|0
4292|30000.0|1|2|1|36|1|4|3|2|2|2|28083.0|27371.0|26645.0|25919.0|27535.0|28197.0|0.0|0.0|0.0|2038.0|1268.0|0.0|0
7434|120000.0|2|2|1|30|0|0|0|0|0|0|121038.0|121211.0|119339.0|122334.0|121254.0|122094.0|4700.0|4400.0|5000.0|4600.0|5000.0|4500.0|0
20987|50000.0|1|1|2|27|0|0|0|0|0|0|7010.0|9876.0|11115.0|12915.0|14415.0|0.0|3000.0|1500.0|2000.0|2000.0|0.0|0.0|0
18798|360000.0|2|2|1|49|0|0|-1|-1|-2|-2|13219.0|8644.0|454.0|-2.0|-2.0|-2.0|3050.0|456.0|0.0|0.0|0.0|519.0|1
13541|210000.0|2|2|2|41|0|0|0|0|0|0|165425.0|169174.0|171459.0|177590.0|180147.0|184084.0|8000.0|6500.0|9000.0|7000.0|7000.0|7000.0|0
28882|500000.0|2|1|2|28|0|0|0|0|0|0|302089.0|279409.0|258310.0|221792.0|201215.0|183739.0|10049.0|10106.0|9021.0|7029.0|9093.0|10018.0|0
9948|320000.0|2|1|1|36|-1|-1|2|2|-2|-2|7225.0|9336.0|945.0|-37.0|-37.0|-37.0|9386.0|13.0|0.0|0.0|0.0|7445.0|0
29069|200000.0|2|1|2|35|-2|-2|-2|-2|-2|-2|5956.0|7690.0|1530.0|3107.0|1683.0|5784.0|10402.0|1530.0|4000.0|1683.0|6031.0|4512.0|0
29341|290000.0|2|2|2|41|0|0|0|0|0|0|286391.0|140960.0|112394.0|113459.0|123967.0|131735.0|10000.0|5620.0|10000.0|20000.0|10000.0|10000.0|0
23997|70000.0|2|1|2|34|2|2|2|2|2|2|43357.0|44347.0|43357.0|46626.0|47562.0|48651.0|2000.0|0.0|4000.0|2000.0|2000.0|2000.0|1
21472|380000.0|1|1|2|32|0|0|0|0|0|0|387851.0|349973.0|689643.0|334456.0|329981.0|292421.0|13070.0|13000.0|26000.0|20095.0|11000.0|11000.0|0
17469|80000.0|2|3|1|30|1|-1|2|2|-2|-2|0.0|1684.0|1509.0|-357.0|-357.0|-357.0|1684.0|0.0|0.0|0.0|0.0|0.0|0
28047|320000.0|2|1|1|34|-2|-2|-1|0|0|0|5159.0|967.0|14331.0|16591.0|9433.0|398.0|967.0|14331.0|9433.0|0.0|0.0|3090.0|0
5770|90000.0|2|2|1|55|2|2|0|0|0|0|81998.0|83674.0|80890.0|31565.0|33049.0|22694.0|4003.0|3000.0|3000.0|3000.0|2000.0|2000.0|1
24361|20000.0|2|2|1|35|0|0|0|0|0|0|15284.0|15303.0|14724.0|15055.0|13389.0|11924.0|6230.0|1500.0|1500.0|500.0|1200.0|454.0|0
17090|180000.0|1|2|2|30|-1|-1|-1|2|-1|-1|3229.0|0.0|6709.0|6366.0|1950.0|1931.0|0.0|6709.0|0.0|1950.0|1931.0|16486.0|0
5948|60000.0|2|2|2|25|0|0|0|0|0|0|53447.0|51734.0|50293.0|26667.0|26608.0|27665.0|2025.0|5000.0|2000.0|1000.0|1500.0|1000.0|0
19608|290000.0|2|3|2|29|0|0|0|0|0|0|279804.0|279377.0|283202.0|283401.0|285291.0|287510.0|10000.0|11000.0|10000.0|10000.0|11000.0|11000.0|0
1446|330000.0|1|3|1|37|-2|-2|-2|-2|-2|-2|0.0|0.0|0.0|0.0|0.0|0.0|0.0|0.0|0.0|0.0|0.0|0.0|0
26731|20000.0|1|3|1|27|1|3|2|0|0|-2|20386.0|20757.0|19200.0|20000.0|0.0|0.0|1000.0|0.0|1000.0|0.0|0.0|0.0|0
11706|20000.0|1|1|2|30|-1|0|0|0|0|0|82812.0|85352.0|91161.0|92910.0|98710.0|150.0|2697.0|6000.0|3000.0|6000.0|150.0|1832.0|0
10504|260000.0|1|1|2|36|0|0|0|0|0|0|97626.0|99675.0|59934.0|61680.0|65403.0|66745.0|5195.0|2961.0|3000.0|5000.0|2700.0|2800.0|0
28270|90000.0|2|3|2|60|-1|-1|-1|0|0|0|1933.0|63201.0|5322.0|27878.0|27243.0|27799.0|63201.0|5322.0|26400.0|545.0|556.0|1274.0|0
17932|30000.0|2|2|1|26|2|0|0|0|0|2|25369.0|23073.0|21520.0|18669.0|15710.0|15308.0|1700.0|1600.0|700.0|1401.0|0.0|600.0|1
15576|120000.0|1|3|1|36|-1|-1|-1|-1|-1|0|326.0|326.0|326.0|326.0|652.0|326.0|326.0|326.0|326.0|652.0|0.0|290.0|0
24646|50000.0|1|2|2|40|0|0|0|0|0|0|60131.0|49486.0|41463.0|39577.0|32474.0|32303.0|3000.0|2000.0|2174.0|2000.0|2000.0|1500.0|0
13202|30000.0|1|1|2|30|0|0|0|0|0|0|29965.0|28841.0|28278.0|28770.0|29432.0|28949.0|2000.0|1700.0|2008.0|2000.0|7600.0|2000.0|0
26683|10000.0|1|2|2|22|1|2|2|2|2|2|6829.0|6571.0|8950.0|8658.0|9413.0|9117.0|0.0|2500.0|0.0|900.0|0.0|971.0|1
13774|200000.0|2|2|1|60|1|-2|-2|-2|-2|-2|0.0|0.0|0.0|0.0|0.0|0.0|0.0|0.0|0.0|0.0|0.0|0.0|1
22505|240000.0|2|1|1|41|0|0|0|0|0|0|129776.0|126395.0|129371.0|132218.0|136003.0|139798.0|5000.0|5000.0|5000.0|6000.0|6000.0|5098.0|0
1963|20000.0|1|1|2|37|0|0|0|0|0|0|66599.0|67259.0|69521.0|16970.0|17326.0|17688.0|2317.0|2579.0|606.0|628.0|649.0|623.0|1
6203|80000.0|1|1|2|27|0|0|0|0|0|-1|74413.0|76817.0|74554.0|43727.0|16307.0|1755.0|7000.0|3000.0|1400.0|326.0|1755.0|0.0|0
16012|150000.0|2|1|2|29|-1|0|-1|-1|2|0|1148.0|3019.0|100.0|802.0|802.0|702.0|2000.0|100.0|702.0|0.0|0.0|0.0|1
11608|20000.0|2|2|2|45|2|0|0|0|0|2|13696.0|15156.0|16183.0|16893.0|18200.0|17769.0|2000.0|1574.0|1284.0|1591.0|0.0|644.0|1
23922|380000.0|2|1|2|40|0|-1|-1|-1|-1|0|4366.0|2566.0|4174.0|-192.0|15011.0|12990.0|2566.0|4174.0|192.0|16350.0|2000.0|55500.0|1
9374|230000.0|2|1|2|26|-2|-1|-1|0|0|0|865.0|221.0|16601.0|17833.0|15708.0|10013.0|221.0|16601.0|1513.0|1000.0|350.0|500.0|0
7851|50000.0|1|1|1|35|0|0|0|0|0|0|40730.0|41283.0|28134.0|29208.0|7778.0|9790.0|4069.0|1500.0|1500.0|0.0|5000.0|0.0|0
6613|320000.0|2|1|1|41|0|0|0|0|0|0|95155.0|97797.0|99672.0|101953.0|102284.0|104090.0|4400.0|4520.0|5050.0|3590.0|3700.0|3750.0|0
19502|230000.0|2|3|1|33|0|0|0|0|0|0|233314.0|222220.0|210778.0|211132.0|179564.0|176949.0|8005.0|10002.0|15037.0|6500.0|16002.0|8002.0|0
22072|380000.0|2|2|1|35|-1|-1|-1|-1|-1|-1|2661.0|2022.0|1823.0|1823.0|1823.0|1198.0|2022.0|1823.0|1823.0|1823.0|1198.0|2068.0|0
9103|280000.0|2|1|1|57|-1|-1|-1|2|2|3|929.0|1669.0|5707.0|4795.0|5328.0|4969.0|1669.0|4795.0|0.0|4115.0|0.0|0.0|0
6930|80000.0|2|1|2|44|0|0|2|2|3|2|41630.0|48893.0|47831.0|57000.0|55489.0|57450.0|8000.0|0.0|10000.0|0.0|3000.0|2500.0|1
1073|10000.0|2|1|2|23|1|-2|-2|-2|-2|-2|0.0|0.0|0.0|0.0|0.0|0.0|0.0|0.0|0.0|0.0|0.0|0.0|0
3020|250000.0|2|1|2|28|0|0|0|0|-1|0|45687.0|31114.0|21867.0|13190.0|27817.0|22001.0|5000.0|1585.0|3028.0|27817.0|0.0|0.0|0
14500|580000.0|1|1|2|31|-1|-1|-1|-1|-1|-1|2507.0|2174.0|6527.0|1818.0|2227.0|2666.0|2190.0|6558.0|1825.0|2236.0|2678.0|1707.0|0
14891|340000.0|2|3|1|40|0|0|0|0|0|0|183139.0|179156.0|170491.0|158370.0|151685.0|143623.0|9000.0|9000.0|7000.0|6000.0|5400.0|5000.0|0
28340|200000.0|2|1|1|38|-2|-2|-2|-2|-2|-2|-3.0|687.0|2740.0|2044.0|1614.0|2066.0|690.0|2753.0|2054.0|1622.0|2076.0|578.0|0
16293|130000.0|2|3|2|24|2|2|3|2|2|2|49583.0|53275.0|51960.0|49723.0|47120.0|46188.0|5100.0|0.0|0.0|4500.0|0.0|1500.0|1
8147|220000.0|1|2|1|37|0|0|0|0|0|0|13429.0|15688.0|17922.0|20111.0|22261.0|24392.0|2500.0|2500.0|2500.0|2500.0|2500.0|2500.0|0
25351|250000.0|1|1|1|71|0|0|0|0|0|0|177484.0|177946.0|159849.0|145461.0|141487.0|147705.0|6243.0|5446.0|4721.0|4385.0|7805.0|200.0|0
11633|80000.0|1|3|2|30|0|0|0|0|0|0|78010.0|5976.0|5812.0|4788.0|3758.0|3812.0|1106.0|1060.0|154.0|147.0|127.0|52.0|1
28041|240000.0|2|2|1|29|0|0|0|0|0|0|81274.0|83030.0|84945.0|65601.0|66901.0|68086.0|3101.0|3385.0|2377.0|2387.0|2472.0|2475.0|0
14807|250000.0|1|1|1|71|0|0|0|0|0|0|173907.0|177484.0|177946.0|159849.0|145461.0|141487.0|6504.0|6243.0|5446.0|4721.0|4385.0|7805.0|0
27022|240000.0|2|1|2|33|-1|0|0|0|0|0|153062.0|156122.0|159998.0|161434.0|163403.0|167230.0|7000.0|8000.0|7000.0|6000.0|8000.0|7000.0|0
21867|10000.0|1|2|2|34|0|0|0|0|0|0|8097.0|9109.0|10125.0|10327.0|10552.0|18836.0|1151.0|2167.0|369.0|391.0|436.0|200.0|0
7430|100000.0|2|3|1|28|-2|-2|-2|-2|-2|-2|3166.0|6896.0|416.0|416.0|416.0|412.0|6896.0|416.0|416.0|416.0|412.0|1223.0|0
2045|500000.0|1|1|1|42|0|0|0|-1|-1|0|47556.0|36675.0|9739.0|579.0|53599.0|25276.0|2016.0|1049.0|767.0|87150.0|931.0|1068.0|0
14007|500000.0|1|1|1|40|2|2|2|0|0|2|267116.0|271396.0|265433.0|270868.0|285667.0|290318.0|10100.0|0.0|9932.0|19502.0|9600.0|10031.0|1
4839|80000.0|1|2|1|34|1|2|2|0|0|0|64575.0|65961.0|64308.0|65047.0|66504.0|74360.0|3000.0|0.0|2400.0|2500.0|9000.0|0.0|0
11733|140000.0|1|1|2|41|2|2|2|0|0|0|138379.0|143684.0|139902.0|142729.0|142406.0|142694.0|9000.0|0.0|6800.0|40000.0|5600.0|5900.0|1
13734|100000.0|2|2|1|28|-1|-1|-1|-1|-1|-1|316.0|316.0|316.0|316.0|2588.0|782.0|316.0|316.0|316.0|2588.0|1098.0|0.0|1
21996|230000.0|1|2|2|32|0|0|0|0|0|0|49619.0|43435.0|41719.0|38072.0|33802.0|30435.0|2072.0|1689.0|1046.0|1025.0|928.0|277.0|0
25650|320000.0|2|1|2|27|1|2|2|2|2|2|43243.0|42537.0|41370.0|40694.0|39606.0|38680.0|2000.0|1500.0|2000.0|1500.0|1500.0|0.0|1
24338|500000.0|2|1|1|47|-2|-2|-2|-2|-2|-2|97832.0|47708.0|131063.0|131508.0|182843.0|10790.0|27369.0|135784.0|15000.0|75550.0|216.0|27183.0|0
18812|250000.0|2|3|3|49|1|2|2|0|0|0|260260.0|262132.0|240448.0|186817.0|185488.0|184091.0|13000.0|0.0|6672.0|7000.0|7000.0|9000.0|0
29958|260000.0|1|2|1|34|0|0|0|0|0|0|186189.0|176135.0|130369.0|68014.0|68529.0|69741.0|6203.0|5704.0|2411.0|2412.0|3100.0|3600.0|1
28876|230000.0|2|2|1|56|-2|-2|-2|-2|-2|-2|10511.0|2381.0|2580.0|48310.0|6390.0|7194.0|2381.0|2580.0|48342.0|6390.0|7194.0|13250.0|1
25052|380000.0|1|2|1|38|-2|-2|-2|-1|-1|-2|0.0|0.0|990.0|2086.0|0.0|4069.0|0.0|990.0|2086.0|0.0|4069.0|10000.0|0
12667|70000.0|2|2|1|27|2|0|0|0|0|0|76062.0|73367.0|70935.0|52943.0|50971.0|50681.0|3000.0|3500.0|5450.0|5900.0|3100.0|2650.0|1
29368|50000.0|2|1|2|33|0|0|2|2|2|2|25123.0|27773.0|28627.0|32708.0|31886.0|33808.0|3400.0|1600.0|4900.0|0.0|2600.0|1500.0|1
27692|230000.0|1|1|1|48|0|0|0|0|0|0|160879.0|161797.0|165107.0|105508.0|108101.0|110094.0|7000.0|6607.0|3773.0|4290.0|4164.0|2000.0|0
5241|30000.0|1|1|1|45|1|2|2|2|3|2|25829.0|25121.0|27988.0|30515.0|29738.0|29126.0|0.0|3600.0|3300.0|0.0|0.0|1100.0|0
14797|80000.0|1|1|2|35|0|0|0|0|0|0|52132.0|52568.0|54108.0|55310.0|48198.0|43536.0|3000.0|3000.0|3000.0|2000.0|2000.0|2000.0|0
1910|340000.0|2|1|1|40|-1|-1|-1|-1|-1|-1|1600.0|93661.0|41533.0|15711.0|1338.0|6800.0|93661.0|41634.0|15711.0|1338.0|6800.0|3750.0|0
9135|20000.0|1|2|1|47|0|0|0|2|2|2|10628.0|11650.0|14252.0|13678.0|15041.0|14751.0|1200.0|2800.0|0.0|1500.0|0.0|1000.0|1
16174|90000.0|1|3|2|23|3|2|0|0|0|0|92154.0|87700.0|61110.0|14223.0|9784.0|5155.0|0.0|2200.0|1000.0|477.0|103.0|0.0|1
5747|140000.0|2|2|2|23|0|0|0|0|0|0|44733.0|44144.0|44739.0|43455.0|43980.0|44614.0|2100.0|2027.0|1800.0|1600.0|1750.0|1700.0|0
23359|140000.0|2|1|2|24|1|-2|-2|-2|-1|-1|0.0|0.0|0.0|0.0|1086.0|0.0|0.0|0.0|0.0|1086.0|0.0|0.0|0
15411|320000.0|1|1|2|31|1|-2|-2|-2|-2|-2|-6029.0|-9119.0|-46127.0|-50616.0|-53007.0|-94625.0|185.0|28.0|12.0|208.0|8.0|14.0|1
8475|90000.0|2|2|2|30|0|0|0|0|2|2|75382.0|73980.0|75036.0|77094.0|75708.0|76610.0|3350.0|3300.0|5500.0|1600.0|3950.0|0.0|1
1914|450000.0|1|1|2|28|-1|0|0|0|-1|-1|9845.0|11991.0|17111.0|19585.0|9756.0|3282.0|3000.0|10000.0|3000.0|10000.0|3300.0|326.0|0
16801|200000.0|1|3|2|30|-2|-2|-2|-2|-2|-2|0.0|680.0|1100.0|1500.0|1402.0|0.0|680.0|1100.0|1500.0|1402.0|0.0|0.0|0
1605|420000.0|1|2|1|43|0|0|0|0|0|0|36590.0|44670.0|60376.0|30099.0|66049.0|61043.0|42063.0|30253.0|20016.0|40015.0|30004.0|3000.0|0
8965|140000.0|1|3|1|58|2|0|0|0|0|0|98985.0|98702.0|96753.0|94310.0|92182.0|88818.0|4520.0|4034.0|5050.0|6034.0|3202.0|5000.0|0
21608|50000.0|1|2|1|45|0|0|0|0|0|0|42614.0|38426.0|38318.0|17331.0|14916.0|18459.0|10016.0|20070.0|3006.0|6002.0|5000.0|2500.0|0
20600|330000.0|1|1|1|53|1|-2|-1|-1|-1|0|-317.0|-2066.0|-3283.0|3542.0|7643.0|9584.0|569.0|817.0|6976.0|7645.0|2188.0|7.0|0
11560|140000.0|2|2|2|26|0|0|0|0|0|2|131335.0|128760.0|118310.0|120719.0|126470.0|124342.0|5864.0|5756.0|5868.0|9275.0|0.0|4712.0|0
27636|220000.0|1|1|1|48|3|2|2|-2|-2|-2|2500.0|2500.0|0.0|0.0|0.0|0.0|0.0|0.0|0.0|0.0|0.0|0.0|1
22713|200000.0|1|3|1|36|-1|-1|-1|-1|-1|-1|5308.0|3959.0|13868.0|4094.0|2247.0|17794.0|3981.0|13909.0|4106.0|2253.0|17847.0|2123.0|0
28114|360000.0|2|2|1|59|1|-2|-2|-2|-2|-2|0.0|0.0|0.0|0.0|0.0|0.0|0.0|0.0|0.0|0.0|0.0|0.0|1
18001|260000.0|1|1|1|37|0|0|0|0|0|0|244736.0|249018.0|253704.0|255353.0|175022.0|130299.0|10000.0|10000.0|5000.0|5000.0|5000.0|3200.0|1
22997|140000.0|2|2|2|35|1|2|0|0|0|0|148305.0|141907.0|141940.0|113028.0|112667.0|112318.0|0.0|7000.0|3923.0|4000.0|4100.0|4788.0|0
14707|130000.0|1|3|2|33|0|0|0|0|0|0|92457.0|95365.0|98095.0|100796.0|102504.0|104089.0|6000.0|5000.0|5000.0|4000.0|4000.0|5000.0|0
11839|230000.0|1|2|2|50|1|2|0|0|0|0|23674.0|23027.0|24185.0|25238.0|29803.0|34312.0|0.0|2000.0|1435.0|5000.0|5000.0|6000.0|1
2973|220000.0|1|1|2|29|0|0|0|0|0|0|26012.0|25916.0|24998.0|23965.0|23865.0|23667.0|1410.0|1417.0|1333.0|731.0|1019.0|1045.0|0
5419|150000.0|1|3|1|62|1|-2|-2|-2|-2|-2|0.0|0.0|0.0|0.0|0.0|0.0|0.0|0.0|0.0|0.0|0.0|0.0|0
15051|120000.0|1|2|2|28|-1|-1|-1|-1|-1|-1|4310.0|3905.0|2411.0|1925.0|2943.0|6249.0|3905.0|2411.0|1925.0|2943.0|6249.0|1780.0|1
26152|210000.0|2|1|2|35|-2|-2|-2|-2|-2|-2|0.0|0.0|0.0|820.0|0.0|0.0|0.0|0.0|820.0|0.0|0.0|0.0|0
5781|50000.0|2|1|2|25|0|0|0|0|0|2|42543.0|34629.0|27095.0|18538.0|20100.0|19630.0|1900.0|1428.0|600.0|3000.0|0.0|1000.0|0
26690|240000.0|2|2|2|30|0|0|0|0|0|0|89009.0|71169.0|67528.0|64238.0|65521.0|65829.0|3071.0|2390.0|2311.0|2330.0|2392.0|2504.0|0
23472|320000.0|1|1|1|46|-2|-2|-2|-2|-2|-2|2790.0|3266.0|12186.0|1403.0|24305.0|7463.0|3349.0|12253.0|3290.0|11465.0|7537.0|1966.0|0
28671|200000.0|2|2|2|37|-1|-1|-1|-1|0|-1|4037.0|3913.0|6336.0|5361.0|4950.0|2413.0|3913.0|6336.0|5361.0|3000.0|2502.0|3603.0|0
16968|110000.0|1|1|1|40|1|-2|-1|0|-1|-1|0.0|0.0|2066.0|2000.0|216.0|216.0|0.0|2066.0|0.0|216.0|216.0|66.0|1
9567|240000.0|1|3|1|40|2|3|3|2|2|2|213732.0|217347.0|217329.0|211132.0|219202.0|223434.0|8500.0|5000.0|0.0|16000.0|8000.0|0.0|1
10870|390000.0|1|2|1|35|0|-1|-1|0|0|0|33808.0|15275.0|17331.0|78340.0|76892.0|57954.0|15347.0|17375.0|70077.0|15103.0|3290.0|16153.0|0
4390|360000.0|2|2|1|40|0|0|0|0|0|0|352583.0|343476.0|279728.0|264189.0|271688.0|288740.0|10461.0|10212.0|8000.0|10000.0|20000.0|10000.0|0
20642|260000.0|2|1|2|53|0|0|0|0|0|0|235073.0|235704.0|198181.0|143561.0|110982.0|72514.0|30000.0|10087.0|6030.0|5001.0|10002.0|148.0|0
8331|150000.0|1|2|2|22|-1|0|0|0|0|0|82791.0|82533.0|77002.0|45340.0|36352.0|36499.0|3187.0|2381.0|1579.0|1265.0|1584.0|597.0|0
19362|450000.0|2|6|1|51|-1|-1|-1|-1|-1|-1|144396.0|150396.0|396.0|396.0|396.0|546.0|6396.0|396.0|396.0|396.0|546.0|396.0|0
24021|80000.0|2|2|2|27|0|0|0|0|0|0|83120.0|51347.0|44878.0|42108.0|28316.0|29523.0|1764.0|1906.0|2000.0|2000.0|2000.0|2000.0|0
28063|140000.0|1|2|1|41|2|2|2|2|2|2|73259.0|75063.0|73305.0|78454.0|79571.0|78176.0|3600.0|0.0|7000.0|3000.0|0.0|8000.0|1
13982|200000.0|2|1|2|26|-1|0|-1|0|-1|-1|980.0|2980.0|3438.0|2102.0|38.0|0.0|2000.0|3438.0|50.0|38.0|0.0|0.0|0
24206|80000.0|2|2|2|28|0|0|0|0|0|0|79688.0|78165.0|68579.0|50312.0|44277.0|44488.0|2800.0|2398.0|2000.0|2000.0|1700.0|2005.0|0
4233|200000.0|2|1|2|27|-2|-2|-2|-2|-2|-2|0.0|0.0|0.0|0.0|0.0|0.0|0.0|0.0|0.0|0.0|0.0|0.0|1
6301|310000.0|2|2|2|31|0|0|0|0|0|0|14015.0|15377.0|16393.0|14855.0|12662.0|9628.0|2000.0|1300.0|1461.0|1000.0|2000.0|2000.0|0
12956|210000.0|2|3|1|42|1|-1|-1|0|0|-1|0.0|1200.0|12466.0|16870.0|17741.0|13049.0|1200.0|12466.0|6004.0|6000.0|7282.0|9731.0|1
26267|90000.0|2|2|1|27|-1|-1|0|0|0|0|1767.0|17684.0|18382.0|21415.0|6654.0|10323.0|17684.0|3000.0|5000.0|3000.0|5000.0|7000.0|0
28597|350000.0|1|2|1|38|1|2|0|0|2|0|70845.0|69318.0|71301.0|75129.0|71313.0|68046.0|0.0|3500.0|5500.0|0.0|2500.0|2000.0|0
13625|100000.0|2|2|1|36|-1|0|-1|-1|-1|-1|5788.0|5802.0|14562.0|6930.0|5958.0|1448.0|1600.0|14562.0|6969.0|5958.0|1448.0|101434.0|0
27593|240000.0|1|2|1|41|0|0|0|0|0|0|238902.0|241717.0|240041.0|231036.0|194520.0|195392.0|8135.0|8685.0|10252.0|7016.0|7033.0|7019.0|1
1012|20000.0|2|1|1|30|2|2|2|0|0|0|5766.0|7511.0|7678.0|7318.0|7458.0|7598.0|2000.0|500.0|0.0|500.0|500.0|0.0|1
25318|20000.0|2|3|1|39|1|2|2|2|2|0|8562.0|9478.0|8198.0|9752.0|9447.0|10290.0|1200.0|0.0|1700.0|0.0|1000.0|1500.0|1
6393|140000.0|1|1|2|30|0|0|-2|-2|-1|-1|5600.0|0.0|0.0|0.0|5302.0|10251.0|0.0|0.0|0.0|5302.0|5251.0|0.0|0
29164|90000.0|2|1|2|28|1|2|2|2|2|0|56889.0|55407.0|64428.0|64767.0|65579.0|67328.0|0.0|10000.0|2000.0|2000.0|3000.0|3000.0|1
11095|20000.0|2|2|1|33|2|0|0|0|0|0|18075.0|19075.0|19106.0|18467.0|19018.0|19383.0|1600.0|1601.0|810.0|1000.0|692.0|647.0|1
4307|300000.0|2|1|2|38|0|0|2|-1|-1|-1|15001.0|12751.0|2318.0|3792.0|11977.0|29127.0|2318.0|0.0|3792.0|11977.0|29127.0|16600.0|1
21276|140000.0|1|1|1|55|1|-2|-2|-2|-2|-2|0.0|0.0|0.0|0.0|0.0|0.0|0.0|0.0|0.0|0.0|0.0|0.0|1
27233|270000.0|2|1|2|28|0|0|0|0|0|0|70587.0|70279.0|69339.0|67497.0|68446.0|69799.0|3015.0|3000.0|2500.0|2435.0|3000.0|4000.0|0
16908|360000.0|2|1|2|32|-1|-1|-1|0|0|0|13819.0|2148.0|34766.0|14138.0|14690.0|19792.0|2148.0|34766.0|2005.0|2190.0|7300.0|20296.0|0
12334|380000.0|1|1|2|27|-1|0|0|0|0|0|73903.0|66541.0|58665.0|43837.0|72069.0|61925.0|2924.0|2555.0|1515.0|37056.0|2413.0|1522.0|0
27130|20000.0|2|3|1|31|-1|5|4|3|2|0|14320.0|13815.0|13403.0|12888.0|12019.0|11500.0|0.0|86.0|0.0|0.0|435.0|480.0|1
21002|30000.0|2|2|1|60|1|-2|-2|-2|-2|-2|0.0|0.0|0.0|0.0|0.0|0.0|0.0|0.0|0.0|0.0|0.0|0.0|0
21637|20000.0|2|3|1|56|0|0|2|2|3|4|6949.0|8823.0|10523.0|12043.0|13542.0|14728.0|2000.0|2000.0|2000.0|2000.0|2000.0|2000.0|1
15153|420000.0|1|1|1|43|-2|-2|-2|-2|-2|-2|3542.0|2967.0|2977.0|2987.0|3624.0|3165.0|3010.0|3035.0|3029.0|3637.0|3222.0|3025.0|0
6367|400000.0|2|1|2|28|-1|-1|-1|-1|-1|2|1026.0|8968.0|1600.0|8799.0|6171.0|4921.0|9066.0|1608.0|9070.0|1001.0|3.0|2214.0|0
27530|20000.0|1|6|2|27|-1|-1|-1|-1|-1|-1|543.0|2070.0|370.0|-20.0|780.0|0.0|1100.0|5193.0|0.0|800.0|0.0|0.0|0
21255|320000.0|1|2|1|37|0|0|0|0|0|0|188106.0|178067.0|178018.0|172200.0|164032.0|165857.0|6496.0|6343.0|6003.0|5967.0|6525.0|5167.0|0
11156|20000.0|2|3|2|46|-1|-1|-1|-1|-1|-1|942.0|942.0|9849.0|3870.0|6630.0|1170.0|942.0|9849.0|3870.0|6700.0|4780.0|150.0|0
9121|80000.0|1|3|1|60|0|0|0|0|0|0|68085.0|70604.0|26890.0|27450.0|27634.0|28216.0|10000.0|1500.0|1000.0|1100.0|1041.0|1500.0|0
5069|270000.0|1|1|2|27|0|0|0|0|0|0|176380.0|188744.0|194534.0|199524.0|203514.0|208396.0|15000.0|10000.0|7841.0|6930.0|7800.0|7730.0|0
18042|50000.0|2|1|2|37|0|0|0|-1|0|0|43886.0|50411.0|9688.0|857.0|3810.0|4741.0|2500.0|7026.0|1000.0|3000.0|1000.0|1000.0|0
8326|100000.0|1|1|2|34|-1|-1|-1|-1|0|0|43128.0|6164.0|3775.0|22690.0|21288.0|9289.0|6200.0|3775.0|22690.0|0.0|0.0|62588.0|0
22810|360000.0|2|1|1|32|0|0|0|0|0|0|317024.0|313710.0|299059.0|281436.0|274358.0|270877.0|11200.0|12112.0|11500.0|9600.0|10005.0|9651.0|0
14100|80000.0|1|1|2|25|-1|-1|2|-1|-1|-1|825.0|1650.0|825.0|825.0|825.0|825.0|1650.0|0.0|825.0|825.0|825.0|0.0|0
24650|20000.0|2|2|1|32|0|0|0|-2|-2|-2|16434.0|17191.0|0.0|0.0|0.0|0.0|1500.0|0.0|0.0|0.0|0.0|8000.0|0
3142|50000.0|1|2|2|39|0|0|0|0|0|0|26842.0|23540.0|16980.0|16908.0|17327.0|17895.0|2500.0|2010.0|1500.0|1000.0|1000.0|900.0|0
13066|30000.0|1|1|2|49|0|0|0|2|0|0|25144.0|25831.0|29122.0|28277.0|20390.0|20555.0|1500.0|4500.0|0.0|900.0|1000.0|2000.0|0
6504|50000.0|1|3|1|38|0|0|0|0|0|0|10825.0|11377.0|10760.0|10973.0|10693.0|9888.0|1500.0|1155.0|368.0|372.0|356.0|500.0|0
16251|100000.0|2|2|1|34|3|2|2|2|2|2|39192.0|39951.0|39030.0|43381.0|43771.0|44626.0|1700.0|0.0|5000.0|1400.0|1700.0|300.0|0
18419|310000.0|2|2|2|27|1|2|0|0|2|0|192910.0|188501.0|190938.0|202835.0|199417.0|203830.0|0.0|7000.0|15001.0|1.0|8001.0|8001.0|0
792|400000.0|1|1|1|39|0|0|-1|0|0|0|10260.0|17794.0|6402.0|20772.0|12406.0|10945.0|12201.0|6430.0|20118.0|5037.0|5054.0|3104.0|0
3661|230000.0|2|2|1|28|0|0|0|0|0|0|54228.0|21092.0|18481.0|15609.0|5802.0|72049.0|1500.0|1139.0|600.0|800.0|70196.0|3000.0|0
9084|400000.0|1|1|2|32|-1|-1|-1|0|0|0|3919.0|-8477.0|247784.0|258900.0|225614.0|228219.0|0.0|258900.0|20170.0|17000.0|10000.0|10000.0|0
20053|30000.0|1|2|1|45|1|2|2|0|0|2|14286.0|15304.0|14766.0|14763.0|16662.0|16247.0|1542.0|0.0|539.0|2148.0|0.0|724.0|1
29120|60000.0|2|2|2|26|0|0|0|0|0|-2|23911.0|25181.0|26513.0|7028.0|-1073.0|-1073.0|1668.0|2000.0|1500.0|0.0|0.0|22000.0|0
4375|420000.0|2|2|1|29|0|0|0|0|0|0|56255.0|121215.0|132536.0|131704.0|331059.0|328958.0|71536.0|12536.0|11704.0|212059.0|12958.0|12819.0|0
28485|160000.0|2|1|2|33|2|2|2|2|2|2|132510.0|128981.0|138289.0|134773.0|142913.0|146003.0|0.0|13000.0|200.0|10500.0|5600.0|5200.0|1
15370|380000.0|1|1|2|42|0|0|0|2|-1|0|1837.0|4791.0|6697.0|2700.0|1218.0|1533.0|3000.0|2000.0|0.0|1218.0|700.0|500.0|0
13018|90000.0|1|1|2|23|0|0|0|-1|0|0|4744.0|7070.0|0.0|5398.0|6360.0|8292.0|5757.0|0.0|5398.0|1200.0|2045.0|2000.0|0
16731|60000.0|1|2|1|51|0|0|0|0|0|0|60557.0|58563.0|27436.0|29752.0|30351.0|28871.0|3040.0|3000.0|3000.0|4000.0|2000.0|3000.0|0
4343|60000.0|2|2|2|35|0|0|0|-1|0|0|42174.0|40510.0|20513.0|22123.0|17094.0|18668.0|3090.0|10709.0|22154.0|1000.0|2000.0|700.0|0
1840|130000.0|1|2|2|27|0|0|0|0|-1|0|131406.0|125858.0|118536.0|34394.0|66701.0|58437.0|5000.0|3572.0|3153.0|69200.0|2500.0|10000.0|1
14917|10000.0|1|2|1|35|0|0|0|0|0|0|5828.0|7717.0|8830.0|9687.0|10025.0|10400.0|2000.0|1400.0|1162.0|500.0|600.0|0.0|0
14114|280000.0|2|1|2|30|-1|-1|-1|-1|-1|-1|29989.0|168.0|1206.0|300.0|460.0|861.0|168.0|1206.0|300.0|460.0|861.0|7595.0|1
14706|220000.0|1|2|1|40|2|2|0|0|0|0|222418.0|206473.0|208464.0|175407.0|175170.0|174726.0|4.0|8027.0|6218.0|6220.0|6316.0|6504.0|0
6988|210000.0|2|1|2|31|0|0|0|0|0|0|182501.0|187796.0|190227.0|127436.0|129714.0|131440.0|9000.0|8000.0|5000.0|5000.0|5000.0|5000.0|0
8975|30000.0|1|1|2|24|0|0|0|0|0|0|28495.0|29632.0|30629.0|29357.0|30143.0|30419.0|1900.0|1800.0|1045.0|1250.0|1100.0|1100.0|0
219|50000.0|2|2|1|28|0|0|2|2|0|0|56701.0|57421.0|54587.0|49571.0|50028.0|17159.0|5000.0|2000.0|0.0|1809.0|35082.0|2000.0|0
9982|500000.0|2|2|1|54|-2|-2|-2|-2|-2|-2|10929.0|4152.0|22722.0|7521.0|71439.0|8981.0|4152.0|22827.0|7521.0|71439.0|981.0|51582.0|0
21794|80000.0|2|3|1|49|0|0|0|0|0|0|61267.0|61300.0|61001.0|58759.0|58212.0|56534.0|2179.0|2226.0|2004.0|2132.0|2030.0|2057.0|0
1468|20000.0|2|2|1|49|1|2|0|0|0|0|19127.0|16943.0|18359.0|19000.0|19600.0|19600.0|0.0|2000.0|1400.0|1000.0|0.0|0.0|0
18824|120000.0|2|1|1|31|-1|-1|2|0|0|-2|413.0|4480.0|2080.0|2280.0|0.0|0.0|4269.0|0.0|200.0|0.0|0.0|0.0|0
26397|140000.0|2|3|1|44|1|-1|-1|-1|-1|-1|-9.0|900.0|311.0|7867.0|1031.0|1117.0|909.0|311.0|7867.0|1031.0|1117.0|0.0|0
69|50000.0|2|3|2|36|0|0|0|0|0|0|49889.0|50326.0|50687.0|37200.0|29838.0|30062.0|1952.0|1703.0|1444.0|1027.0|1053.0|1077.0|0
17457|170000.0|2|2|1|42|0|0|0|0|0|0|37772.0|38862.0|39914.0|40559.0|41953.0|42210.0|2000.0|2000.0|1610.0|2200.0|1600.0|1600.0|0
18000|20000.0|1|2|1|28|0|0|0|0|0|0|18941.0|16568.0|17222.0|18045.0|18083.0|18123.0|1500.0|1300.0|1500.0|700.0|700.0|2600.0|0
2477|360000.0|2|1|2|29|1|-2|-2|-2|-2|-2|0.0|0.0|0.0|0.0|0.0|0.0|0.0|0.0|0.0|0.0|0.0|0.0|0
13915|390000.0|2|1|2|31|0|0|0|0|0|0|50620.0|43220.0|44237.0|46495.0|47751.0|51941.0|5000.0|3000.0|3000.0|2000.0|5000.0|5000.0|0
24317|60000.0|1|2|2|32|0|0|0|0|0|0|51934.0|40855.0|37742.0|29450.0|8850.0|0.0|2000.0|2000.0|1400.0|200.0|600.0|0.0|0
26455|350000.0|1|1|1|55|-1|-1|-1|-1|-1|-1|3297.0|11634.0|12952.0|39274.0|5474.0|14837.0|11637.0|12991.0|39278.0|6000.0|14837.0|931.0|0
16655|80000.0|1|3|1|41|1|-1|0|0|0|-1|-1645.0|78379.0|76304.0|52774.0|11855.0|48944.0|85900.0|3409.0|1178.0|1926.0|52964.0|1804.0|1
20725|70000.0|2|3|1|37|0|0|0|0|0|0|74117.0|72168.0|70177.0|65735.0|55468.0|53266.0|2589.0|2511.0|2254.0|2000.0|2000.0|1766.0|0
14510|500000.0|1|3|1|48|0|0|0|0|2|-1|36875.0|26031.0|32389.0|32830.0|17191.0|72198.0|1192.0|32382.0|2011.0|0.0|72198.0|10000.0|0
27887|50000.0|1|2|3|48|2|2|2|2|2|0|42850.0|42850.0|45741.0|45694.0|45645.0|46457.0|1000.0|3900.0|1000.0|1000.0|1700.0|4500.0|1
26721|200000.0|2|1|1|29|-1|-1|-1|-1|-1|-1|188.0|2210.0|2451.0|3043.0|1542.0|0.0|2215.0|2451.0|3043.0|1542.0|0.0|0.0|0
24951|240000.0|1|2|2|30|-2|-2|-1|-1|-1|-1|53812.0|2000.0|2396.0|4657.0|2452.0|2418.0|2010.0|2613.0|5076.0|2464.0|2428.0|4170.0|0
26088|20000.0|1|2|2|22|0|0|2|0|0|0|8134.0|9992.0|10526.0|11049.0|11865.0|12665.0|2000.0|1000.0|1000.0|1000.0|1000.0|8100.0|0
13460|10000.0|1|2|2|42|1|2|0|0|0|0|9980.0|9178.0|7912.0|4838.0|10096.0|10112.0|1000.0|1517.0|194.0|6700.0|1000.0|1500.0|1
18280|210000.0|2|2|1|29|0|0|0|0|0|0|209807.0|123664.0|51353.0|43485.0|44784.0|45685.0|5088.0|2000.0|1600.0|2000.0|1800.0|1807.0|1
23573|200000.0|2|3|1|29|-1|-1|-2|-2|-2|-1|161.0|0.0|0.0|0.0|0.0|1063.0|0.0|0.0|0.0|0.0|1063.0|1089.0|0
5416|30000.0|2|1|1|30|0|0|0|0|0|2|28289.0|29537.0|29378.0|22692.0|24169.0|23782.0|2013.0|1440.0|800.0|1800.0|108.0|1130.0|0
18052|50000.0|2|2|1|26|0|0|0|0|0|-1|49378.0|49744.0|40859.0|20706.0|-1166.0|19133.0|2500.0|1500.0|1206.0|0.0|20689.0|697.0|0
28729|180000.0|2|3|1|35|0|0|0|0|0|0|133733.0|92955.0|90159.0|68789.0|26614.0|27528.0|3514.0|3569.0|3204.0|1000.0|1310.0|4459.0|0
8480|200000.0|2|1|1|38|0|0|0|0|0|0|13311.0|10781.0|9592.0|9585.0|8177.0|7136.0|1711.0|1411.0|2531.0|5007.0|507.0|506.0|0
14077|220000.0|2|1|2|30|-1|-1|-1|-1|-1|2|2731.0|3403.0|5990.0|7767.0|42731.0|33266.0|3403.0|5990.0|7767.0|40645.0|0.0|4622.0|0
10709|220000.0|1|3|1|39|0|0|0|0|0|-1|192815.0|208365.0|88004.0|31237.0|15980.0|529.0|20000.0|5003.0|3047.0|5000.0|1000.0|81000.0|0
26950|30000.0|2|2|2|22|0|0|0|0|0|0|24426.0|25429.0|26491.0|27132.0|27672.0|28253.0|1712.0|1774.0|1415.0|955.0|991.0|1358.0|0
22165|70000.0|2|3|2|42|0|0|2|0|0|0|69362.0|71775.0|70050.0|70415.0|48405.0|46514.0|6000.0|0.0|3000.0|1000.0|1500.0|2000.0|1
6088|80000.0|1|2|2|27|0|0|0|0|0|0|40612.0|41934.0|43261.0|44537.0|45794.0|47893.0|2000.0|2000.0|2000.0|2000.0|3000.0|4000.0|0
20627|30000.0|2|2|1|26|1|2|0|0|0|0|30349.0|29580.0|30121.0|12787.0|6840.0|2250.0|0.0|1200.0|256.0|137.0|45.0|0.0|0
3550|430000.0|1|2|1|38|-2|-2|-2|-2|-2|-2|18517.0|23565.0|34028.0|28407.0|33608.0|52015.0|23565.0|34028.0|28418.0|33651.0|52015.0|21000.0|0
11968|70000.0|2|2|1|33|0|0|0|0|0|0|52901.0|43981.0|33439.0|24926.0|10681.0|7431.0|2011.0|1683.0|3160.0|3000.0|3000.0|5060.0|0
5044|30000.0|2|2|2|24|0|0|0|0|0|0|27690.0|28543.0|8536.0|9497.0|29046.0|29873.0|1578.0|1239.0|1200.0|25000.0|1200.0|0.0|0
8786|200000.0|2|2|1|32|0|0|-2|-2|-2|-2|10701.0|0.0|0.0|0.0|0.0|0.0|0.0|0.0|0.0|0.0|0.0|0.0|0
23123|200000.0|2|5|2|29|-2|-2|-2|-2|-2|-2|2618.0|784.0|611.0|0.0|0.0|150.0|784.0|611.0|0.0|0.0|150.0|478.0|0
11142|180000.0|2|1|1|35|0|0|0|0|0|0|47603.0|48705.0|50140.0|60607.0|67976.0|20412.0|5705.0|3003.0|10607.0|7976.0|5412.0|2460.0|0
21870|430000.0|2|1|2|42|-2|-2|-2|-2|-2|-2|9777.0|75276.0|5999.0|38845.0|0.0|1111.0|75276.0|6008.0|48845.0|0.0|1111.0|1140.0|0
20644|230000.0|2|1|2|49|2|2|-1|-1|-1|-1|113.0|0.0|1100.0|0.0|2119.0|0.0|0.0|1100.0|0.0|2119.0|0.0|2916.0|1
9467|150000.0|2|1|2|27|0|0|0|0|0|0|51032.0|69242.0|65366.0|62283.0|60942.0|55878.0|30000.0|20142.0|3759.0|7022.0|20000.0|10000.0|0
10615|50000.0|1|1|1|27|2|2|2|2|0|0|43333.0|46308.0|47250.0|46192.0|46997.0|48221.0|4000.0|2000.0|0.0|1700.0|2000.0|3600.0|1
5224|30000.0|2|2|1|45|0|0|0|0|0|0|30488.0|30900.0|30480.0|31124.0|29333.0|30177.0|1600.0|1500.0|1100.0|1053.0|1320.0|967.0|1
8611|160000.0|2|3|2|30|-1|-1|-1|-1|0|-1|1055.0|2579.0|1155.0|3334.0|1055.0|8824.0|2579.0|1155.0|3334.0|0.0|8824.0|1055.0|0
13811|100000.0|1|2|2|25|0|0|0|0|0|0|86098.0|85014.0|86735.0|87321.0|82289.0|83850.0|3200.0|3155.0|3504.0|3001.0|3301.0|2839.0|0
24209|130000.0|2|1|2|23|-1|-1|-1|-1|-1|0|4459.0|13453.0|3656.0|5008.0|13734.0|14976.0|13485.0|3656.0|5024.0|13734.0|3000.0|822.0|0
10735|260000.0|1|3|1|44|0|0|0|0|0|0|257987.0|260104.0|253488.0|145630.0|148720.0|139633.0|7100.0|135546.0|4500.0|4590.0|4501.0|4795.0|0
22985|360000.0|2|1|2|37|0|0|0|0|0|0|198839.0|187955.0|163120.0|140383.0|121771.0|102568.0|7000.0|8071.0|7029.0|3011.0|4000.0|9000.0|0
1569|30000.0|1|3|1|57|0|0|0|0|0|0|20976.0|22332.0|23654.0|24952.0|26551.0|29598.0|2000.0|2000.0|2000.0|2000.0|4500.0|0.0|0
13784|90000.0|2|2|1|35|-1|-1|-1|-1|-1|-1|6574.0|3997.0|5740.0|27384.0|3665.0|26721.0|4192.0|5743.0|27391.0|3667.0|26724.0|1799.0|0
7082|10000.0|1|2|2|23|3|2|2|2|2|2|10034.0|9239.0|10025.0|10227.0|9933.0|9884.0|0.0|1600.0|500.0|0.0|1000.0|0.0|1
321|60000.0|2|2|1|34|-1|2|2|2|2|-1|2084.0|145.0|145.0|145.0|145.0|1195.0|0.0|0.0|0.0|0.0|1200.0|0.0|1
20890|550000.0|1|2|2|33|-2|-2|-2|-2|-2|-2|-509.0|-1925.0|4532.0|13069.0|5071.0|8276.0|15.0|10014.0|20000.0|10000.0|10000.0|7548.0|0
10708|50000.0|2|3|2|55|0|0|0|0|0|0|45698.0|49270.0|48186.0|20127.0|18988.0|19942.0|6000.0|2044.0|3150.0|1000.0|3000.0|905.0|0
25625|240000.0|1|2|1|34|0|0|0|0|0|0|225709.0|228893.0|232706.0|187325.0|129889.0|123680.0|8544.0|9257.0|8583.0|4292.0|5133.0|4257.0|0
10571|240000.0|2|1|2|31|0|0|0|0|0|2|65220.0|68155.0|70184.0|71784.0|78659.0|81212.0|4000.0|3167.0|2767.0|8233.0|4000.0|4000.0|0
29103|50000.0|1|1|1|35|0|0|0|0|0|0|34976.0|6018.0|13930.0|7106.0|6020.0|9011.0|1127.0|1074.0|215.0|249.0|4383.0|172.0|0
9604|700000.0|1|1|1|34|-2|-2|-2|-2|-2|-2|3609.0|6109.0|5810.0|7684.0|168.0|5836.0|6168.0|7105.0|7721.0|168.0|5836.0|52924.0|0
17610|310000.0|1|1|2|29|2|0|0|0|0|0|45153.0|36123.0|26113.0|22661.0|20351.0|16639.0|2904.0|1500.0|1000.0|2000.0|1000.0|2000.0|1
26444|50000.0|2|2|1|32|0|0|0|0|0|0|49547.0|49740.0|50275.0|20089.0|19964.0|19918.0|2100.0|2097.0|1289.0|712.0|713.0|1000.0|0
7439|360000.0|2|2|2|34|0|0|0|0|0|0|205363.0|207315.0|211278.0|215020.0|218771.0|222172.0|8000.0|8000.0|8000.0|7766.0|7803.0|7971.0|0
10371|150000.0|1|3|2|27|0|0|0|0|0|0|85993.0|81682.0|83467.0|86076.0|87829.0|58213.0|2922.0|3100.0|4000.0|3536.0|2200.0|2123.0|0
20941|210000.0|2|2|1|38|-1|-1|-1|-1|-1|-1|142.0|307.0|307.0|614.0|307.0|307.0|307.0|307.0|307.0|614.0|307.0|307.0|0
15997|20000.0|2|3|1|56|1|3|2|2|0|0|9061.0|8769.0|9680.0|9376.0|9720.0|10962.0|0.0|1200.0|0.0|500.0|1400.0|0.0|1
11271|400000.0|2|1|1|39|0|-1|-1|-1|0|-1|1991.0|2920.0|1721.0|2018.0|446.0|1068.0|2920.0|2500.0|2018.0|0.0|1068.0|0.0|1
239|20000.0|1|2|1|44|0|0|2|0|0|0|16401.0|9620.0|9264.0|11693.0|11826.0|13242.0|3000.0|1000.0|3000.0|1000.0|2000.0|1000.0|0
23414|160000.0|2|2|1|44|-1|-1|-2|-2|-2|-2|1224.0|0.0|0.0|0.0|0.0|0.0|0.0|0.0|0.0|0.0|0.0|0.0|1
3563|100000.0|2|2|1|39|2|2|0|0|0|0|78353.0|77726.0|79151.0|80249.0|82405.0|77011.0|1200.0|3400.0|2900.0|3500.0|3000.0|6100.0|1
144|200000.0|2|1|1|34|-1|-1|-1|-1|-1|-1|7448.0|5471.0|4506.0|10067.0|9273.0|2931.0|5473.0|4506.0|10137.0|9521.0|2931.0|10381.0|0
22617|700000.0|1|2|1|50|-2|-2|-2|-2|-2|-2|3528.0|2018.0|2131.0|5746.0|733.0|2913.0|2024.0|2131.0|5750.0|733.0|2917.0|2131.0|0
26299|70000.0|2|2|1|47|0|0|0|0|0|-2|136809.0|118811.0|52953.0|53696.0|11790.0|12045.0|3158.0|10000.0|2446.0|11790.0|430.0|423.0|0
9687|50000.0|2|1|2|29|0|0|0|0|0|0|28889.0|21803.0|20990.0|16236.0|9759.0|8789.0|1368.0|1330.0|1160.0|330.0|314.0|364.0|0
15694|210000.0|2|2|2|27|-1|-1|-1|-1|-1|-1|190.0|-310.0|1527.0|1901.0|0.0|2706.0|0.0|3054.0|2189.0|0.0|2706.0|0.0|0
18519|30000.0|1|3|1|48|0|0|2|2|3|2|20817.0|23860.0|24372.0|25776.0|25088.0|24537.0|3400.0|1200.0|2100.0|0.0|0.0|2200.0|0
12848|30000.0|2|1|2|24|0|0|0|0|0|0|28049.0|27383.0|25728.0|26521.0|23593.0|21963.0|2000.0|1500.0|2000.0|1000.0|1000.0|1000.0|0
17785|210000.0|2|1|1|33|0|0|0|0|0|0|17420.0|16182.0|14109.0|10955.0|11217.0|11367.0|1236.0|1613.0|1000.0|552.0|607.0|1500.0|0
27594|50000.0|2|2|2|48|0|0|0|0|0|0|55329.0|51870.0|53164.0|46575.0|26609.0|27178.0|1902.0|2176.0|2064.0|1098.0|2134.0|1139.0|0
21395|210000.0|2|2|1|40|0|0|0|0|0|2|42820.0|44156.0|44864.0|45768.0|48204.0|49453.0|1856.0|1564.0|1468.0|3000.0|2000.0|2000.0|0
24620|50000.0|2|1|2|51|0|0|0|0|0|0|43273.0|44652.0|46331.0|47896.0|47266.0|48002.0|2800.0|2795.0|2750.0|1130.0|1314.0|1159.0|0
23063|50000.0|1|1|2|46|0|0|0|0|0|0|49386.0|49487.0|50401.0|49148.0|30036.0|29873.0|2000.0|2500.0|2040.0|2000.0|1037.0|2000.0|0
11085|500000.0|2|3|2|42|-2|-1|-1|0|0|0|10889.0|26146.0|104279.0|103945.0|101945.0|90193.0|29987.0|104279.0|2085.0|1130.0|45551.0|0.0|0
9824|70000.0|2|2|2|26|0|0|0|0|0|0|70805.0|70087.0|62750.0|53600.0|45215.0|46486.0|2600.0|2231.0|1800.0|1700.0|2000.0|2000.0|0
12511|20000.0|1|3|2|43|-1|0|0|-1|0|0|6085.0|6607.0|2800.0|11052.0|10522.0|9150.0|1045.0|1028.0|11052.0|311.0|183.0|0.0|1
26606|50000.0|1|2|1|57|4|3|2|0|0|0|51187.0|50106.0|48608.0|19600.0|20000.0|0.0|0.0|0.0|392.0|400.0|0.0|0.0|0
12021|20000.0|1|1|2|23|0|0|3|2|0|0|3286.0|6341.0|6097.0|6339.0|5143.0|5126.0|3300.0|0.0|511.0|300.0|300.0|1500.0|0
24873|60000.0|2|1|2|28|1|-2|-2|-1|-1|0|0.0|0.0|0.0|619.0|39224.0|34881.0|0.0|0.0|619.0|39224.0|1500.0|1500.0|0
23953|200000.0|1|3|1|38|0|0|0|0|0|0|181532.0|179645.0|180615.0|180127.0|166755.0|167416.0|8218.0|7912.0|6284.0|6313.0|6200.0|6419.0|0
5299|230000.0|2|2|2|28|0|0|0|0|0|-1|7865.0|12377.0|12543.0|13713.0|17960.0|650.0|5000.0|2000.0|1500.0|5000.0|650.0|0.0|0
10539|50000.0|2|1|2|29|0|-1|0|-1|-1|0|17250.0|8560.0|4725.0|8933.0|11784.0|9927.0|8560.0|1600.0|8933.0|11784.0|199.0|8287.0|0
17277|100000.0|1|1|1|35|0|0|0|0|0|0|45124.0|46168.0|47160.0|98775.0|49513.0|53433.0|1730.0|1722.0|3214.0|2119.0|5064.0|0.0|0
3373|80000.0|1|1|2|28|0|0|0|0|0|0|75923.0|57259.0|50845.0|36207.0|32515.0|15128.0|2500.0|2548.0|2500.0|1100.0|1000.0|1000.0|0
26569|260000.0|2|2|2|25|0|0|0|0|-1|0|16373.0|15249.0|15018.0|15520.0|3491.0|5651.0|5006.0|5000.0|5000.0|3491.0|3000.0|2000.0|1
7693|30000.0|2|1|2|23|0|0|0|0|0|0|18397.0|19789.0|21450.0|22391.0|23029.0|23745.0|2000.0|2000.0|1300.0|1000.0|1100.0|2000.0|0
24469|240000.0|2|1|1|34|-1|-1|2|-1|-1|-1|2799.0|855.0|858.0|1048.0|2695.0|0.0|855.0|3.0|1054.0|2695.0|0.0|0.0|0
14688|30000.0|2|3|1|35|1|2|0|0|0|0|29622.0|28852.0|29777.0|29478.0|30290.0|27803.0|0.0|1700.0|1700.0|1500.0|1500.0|1500.0|0
24656|330000.0|2|1|2|28|1|-1|2|2|2|2|963.0|11.0|11.0|11.0|11.0|11.0|504.0|0.0|0.0|0.0|0.0|0.0|0
16570|500000.0|1|2|1|41|1|2|0|0|0|0|169117.0|163094.0|161768.0|164438.0|162050.0|163456.0|0.0|7400.0|10000.0|6000.0|5907.0|6000.0|0
24020|220000.0|2|2|2|26|-1|-1|-1|-1|-1|-1|1534.0|3524.0|2130.0|7510.0|1117.0|916.0|3524.0|2130.0|7521.0|1117.0|916.0|2719.0|0
23959|200000.0|1|2|1|45|3|2|2|2|2|2|2500.0|2500.0|2500.0|2500.0|2500.0|2500.0|0.0|0.0|0.0|0.0|0.0|0.0|1
6118|400000.0|2|1|2|36|-1|-1|0|-1|-1|-1|39601.0|21357.0|30689.0|2514.0|4215.0|827.0|21357.0|10689.0|2514.0|4215.0|827.0|10827.0|0
22522|70000.0|2|2|2|26|2|2|2|3|2|2|42583.0|43600.0|47550.0|46487.0|47298.0|46384.0|2000.0|5000.0|0.0|1700.0|0.0|3700.0|1
11931|80000.0|2|1|2|25|3|2|2|2|2|2|45031.0|47087.0|48833.0|47750.0|50950.0|51984.0|3100.0|2800.0|0.0|4000.0|2000.0|2000.0|1
24861|280000.0|2|2|1|40|-1|-1|-1|-1|-1|2|415.0|415.0|415.0|565.0|830.0|415.0|415.0|415.0|565.0|830.0|0.0|415.0|0
23568|240000.0|1|1|2|35|1|-2|-2|-2|-1|0|0.0|0.0|0.0|0.0|27670.0|28252.0|0.0|0.0|0.0|27670.0|920.0|920.0|0
3777|180000.0|1|2|1|45|0|0|0|0|0|0|130950.0|119109.0|119166.0|121661.0|122244.0|119536.0|6000.0|6000.0|6000.0|5000.0|4200.0|3862.0|0
3099|400000.0|2|1|2|30|0|0|0|0|0|0|139862.0|125280.0|109278.0|94511.0|64995.0|28654.0|9209.0|3807.0|2403.0|1933.0|1014.0|104078.0|0
20292|120000.0|2|1|2|35|-1|-1|-1|-1|-1|-1|500.0|2483.0|250.0|1579.0|223.0|421.0|2483.0|252.0|1579.0|223.0|421.0|8228.0|0
3006|440000.0|1|1|2|52|2|0|0|0|0|0|424606.0|418158.0|410821.0|403658.0|412248.0|456264.0|15010.0|14660.0|14500.0|15089.0|51000.0|27000.0|1
12176|360000.0|1|1|2|28|-2|-2|-2|-2|-2|-2|8840.0|4951.0|-17.0|1815.0|1035.0|460.0|4951.0|0.0|1832.0|1035.0|460.0|635.0|0
25501|90000.0|1|2|1|42|2|2|2|2|2|0|95773.0|95489.0|94681.0|93965.0|90545.0|90529.0|4000.0|3500.0|3500.0|0.0|3500.0|4200.0|0
20920|10000.0|1|3|2|23|0|0|0|0|0|0|8604.0|8594.0|9259.0|9733.0|9528.0|9513.0|1600.0|1351.0|1215.0|400.0|200.0|166.0|0
15789|50000.0|1|2|1|41|0|0|0|0|0|0|8988.0|6849.0|7471.0|8043.0|19526.0|7564.0|1200.0|2000.0|2000.0|3000.0|1000.0|10640.0|0
11526|470000.0|1|2|1|31|0|0|0|0|0|0|12281.0|13323.0|13149.0|15824.0|19424.0|27522.0|2014.0|3000.0|3000.0|4000.0|8098.0|3000.0|0
27352|200000.0|1|1|1|34|-2|-2|-2|-2|-2|-2|1242.0|4006.0|941.0|2357.0|2945.0|1143.0|4034.0|945.0|2366.0|2947.0|1143.0|744.0|0
5606|360000.0|2|1|2|27|0|0|0|0|0|0|91282.0|85875.0|87400.0|87343.0|71180.0|64500.0|3967.0|4213.0|3741.0|2353.0|2471.0|2327.0|0
1419|130000.0|1|1|2|28|0|0|0|0|0|-2|92174.0|93991.0|54735.0|31682.0|0.0|0.0|4086.0|2635.0|1700.0|0.0|0.0|0.0|0
8640|30000.0|1|3|2|28|0|0|0|0|2|2|22634.0|23638.0|24689.0|28809.0|30052.0|29057.0|1385.0|1440.0|4560.0|2001.0|1.0|1228.0|1
21213|190000.0|2|2|2|53|0|0|0|0|0|0|173058.0|133198.0|131891.0|133516.0|135008.0|136486.0|6300.0|5000.0|5000.0|5000.0|5100.0|5000.0|0
3435|290000.0|2|2|1|48|-2|-2|-2|-2|-2|-2|10608.0|34470.0|11888.0|27114.0|3501.0|12511.0|34470.0|11890.0|27114.0|3501.0|12511.0|5797.0|0
28973|150000.0|2|1|2|28|-1|-1|-2|-2|-2|-2|3470.0|0.0|0.0|0.0|0.0|0.0|0.0|0.0|0.0|0.0|0.0|0.0|0
9606|30000.0|2|2|1|22|1|2|2|0|0|-2|14274.0|14367.0|13296.0|12516.0|0.0|0.0|1000.0|0.0|0.0|0.0|0.0|0.0|1
28130|360000.0|2|2|1|47|-2|-2|-2|-2|-2|-2|0.0|0.0|0.0|0.0|0.0|0.0|0.0|0.0|0.0|0.0|0.0|0.0|1
15527|50000.0|2|2|1|43|2|2|2|0|0|0|49072.0|50559.0|49060.0|44908.0|29969.0|30230.0|4000.0|0.0|2000.0|1039.0|1100.0|1100.0|0
11403|100000.0|1|2|2|29|0|0|0|-2|-2|-2|65324.0|11860.0|0.0|0.0|0.0|0.0|2106.0|0.0|0.0|0.0|0.0|0.0|0
15959|80000.0|1|2|2|46|0|0|0|0|0|0|44302.0|45311.0|46321.0|47259.0|48230.0|49351.0|1192.0|1202.0|1135.0|1165.0|1326.0|2204.0|0
2021|270000.0|2|2|2|34|-1|-1|-1|-1|-1|-1|381.0|3376.0|2958.0|4154.0|5885.0|3129.0|3406.0|2983.0|4172.0|5912.0|3143.0|0.0|1
1775|150000.0|2|1|2|30|0|0|0|0|0|0|150426.0|151052.0|143488.0|142419.0|145100.0|153229.0|5520.0|5200.0|5100.0|5300.0|10900.0|0.0|0
22716|360000.0|1|1|1|51|-1|-1|-1|-2|-2|-2|38000.0|25000.0|0.0|0.0|0.0|0.0|25000.0|0.0|0.0|0.0|0.0|0.0|0
14648|200000.0|2|1|1|30|1|2|2|2|-1|-1|38398.0|20693.0|27932.0|12585.0|45031.0|19836.0|0.0|15015.0|0.0|45031.0|20000.0|45010.0|0
14376|90000.0|2|3|1|40|0|0|0|0|0|0|90483.0|90944.0|90720.0|82735.0|50185.0|50563.0|4000.0|3700.0|3534.0|2000.0|1820.0|2200.0|0
23620|300000.0|2|1|1|43|-1|-1|-1|-1|-1|-1|21953.0|32905.0|14458.0|18061.0|8016.0|5768.0|32905.0|14458.0|18061.0|8016.0|5768.0|7229.0|0
14429|30000.0|2|2|2|24|2|2|0|0|0|0|27954.0|27226.0|28427.0|28752.0|28447.0|24552.0|0.0|2000.0|1000.0|1100.0|1500.0|1000.0|0
9593|50000.0|1|1|2|29|0|0|0|0|0|0|27878.0|28908.0|29922.0|30517.0|31164.0|32677.0|1484.0|1498.0|1093.0|1139.0|2039.0|1800.0|0
8115|90000.0|2|2|2|53|0|0|0|-2|-2|-1|30045.0|30000.0|0.0|0.0|0.0|439.0|1000.0|0.0|0.0|0.0|439.0|20959.0|0
8987|500000.0|2|2|2|29|0|0|0|0|0|0|433792.0|396009.0|335873.0|320755.0|316650.0|318228.0|13678.0|12021.0|11428.0|10871.0|11736.0|10699.0|1
9075|200000.0|1|3|1|37|0|0|0|0|0|0|65927.0|59688.0|53084.0|46363.0|39843.0|33004.0|2700.0|2200.0|1700.0|1489.0|1200.0|1100.0|0
13803|50000.0|2|3|1|53|0|0|0|0|0|-2|46138.0|47164.0|47602.0|37280.0|18678.0|18602.0|2182.0|2400.0|1000.0|18678.0|600.0|500.0|0
8999|150000.0|2|4|2|31|-2|-2|-2|-2|-1|2|9846.0|5345.0|0.0|0.0|1493.0|159.0|5345.0|0.0|0.0|1493.0|0.0|1119.0|0
22064|280000.0|2|3|2|35|0|0|-1|0|0|0|5716.0|0.0|105082.0|105908.0|98380.0|93649.0|0.0|105082.0|4172.0|3408.0|3489.0|5295.0|0
26002|20000.0|2|2|2|21|1|2|2|0|0|0|18455.0|13081.0|12582.0|14255.0|14138.0|16138.0|1327.0|0.0|2000.0|283.0|2000.0|859.0|0
7739|100000.0|2|2|2|25|1|2|3|4|4|3|53111.0|55650.0|59730.0|61693.0|59186.0|57949.0|4000.0|5600.0|3500.0|0.0|0.0|0.0|1
3620|270000.0|2|1|1|57|-2|-2|-2|-2|-2|-2|13559.0|736.0|316.0|5116.0|15884.0|10606.0|736.0|316.0|5116.0|15884.0|10606.0|1420.0|0
23929|460000.0|2|1|2|29|0|0|0|0|0|0|170894.0|160223.0|160894.0|165246.0|169983.0|173330.0|7018.0|7000.0|7002.0|8007.0|8038.0|6052.0|0
21746|200000.0|2|2|1|27|-1|-1|-1|-1|-1|-1|14753.0|3670.0|5865.0|1303.0|4579.0|1107.0|3670.0|5865.0|1303.0|4579.0|1107.0|2109.0|0
7987|140000.0|2|1|2|27|-2|-2|-2|-2|-2|-2|0.0|0.0|3544.0|0.0|0.0|0.0|0.0|3544.0|0.0|0.0|0.0|0.0|0
12458|100000.0|2|2|2|23|-2|-2|-2|-1|-1|0|101771.0|102878.0|79618.0|4370.0|78453.0|80063.0|3800.0|7.0|971.0|79681.0|2861.0|2698.0|1
9752|90000.0|2|2|1|25|0|0|0|0|0|0|58502.0|57846.0|50663.0|45515.0|42599.0|38559.0|3043.0|2018.0|2033.0|2016.0|2010.0|2010.0|0
6486|190000.0|2|2|2|35|0|0|0|0|0|0|158360.0|113702.0|95214.0|95713.0|97079.0|97659.0|4800.0|4300.0|3600.0|3700.0|4000.0|3600.0|0
16739|90000.0|2|2|1|34|1|-1|-1|-2|-2|-1|0.0|2098.0|0.0|0.0|0.0|501.0|2098.0|0.0|0.0|0.0|501.0|0.0|0
27571|210000.0|2|2|2|34|1|-1|-1|-1|-1|-2|0.0|1075.0|229.0|799.0|0.0|0.0|1075.0|229.0|799.0|0.0|0.0|2247.0|1
25889|320000.0|1|1|2|32|-1|2|-1|-1|-2|-2|752.0|169.0|1940.0|0.0|0.0|0.0|0.0|1948.0|0.0|0.0|0.0|0.0|1
21158|360000.0|2|1|2|29|-1|0|0|0|0|-1|8805.0|10768.0|16659.0|25302.0|15147.0|5281.0|5001.0|6688.0|16251.0|394.0|5307.0|5389.0|0
1889|290000.0|2|1|1|32|-2|-2|-2|-2|-2|-2|4340.0|3686.0|3094.0|8164.0|1509.0|8262.0|3686.0|3112.0|8164.0|1509.0|8262.0|2032.0|1
27349|360000.0|2|1|1|55|-1|-1|-1|-1|-1|-1|2334.0|37570.0|5102.0|15701.0|7771.0|10615.0|37570.0|5102.0|15701.0|7771.0|10615.0|10068.0|0
11241|60000.0|2|2|1|59|4|4|4|5|4|3|54506.0|56998.0|59111.0|59595.0|58079.0|56892.0|4000.0|3601.0|2000.0|0.0|0.0|0.0|0
2147|50000.0|1|2|1|31|0|0|0|2|2|2|42159.0|43172.0|46450.0|45402.0|48677.0|47740.0|2000.0|4000.0|0.0|4000.0|0.0|2300.0|1
12971|430000.0|2|1|2|39|-2|-1|-1|-1|-1|-1|673.0|4549.0|7566.0|987.0|4870.0|975.0|4576.0|7642.0|990.0|4889.0|981.0|317.0|0
6914|20000.0|1|1|2|43|0|0|2|-1|-1|0|13361.0|18302.0|13348.0|512.0|18141.0|11575.0|6020.0|141.0|1048.0|23261.0|134.0|0.0|1
5737|250000.0|2|1|2|42|-1|-1|0|0|0|0|30471.0|39968.0|98808.0|78366.0|10668.0|390.0|39968.0|89000.0|10668.0|0.0|0.0|540.0|0
29180|130000.0|1|2|2|38|0|0|-2|-2|-2|-2|133400.0|0.0|0.0|0.0|0.0|0.0|0.0|0.0|0.0|0.0|0.0|0.0|0
17471|270000.0|2|1|1|35|2|0|0|0|0|0|128442.0|131185.0|134297.0|208396.0|106524.0|104447.0|6300.0|6800.0|4000.0|4200.0|7000.0|3000.0|0
2568|360000.0|1|1|1|33|0|0|0|0|0|0|21936.0|35331.0|30580.0|34985.0|39585.0|49735.0|14000.0|5000.0|5000.0|5000.0|10150.0|60000.0|0
2319|200000.0|1|2|2|25|1|-2|-2|-1|0|0|0.0|0.0|0.0|1517.0|48669.0|49635.0|0.0|0.0|1517.0|48000.0|1775.0|1992.0|1
25072|120000.0|2|2|1|34|0|0|0|0|0|0|88210.0|86473.0|86353.0|84327.0|82469.0|82491.0|3300.0|3022.0|3100.0|3000.0|3100.0|3000.0|0
21935|20000.0|2|1|2|23|1|-1|0|0|-1|-1|0.0|342.0|1342.0|1372.0|2037.0|1068.0|342.0|1000.0|30.0|2037.0|1218.0|462.0|0
24743|140000.0|1|2|2|44|0|0|0|0|0|0|108033.0|105021.0|107659.0|109104.0|109352.0|101534.0|4000.0|4537.0|3800.0|3823.0|3806.0|3511.0|0
7618|70000.0|2|1|2|50|2|0|0|0|0|0|62049.0|64315.0|58564.0|56741.0|25172.0|29186.0|4000.0|3000.0|10032.0|8000.0|5139.0|1000.0|1
8140|230000.0|2|2|2|30|-2|-2|-2|-2|-2|-2|0.0|0.0|0.0|0.0|0.0|0.0|0.0|0.0|0.0|0.0|0.0|0.0|0
23942|150000.0|1|2|2|37|-1|0|0|0|0|0|111880.0|106841.0|102490.0|103711.0|104153.0|103240.0|4000.0|3700.0|3700.0|3756.0|3800.0|3500.0|0
8858|220000.0|1|2|2|35|1|-2|-1|0|0|-1|0.0|0.0|81677.0|46177.0|3308.0|2912.0|0.0|220230.0|7308.0|0.0|2912.0|0.0|0
7260|200000.0|1|2|2|40|0|0|0|0|0|2|16816.0|17852.0|18562.0|18965.0|24424.0|23883.0|1610.0|1310.0|713.0|5800.0|0.0|3000.0|0
29912|20000.0|2|1|2|26|0|0|0|0|0|0|18362.0|19669.0|16479.0|16694.0|17334.0|17063.0|1640.0|1506.0|721.0|1000.0|1000.0|600.0|0
15408|150000.0|2|3|1|55|-2|-2|-2|-2|-2|-2|1194.0|2095.0|2154.0|2900.0|2512.0|3514.0|2101.0|2160.0|3046.0|2519.0|3625.0|0.0|0
4926|500000.0|2|1|1|37|1|-1|-1|-1|-1|0|0.0|17250.0|2287.0|96501.0|12143.0|50143.0|17250.0|3037.0|96501.0|12500.0|38000.0|0.0|0
9409|380000.0|2|1|2|31|0|0|2|0|0|0|66979.0|70289.0|69790.0|71506.0|74078.0|77088.0|5700.0|2500.0|3500.0|5000.0|5000.0|3400.0|0
20029|140000.0|2|1|2|27|0|0|0|0|0|0|142027.0|143536.0|141849.0|131491.0|94362.0|85863.0|7000.0|5341.0|4000.0|3500.0|3000.0|13000.0|0
26496|140000.0|1|1|2|35|-1|-1|-1|-1|-1|-1|325.0|537.0|4233.0|857.0|325.0|325.0|537.0|4233.0|857.0|325.0|325.0|954.0|0
28082|360000.0|2|1|2|31|-1|-1|-1|-1|-1|-2|8288.0|21865.0|44440.0|3904.0|0.0|0.0|21888.0|44640.0|3904.0|0.0|0.0|0.0|0
8410|30000.0|2|2|1|41|0|0|0|0|0|0|25735.0|27001.0|28261.0|29337.0|26189.0|21715.0|2000.0|2000.0|2000.0|500.0|1000.0|500.0|0
10781|100000.0|1|2|1|42|0|0|0|0|0|0|98430.0|99998.0|16138.0|17758.0|18774.0|20272.0|5000.0|2000.0|2000.0|2000.0|2000.0|2000.0|0
2118|60000.0|1|1|1|51|0|0|0|3|2|0|35619.0|36688.0|40841.0|39952.0|38081.0|36483.0|1647.0|4800.0|0.0|0.0|1326.0|3500.0|1
11325|260000.0|2|2|1|30|0|0|0|0|0|0|66433.0|67134.0|67768.0|69033.0|70166.0|71377.0|2400.0|2496.0|2429.0|2599.0|2827.0|2050.0|0
16449|500000.0|2|3|2|26|0|0|0|0|0|0|16162.0|18581.0|19321.0|21986.0|22440.0|25070.0|3000.0|1335.0|3000.0|811.0|3000.0|3500.0|0
15039|160000.0|2|2|1|41|1|2|0|0|0|0|99496.0|97013.0|98427.0|102250.0|102734.0|104901.0|0.0|3879.0|5459.0|3675.0|3821.0|8256.0|0
14994|140000.0|2|1|1|40|0|0|0|0|0|0|67371.0|69027.0|56175.0|57666.0|59604.0|62480.0|3100.0|3888.0|2800.0|2800.0|3800.0|3000.0|0
26527|50000.0|1|3|2|52|0|0|0|0|0|0|48946.0|98823.0|50031.0|20413.0|18336.0|18405.0|2047.0|3167.0|682.0|662.0|1000.0|1000.0|0
29620|80000.0|2|2|1|61|0|0|0|0|0|0|74156.0|73878.0|64656.0|60537.0|42610.0|42769.0|3000.0|2506.0|3008.0|3000.0|2000.0|3000.0|0
8943|230000.0|2|6|2|46|0|0|0|0|0|0|221590.0|227397.0|230302.0|186635.0|189896.0|193351.0|10000.0|9000.0|8000.0|8000.0|7500.0|7000.0|0
24683|30000.0|2|2|1|30|3|2|2|-2|-2|-2|30583.0|29901.0|0.0|0.0|0.0|0.0|389.0|0.0|0.0|0.0|0.0|0.0|0
10586|500000.0|2|1|2|28|0|0|0|0|0|0|58076.0|59534.0|51006.0|44360.0|34229.0|37880.0|2001.0|6620.0|6015.0|10001.0|4137.0|5000.0|0
9488|260000.0|2|1|2|30|1|2|0|0|0|0|96549.0|94114.0|96689.0|101023.0|93738.0|96218.0|0.0|5000.0|6000.0|5000.0|4000.0|8000.0|0
17832|100000.0|2|3|1|30|1|-2|-2|-2|-2|-2|-602.0|-602.0|-602.0|-602.0|-602.0|-602.0|0.0|0.0|0.0|0.0|0.0|0.0|0
21738|50000.0|1|2|2|24|0|0|0|0|0|0|6716.0|7737.0|8741.0|8911.0|8943.0|9140.0|1290.0|1294.0|464.0|324.0|345.0|500.0|0
14091|20000.0|2|2|1|34|0|0|0|0|0|-1|5185.0|6547.0|8879.0|10926.0|17536.0|2090.0|2000.0|3000.0|3000.0|7000.0|2090.0|0.0|0
3889|300000.0|2|1|2|33|0|-1|-1|-1|-1|-1|13713.0|14547.0|13328.0|20714.0|13054.0|12632.0|15003.0|13539.0|20714.0|13054.0|12636.0|12700.0|0
11724|80000.0|2|3|1|44|0|0|0|0|0|0|40821.0|42443.0|42573.0|43386.0|13513.0|13781.0|2281.0|1411.0|1224.0|491.0|493.0|662.0|1
29259|140000.0|2|1|2|27|0|0|0|0|0|0|14997.0|16437.0|18848.0|21209.0|25503.0|27918.0|2000.0|3000.0|3000.0|5000.0|3000.0|10000.0|0
23626|180000.0|2|2|1|34|0|0|0|0|0|0|175886.0|173440.0|172308.0|168608.0|132202.0|129918.0|8083.0|7296.0|5253.0|4814.0|4816.0|3800.0|0
21555|130000.0|1|1|1|40|0|0|0|0|0|-2|25375.0|26128.0|25327.0|25775.0|0.0|0.0|1500.0|1852.0|1300.0|0.0|0.0|0.0|0
5097|340000.0|2|1|2|27|0|0|0|0|0|0|172180.0|180140.0|166281.0|155628.0|145645.0|103263.0|21105.0|5461.0|5000.0|5849.0|2732.0|50000.0|0
17958|450000.0|1|1|1|30|0|0|-2|-2|-2|-2|25244.0|0.0|0.0|0.0|0.0|0.0|0.0|0.0|0.0|0.0|0.0|134745.0|0
19418|180000.0|2|1|2|28|-1|-1|-1|-1|-1|-1|26000.0|5480.0|5960.0|600.0|6800.0|12627.0|5488.0|5960.0|600.0|6800.0|12627.0|0.0|0
25818|80000.0|2|2|2|25|0|0|0|0|0|0|47836.0|49038.0|53158.0|48269.0|48019.0|46908.0|2000.0|5000.0|2000.0|2000.0|2000.0|2000.0|0
5686|130000.0|2|2|1|28|0|0|0|0|0|0|86914.0|85558.0|77163.0|80240.0|46637.0|51409.0|6134.0|3100.0|5000.0|3000.0|6000.0|13031.0|0
23238|290000.0|1|1|1|44|-1|-1|-1|-1|-1|-1|19213.0|33274.0|17495.0|1528.0|4176.0|189.0|33548.0|17732.0|1862.0|4188.0|189.0|7324.0|0
9950|330000.0|2|1|2|36|0|0|0|0|0|0|43943.0|41738.0|37766.0|37117.0|30555.0|13420.0|5019.0|1952.0|2000.0|814.0|475.0|697.0|0
12123|200000.0|1|1|1|38|-2|-2|-2|-2|-2|-2|0.0|0.0|0.0|0.0|0.0|0.0|0.0|0.0|0.0|0.0|0.0|0.0|1
5343|270000.0|2|1|1|45|-2|-2|-2|-2|-2|-2|1526.0|0.0|0.0|0.0|0.0|0.0|0.0|0.0|0.0|0.0|0.0|0.0|0
26948|180000.0|2|3|2|26|0|0|0|0|0|0|71702.0|66234.0|57253.0|53736.0|46213.0|39701.0|2950.0|2200.0|2000.0|5000.0|2000.0|2300.0|1
11715|50000.0|1|1|1|40|1|-2|-2|-2|-2|-2|0.0|0.0|0.0|0.0|0.0|0.0|0.0|0.0|0.0|0.0|0.0|200.0|0
24822|500000.0|2|2|1|34|0|0|0|0|0|0|144774.0|130097.0|134810.0|145182.0|141062.0|135358.0|20053.0|19000.0|15000.0|10040.0|15000.0|20000.0|0
24076|320000.0|1|2|2|44|-1|-1|-2|-2|-2|-2|36831.0|28785.0|13104.0|2621.0|9075.0|6564.0|28791.0|13227.0|2621.0|9075.0|6564.0|12767.0|0
27719|450000.0|2|1|2|37|0|-1|-1|-1|-1|-1|37070.0|17596.0|24965.0|0.0|1649.0|5212.0|17596.0|24965.0|0.0|1649.0|5212.0|535.0|0
20370|70000.0|2|2|2|23|2|3|2|2|0|0|64655.0|63031.0|64440.0|62816.0|63473.0|65112.0|0.0|3000.0|0.0|2300.0|2661.0|2035.0|0
20247|240000.0|1|5|1|40|-2|-2|-2|-2|-2|-2|19295.0|2054.0|6984.0|0.0|0.0|0.0|2054.0|6984.0|0.0|0.0|0.0|0.0|0
29902|130000.0|1|3|1|27|-1|-1|-1|-1|-2|-1|500.0|2000.0|1354.0|0.0|0.0|2699.0|2000.0|1354.0|0.0|0.0|2699.0|3766.0|1
16212|280000.0|1|1|2|37|-2|-2|-2|-2|-2|-2|7523.0|1567.0|-8.0|-8.0|1680.0|0.0|1574.0|0.0|0.0|1688.0|0.0|198.0|0
498|100000.0|2|1|2|29|2|2|2|2|2|2|57214.0|58666.0|58643.0|58589.0|62586.0|64519.0|3000.0|1500.0|1500.0|5600.0|3100.0|2000.0|1
29962|50000.0|1|2|2|24|0|0|0|0|0|0|10912.0|10401.0|20916.0|20658.0|9426.0|8215.0|2152.0|1209.0|1080.0|438.0|434.0|390.0|0
5863|20000.0|1|2|1|61|3|4|3|2|2|4|18618.0|18040.0|17471.0|16893.0|21318.0|20412.0|0.0|0.0|0.0|4726.0|0.0|0.0|1
16170|240000.0|2|2|1|39|-1|-1|-1|0|0|0|9000.0|2831.0|68105.0|95615.0|123931.0|151559.0|2831.0|68116.0|30800.0|30000.0|30000.0|10000.0|0
22791|140000.0|2|2|1|37|0|0|0|0|0|0|127693.0|26633.0|28180.0|29702.0|31223.0|35683.0|2000.0|2000.0|2000.0|2000.0|5000.0|2000.0|0
12023|280000.0|2|1|2|46|-1|-1|-1|-1|-1|-1|2475.0|1236.0|2726.0|10898.0|1050.0|812.0|1236.0|2726.0|10916.0|1056.0|812.0|9109.0|0
29194|110000.0|2|3|1|46|0|0|2|2|0|0|94025.0|101460.0|102724.0|100188.0|102110.0|107014.0|8942.0|3800.0|0.0|3685.0|6580.0|4703.0|1
20597|350000.0|1|1|2|29|0|0|0|0|0|0|27916.0|24973.0|22752.0|21010.0|4470.0|6838.0|2001.0|2010.0|1082.0|10506.0|7034.0|4573.0|0
3078|280000.0|1|3|2|35|0|0|0|0|0|0|275659.0|265870.0|269140.0|272665.0|159017.0|88321.0|10932.0|12011.0|10807.0|4306.0|4023.0|5387.0|0
21872|30000.0|2|2|1|30|1|3|2|2|2|2|28720.0|27977.0|27248.0|29281.0|28511.0|30952.0|0.0|0.0|2800.0|0.0|2900.0|0.0|0
17163|240000.0|2|1|1|40|-2|-2|-2|-2|-2|-2|0.0|0.0|0.0|0.0|0.0|0.0|0.0|0.0|0.0|0.0|0.0|0.0|1
16600|30000.0|2|1|2|43|0|0|0|0|0|0|29327.0|30487.0|29417.0|30379.0|30452.0|0.0|1659.0|1589.0|1551.0|1124.0|0.0|0.0|0
7071|180000.0|1|1|1|42|-1|-1|-1|-1|-1|0|326.0|326.0|326.0|326.0|652.0|326.0|326.0|326.0|326.0|652.0|0.0|326.0|0
19384|30000.0|1|2|2|25|0|0|2|0|0|2|7527.0|9705.0|9009.0|9333.0|9505.0|8699.0|2700.0|0.0|1000.0|700.0|0.0|784.0|1
6253|20000.0|2|1|2|25|1|-1|-1|-2|-1|0|2521.0|17360.0|0.0|200.0|17976.0|17980.0|17388.0|0.0|200.0|17976.0|4.0|2170.0|1
10278|10000.0|2|1|2|23|2|0|0|0|0|2|3413.0|5188.0|6937.0|7946.0|8714.0|8432.0|2000.0|2000.0|1132.0|900.0|0.0|500.0|0
20747|140000.0|2|1|1|42|2|2|2|0|0|0|141321.0|141836.0|139070.0|134168.0|135678.0|136494.0|4300.0|1003.0|4854.0|5500.0|5200.0|5100.0|1
8106|500000.0|1|2|1|33|0|0|0|0|0|-1|26597.0|16573.0|19080.0|13860.0|15904.0|134584.0|3357.0|3010.0|2000.0|2044.0|131438.0|4504.0|0
10714|20000.0|1|2|1|31|1|2|2|2|2|2|6313.0|6559.0|7789.0|8505.0|9212.0|8922.0|500.0|1500.0|1000.0|1000.0|0.0|400.0|1
1401|350000.0|1|3|1|44|-1|-1|-1|-1|-1|-2|3265.0|2686.0|1864.0|569.0|0.0|0.0|2686.0|1864.0|569.0|0.0|0.0|0.0|0
13561|270000.0|2|1|1|37|-1|-1|-1|-1|-1|-1|264.0|264.0|1191.0|3691.0|3445.0|56264.0|264.0|1191.0|3691.0|3445.0|56264.0|953.0|1
14098|80000.0|2|2|1|27|-2|-2|-2|-2|-2|-2|390.0|390.0|390.0|390.0|390.0|930.0|390.0|390.0|390.0|390.0|930.0|0.0|0
15209|120000.0|1|2|1|34|2|2|2|2|2|2|115040.0|117371.0|119044.0|120086.0|120662.0|118345.0|6000.0|5600.0|4500.0|4300.0|0.0|4800.0|0
23263|340000.0|2|1|2|29|0|0|0|0|0|0|82922.0|81084.0|74530.0|66897.0|64699.0|35540.0|3600.0|2962.0|2500.0|1800.0|1000.0|1000.0|0
7314|80000.0|2|3|2|43|0|0|0|0|0|0|66047.0|59910.0|55122.0|54006.0|50779.0|50257.0|2071.0|2063.0|1779.0|2087.0|1743.0|1800.0|0
829|110000.0|2|2|2|27|1|2|0|0|0|0|59580.0|54255.0|55474.0|45467.0|46285.0|47334.0|0.0|2230.0|2100.0|2010.0|2150.0|1200.0|1
692|230000.0|2|1|2|31|0|0|0|0|0|0|20356.0|21504.0|21729.0|23113.0|22936.0|23378.0|1676.0|1700.0|2007.0|1000.0|1000.0|1000.0|0
27045|20000.0|1|2|2|22|1|2|2|0|0|0|17336.0|17751.0|18113.0|14885.0|14975.0|15311.0|1000.0|1003.0|1300.0|900.0|700.0|4700.0|1
26946|190000.0|1|2|2|36|0|0|0|0|0|0|58107.0|60172.0|62206.0|63612.0|65422.0|67334.0|3000.0|3034.0|2439.0|3000.0|3000.0|3000.0|0
27442|170000.0|2|3|3|56|1|-2|-1|-1|-2|-1|0.0|0.0|1991.0|0.0|0.0|150.0|0.0|1991.0|0.0|0.0|150.0|614.0|0
26798|310000.0|1|2|2|29|2|2|2|-1|2|-1|400.0|400.0|400.0|20334.0|19050.0|21573.0|0.0|0.0|20334.0|0.0|21573.0|0.0|0
24730|180000.0|1|3|1|32|0|0|0|0|0|0|181293.0|177552.0|182492.0|180746.0|131166.0|114909.0|6400.0|8612.0|7534.0|5506.0|4850.0|5000.0|0
10918|30000.0|2|2|1|22|0|0|0|0|0|0|14533.0|16534.0|17213.0|17723.0|17431.0|17882.0|3002.0|2002.0|1553.0|1002.0|2002.0|1000.0|0
10318|100000.0|1|2|2|40|0|0|0|0|0|0|95600.0|87442.0|60737.0|66077.0|68990.0|70724.0|15037.0|5003.0|8058.0|8000.0|3000.0|5000.0|0
18823|50000.0|1|1|2|29|1|2|2|2|2|2|14497.0|13975.0|25731.0|26112.0|26548.0|25970.0|0.0|12000.0|1100.0|1000.0|0.0|2500.0|0
19615|120000.0|1|1|2|30|-2|-2|-2|-2|-2|-2|0.0|0.0|0.0|0.0|0.0|0.0|0.0|0.0|0.0|0.0|0.0|0.0|0
23882|80000.0|2|3|1|45|-2|-2|-2|-2|-2|-2|640.0|23699.0|2676.0|-4.0|-4.0|-4.0|23699.0|22670.0|0.0|0.0|0.0|0.0|0
3535|120000.0|1|2|2|32|-1|-1|-1|-1|-1|-1|7111.0|5894.0|7670.0|20440.0|4260.0|15308.0|6000.0|7680.0|20440.0|4260.0|15308.0|7000.0|0
18238|50000.0|2|1|2|25|-1|-1|2|-1|-1|-2|13572.0|17983.0|15590.0|10610.0|0.0|0.0|5000.0|200.0|10610.0|0.0|0.0|0.0|0
14021|190000.0|1|2|1|37|2|-1|0|0|-1|2|2461.0|8040.0|9640.0|0.0|5100.0|2350.0|8040.0|2000.0|0.0|5100.0|0.0|2792.0|1
1782|20000.0|1|3|1|30|0|0|0|0|-1|0|19131.0|17834.0|18790.0|-27490.0|20001.0|17985.0|1500.0|1400.0|0.0|47700.0|700.0|1000.0|0
9720|230000.0|2|1|2|35|-1|-1|-2|-2|-2|-2|2630.0|0.0|0.0|0.0|0.0|0.0|0.0|0.0|0.0|0.0|0.0|0.0|1
5472|30000.0|2|3|1|60|3|2|2|7|7|7|1950.0|1950.0|1950.0|1950.0|1950.0|1950.0|0.0|0.0|0.0|0.0|0.0|0.0|1
12036|240000.0|2|1|2|33|0|0|0|0|0|0|103100.0|106908.0|109419.0|111838.0|112727.0|115479.0|5295.0|5500.0|5500.0|4000.0|4500.0|4000.0|0
10915|200000.0|2|3|1|69|2|2|2|2|2|-2|2500.0|2500.0|2500.0|2500.0|0.0|0.0|0.0|0.0|0.0|0.0|0.0|0.0|1
29307|80000.0|1|5|1|25|-2|-2|-2|-1|0|0|59366.0|49079.0|0.0|16638.0|18367.0|33081.0|15027.0|0.0|16638.0|2000.0|15081.0|0.0|0
221|420000.0|2|2|1|41|0|0|0|0|0|0|373978.0|389754.0|366938.0|361024.0|354813.0|344221.0|33808.0|14996.0|13209.0|12890.0|11081.0|16298.0|1
22583|20000.0|1|3|2|28|1|2|0|0|0|0|5653.0|5419.0|6365.0|6608.0|7001.0|7233.0|0.0|1200.0|350.0|500.0|500.0|300.0|1
26285|160000.0|1|2|1|48|1|-2|-2|-2|-2|-2|0.0|0.0|0.0|0.0|0.0|0.0|0.0|0.0|0.0|0.0|0.0|0.0|0
28575|150000.0|2|2|1|38|-1|-1|-1|-1|-1|-1|5195.0|4177.0|7444.0|19997.0|4095.0|52207.0|4185.0|7447.0|20013.0|4095.0|25869.0|0.0|0
19051|280000.0|1|1|2|32|0|0|0|0|0|0|217798.0|202676.0|199490.0|181857.0|183324.0|177920.0|10050.0|10123.0|10001.0|6244.0|6315.0|7037.0|0
14011|50000.0|2|2|1|37|0|0|0|0|0|-1|24380.0|23325.0|21940.0|20718.0|24048.0|5017.0|1366.0|1400.0|1200.0|5000.0|5017.0|71.0|0
1027|80000.0|1|1|2|29|-1|-1|2|0|0|0|2946.0|4599.0|1863.0|3309.0|1446.0|390.0|4599.0|0.0|1446.0|0.0|0.0|2493.0|0
1084|230000.0|2|1|2|29|0|0|0|0|0|0|33988.0|32803.0|32166.0|79780.0|58886.0|42295.0|2500.0|3007.0|51780.0|2025.0|1560.0|747.0|0
17251|390000.0|2|1|1|64|1|-2|-2|-2|-2|-1|0.0|0.0|0.0|0.0|0.0|8668.0|0.0|0.0|0.0|0.0|8668.0|4490.0|1
13777|100000.0|1|2|1|29|0|0|0|0|-1|-1|94453.0|95860.0|67782.0|-2618.0|95748.0|101299.0|3320.0|5000.0|0.0|100000.0|7186.0|0.0|0
2134|400000.0|2|1|2|29|-1|-1|-1|-1|-1|-1|3807.0|3168.0|372.0|20031.0|916.0|30979.0|3168.0|372.0|20231.0|916.0|30979.0|1984.0|0
6380|240000.0|1|2|2|43|0|0|0|0|0|0|236238.0|225318.0|202513.0|198720.0|192574.0|195682.0|8763.0|7539.0|8267.0|7012.0|8010.0|8499.0|0
17844|150000.0|2|3|1|34|0|0|0|0|0|0|112391.0|98583.0|95810.0|87216.0|88201.0|87483.0|5000.0|4000.0|4000.0|3290.0|3200.0|3215.0|0
2989|500000.0|2|2|1|45|1|-1|-1|-1|-2|-2|0.0|1376.0|3719.0|-200.0|-200.0|-200.0|1376.0|3723.0|1319.0|0.0|0.0|0.0|1
26081|130000.0|2|1|1|36|0|0|0|0|0|0|129689.0|107070.0|103942.0|94623.0|90556.0|92394.0|5000.0|4400.0|5000.0|4000.0|3500.0|4000.0|0
16077|100000.0|2|2|2|29|0|0|0|0|0|-1|17848.0|19032.0|19664.0|16407.0|15068.0|40794.0|1775.0|1407.0|328.0|935.0|42000.0|1500.0|0
10876|90000.0|1|2|1|41|0|0|0|0|0|0|45431.0|46338.0|45129.0|45640.0|46175.0|46716.0|2749.0|2206.0|1113.0|1135.0|1153.0|1134.0|0
29992|190000.0|2|2|1|36|0|0|0|0|0|0|185788.0|185959.0|179458.0|162482.0|158137.0|157956.0|7483.0|5902.0|7061.0|4902.0|6057.0|5381.0|0
5551|50000.0|1|3|2|49|0|0|0|0|0|0|48245.0|27656.0|23168.0|20245.0|20251.0|19970.0|1286.0|21578.0|1310.0|706.0|806.0|656.0|0
16186|330000.0|2|1|1|31|0|0|0|0|0|0|132514.0|137347.0|391478.0|142842.0|143257.0|144783.0|10000.0|65042.0|12000.0|5000.0|6000.0|6000.0|0
8690|160000.0|2|3|2|29|1|-2|-2|-2|-2|-2|0.0|0.0|4150.0|2065.0|0.0|500.0|0.0|4150.0|2065.0|0.0|500.0|0.0|1
23917|20000.0|1|3|2|23|1|2|0|0|0|3|14034.0|13524.0|14983.0|16197.0|18932.0|18271.0|0.0|2000.0|1780.0|3000.0|0.0|0.0|1
18297|200000.0|2|3|2|49|-1|-1|-1|-1|-1|-1|1801.0|181.0|4095.0|5711.0|21420.0|6719.0|181.0|4126.0|5711.0|21520.0|6719.0|150.0|0
14178|20000.0|2|2|1|46|4|3|2|3|2|0|15833.0|15286.0|17021.0|16461.0|15901.0|16294.0|0.0|2277.0|0.0|0.0|800.0|1400.0|1
21751|110000.0|2|1|2|24|0|0|2|0|0|0|111863.0|111569.0|110768.0|110480.0|48708.0|47060.0|6001.0|5000.0|5060.0|2000.0|3000.0|5000.0|0
7130|30000.0|2|1|1|41|0|0|0|0|0|-2|15636.0|4542.0|4075.0|3668.0|0.0|0.0|2000.0|1000.0|1000.0|1000.0|1800.0|0.0|0
3118|30000.0|2|2|1|26|0|0|0|0|0|2|29072.0|29276.0|30204.0|28501.0|29687.0|29497.0|1600.0|1500.0|1000.0|4000.0|1900.0|0.0|0
14520|240000.0|2|1|1|39|1|-2|-2|-2|-2|-2|0.0|0.0|0.0|0.0|0.0|0.0|0.0|0.0|0.0|0.0|0.0|0.0|0
10357|360000.0|2|1|1|35|-2|-2|-2|-2|-2|-2|0.0|0.0|0.0|0.0|0.0|0.0|0.0|0.0|0.0|0.0|0.0|0.0|1
898|230000.0|2|2|2|25|0|0|0|0|0|2|95311.0|94489.0|93143.0|87654.0|90172.0|86850.0|4500.0|4114.0|3500.0|4000.0|3000.0|3000.0|0
4151|300000.0|2|2|1|38|-2|-2|-2|-2|-2|-2|0.0|0.0|0.0|0.0|0.0|0.0|0.0|0.0|0.0|0.0|0.0|0.0|0
9079|140000.0|2|2|1|28|0|0|0|0|0|0|132070.0|134766.0|106450.0|106422.0|104337.0|106886.0|6000.0|4000.0|4000.0|4000.0|4300.0|3600.0|0
19611|80000.0|2|2|2|43|0|0|0|0|0|0|77057.0|78102.0|58501.0|51042.0|19036.0|19414.0|3177.0|2600.0|3000.0|1691.0|695.0|882.0|0
13719|70000.0|1|2|2|26|0|0|0|0|0|2|65329.0|64584.0|63600.0|60540.0|26890.0|18923.0|3000.0|4000.0|2000.0|4030.0|0.0|1000.0|0
14222|70000.0|1|1|2|27|0|0|0|0|0|0|134781.0|69502.0|117846.0|49535.0|48247.0|49040.0|6012.0|1936.0|1874.0|1740.0|2000.0|1800.0|0
1168|20000.0|2|2|2|22|1|2|0|0|2|2|9498.0|9202.0|10741.0|12326.0|11888.0|9351.0|0.0|2000.0|1800.0|0.0|900.0|0.0|1
15473|150000.0|2|5|2|27|-2|-2|-1|-1|0|-1|12178.0|22344.0|65330.0|20333.0|8433.0|10332.0|22452.0|65676.0|20368.0|25.0|10363.0|4881.0|0
22499|20000.0|2|2|2|24|1|2|0|0|2|0|6025.0|5786.0|10471.0|11542.0|11216.0|14834.0|0.0|5000.0|1550.0|0.0|4000.0|4026.0|1
12916|130000.0|2|1|2|25|1|-1|-1|-1|-1|-1|0.0|2178.0|604.0|700.0|0.0|1440.0|2178.0|604.0|700.0|0.0|1440.0|412.0|0
4071|20000.0|2|1|2|23|0|0|0|-2|-2|-1|11967.0|5252.0|-340.0|-780.0|-780.0|780.0|1031.0|650.0|0.0|0.0|1560.0|150.0|0
5130|100000.0|2|2|2|22|1|2|0|0|0|0|96491.0|94043.0|97522.0|97696.0|90605.0|85293.0|0.0|5000.0|3000.0|2113.0|2995.0|139.0|0
1833|30000.0|1|2|2|25|0|0|0|2|0|0|7298.0|8322.0|9826.0|9519.0|10362.0|11187.0|1147.0|1651.0|0.0|1000.0|1000.0|1000.0|1
8209|200000.0|2|3|2|34|0|0|0|0|0|0|195380.0|199642.0|188169.0|191549.0|195163.0|194101.0|7632.0|6839.0|6518.0|6356.0|6441.0|6763.0|0
6806|90000.0|2|2|1|45|0|0|0|0|-1|0|63049.0|71245.0|70819.0|20301.0|87497.0|86938.0|10000.0|1612.0|0.0|87497.0|10000.0|20000.0|0
23695|30000.0|1|2|2|51|5|4|3|2|3|2|26551.0|25855.0|25146.0|26549.0|25849.0|25285.0|0.0|0.0|2113.0|0.0|0.0|2191.0|1
7049|60000.0|1|3|1|55|3|2|2|0|0|0|60521.0|61450.0|57244.0|28853.0|29510.0|26547.0|2504.0|7.0|1200.0|1200.0|1100.0|1500.0|0
20195|460000.0|2|2|1|39|-1|-1|-1|2|0|-1|15950.0|13101.0|22551.0|21851.0|22214.0|80132.0|13101.0|10000.0|0.0|10000.0|80132.0|4882.0|0
19941|360000.0|1|3|1|37|-1|-1|-2|-2|-2|-1|303.0|0.0|0.0|0.0|0.0|860.0|0.0|0.0|0.0|0.0|860.0|0.0|0
13701|60000.0|2|1|2|24|0|0|0|0|0|0|48890.0|43651.0|34358.0|34986.0|35770.0|36622.0|2000.0|1800.0|1500.0|1500.0|1600.0|1500.0|0
22305|30000.0|1|3|2|45|0|0|0|0|0|0|28185.0|28296.0|23455.0|24179.0|24289.0|24649.0|1377.0|1370.0|1294.0|1015.0|900.0|913.0|0
23074|500000.0|1|2|1|39|-2|-2|-2|-2|-2|-2|1777.0|23800.0|297.0|9342.0|3518.0|5597.0|23800.0|297.0|9342.0|3518.0|5597.0|717.0|0
812|200000.0|2|2|1|45|-1|2|2|2|0|0|8934.0|5264.0|6769.0|2487.0|1857.0|0.0|0.0|2491.0|0.0|0.0|0.0|4313.0|0
7009|80000.0|1|2|2|26|0|0|0|0|0|0|76158.0|81858.0|80337.0|61002.0|58148.0|52515.0|8000.0|5000.0|4000.0|5000.0|3000.0|5000.0|0
18703|140000.0|1|2|1|41|0|0|0|0|0|0|82309.0|92682.0|103265.0|117188.0|113368.0|119194.0|12682.0|13265.0|17188.0|10000.0|15000.0|0.0|0
7236|280000.0|2|1|1|37|-1|-1|-2|-1|-1|-1|8909.0|3173.0|13947.0|7676.0|6155.0|3695.0|3571.0|14080.0|7742.0|6178.0|3711.0|6056.0|0
17642|140000.0|1|1|1|41|0|0|0|0|0|0|19853.0|22525.0|25141.0|29701.0|34197.0|38615.0|3000.0|3000.0|5000.0|5000.0|5000.0|3000.0|0
25306|100000.0|1|2|1|32|0|0|0|0|0|0|60121.0|61575.0|63028.0|43360.0|41906.0|42831.0|2454.0|2700.0|1712.0|1500.0|1600.0|1600.0|0
14467|120000.0|2|3|2|53|0|0|0|0|0|0|118676.0|119177.0|118068.0|120457.0|90843.0|91267.0|4210.0|4435.0|4592.0|3171.0|3256.0|3260.0|0
6495|50000.0|1|2|1|59|0|0|0|0|0|0|47069.0|48479.0|49520.0|18990.0|19539.0|19791.0|2169.0|2210.0|680.0|855.0|726.0|687.0|0
25270|20000.0|1|3|3|59|2|0|0|0|0|0|15281.0|16316.0|17347.0|18055.0|18755.0|20299.0|1596.0|1600.0|1300.0|1000.0|2000.0|0.0|1
16205|320000.0|2|1|2|30|-2|-2|-2|-2|-2|-2|0.0|200.0|3663.0|992.0|1627.0|6661.0|200.0|3696.0|997.0|1635.0|6694.0|2508.0|0
4776|130000.0|1|3|1|49|0|0|0|0|0|0|119466.0|116833.0|106524.0|89412.0|86993.0|87433.0|5044.0|5067.0|5013.0|5002.0|4002.0|5009.0|0
10878|50000.0|2|2|2|43|1|2|0|0|0|0|48777.0|47331.0|48010.0|24331.0|25553.0|26733.0|0.0|2000.0|1000.0|2000.0|2000.0|2000.0|0
7757|20000.0|2|3|1|61|2|2|2|2|0|0|2730.0|5461.0|6218.0|5970.0|8945.0|9896.0|2800.0|1000.0|0.0|3100.0|1100.0|0.0|1
15056|30000.0|2|2|2|26|0|0|0|0|0|0|12479.0|10100.0|10923.0|10549.0|4747.0|4864.0|1233.0|1056.0|500.0|500.0|1000.0|2000.0|0
5250|120000.0|2|1|2|24|-2|-2|-1|-1|0|0|14709.0|8158.0|3529.0|11050.0|15811.0|14774.0|9326.0|3538.0|11050.0|5313.0|516.0|6202.0|0
26493|230000.0|2|1|2|33|0|0|0|0|0|0|10765.0|11107.0|11748.0|12269.0|12102.0|12414.0|1300.0|1300.0|1200.0|500.0|500.0|500.0|0
4678|360000.0|1|3|2|34|-1|-1|-1|-1|-1|-1|3821.0|1937.0|944.0|1219.0|2216.0|1440.0|1937.0|944.0|1219.0|2216.0|2000.0|648.0|0
12264|30000.0|2|2|2|36|0|0|0|0|0|0|11896.0|12990.0|14073.0|15131.0|15579.0|16175.0|1600.0|1600.0|1600.0|1000.0|1000.0|1000.0|0
29689|80000.0|1|3|1|55|0|0|0|0|0|0|80037.0|79788.0|81571.0|75814.0|49784.0|51408.0|63000.0|25000.0|7704.0|8700.0|3000.0|12900.0|0
15031|150000.0|2|1|1|32|1|-2|-2|-2|-2|-2|0.0|0.0|0.0|0.0|0.0|0.0|0.0|0.0|0.0|0.0|0.0|0.0|0
5840|200000.0|2|2|1|30|0|0|0|0|0|0|75014.0|77044.0|80096.0|82269.0|85093.0|86870.0|3190.0|4195.0|4300.0|5000.0|3196.0|3231.0|0
28148|30000.0|2|2|1|42|0|0|0|0|0|0|22943.0|47912.0|25023.0|25768.0|26410.0|27960.0|1700.0|1755.0|1500.0|1000.0|1909.0|1000.0|0
26137|230000.0|2|1|2|24|-1|0|0|0|-1|-1|5883.0|7923.0|5418.0|0.0|2000.0|987.0|7000.0|1000.0|0.0|2000.0|987.0|1951.0|0
96|70000.0|2|1|2|25|0|0|0|0|0|0|66738.0|68601.0|65615.0|66429.0|67858.0|69723.0|3005.0|3000.0|2500.0|2500.0|3000.0|1400.0|1
3125|180000.0|1|1|2|30|-1|-1|-1|-1|-1|-1|4027.0|2130.0|25770.0|11475.0|69910.0|21949.0|2130.0|25770.0|11475.0|69910.0|21949.0|11600.0|0
16290|280000.0|1|3|1|45|-2|-2|-2|-2|-2|-2|14493.0|1589.0|-7.0|1420.0|8036.0|12863.0|1596.0|0.0|1427.0|8076.0|12927.0|0.0|0
2005|360000.0|2|1|2|26|-1|-1|-1|-1|-1|-1|7142.0|44008.0|21715.0|5064.0|9147.0|6068.0|44234.0|21823.0|5089.0|9192.0|6098.0|16495.0|0
4976|260000.0|1|1|2|33|-1|-1|-1|-2|-1|-1|1025.0|799.0|-1.0|-1.0|358.0|492.0|803.0|0.0|0.0|359.0|494.0|0.0|0
6494|80000.0|2|2|2|23|0|0|0|0|-1|-1|38587.0|27558.0|23470.0|21539.0|14578.0|11766.0|5000.0|5000.0|10006.0|14614.0|11766.0|18000.0|0
19324|320000.0|2|2|1|36|-2|-1|0|0|0|0|73024.0|66537.0|58762.0|43112.0|67290.0|62132.0|2904.0|2973.0|1579.0|40020.0|3127.0|1206.0|0
3833|20000.0|1|2|2|25|0|0|0|0|0|0|17286.0|18199.0|18559.0|19068.0|19053.0|16500.0|1594.0|1344.0|1243.0|618.0|579.0|778.0|1
17511|360000.0|1|1|2|34|0|0|0|0|0|0|350178.0|359050.0|366591.0|331833.0|288709.0|290583.0|15000.0|15502.0|13801.0|9852.0|10224.0|10010.0|0
18152|200000.0|1|2|2|68|0|0|0|0|0|0|203533.0|204149.0|179350.0|152525.0|152765.0|152680.0|8870.0|7578.0|5700.0|5882.0|5799.0|5888.0|0
16857|410000.0|1|1|2|32|-1|0|-1|-1|-1|-1|3339.0|13047.0|7764.0|623.0|4695.0|4133.0|10000.0|7764.0|623.0|4695.0|5973.0|4421.0|0
5922|210000.0|2|2|1|40|-1|-1|2|-1|-1|-1|2216.0|6142.0|1108.0|1499.0|2447.0|888.0|5258.0|0.0|1500.0|2500.0|1000.0|1500.0|0
18089|250000.0|2|1|2|29|2|-1|-1|-1|-1|0|1381.0|1381.0|7014.0|1581.0|36022.0|34011.0|1381.0|7014.0|1581.0|36022.0|10000.0|10961.0|1
17099|230000.0|2|2|1|34|0|0|0|0|0|0|234328.0|234211.0|157345.0|155335.0|153427.0|150514.0|8913.0|5449.0|5339.0|5370.0|4435.0|4432.0|1
7240|230000.0|1|1|1|53|1|-2|-2|-2|-2|-2|0.0|0.0|0.0|0.0|0.0|0.0|0.0|0.0|0.0|0.0|0.0|0.0|1
23169|160000.0|2|2|2|32|0|0|0|0|0|0|156098.0|156259.0|155404.0|153234.0|156731.0|155818.0|6000.0|6000.0|5600.0|6000.0|6000.0|5500.0|0
17331|150000.0|1|2|1|35|1|-2|-2|-2|-2|-2|-18.0|-18.0|-18.0|-18.0|-18.0|-18.0|0.0|0.0|0.0|0.0|0.0|0.0|0
13976|150000.0|2|1|2|33|-2|-2|-2|-2|-2|-2|24393.0|26847.0|32702.0|33459.0|27800.0|2261.0|27007.0|32715.0|33475.0|27808.0|2261.0|169465.0|0
9694|80000.0|2|3|2|28|-1|-1|-1|-1|-1|-1|1646.0|4830.0|4655.0|15403.0|5849.0|2046.0|4830.0|4655.0|17663.0|5852.0|2254.0|1467.0|0
15746|50000.0|1|2|1|40|0|0|0|0|0|0|50536.0|9853.0|11353.0|12143.0|11753.0|11922.0|1200.0|4000.0|2000.0|2000.0|1000.0|1000.0|0
21544|200000.0|2|1|1|27|1|-2|-1|2|0|0|-896.0|2500.0|653.0|653.0|653.0|0.0|7052.0|653.0|0.0|0.0|0.0|1300.0|0
21404|180000.0|1|2|1|36|2|2|2|2|2|2|114140.0|115764.0|117426.0|119000.0|120528.0|123451.0|5000.0|5000.0|5000.0|5000.0|5000.0|0.0|1
27071|50000.0|1|2|2|23|0|0|0|0|0|0|40698.0|42018.0|43344.0|16951.0|16989.0|17230.0|2000.0|2230.0|1600.0|600.0|500.0|19742.0|0
22252|230000.0|1|3|2|37|-1|0|0|0|-1|0|36571.0|35484.0|41862.0|21655.0|64645.0|44627.0|1700.0|10010.0|5000.0|64667.0|5003.0|3016.0|0
17941|340000.0|2|1|1|34|0|0|0|0|0|0|254219.0|252984.0|252180.0|250359.0|203580.0|192415.0|9500.0|9780.0|9425.0|7500.0|6800.0|7200.0|0
21079|200000.0|2|2|2|25|-2|-2|-1|-1|0|-1|22701.0|7940.0|9855.0|24091.0|24583.0|7354.0|0.0|10145.0|24091.0|492.0|7354.0|9694.0|0
7966|70000.0|1|2|1|37|2|2|2|2|2|2|60514.0|61923.0|62740.0|63090.0|64470.0|65828.0|3000.0|2400.0|2000.0|3000.0|2508.0|0.0|1
13621|60000.0|1|2|2|24|0|0|0|0|0|0|58197.0|47537.0|46576.0|41376.0|36959.0|35508.0|3000.0|3010.0|3004.0|3000.0|3000.0|3000.0|0
7940|200000.0|1|3|1|44|0|0|0|0|0|0|69106.0|70393.0|73220.0|74419.0|76078.0|77822.0|3000.0|4000.0|3000.0|3000.0|3000.0|3000.0|0
24969|340000.0|2|1|1|42|0|0|0|0|0|0|221587.0|216472.0|218817.0|223329.0|226176.0|230921.0|8409.0|8500.0|8500.0|8500.0|8500.0|8500.0|0
15977|450000.0|1|1|1|42|-1|0|-1|-1|-1|-1|2549.0|20499.0|2499.0|2499.0|0.0|11071.0|20449.0|2499.0|2499.0|0.0|11071.0|780.0|0
10725|20000.0|1|2|2|36|0|0|-2|-2|-2|-2|18400.0|0.0|0.0|0.0|0.0|0.0|0.0|0.0|0.0|0.0|0.0|0.0|1
13308|470000.0|1|1|2|27|0|0|0|0|0|0|213495.0|183680.0|153743.0|146971.0|127546.0|129998.0|10005.0|9001.0|8001.0|5001.0|5001.0|6145.0|0
15038|180000.0|1|2|1|36|0|0|0|0|-1|-1|4524.0|6435.0|6894.0|8292.0|21866.0|0.0|2000.0|1200.0|2000.0|21866.0|0.0|0.0|1
1618|50000.0|2|2|2|23|0|0|0|0|0|0|25421.0|26704.0|26952.0|15673.0|13903.0|27775.0|2000.0|1000.0|3400.0|1500.0|25298.0|3961.0|0
12350|180000.0|2|2|1|30|1|-1|-1|-1|0|0|1591.0|150.0|8834.0|19565.0|14170.0|9017.0|150.0|8857.0|19565.0|502.0|3000.0|2707.0|0
27935|110000.0|1|5|1|36|0|0|0|0|0|0|58949.0|60131.0|61329.0|62402.0|63112.0|64325.0|3000.0|3000.0|3000.0|2500.0|3000.0|2500.0|0
11233|180000.0|2|1|1|39|0|0|0|0|0|0|177893.0|134212.0|128505.0|130078.0|128771.0|106396.0|6200.0|6000.0|5000.0|5001.0|4100.0|3600.0|1
25243|120000.0|2|2|2|29|0|0|0|2|-1|0|9102.0|10626.0|15003.0|9270.0|46193.0|30774.0|2000.0|5000.0|0.0|49920.0|1500.0|4000.0|0
14656|60000.0|1|2|1|31|1|2|2|2|0|0|16253.0|15695.0|18440.0|17838.0|17417.0|22102.0|0.0|3000.0|0.0|1000.0|5000.0|1000.0|0
20178|100000.0|2|1|2|24|-1|-1|2|-1|-1|2|7576.0|15532.0|7626.0|11896.0|15520.0|7156.0|15532.0|0.0|11896.0|11008.0|0.0|23164.0|0
13790|110000.0|1|2|1|30|0|0|0|-1|2|2|35283.0|26000.0|9000.0|63853.0|59308.0|60576.0|1500.0|1500.0|63853.0|1500.0|2062.0|0.0|0
15869|200000.0|1|3|2|26|-1|-1|-1|-1|-1|-1|8355.0|8355.0|8355.0|8355.0|8355.0|8355.0|8355.0|8355.0|8355.0|8355.0|8355.0|8285.0|0
27241|30000.0|1|2|2|37|3|2|2|7|7|7|2379.0|2379.0|2379.0|2379.0|2379.0|2379.0|0.0|0.0|0.0|0.0|0.0|0.0|1
2455|150000.0|2|1|2|29|0|0|0|0|0|0|39215.0|49300.0|53030.0|65006.0|50515.0|0.0|11200.0|16000.0|12376.0|1109.0|0.0|0.0|0
11397|240000.0|1|2|1|36|0|0|2|2|0|0|216923.0|242282.0|245657.0|240040.0|231790.0|221683.0|30700.0|8700.0|0.0|8207.0|9000.0|8000.0|0
29699|450000.0|1|1|1|48|-1|2|-1|-1|-1|-1|5514.0|1509.0|949.0|575.0|3489.0|0.0|0.0|949.0|575.0|4929.0|0.0|0.0|1
29376|330000.0|1|2|1|34|0|0|0|0|0|0|17421.0|18769.0|17413.0|17769.0|18138.0|13788.0|1650.0|1200.0|510.0|524.0|668.0|300.0|0
26573|310000.0|1|2|2|46|2|0|0|0|0|0|102064.0|104072.0|105063.0|107113.0|109263.0|120347.0|5030.0|4000.0|3633.0|3671.0|12600.0|0.0|1
7871|240000.0|2|1|1|44|0|0|0|0|0|0|188307.0|179988.0|184976.0|188934.0|196884.0|199267.0|6600.0|8000.0|7000.0|11000.0|7181.0|7236.0|0
26621|70000.0|1|2|1|37|0|0|0|0|0|0|57981.0|66858.0|65303.0|63066.0|28291.0|25258.0|15000.0|3247.0|3500.0|837.0|1000.0|2500.0|0
11557|210000.0|2|2|1|49|2|0|0|0|0|0|114273.0|115302.0|111906.0|111423.0|92394.0|93321.0|6000.0|6000.0|5000.0|3000.0|3500.0|3000.0|1
4387|140000.0|2|2|2|26|0|0|0|0|0|0|140881.0|136889.0|140615.0|78486.0|48476.0|50509.0|8140.0|8000.0|4000.0|1917.0|3000.0|3000.0|0
15471|50000.0|1|3|2|34|0|0|0|2|0|0|9110.0|10454.0|12274.0|11780.0|14578.0|18309.0|1500.0|2000.0|0.0|3000.0|4000.0|0.0|0
14197|280000.0|2|1|2|33|0|0|0|0|0|0|266030.0|264176.0|267668.0|262905.0|260296.0|254023.0|12000.0|12001.0|12000.0|9510.0|10002.0|10000.0|0
28670|140000.0|1|1|2|29|-1|-1|-1|-1|-1|-1|2937.0|5150.0|1514.0|2573.0|495.0|1744.0|2024.0|1522.0|2580.0|496.0|1749.0|2265.0|0
28901|80000.0|2|2|1|23|0|0|0|0|0|0|72364.0|64105.0|45867.0|29713.0|30270.0|27912.0|2756.0|1366.0|1000.0|1023.0|1093.0|700.0|0
29388|30000.0|2|5|1|53|0|0|0|0|0|0|28191.0|27166.0|17769.0|18107.0|18541.0|4770.0|1600.0|1300.0|1000.0|1200.0|2000.0|1000.0|0
25326|500000.0|2|2|1|36|0|0|0|0|0|0|261502.0|286708.0|311641.0|326298.0|270968.0|315889.0|30000.0|30000.0|20507.0|50000.0|50047.0|20413.0|0
20146|290000.0|2|1|1|30|0|0|0|0|0|0|53476.0|52089.0|49979.0|36439.0|33231.0|32131.0|2009.0|2569.0|1532.0|987.0|1002.0|1035.0|0
7795|280000.0|2|1|2|36|-1|-1|-1|-1|-2|-2|27290.0|0.0|720.0|0.0|0.0|0.0|0.0|720.0|0.0|0.0|0.0|0.0|0
28138|200000.0|2|2|2|27|-1|-1|-1|-1|-1|-1|1126.0|390.0|390.0|390.0|540.0|770.0|390.0|390.0|390.0|540.0|770.0|13993.0|0
21572|20000.0|1|2|2|44|0|-1|-1|0|0|0|19696.0|203.0|19378.0|19961.0|19962.0|19981.0|203.0|20710.0|1305.0|696.0|712.0|860.0|0
13099|380000.0|1|1|1|46|1|-2|-2|-2|-2|-2|0.0|0.0|0.0|0.0|0.0|0.0|0.0|0.0|0.0|0.0|0.0|0.0|0
25189|360000.0|2|3|1|73|-2|-2|-2|-2|-2|-2|0.0|0.0|0.0|0.0|0.0|0.0|0.0|0.0|0.0|0.0|0.0|0.0|1
28967|10000.0|1|2|2|23|-1|-1|-1|-1|-1|-1|1473.0|1863.0|0.0|390.0|390.0|780.0|1863.0|0.0|390.0|390.0|780.0|0.0|0
7663|120000.0|1|3|1|32|2|2|2|2|2|2|67502.0|68842.0|69825.0|70891.0|72213.0|73786.0|3000.0|2700.0|2800.0|2600.0|2900.0|0.0|0
22597|60000.0|2|3|2|26|0|0|0|0|0|0|38726.0|39764.0|41084.0|41741.0|42461.0|43457.0|1663.0|1983.0|1640.0|1542.0|1703.0|1758.0|0
3549|360000.0|2|2|1|52|1|-2|-2|-2|-2|-2|0.0|0.0|0.0|0.0|0.0|0.0|0.0|0.0|0.0|0.0|0.0|207.0|0
13912|50000.0|1|2|1|47|0|0|0|0|0|0|50593.0|50420.0|49695.0|47862.0|18371.0|18601.0|1798.0|2198.0|1296.0|805.0|676.0|695.0|0
5261|150000.0|2|1|2|34|-1|-1|-2|-1|0|-1|900.0|0.0|0.0|740.0|740.0|545.0|0.0|0.0|740.0|0.0|545.0|550.0|0
12576|20000.0|1|3|2|53|-1|0|-1|-1|-1|-1|13561.0|13050.0|390.0|18280.0|2880.0|1600.0|1105.0|390.0|18280.0|2880.0|1600.0|0.0|1
29176|80000.0|1|2|2|33|1|2|0|0|0|0|19073.0|16106.0|57525.0|54990.0|52458.0|54093.0|3895.0|50000.0|2000.0|2000.0|2344.0|1235.0|0
29653|50000.0|1|3|1|31|0|-1|-1|-1|-1|-1|1473.0|390.0|390.0|390.0|0.0|780.0|390.0|390.0|390.0|0.0|780.0|0.0|1
3343|50000.0|1|2|2|22|0|0|0|-2|-2|-2|47478.0|43300.0|0.0|0.0|0.0|0.0|1000.0|0.0|0.0|0.0|0.0|432.0|0
15150|20000.0|2|3|1|50|0|0|2|0|0|0|8612.0|8862.0|8992.0|9452.0|10520.0|11320.0|2202.0|500.0|1000.0|2000.0|800.0|0.0|0
22109|380000.0|2|2|2|28|0|0|0|0|0|0|123880.0|105184.0|69221.0|46858.0|33060.0|27047.0|7050.0|6018.0|3000.0|4000.0|4000.0|250400.0|0
21860|210000.0|2|1|2|48|1|-2|-2|-1|-1|0|0.0|0.0|0.0|486.0|836.0|836.0|0.0|0.0|486.0|836.0|0.0|0.0|1
15626|160000.0|2|3|2|26|0|0|0|0|-2|-2|2454.0|3488.0|4443.0|0.0|0.0|0.0|1083.0|1038.0|0.0|0.0|0.0|97502.0|0
9255|280000.0|2|1|2|30|0|0|0|0|0|0|270276.0|506260.0|263734.0|268216.0|262895.0|264508.0|11000.0|10000.0|10004.0|10020.0|10100.0|10000.0|0
27554|300000.0|2|1|2|25|1|-2|-1|0|0|0|-4.0|-231.0|10610.0|10520.0|120.0|0.0|227.0|10841.0|0.0|100.0|0.0|0.0|0
607|30000.0|2|1|2|27|0|0|0|0|0|0|23447.0|24563.0|25650.0|26222.0|26800.0|27554.0|1500.0|1500.0|1000.0|1000.0|1200.0|4271.0|1
23567|260000.0|2|2|2|26|0|0|0|0|0|0|16150.0|17880.0|22248.0|26842.0|35997.0|55272.0|2000.0|5000.0|5000.0|10000.0|20000.0|15000.0|0
11071|300000.0|2|2|2|48|-2|-2|-2|-2|-2|-2|6301.0|0.0|2417.0|470.0|4690.0|0.0|4126.0|2417.0|470.0|4690.0|0.0|18774.0|0
8060|120000.0|1|2|2|37|-1|2|0|0|0|2|16241.0|16680.0|17695.0|17901.0|19608.0|19143.0|1000.0|1600.0|800.0|2000.0|0.0|1600.0|1
24830|300000.0|2|1|1|40|-1|-1|-1|-1|0|0|10920.0|3939.0|10184.0|115184.0|63758.0|19813.0|3939.0|11082.0|115184.0|19800.0|0.0|2356.0|0
25198|340000.0|1|3|1|48|0|0|0|0|0|0|4726.0|5178.0|65826.0|63877.0|53845.0|51983.0|1379.0|61883.0|2147.0|1855.0|1774.0|1541.0|0
5946|200000.0|2|1|2|33|0|0|0|0|0|0|77670.0|80051.0|80906.0|82088.0|81564.0|87241.0|6782.0|5000.0|4000.0|3000.0|9000.0|4000.0|0
15935|200000.0|1|1|2|32|-1|-1|-1|-1|-1|2|5494.0|19614.0|628.0|628.0|1604.0|668.0|19614.0|628.0|628.0|1604.0|0.0|168.0|1
22976|20000.0|1|3|2|24|0|0|0|0|0|0|19438.0|16944.0|17990.0|19671.0|19244.0|19443.0|1273.0|1319.0|2000.0|674.0|693.0|693.0|0
15871|50000.0|1|2|1|41|0|0|0|0|0|0|43474.0|48921.0|34879.0|31820.0|9965.0|10017.0|40003.0|1636.0|1800.0|344.0|400.0|400.0|0
28726|50000.0|2|5|1|33|1|2|0|-1|2|0|26358.0|24890.0|25440.0|26191.0|25193.0|25742.0|4.0|1925.0|28293.0|0.0|1100.0|2030.0|0
98|140000.0|2|2|2|29|0|0|0|0|0|0|25973.0|53098.0|54760.0|55568.0|27922.0|46108.0|30000.0|24000.0|11200.0|10000.0|34762.0|26447.0|0
25845|200000.0|1|2|2|32|0|0|0|0|0|0|196550.0|178609.0|180357.0|168935.0|88883.0|88973.0|8001.0|6500.0|6146.0|3300.0|2476.0|5749.0|0
1135|50000.0|1|2|2|33|0|0|0|0|0|0|53282.0|50936.0|49911.0|19817.0|20492.0|20365.0|3000.0|2300.0|715.0|1000.0|878.0|1000.0|1
20434|80000.0|1|1|2|26|0|0|0|0|0|0|56808.0|55901.0|57030.0|56576.0|53819.0|48604.0|3000.0|3010.0|4000.0|5000.0|3000.0|2200.0|0
21623|50000.0|1|3|1|48|-1|0|0|0|0|0|50899.0|50527.0|50375.0|46952.0|50343.0|48831.0|2000.0|2000.0|2000.0|5001.0|5000.0|5021.0|0
3762|170000.0|2|2|1|52|0|0|0|0|0|0|170133.0|168945.0|160660.0|163652.0|131396.0|130402.0|7620.0|6200.0|10000.0|5100.0|5500.0|5000.0|1
3936|550000.0|2|1|2|34|-1|0|0|0|0|0|42132.0|44045.0|45392.0|48244.0|36206.0|38021.0|3005.0|3004.0|4010.0|3002.0|3000.0|10010.0|1
4131|480000.0|1|1|1|61|0|0|0|0|0|0|91524.0|94123.0|95336.0|97645.0|92109.0|79795.0|5000.0|4000.0|7172.0|4000.0|2500.0|3000.0|0
5716|50000.0|1|1|2|26|0|0|0|0|0|0|15329.0|16575.0|17496.0|17907.0|18375.0|11400.0|1500.0|1500.0|1000.0|1000.0|1600.0|0.0|0
24551|420000.0|1|1|1|54|-1|-1|-1|-1|-1|-1|12349.0|6545.0|6377.0|18801.0|22180.0|13211.0|6576.0|6420.0|18892.0|22285.0|13270.0|10683.0|0
25609|370000.0|1|3|2|27|-1|0|0|0|0|0|50886.0|61378.0|96133.0|103773.0|137735.0|234740.0|11378.0|36133.0|18773.0|37735.0|100000.0|5600.0|0
27052|50000.0|1|3|2|34|0|0|0|0|0|0|44036.0|35498.0|33043.0|25556.0|24389.0|25436.0|4500.0|4000.0|3000.0|2500.0|4000.0|2500.0|0
6878|20000.0|1|2|2|51|-1|-1|-2|-1|-1|-2|780.0|0.0|-1500.0|780.0|0.0|0.0|0.0|0.0|2280.0|0.0|0.0|0.0|0
6231|60000.0|1|3|1|31|2|0|0|-2|-2|-2|35369.0|35320.0|0.0|0.0|0.0|0.0|1027.0|0.0|0.0|0.0|0.0|0.0|1
12817|60000.0|2|2|2|23|0|0|0|0|0|0|28406.0|28781.0|29219.0|29036.0|29493.0|29776.0|1790.0|1760.0|1200.0|1500.0|1367.0|1000.0|0
18759|190000.0|2|4|1|34|-1|-1|-1|-1|-1|-1|7251.0|11990.0|39360.0|5090.0|2787.0|23405.0|11996.0|39382.0|5090.0|2787.0|23405.0|978.0|0
27193|210000.0|1|2|2|26|1|-2|-2|-2|-1|3|0.0|0.0|0.0|0.0|1290.0|990.0|0.0|0.0|0.0|1290.0|0.0|0.0|1
21658|580000.0|2|1|1|36|0|0|0|0|0|0|159760.0|162189.0|166127.0|169365.0|168755.0|167964.0|6422.0|6565.0|5951.0|6006.0|5894.0|5946.0|0
18939|80000.0|1|3|1|27|2|-1|0|0|0|0|40846.0|3099.0|1950.0|1170.0|780.0|780.0|1149.0|1000.0|0.0|0.0|0.0|2440.0|1
23978|200000.0|1|1|2|29|-1|-1|-1|-1|-1|-1|3773.0|3990.0|9048.0|4700.0|800.0|4082.0|4029.0|9048.0|4700.0|800.0|4082.0|0.0|0
15468|330000.0|2|1|1|41|-1|-1|-2|-2|-2|-2|4122.0|0.0|0.0|0.0|0.0|0.0|0.0|0.0|0.0|0.0|0.0|0.0|0
28059|200000.0|2|3|1|53|0|0|0|0|0|0|126027.0|129008.0|130376.0|133207.0|136159.0|138741.0|6500.0|5000.0|5000.0|5100.0|5000.0|5400.0|0
8938|150000.0|1|2|1|36|2|0|0|0|0|0|86333.0|88931.0|92441.0|102903.0|105240.0|109479.0|4000.0|5000.0|12000.0|4000.0|6000.0|50000.0|1
7711|40000.0|2|1|2|30|0|0|0|2|0|0|18927.0|21295.0|25921.0|25209.0|26636.0|29197.0|3000.0|5000.0|0.0|2000.0|3000.0|0.0|0
23257|230000.0|2|2|1|36|0|0|-1|2|-1|2|52689.0|0.0|150.0|150.0|921.0|771.0|0.0|150.0|0.0|921.0|0.0|51362.0|0
18947|270000.0|2|4|1|33|-2|-2|-2|-2|-2|-2|0.0|0.0|1205.0|0.0|0.0|0.0|0.0|1205.0|0.0|0.0|0.0|0.0|0
23987|80000.0|2|1|2|30|1|-1|-1|-1|-2|-2|0.0|1313.0|880.0|0.0|0.0|0.0|1313.0|883.0|0.0|0.0|0.0|0.0|0
20372|310000.0|2|1|1|62|2|2|2|2|2|2|327289.0|323125.0|308878.0|314524.0|308637.0|283200.0|12500.0|2100.0|22053.0|10654.0|0.0|10450.0|0
8119|230000.0|1|3|1|58|-2|-2|-2|-2|-2|-2|-11.0|-11.0|2163.0|-40.0|-40.0|8083.0|0.0|2174.0|0.0|0.0|8123.0|4133.0|0
16284|140000.0|1|1|2|32|0|0|0|2|0|0|50890.0|59395.0|73225.0|56999.0|61050.0|67086.0|9395.0|15000.0|0.0|5000.0|7086.0|6505.0|0
28764|30000.0|2|2|1|46|1|2|0|0|0|0|26840.0|25311.0|25906.0|25494.0|24986.0|24915.0|0.0|1804.0|1200.0|500.0|737.0|0.0|0
7258|50000.0|2|2|1|31|1|2|0|0|0|0|34644.0|33669.0|19124.0|18117.0|18496.0|18880.0|0.0|1597.0|649.0|671.0|691.0|700.0|0
13843|50000.0|1|1|2|36|1|2|2|2|0|0|49845.0|51215.0|47074.0|18853.0|19405.0|19237.0|2505.0|2300.0|0.0|1000.0|800.0|1000.0|0
18783|150000.0|1|2|2|27|0|0|2|0|0|2|58795.0|62799.0|61233.0|61915.0|69079.0|67852.0|5600.0|0.0|2300.0|8219.0|0.0|9000.0|0
9946|80000.0|2|2|2|34|0|0|0|2|0|0|40570.0|41873.0|88361.0|43671.0|44541.0|47421.0|1983.0|4100.0|0.0|1596.0|3600.0|0.0|0
21876|500000.0|2|1|2|31|0|0|0|0|0|0|258257.0|247282.0|197247.0|188044.0|210940.0|201108.0|25239.0|18011.0|13014.0|45049.0|20102.0|89442.0|0
24128|360000.0|2|2|1|34|0|0|0|0|0|0|80540.0|83715.0|70881.0|53344.0|47058.0|8674.0|3933.0|2001.0|1318.0|1134.0|216.0|0.0|0
25001|500000.0|1|2|1|48|-1|-1|-1|-1|-1|-1|28352.0|35294.0|74846.0|37985.0|33050.0|22185.0|35465.0|75212.0|38169.0|33209.0|22289.0|22289.0|0
10555|200000.0|2|3|2|33|1|2|0|0|0|0|18021.0|17374.0|15463.0|17314.0|14245.0|0.0|0.0|3027.0|6223.0|0.0|0.0|0.0|0
15595|360000.0|2|1|1|51|-2|-2|-2|-2|-2|-2|1495.0|1117.0|7062.0|-3.0|1178.0|-2.0|1120.0|7065.0|0.0|1181.0|0.0|1758.0|0
4287|320000.0|2|1|2|32|0|0|0|-1|-1|-1|13720.0|20219.0|18087.0|5639.0|-41.0|5613.0|8015.0|1140.0|5639.0|0.0|5654.0|0.0|0
18613|50000.0|2|2|1|42|0|0|0|0|0|0|27901.0|24898.0|23702.0|18327.0|17996.0|15938.0|1770.0|1194.0|564.0|1500.0|1000.0|2000.0|0
21294|130000.0|2|3|2|46|0|0|0|0|0|0|131996.0|132177.0|132927.0|131866.0|130707.0|129174.0|5000.0|5000.0|4600.0|5000.0|4614.0|5139.0|0
23481|290000.0|2|1|2|36|1|2|2|2|2|0|170422.0|173840.0|169476.0|177186.0|161057.0|163338.0|7594.0|0.0|12000.0|0.0|6818.0|5182.0|1
4429|20000.0|2|3|1|43|0|0|0|0|0|0|9540.0|11788.0|14137.0|16283.0|17108.0|18005.0|2422.0|2560.0|2426.0|1038.0|1116.0|1332.0|0
4961|200000.0|2|2|2|39|7|6|5|4|3|2|195156.0|190843.0|186029.0|181866.0|179272.0|148704.0|0.0|0.0|0.0|39.0|85.0|3054.0|1
4053|80000.0|2|3|2|53|-2|-2|-2|-2|-2|-2|5687.0|0.0|0.0|19230.0|0.0|0.0|0.0|0.0|19230.0|0.0|0.0|0.0|0
4144|250000.0|2|2|1|32|0|0|-2|-2|-2|-2|39936.0|16666.0|16998.0|17504.0|0.0|0.0|8666.0|16998.0|17504.0|0.0|0.0|0.0|0
26507|180000.0|2|1|1|44|1|-1|-1|-1|-1|-1|2788.0|5646.0|13647.0|30848.0|15520.0|558.0|5646.0|13901.0|30848.0|15520.0|558.0|26733.0|0
5717|90000.0|2|1|2|29|-2|-2|-2|-2|-2|-2|1709.0|2522.0|3426.0|3426.0|2921.0|2197.0|2522.0|3426.0|3426.0|2921.0|2197.0|3087.0|1
10717|80000.0|2|2|1|25|1|-2|-2|-2|-1|-1|0.0|0.0|0.0|0.0|13369.0|0.0|0.0|0.0|0.0|13369.0|0.0|0.0|0
7641|80000.0|2|3|1|43|2|2|3|3|2|3|68152.0|71459.0|73690.0|71908.0|76294.0|74788.0|5000.0|4000.0|0.0|5700.0|0.0|0.0|1
955|360000.0|1|1|2|35|0|0|0|0|0|0|10424.0|10197.0|85777.0|81919.0|75332.0|47622.0|1104.0|81970.0|3261.0|1886.0|3035.0|2068.0|0
6290|460000.0|2|1|1|40|3|2|2|3|3|3|2650.0|2650.0|2650.0|2650.0|2650.0|2650.0|0.0|0.0|0.0|0.0|0.0|200.0|1
26082|130000.0|2|3|2|53|0|0|0|0|0|0|101156.0|100184.0|99001.0|88214.0|90167.0|90682.0|3615.0|4700.0|3200.0|3403.0|3300.0|3500.0|0
20417|80000.0|2|5|2|30|-1|-1|-1|0|0|0|2994.0|16709.0|29459.0|30472.0|36317.0|21671.0|16709.0|29469.0|5000.0|10000.0|2000.0|3000.0|0
11406|50000.0|1|3|1|33|0|0|0|2|0|0|19374.0|17772.0|20090.0|19052.0|19601.0|16460.0|1346.0|2664.0|1261.0|782.0|606.0|583.0|0
5137|330000.0|1|2|1|52|0|0|0|0|0|0|171004.0|173360.0|175958.0|178468.0|181544.0|184338.0|6199.0|6386.0|6435.0|7000.0|6688.0|6688.0|0
4671|230000.0|2|2|1|46|-1|-1|-1|0|-1|-1|1443.0|1443.0|2886.0|1443.0|1443.0|1443.0|1443.0|2886.0|0.0|1443.0|1443.0|1443.0|0
7306|30000.0|2|3|1|30|-1|-1|-1|-1|0|0|1483.0|1378.0|2381.0|2967.0|1746.0|780.0|1378.0|2781.0|3067.0|35.0|780.0|3308.0|0
15492|210000.0|2|3|1|44|-2|-2|-2|-2|-2|-2|11771.0|13462.0|17706.0|0.0|5646.0|14793.0|13462.0|17706.0|0.0|5646.0|14793.0|7376.0|1
8877|300000.0|1|2|2|30|-1|-1|0|0|0|-1|18468.0|60489.0|63982.0|124493.0|16367.0|41338.0|61200.0|45153.0|102749.0|186.0|45079.0|40000.0|0
603|80000.0|1|1|2|31|0|0|0|0|0|0|46516.0|30122.0|24099.0|7764.0|4804.0|10221.0|15029.0|5048.0|229.0|303.0|6018.0|500.0|0
18649|50000.0|1|1|2|55|0|-1|-1|-1|-1|0|11045.0|3115.0|7161.0|5351.0|791.0|47774.0|3115.0|7161.0|5351.0|791.0|46983.0|2025.0|0
4327|30000.0|2|3|1|56|0|0|0|0|0|0|29261.0|29960.0|28316.0|28966.0|29542.0|30163.0|1500.0|1790.0|1440.0|1016.0|1055.0|1188.0|0
21873|100000.0|1|1|1|47|-1|-1|-1|-1|-1|-1|390.0|1473.0|390.0|390.0|390.0|0.0|1473.0|390.0|390.0|390.0|0.0|2380.0|0
25131|50000.0|2|3|1|29|0|0|0|0|0|0|46375.0|47479.0|49002.0|39422.0|15349.0|15078.0|1876.0|2399.0|1819.0|472.0|477.0|472.0|0
17182|420000.0|2|1|1|30|-1|-1|-1|-1|-1|-1|3790.0|19292.0|15068.0|37435.0|-1896.0|18995.0|19292.0|15087.0|37435.0|287.0|25087.0|3046.0|0
2896|50000.0|2|2|2|23|2|0|0|0|0|0|48668.0|48554.0|45445.0|38551.0|28056.0|28310.0|4034.0|2000.0|5008.0|1000.0|2000.0|1000.0|1
3965|260000.0|1|2|1|32|-1|0|0|0|0|0|5227.0|10100.0|14909.0|19623.0|20012.0|20466.0|5000.0|5000.0|5000.0|716.0|776.0|5000.0|0
23160|80000.0|2|2|1|37|1|2|-1|-1|-1|-1|2626.0|2410.0|3237.0|2760.0|914.0|0.0|0.0|3237.0|2760.0|914.0|0.0|0.0|0
18711|140000.0|2|2|2|38|0|0|0|0|0|0|139001.0|141453.0|132415.0|130305.0|79775.0|74462.0|4826.0|8000.0|3100.0|3000.0|5417.0|0.0|0
13434|110000.0|2|2|1|34|0|0|0|0|0|0|18328.0|19385.0|20400.0|20729.0|21465.0|21740.0|1300.0|1280.0|600.0|1005.0|709.0|732.0|0
29652|270000.0|1|1|1|40|0|0|0|0|0|0|3686.0|4699.0|5718.0|6727.0|6861.0|7005.0|1084.0|1103.0|1112.0|246.0|255.0|651.0|0
17633|180000.0|2|2|1|29|0|0|-1|0|0|0|3783.0|2813.0|839.0|1557.0|51680.0|53115.0|2000.0|839.0|718.0|50824.0|2242.0|1100.0|0
28405|60000.0|2|1|2|34|0|0|0|0|0|0|55447.0|48270.0|41087.0|25518.0|26276.0|27012.0|2178.0|1511.0|1200.0|1300.0|1300.0|1252.0|1
23856|50000.0|1|1|2|31|2|0|0|0|0|0|56251.0|50758.0|49517.0|49528.0|44768.0|40295.0|8705.0|2501.0|2005.0|1312.0|1614.0|1706.0|0
24959|60000.0|1|1|2|31|2|2|2|2|2|2|61432.0|57751.0|59200.0|57558.0|52992.0|61325.0|0.0|4770.0|2250.0|0.0|50000.0|0.0|1
22461|240000.0|2|1|1|27|1|-2|-1|-1|0|0|0.0|0.0|402.0|14350.0|14129.0|10222.0|0.0|402.0|14350.0|1129.0|1222.0|204.0|0
2630|320000.0|1|1|2|30|0|0|0|0|0|0|95526.0|97737.0|101151.0|104203.0|108867.0|40411.0|5000.0|5000.0|5000.0|5364.0|5010.0|5013.0|0
24083|20000.0|1|1|2|39|1|2|2|2|2|2|10968.0|12495.0|11998.0|13795.0|13431.0|16199.0|2000.0|0.0|2000.0|0.0|3000.0|0.0|1
23242|100000.0|2|2|2|30|1|-2|-2|-1|2|0|0.0|0.0|0.0|1378.0|1209.0|3174.0|0.0|0.0|1378.0|0.0|2000.0|2000.0|0
17467|320000.0|2|2|2|36|-1|-1|-1|-1|-1|-1|396.0|396.0|396.0|596.0|13386.0|396.0|396.0|396.0|596.0|13386.0|396.0|396.0|0
8575|160000.0|2|1|2|31|0|0|0|0|0|0|160843.0|153543.0|157871.0|143690.0|134386.0|138038.0|6000.0|7225.0|5000.0|5000.0|5900.0|4992.0|0
10976|150000.0|2|1|1|32|0|0|0|0|0|0|23364.0|22846.0|25779.0|22303.0|16981.0|16837.0|1450.0|5779.0|1300.0|700.0|1000.0|1000.0|0
23800|50000.0|1|2|2|23|0|0|0|0|0|0|48025.0|47611.0|44249.0|29321.0|29309.0|29739.0|2122.0|1815.0|1184.0|1206.0|1411.0|904.0|0
20962|70000.0|1|3|2|41|0|0|0|0|0|0|70476.0|68539.0|69520.0|51605.0|50311.0|50729.0|2700.0|3500.0|2000.0|2000.0|2500.0|2500.0|0
20703|50000.0|1|2|1|24|-1|-1|-1|0|0|0|390.0|918.0|19583.0|19593.0|19364.0|19893.0|918.0|19583.0|1000.0|1000.0|1000.0|1000.0|0
15862|150000.0|1|2|1|31|2|2|0|0|0|0|156286.0|148841.0|134757.0|85874.0|84665.0|78130.0|57.0|6203.0|2819.0|3109.0|2842.0|3024.0|0
28364|50000.0|2|3|1|49|0|0|0|0|0|0|46970.0|36260.0|29311.0|27932.0|28274.0|27605.0|3005.0|2000.0|2000.0|2000.0|1000.0|2000.0|0
2874|30000.0|1|2|1|34|0|0|0|0|0|0|28893.0|26807.0|27942.0|27179.0|27385.0|28943.0|2000.0|2000.0|940.0|1000.0|2000.0|2000.0|1
25324|50000.0|1|2|1|35|1|2|0|0|0|2|29273.0|29504.0|32007.0|34474.0|37905.0|38131.0|1000.0|3000.0|3000.0|4000.0|1000.0|10000.0|0
22953|200000.0|1|2|2|36|0|0|0|0|0|0|190120.0|194533.0|194175.0|189457.0|187050.0|187082.0|9000.0|9000.0|8000.0|10000.0|8000.0|7000.0|1
4624|70000.0|2|3|2|38|0|0|0|0|0|0|70621.0|69821.0|68683.0|68771.0|55168.0|49674.0|2506.0|3500.0|2104.0|2015.0|2001.0|2102.0|0
25565|200000.0|2|3|2|31|-1|-1|0|0|0|2|2126.0|99787.0|194779.0|194179.0|164444.0|83277.0|99787.0|100000.0|0.0|83277.0|0.0|77325.0|0
25466|120000.0|2|2|2|27|2|2|2|2|2|2|120649.0|123203.0|119820.0|124755.0|99423.0|101718.0|6000.0|0.0|8500.0|0.0|11345.0|3700.0|1
1211|340000.0|2|1|1|46|-1|-1|-1|-1|-1|-1|9435.0|40670.0|14007.0|11922.0|84739.0|11132.0|40670.0|24330.0|11943.0|84739.0|11132.0|46039.0|0
22037|310000.0|2|2|1|44|-1|-1|-2|-2|-2|-2|500.0|0.0|0.0|0.0|0.0|0.0|0.0|0.0|0.0|0.0|0.0|0.0|0
13181|320000.0|2|1|1|58|-2|-2|-2|-2|-2|-2|1100.0|0.0|0.0|0.0|0.0|0.0|0.0|0.0|0.0|0.0|0.0|434.0|0
2809|60000.0|2|1|2|34|2|-1|-1|0|-1|-1|493.0|240.0|823.0|683.0|240.0|998.0|240.0|823.0|0.0|240.0|998.0|223.0|0
15502|420000.0|1|1|2|36|-1|-1|-1|2|2|2|9464.0|37856.0|31429.0|22483.0|16437.0|-2474.0|40146.0|23040.0|63.0|104.0|23.0|50212.0|0
8012|30000.0|1|1|1|47|2|2|8|8|8|8|2400.0|2400.0|2400.0|2400.0|2400.0|2400.0|0.0|0.0|0.0|0.0|0.0|0.0|1
19728|20000.0|1|3|2|23|-1|2|-1|-1|-1|-1|780.0|390.0|380.0|390.0|0.0|780.0|0.0|380.0|400.0|0.0|780.0|0.0|0
3588|260000.0|2|2|2|33|2|2|2|0|0|0|258150.0|265961.0|258903.0|131150.0|214180.0|153755.0|20485.0|27.0|2914.0|159658.0|5592.0|5837.0|1
6132|160000.0|1|3|2|25|0|0|-2|-2|-2|-2|31400.0|0.0|0.0|0.0|0.0|0.0|0.0|0.0|0.0|0.0|0.0|0.0|0
11565|100000.0|2|2|2|31|2|2|2|2|2|2|41052.0|42081.0|41131.0|43637.0|42635.0|45440.0|2000.0|0.0|3500.0|0.0|3500.0|2000.0|1
1127|340000.0|1|3|1|29|0|0|0|0|0|0|332123.0|327362.0|324322.0|316472.0|317349.0|314212.0|14000.0|12000.0|12000.0|12000.0|12000.0|12000.0|0
1990|180000.0|1|3|1|40|0|0|0|-1|0|0|105918.0|81091.0|-1659.0|111077.0|112738.0|115746.0|4400.0|0.0|112736.0|5000.0|5300.0|5000.0|0
3277|420000.0|2|1|1|45|1|-1|-1|-1|-1|-1|-34.0|10321.0|6244.0|2970.0|3608.0|3019.0|2686.0|6500.0|3004.0|3797.0|3103.0|4302.0|0
29641|20000.0|1|3|2|57|2|0|0|2|3|2|9918.0|11442.0|15926.0|16668.0|16109.0|15709.0|2000.0|5000.0|1300.0|0.0|0.0|1000.0|0
9625|50000.0|2|2|1|55|0|0|0|0|0|0|23605.0|27856.0|16386.0|15511.0|15664.0|19761.0|5856.0|3386.0|5411.0|5664.0|5761.0|3866.0|0
10087|450000.0|1|1|2|31|-1|-1|-1|2|-1|0|757.0|1422.0|2469.0|1562.0|20030.0|9248.0|1422.0|2000.0|0.0|20030.0|1000.0|1000.0|0
5841|360000.0|1|1|2|35|1|-1|-1|-2|-2|-2|0.0|1010.0|0.0|0.0|0.0|0.0|1010.0|0.0|0.0|0.0|0.0|0.0|1
13251|310000.0|2|3|1|35|0|0|0|0|0|0|83719.0|81138.0|87523.0|77902.0|82165.0|97298.0|5000.0|18088.0|5500.0|6300.0|17300.0|25500.0|0
19588|30000.0|2|1|2|24|0|-1|-1|0|0|0|30900.0|410.0|28883.0|24291.0|27503.0|28142.0|410.0|28883.0|1710.0|6000.0|1200.0|1175.0|1
17263|20000.0|1|3|1|41|0|0|0|2|0|0|13225.0|13655.0|14461.0|13221.0|12591.0|12631.0|1700.0|2100.0|0.0|458.0|1000.0|1000.0|1
5637|30000.0|1|2|2|25|0|0|0|0|0|0|7160.0|8185.0|9286.0|9483.0|9780.0|10068.0|1300.0|1400.0|500.0|600.0|600.0|600.0|0
1746|30000.0|1|2|2|44|2|2|0|0|0|0|44072.0|39489.0|36794.0|33991.0|30820.0|29323.0|0.0|1820.0|1600.0|1012.0|2586.0|2656.0|0
21016|250000.0|1|1|2|27|0|0|0|0|0|0|144525.0|183569.0|186020.0|186465.0|113336.0|0.0|43089.0|6959.0|110000.0|0.0|0.0|132818.0|0
29394|120000.0|2|3|1|38|0|0|0|0|0|0|117738.0|120127.0|119719.0|118042.0|120682.0|120491.0|5820.0|5670.0|4250.0|4450.0|4470.0|4150.0|0
12474|130000.0|1|1|2|25|1|-2|-2|-2|-2|-2|0.0|0.0|0.0|0.0|0.0|0.0|0.0|0.0|0.0|0.0|0.0|0.0|0
21431|140000.0|2|2|1|33|0|0|0|-2|-1|0|89226.0|90212.0|-1037.0|-1037.0|66441.0|68365.0|3133.0|0.0|0.0|68383.0|3000.0|3096.0|0
18445|30000.0|1|1|1|52|0|0|0|2|0|0|15743.0|16784.0|18998.0|18395.0|19100.0|20582.0|1300.0|2500.0|0.0|1000.0|1800.0|0.0|0
6581|180000.0|2|2|1|41|0|0|-2|-2|-2|-2|184650.0|0.0|0.0|0.0|0.0|0.0|0.0|0.0|0.0|0.0|9000.0|0.0|0
13794|290000.0|2|1|1|34|0|0|0|0|0|0|276365.0|199540.0|191188.0|145089.0|137942.0|116689.0|9263.0|9041.0|7027.0|10088.0|8027.0|10025.0|0
23396|50000.0|2|2|2|31|0|-1|-1|-2|-1|-1|9514.0|2067.0|-6.0|-409.0|793.0|2385.0|2100.0|405.0|0.0|2385.0|2385.0|3000.0|0
12224|20000.0|1|3|2|53|2|2|-2|-2|-1|-1|19369.0|3888.0|3167.0|-129.0|9703.0|9871.0|3900.0|3179.0|773.0|9832.0|10084.0|4380.0|0
21380|50000.0|2|1|2|26|2|2|2|2|2|0|29164.0|28396.0|31533.0|31833.0|31022.0|31681.0|0.0|3600.0|1111.0|0.0|1160.0|1160.0|0
17899|30000.0|2|3|2|23|3|2|0|0|0|0|30051.0|29274.0|30498.0|29713.0|29819.0|30342.0|0.0|2000.0|1500.0|2000.0|1100.0|2000.0|0
12297|360000.0|1|2|1|37|1|-2|-2|-2|-2|-2|0.0|0.0|0.0|0.0|0.0|0.0|0.0|0.0|0.0|0.0|0.0|0.0|0
23921|170000.0|2|2|1|40|0|0|0|0|0|0|134496.0|143242.0|124103.0|115638.0|116430.0|118950.0|17400.0|5921.0|5700.0|4200.0|4400.0|4611.0|0
27609|320000.0|2|1|2|30|-2|-2|-2|-2|-2|-2|1259.0|5152.0|4257.0|-3.0|-3.0|670.0|5177.0|4278.0|0.0|0.0|673.0|11288.0|0
15992|80000.0|2|3|2|55|0|0|0|0|0|0|78009.0|78616.0|49662.0|48867.0|48278.0|46773.0|2420.0|2000.0|1656.0|1693.0|1767.0|1581.0|0
27242|90000.0|2|1|2|27|-1|-1|-1|0|0|-2|700.0|2122.0|1897.0|1190.0|0.0|0.0|2122.0|1897.0|0.0|0.0|0.0|0.0|1
7686|190000.0|1|1|2|36|1|2|2|2|2|2|153364.0|149482.0|160000.0|155932.0|166414.0|169625.0|0.0|13000.0|0.0|13000.0|6100.0|0.0|1
2368|350000.0|2|2|2|30|0|0|0|2|0|0|245211.0|255975.0|269446.0|219615.0|217851.0|222158.0|15000.0|20000.0|0.0|10000.0|8352.0|9500.0|0
3938|70000.0|1|1|2|29|0|0|0|2|0|0|32938.0|33635.0|35287.0|36002.0|37096.0|37999.0|1548.0|2200.0|1600.0|2000.0|1500.0|3000.0|0
9239|70000.0|1|1|2|30|0|0|0|-1|0|0|16163.0|1050.0|0.0|21280.0|21625.0|22275.0|1000.0|0.0|21280.0|1000.0|1000.0|1200.0|0
6368|260000.0|1|1|1|37|-2|-2|-2|-2|-2|-2|5275.0|-200.0|-200.0|2515.0|0.0|20532.0|0.0|0.0|2715.0|0.0|20532.0|0.0|0
14841|30000.0|2|1|2|27|0|0|0|0|0|0|3812.0|5744.0|8642.0|11492.0|14285.0|17056.0|2000.0|3000.0|3000.0|3000.0|3000.0|1000.0|0
9998|100000.0|2|3|1|36|0|0|0|0|0|0|102505.0|101554.0|101827.0|100055.0|80923.0|81249.0|3830.0|4100.0|4510.0|3186.0|2886.0|3020.0|0
6529|30000.0|1|2|2|24|2|-1|-1|-2|-2|-2|390.0|780.0|0.0|0.0|0.0|0.0|780.0|0.0|0.0|0.0|0.0|0.0|0
28701|230000.0|2|3|1|40|-1|-1|-1|-1|-1|-1|1856.0|32254.0|4805.0|1600.0|4712.0|3466.0|32254.0|4819.0|1600.0|4712.0|3466.0|3199.0|0
7848|20000.0|1|2|2|34|0|0|0|0|0|0|36773.0|17288.0|16212.0|17567.0|16089.0|20743.0|3210.0|2000.0|1600.0|871.0|5214.0|300.0|0
15735|260000.0|1|2|1|53|-2|-2|-2|-2|-2|-2|-1.0|-1.0|-1.0|-1.0|-1.0|-1.0|0.0|0.0|0.0|0.0|0.0|0.0|0
21858|300000.0|2|1|2|31|0|0|0|-1|-1|-1|11158.0|1616.0|3658.0|658.0|662.0|0.0|1000.0|2700.0|658.0|662.0|0.0|0.0|0
27789|140000.0|2|1|2|27|2|2|2|2|2|2|94903.0|96912.0|98015.0|99155.0|100979.0|99251.0|4400.0|3600.0|3600.0|3500.0|0.0|3470.0|1
3825|100000.0|2|1|2|29|-1|-1|-1|0|0|0|170.0|3224.0|78671.0|60430.0|60647.0|61153.0|3224.0|78671.0|3000.0|2500.0|3000.0|3000.0|0
9760|20000.0|1|2|2|30|0|0|0|0|0|0|19082.0|19691.0|19932.0|19904.0|19549.0|19920.0|1314.0|1405.0|1157.0|802.0|790.0|0.0|0
16477|160000.0|1|3|1|46|2|2|0|0|0|0|168501.0|160421.0|157661.0|73322.0|57835.0|41842.0|0.0|6322.0|2275.0|2343.0|3069.0|77005.0|0
26106|220000.0|2|1|2|35|-1|-1|-1|-1|-1|-1|8304.0|11526.0|1270.0|0.0|1121.0|500.0|11526.0|1282.0|0.0|1121.0|500.0|0.0|1
17934|20000.0|2|2|2|22|2|0|0|2|3|2|6655.0|9711.0|12450.0|13949.0|13437.0|13082.0|3200.0|2900.0|2000.0|0.0|0.0|4600.0|1
6096|460000.0|2|3|1|42|0|0|0|-2|-1|-1|43792.0|35047.0|35415.0|0.0|1619.0|3795.0|1600.0|1000.0|0.0|1619.0|3795.0|954.0|0
9142|200000.0|2|1|1|40|-2|-2|-2|-2|-2|-2|6549.0|9389.0|18475.0|1016.0|4934.0|7749.0|9421.0|14068.0|3.0|4948.0|7770.0|23918.0|0
8622|90000.0|2|1|2|24|0|0|0|0|0|2|30639.0|25390.0|27618.0|26382.0|27546.0|17660.0|2913.0|9000.0|0.0|2000.0|0.0|10639.0|0
15758|80000.0|1|1|1|25|0|0|2|2|0|0|48470.0|52374.0|52889.0|51520.0|50741.0|50322.0|4700.0|2000.0|0.0|1800.0|1850.0|1800.0|1
4856|360000.0|2|1|2|44|0|0|0|0|0|0|347696.0|329864.0|322159.0|289377.0|146946.0|130085.0|20000.0|20009.0|30000.0|10000.0|10000.0|10000.0|0
16123|50000.0|1|2|1|56|0|0|0|-1|0|0|38111.0|37934.0|16816.0|602.0|712.0|822.0|2966.0|1000.0|602.0|500.0|500.0|500.0|0
18461|10000.0|1|3|3|22|0|0|0|0|0|0|9473.0|9661.0|9001.0|9768.0|9233.0|9154.0|1288.0|1400.0|1200.0|300.0|800.0|500.0|1
17087|170000.0|2|2|1|36|-1|-1|-1|-1|-1|-1|813.0|2080.0|5425.0|115.0|505.0|1012.0|2085.0|5425.0|115.0|505.0|1012.0|1560.0|0
20854|50000.0|2|2|1|34|0|0|0|0|-2|-2|2791.0|4563.0|5000.0|0.0|0.0|0.0|2000.0|1200.0|0.0|0.0|0.0|0.0|0
17566|80000.0|1|3|1|29|2|2|0|0|2|4|69578.0|67871.0|68782.0|73955.0|79128.0|82275.0|0.0|2600.0|6332.0|7000.0|5000.0|0.0|1
8723|60000.0|2|2|2|22|1|2|2|0|0|0|52126.0|52707.0|47939.0|29351.0|28128.0|27811.0|2030.0|0.0|1014.0|1001.0|1020.0|1142.0|1
2692|30000.0|2|1|2|31|0|0|0|2|0|0|28803.0|28635.0|30217.0|28919.0|29302.0|28603.0|1800.0|3600.0|0.0|1500.0|1500.0|3300.0|0
2390|190000.0|2|2|1|33|-2|-2|-2|-2|-2|-2|2125.0|3405.0|2131.0|2131.0|2131.0|0.0|3411.0|2131.0|2131.0|2131.0|0.0|5354.0|0
10276|180000.0|1|3|2|55|0|0|0|0|0|0|193095.0|186835.0|182287.0|159992.0|145387.0|137632.0|6900.0|7100.0|5659.0|5100.0|4900.0|4400.0|0
8806|160000.0|1|2|1|62|-2|-2|-2|-2|-2|-2|0.0|0.0|0.0|0.0|0.0|0.0|0.0|0.0|0.0|0.0|0.0|0.0|0
27924|30000.0|2|3|1|49|0|0|0|0|0|0|28806.0|13406.0|14485.0|15936.0|16370.0|17105.0|1600.0|1600.0|2000.0|1000.0|1000.0|1000.0|0
27700|60000.0|2|2|2|27|0|-1|-1|0|0|0|7301.0|11482.0|39511.0|39654.0|38168.0|36526.0|11512.0|39511.0|1866.0|1400.0|2000.0|1300.0|0
7137|290000.0|2|2|2|25|0|0|0|0|0|0|140615.0|142201.0|145676.0|144305.0|140375.0|142119.0|7003.0|7037.0|7019.0|6005.0|6006.0|6011.0|0
3590|20000.0|1|3|1|52|2|2|2|2|-2|-2|8145.0|10474.0|10000.0|0.0|0.0|0.0|2474.0|0.0|0.0|0.0|0.0|0.0|1
9069|390000.0|1|1|2|26|2|0|0|0|0|0|112320.0|106156.0|95039.0|85806.0|76981.0|69641.0|5073.0|3950.0|2627.0|2044.0|2344.0|3036.0|1
12733|200000.0|2|1|2|27|-2|-2|-2|-2|-2|-2|0.0|127.0|133.0|386.0|393.0|286.0|127.0|133.0|386.0|400.0|286.0|500.0|0
21675|410000.0|2|1|1|38|2|2|2|0|0|0|180922.0|184241.0|176857.0|175193.0|165929.0|114527.0|7670.0|2.0|5561.0|5432.0|4546.0|5191.0|1
25343|60000.0|2|2|2|24|0|0|0|0|0|0|60839.0|59316.0|59707.0|18490.0|19505.0|20197.0|3400.0|1705.0|1200.0|1300.0|1003.0|1000.0|0
15596|220000.0|2|1|2|36|-2|-2|-2|-2|-2|-2|122.0|104.0|2635.0|2460.0|859.0|2784.0|104.0|2653.0|2472.0|859.0|2784.0|2287.0|0
19323|210000.0|2|2|2|30|0|0|0|0|0|0|215842.0|220042.0|214545.0|215635.0|163741.0|162253.0|9500.0|9100.0|9900.0|6100.0|6100.0|6300.0|0
13266|320000.0|2|1|2|44|-1|-1|-1|-1|-1|-1|29227.0|49177.0|143588.0|82261.0|44242.0|22999.0|49619.0|143588.0|82691.0|44242.0|24010.0|128424.0|0
11559|70000.0|1|2|1|44|0|0|0|0|0|0|14202.0|15149.0|15481.0|15266.0|13489.0|11837.0|1500.0|1585.0|1500.0|1000.0|600.0|1500.0|0
540|50000.0|2|1|2|30|0|0|0|0|0|0|45977.0|45931.0|45344.0|36789.0|28918.0|23095.0|1823.0|1818.0|1312.0|879.0|781.0|800.0|0
16673|200000.0|2|2|2|27|2|2|0|0|0|0|186806.0|166153.0|157633.0|145423.0|146202.0|144685.0|0.0|6908.0|5200.0|5400.0|5700.0|9101.0|0
12183|310000.0|2|1|2|27|-1|-1|-1|-1|-1|-1|833.0|323.0|1083.0|2134.0|2474.0|2097.0|323.0|1093.0|2140.0|9201.0|2103.0|6571.0|0
5890|80000.0|1|2|2|27|0|0|0|0|0|2|48329.0|45920.0|47186.0|46882.0|49170.0|48269.0|5004.0|5013.0|5000.0|4000.0|0.0|2002.0|0
12963|20000.0|2|2|1|37|1|2|2|0|0|0|19911.0|20797.0|20085.0|20126.0|20469.0|20655.0|1500.0|0.0|500.0|650.0|600.0|0.0|1
1670|50000.0|1|2|2|23|0|0|-2|-2|-1|2|51550.0|0.0|0.0|0.0|15239.0|14853.0|0.0|0.0|0.0|15239.0|0.0|540.0|1
865|30000.0|2|1|1|35|2|0|0|0|0|0|27703.0|28743.0|27048.0|26592.0|23874.0|23293.0|1500.0|1356.0|900.0|1000.0|1100.0|664.0|1
6522|10000.0|2|1|2|22|0|0|0|0|0|-2|9791.0|7052.0|6816.0|5210.0|0.0|0.0|1275.0|2500.0|1000.0|0.0|0.0|0.0|0
23973|140000.0|1|1|1|57|2|2|2|2|2|3|108660.0|105504.0|113177.0|113622.0|116396.0|115826.0|0.0|10970.0|3805.0|4747.0|1932.0|8337.0|1
11182|380000.0|2|2|2|31|0|0|0|0|0|0|381530.0|385605.0|257188.0|145505.0|142529.0|229320.0|32640.0|18077.0|12005.0|10028.0|28888.0|25000.0|0
1098|100000.0|2|3|1|50|2|2|2|-1|0|0|110537.0|99734.0|99973.0|71008.0|66735.0|68621.0|0.0|3000.0|103000.0|2500.0|3000.0|3000.0|1
12884|90000.0|2|2|2|23|0|0|0|0|0|0|91653.0|88619.0|90298.0|91343.0|90887.0|90858.0|4200.0|4100.0|3307.0|3405.0|3311.0|6204.0|0
11275|120000.0|1|1|1|51|0|0|2|0|0|0|125702.0|130461.0|131281.0|128594.0|117561.0|116732.0|8300.0|4500.0|4260.0|4595.0|4311.0|4280.0|0
20819|20000.0|1|1|2|23|0|0|0|0|0|-1|18055.0|2059.0|2576.0|1834.0|1092.0|942.0|1100.0|1500.0|200.0|200.0|942.0|19840.0|0
8171|360000.0|2|1|2|27|-1|-1|-1|-1|-1|0|660.0|660.0|658.0|1095.0|4948.0|3861.0|663.0|661.0|1100.0|4953.0|19.0|1264.0|0
25807|150000.0|2|1|2|36|-1|-1|-1|-1|-1|0|9788.0|6252.0|30244.0|2434.0|29139.0|26987.0|6252.0|30620.0|2434.0|29139.0|1210.0|10000.0|0
11369|250000.0|2|2|1|45|-1|0|0|0|-1|-1|3233.0|13244.0|12462.0|8977.0|1503.0|96834.0|12716.0|12158.0|8777.0|1503.0|96834.0|2204.0|0
12698|230000.0|1|1|1|47|1|-2|-2|-2|-2|-2|0.0|0.0|0.0|0.0|0.0|0.0|0.0|0.0|0.0|0.0|0.0|0.0|0
8872|30000.0|2|3|1|40|2|2|2|0|0|0|16457.0|19145.0|18547.0|18645.0|17847.0|15465.0|3280.0|0.0|1511.0|609.0|500.0|800.0|1
1992|150000.0|1|2|1|48|0|0|0|0|0|0|118610.0|121098.0|123460.0|66902.0|68230.0|69661.0|4955.0|4947.0|3818.0|2442.0|2530.0|2538.0|0
16533|270000.0|1|2|2|36|1|-1|-1|-2|-1|0|-16.0|3326.0|-54.0|-54.0|19315.0|8388.0|3342.0|0.0|0.0|19369.0|996.0|3.0|0
12225|110000.0|2|3|2|41|0|0|0|0|0|0|90599.0|60949.0|62235.0|63499.0|64877.0|66230.0|2213.0|2300.0|2300.0|2400.0|2431.0|8700.0|1
3803|260000.0|2|1|1|40|-2|-2|-2|-2|-2|-2|2500.0|0.0|0.0|0.0|0.0|0.0|0.0|0.0|0.0|0.0|0.0|0.0|0
20107|150000.0|2|1|2|29|0|0|2|0|0|0|108817.0|83654.0|79713.0|64468.0|66488.0|58131.0|7500.0|0.0|4000.0|4000.0|4000.0|3500.0|1
28132|20000.0|1|2|2|24|2|2|2|2|0|0|5266.0|6026.0|15855.0|16295.0|17023.0|17388.0|1000.0|10000.0|1000.0|1000.0|639.0|2822.0|1
5699|740000.0|2|2|1|35|2|-1|-1|-1|-1|-1|960.0|8154.0|1477.0|15713.0|8988.0|25449.0|8229.0|1487.0|15754.0|9012.0|25596.0|7003.0|1
932|140000.0|2|2|1|26|0|0|0|0|0|0|129996.0|132004.0|127275.0|48724.0|48875.0|49667.0|7000.0|5000.0|2000.0|2000.0|2000.0|2000.0|0
27080|230000.0|2|3|1|32|-1|-1|-1|-1|-1|-2|8756.0|930.0|8400.0|1900.0|0.0|9198.0|930.0|8485.0|1900.0|0.0|9198.0|0.0|0
16956|200000.0|2|1|1|34|-2|-2|-2|-2|-2|-2|267.0|6794.0|10430.0|3576.0|2522.0|934.0|6817.0|10671.0|3576.0|2522.0|934.0|7764.0|0
13552|450000.0|2|2|1|34|0|0|0|0|0|0|372188.0|383052.0|74835.0|87584.0|95161.0|103398.0|20000.0|3703.0|15000.0|10000.0|10000.0|25000.0|0
5502|20000.0|1|1|2|22|0|0|2|0|0|0|17875.0|20524.0|17478.0|18224.0|18926.0|19627.0|3300.0|0.0|1500.0|1000.0|1000.0|1000.0|0
22786|50000.0|2|2|1|48|1|2|0|0|0|0|18704.0|18106.0|19793.0|19378.0|18874.0|19361.0|0.0|2000.0|1500.0|1000.0|2000.0|1000.0|1
22996|180000.0|2|1|1|37|2|2|-2|-2|-2|-1|1310.0|0.0|0.0|0.0|0.0|1350.0|0.0|0.0|0.0|0.0|1350.0|1210.0|1
18885|360000.0|2|1|1|30|1|2|-1|0|-1|-1|18886.0|14249.0|3821.0|2404.0|319.0|0.0|0.0|3828.0|2000.0|319.0|0.0|0.0|0
1231|130000.0|2|3|1|56|0|0|0|0|0|0|30218.0|31706.0|34130.0|36245.0|38624.0|40989.0|2000.0|3000.0|3000.0|3000.0|3000.0|3000.0|0
4497|200000.0|2|1|2|31|0|0|0|0|0|0|68244.0|65243.0|61590.0|47301.0|47232.0|25231.0|6018.0|2507.0|2011.0|4140.0|5072.0|500.0|0
29626|60000.0|2|2|2|24|0|0|-1|2|0|0|8086.0|6936.0|4102.0|3891.0|4669.0|6083.0|3015.0|4102.0|0.0|1000.0|1500.0|1000.0|0
1128|150000.0|2|1|2|33|-1|-1|-1|-1|-1|-1|2858.0|9934.0|19312.0|46321.0|146947.0|237926.0|9934.0|19312.0|30000.0|105180.0|103752.0|5742.0|0
6390|30000.0|1|2|1|45|1|2|2|2|2|2|14728.0|15777.0|17224.0|18241.0|18446.0|18009.0|1600.0|2000.0|1600.0|800.0|0.0|1600.0|1
23591|90000.0|2|2|1|34|-1|2|-1|-1|-2|-2|336.0|168.0|432.0|0.0|0.0|0.0|0.0|432.0|0.0|0.0|0.0|0.0|1
13907|320000.0|2|1|1|33|1|-2|-2|-1|-1|-1|0.0|0.0|0.0|1248.0|1479.0|0.0|0.0|0.0|1248.0|1479.0|0.0|0.0|0
15679|110000.0|1|3|2|32|0|-1|-1|-2|-2|-2|34000.0|223.0|0.0|0.0|0.0|0.0|223.0|0.0|0.0|0.0|0.0|0.0|1
27359|210000.0|1|1|2|32|-2|-2|-2|-2|-2|-1|918.0|1144.0|3977.0|5365.0|789.0|1086.0|1146.0|3988.0|5381.0|791.0|1088.0|948.0|0
13415|10000.0|2|2|1|37|-1|4|3|2|2|2|3305.0|2870.0|2440.0|2510.0|2641.0|2222.0|0.0|0.0|500.0|400.0|0.0|36.0|0
134|420000.0|2|1|1|45|1|-1|-1|-1|-1|0|0.0|23621.0|29042.0|35000.0|292962.0|247622.0|23621.0|29052.0|35000.0|292962.0|0.0|606.0|0
432|20000.0|2|1|1|37|0|0|0|0|0|0|19921.0|18100.0|19146.0|20098.0|20191.0|18216.0|1594.0|1640.0|1592.0|685.0|662.0|827.0|0
14384|60000.0|1|1|2|27|0|0|0|0|0|0|57753.0|59186.0|59001.0|27971.0|28619.0|29213.0|2960.0|1628.0|1002.0|1100.0|1100.0|922.0|1
26503|330000.0|1|1|1|50|-2|-2|-2|-2|-2|-2|-17.0|-17.0|-17.0|988.0|-12.0|138.0|0.0|0.0|1005.0|12.0|150.0|13.0|0
10740|90000.0|2|3|1|40|1|2|2|3|2|2|78976.0|84566.0|89609.0|87282.0|88261.0|90029.0|7500.0|7300.0|0.0|3300.0|3300.0|0.0|1
2767|90000.0|2|2|1|37|0|0|0|0|0|0|85220.0|86745.0|71536.0|72964.0|64487.0|65845.0|3000.0|3000.0|2411.0|2294.0|2383.0|2285.0|1
3494|160000.0|2|2|1|30|0|0|-2|-2|-2|-2|51400.0|0.0|0.0|0.0|0.0|0.0|0.0|0.0|0.0|0.0|0.0|0.0|0
2664|20000.0|1|2|2|22|1|4|3|2|0|0|17456.0|16896.0|16345.0|15785.0|17018.0|18736.0|0.0|0.0|0.0|1500.0|2000.0|2000.0|1
20800|60000.0|1|1|2|27|0|0|0|0|2|0|14853.0|19589.0|27176.0|29712.0|29099.0|31601.0|5000.0|8000.0|3000.0|0.0|3000.0|3000.0|1
27833|70000.0|2|1|2|24|0|0|0|2|2|2|47220.0|48432.0|52650.0|53099.0|51648.0|55409.0|2000.0|5000.0|1900.0|0.0|4600.0|0.0|0
10432|70000.0|2|2|2|27|2|2|2|0|0|0|34263.0|37375.0|36498.0|37516.0|38587.0|43924.0|4000.0|0.0|1929.0|2000.0|6000.0|3700.0|1
1040|210000.0|2|2|2|29|0|0|0|0|0|0|52143.0|53182.0|54331.0|55827.0|57295.0|58571.0|2500.0|2600.0|3000.0|3000.0|2200.0|2300.0|0
29230|400000.0|2|1|1|28|0|0|-2|-2|-1|-1|181178.0|86663.0|62200.0|38000.0|150.0|193.0|4000.0|2000.0|1000.0|150.0|193.0|3690.0|1
10879|200000.0|2|1|2|34|1|-2|-2|-2|-2|-2|-2113.0|-2113.0|-2113.0|-2113.0|-2113.0|-2113.0|0.0|0.0|0.0|0.0|0.0|423.0|1
13115|250000.0|1|5|1|39|-2|-2|-2|-2|-2|-2|14310.0|3697.0|0.0|0.0|0.0|0.0|3700.0|0.0|0.0|0.0|0.0|0.0|0
25620|70000.0|2|2|2|22|0|0|0|0|0|0|68969.0|67682.0|68448.0|69316.0|29083.0|28140.0|3200.0|3600.0|3075.0|1204.0|1200.0|1046.0|0
17480|160000.0|2|1|1|38|-1|-1|-1|-1|-1|-1|827.0|827.0|827.0|827.0|827.0|827.0|827.0|827.0|827.0|827.0|827.0|827.0|0
3506|280000.0|2|2|2|26|0|0|0|0|0|0|25989.0|27052.0|28111.0|29138.0|29852.0|30717.0|1800.0|1800.0|1800.0|1500.0|1500.0|1500.0|0
23844|200000.0|1|1|1|34|-1|-1|-1|-1|-1|-2|3692.0|-16.0|1886.0|4700.0|0.0|0.0|0.0|1902.0|4723.0|0.0|0.0|0.0|0
11796|80000.0|1|2|1|40|0|0|0|0|0|0|71578.0|71896.0|73744.0|73572.0|73025.0|73087.0|3007.0|5012.0|3119.0|3007.0|3110.0|3101.0|0
27096|130000.0|2|2|2|35|0|0|0|-2|-2|-2|1923.0|1995.0|0.0|0.0|0.0|0.0|1000.0|0.0|0.0|0.0|0.0|0.0|0
6983|420000.0|2|2|1|38|0|-1|-1|-1|-1|-1|56107.0|53309.0|-11.0|51555.0|2093.0|5773.0|53400.0|0.0|51566.0|2093.0|5773.0|2984.0|0
20608|200000.0|1|1|2|30|-2|-2|-1|-1|-2|-1|1488.0|2493.0|5261.0|993.0|2494.0|3890.0|2505.0|5268.0|996.0|2501.0|3896.0|5189.0|0
7839|200000.0|2|1|2|30|0|0|0|0|2|0|89874.0|92567.0|96064.0|103511.0|100951.0|103364.0|4200.0|5000.0|9054.0|0.0|4200.0|4000.0|0
9519|260000.0|2|3|1|53|1|-1|-1|-2|-2|-1|0.0|165.0|526.0|452.0|397.0|485.0|165.0|526.0|452.0|397.0|485.0|459.0|0
22808|230000.0|1|2|1|36|-2|-2|-2|-1|0|-1|0.0|0.0|2800.0|346.0|346.0|999.0|0.0|2800.0|346.0|0.0|999.0|0.0|0
6647|30000.0|1|2|2|26|3|3|2|2|2|2|12894.0|12404.0|12408.0|11912.0|13707.0|14328.0|0.0|500.0|0.0|2000.0|1000.0|1000.0|1
5507|290000.0|2|2|2|29|0|0|0|0|0|0|7324.0|8174.0|8389.0|8770.0|9145.0|10016.0|1130.0|1502.0|1300.0|500.0|1000.0|1001.0|0
16698|500000.0|2|2|1|49|-2|-2|-2|-2|-2|-2|12871.0|5177.0|4199.0|7507.0|4696.0|58292.0|5177.0|4199.0|7507.0|4696.0|58292.0|36000.0|0
9328|80000.0|1|1|2|29|-1|-1|0|0|0|0|2170.0|17562.0|17709.0|15631.0|13402.0|13197.0|17568.0|3015.0|2008.0|1009.0|2005.0|507.0|0
8211|110000.0|1|2|1|36|0|0|0|0|0|0|109361.0|102505.0|103834.0|76491.0|77245.0|78049.0|3940.0|3256.0|2696.0|2780.0|2900.0|3000.0|0
8135|180000.0|2|3|2|31|-2|-2|-2|-2|-2|-2|2941.0|1436.0|12900.0|3026.0|2168.0|487.0|1443.0|12964.0|3041.0|2178.0|489.0|2638.0|0
12551|200000.0|1|2|1|42|0|0|0|0|0|0|76929.0|74701.0|69669.0|13877.0|9789.0|116868.0|5000.0|4070.0|3000.0|2078.0|115000.0|6000.0|0
4305|20000.0|1|2|1|40|1|2|0|0|0|2|8201.0|8912.0|10110.0|10817.0|11637.0|11307.0|1000.0|1500.0|1180.0|1000.0|0.0|1000.0|1
19939|170000.0|2|2|1|36|2|2|2|2|2|2|15031.0|16784.0|17711.0|17131.0|18197.0|18748.0|2500.0|1500.0|0.0|1500.0|1000.0|0.0|1
20521|90000.0|2|2|1|25|2|0|0|0|0|0|90371.0|87525.0|89052.0|85807.0|68186.0|69011.0|4100.0|4200.0|3000.0|3000.0|3000.0|2600.0|1
543|320000.0|2|1|1|46|-1|-1|-1|-1|-1|-1|57593.0|534.0|2709.0|0.0|7779.0|0.0|534.0|2709.0|0.0|7779.0|0.0|417.0|0
7251|110000.0|2|2|1|40|0|0|0|0|0|0|107035.0|110156.0|8871.0|66482.0|59578.0|57961.0|4000.0|2500.0|58000.0|2000.0|3000.0|3500.0|0
15621|90000.0|1|2|2|29|0|0|0|0|0|0|86294.0|88412.0|89853.0|69362.0|70537.0|56775.0|4400.0|4111.0|2100.0|2200.0|2510.0|2000.0|0
28105|250000.0|2|3|1|50|-2|-2|-2|-2|-2|-2|193355.0|8173.0|-11.0|-11.0|39618.0|20380.0|8173.0|0.0|0.0|39629.0|20380.0|32701.0|0
5968|240000.0|2|3|1|24|0|0|0|0|0|0|136760.0|193321.0|189572.0|194799.0|52599.0|51487.0|90000.0|7170.0|9000.0|3000.0|3000.0|2367.0|0
15805|20000.0|2|2|2|43|0|0|0|0|0|0|20212.0|20749.0|19930.0|15961.0|20107.0|19275.0|1415.0|1400.0|421.0|6000.0|3000.0|13000.0|0
14392|320000.0|1|1|2|29|-1|-1|-1|0|0|0|838.0|4288.0|24495.0|29226.0|41415.0|20738.0|4309.0|24495.0|5036.0|20004.0|1250.0|9.0|0
6450|70000.0|2|2|1|34|0|0|0|0|0|0|58053.0|53334.0|54448.0|55700.0|51511.0|52652.0|2000.0|1999.0|2181.0|1900.0|2000.0|2142.0|0
15702|160000.0|2|3|1|34|0|0|2|2|-2|-2|4763.0|4899.0|697.0|-1373.0|-1773.0|-1773.0|3009.0|0.0|1373.0|0.0|0.0|1040.0|0
25843|260000.0|1|2|1|62|-1|-1|-1|-1|-1|-1|390.0|390.0|390.0|390.0|390.0|390.0|390.0|780.0|390.0|390.0|390.0|390.0|0
227|190000.0|1|2|1|23|0|0|0|0|0|0|223483.0|183900.0|182911.0|156432.0|152708.0|133584.0|11837.0|6070.0|5136.0|5183.0|5237.0|4396.0|1
9007|50000.0|1|3|2|25|0|0|0|0|2|2|46277.0|47713.0|44006.0|29737.0|30615.0|29975.0|2500.0|2300.0|2500.0|1500.0|0.0|1000.0|0
6887|150000.0|2|1|1|49|-1|-1|2|2|-1|2|416.0|797.0|381.0|-35.0|1015.0|33.0|797.0|0.0|0.0|1050.0|0.0|2575.0|0
15666|360000.0|2|1|2|26|-1|0|0|-2|-2|-2|1374.0|12920.0|0.0|0.0|0.0|0.0|12534.0|0.0|0.0|0.0|0.0|0.0|0
8935|180000.0|2|2|2|36|0|0|0|0|0|2|161159.0|151558.0|154648.0|156584.0|166960.0|164012.0|7000.0|7100.0|6000.0|13100.0|0.0|6000.0|1
14503|80000.0|2|3|1|26|0|0|0|2|2|0|6808.0|8686.0|11628.0|12008.0|11658.0|12603.0|2000.0|3100.0|1000.0|0.0|1000.0|2000.0|0
7345|110000.0|2|3|2|31|0|0|0|0|0|0|77595.0|78322.0|66068.0|61486.0|60695.0|58147.0|3700.0|2212.0|2100.0|2200.0|2200.0|1910.0|0
4448|130000.0|2|2|1|45|-1|2|-1|-1|-1|-1|1980.0|990.0|990.0|990.0|990.0|1130.0|0.0|990.0|990.0|990.0|1130.0|1000.0|0
22281|30000.0|2|2|1|42|1|2|2|2|4|3|16484.0|17709.0|17141.0|20730.0|20116.0|19512.0|1800.0|0.0|4200.0|0.0|0.0|0.0|1
15489|120000.0|1|2|2|32|0|0|0|0|0|-1|114476.0|113995.0|116574.0|117041.0|50980.0|51285.0|4100.0|6000.0|5000.0|5000.0|58895.0|5000.0|0
7428|360000.0|2|1|1|30|-2|-2|-1|-1|-1|-1|323.0|1986.0|196.0|2855.0|0.0|463.0|1986.0|196.0|2855.0|0.0|463.0|430.0|0
6946|10000.0|2|1|2|25|1|3|2|0|0|0|10438.0|10130.0|9738.0|9178.0|8398.0|0.0|0.0|0.0|0.0|0.0|0.0|0.0|0
9918|10000.0|2|2|2|23|1|2|3|3|2|0|5699.0|7434.0|8164.0|7889.0|7614.0|7990.0|2000.0|1000.0|0.0|0.0|500.0|900.0|1
6263|80000.0|1|2|2|29|-1|0|0|0|0|0|48098.0|49089.0|47184.0|47059.0|47938.0|48904.0|2081.0|2068.0|1833.0|1889.0|1915.0|1879.0|0
27689|80000.0|1|2|2|33|2|2|0|0|0|0|24928.0|24229.0|25832.0|27394.0|29922.0|31879.0|0.0|2000.0|2000.0|3000.0|2600.0|0.0|1
8241|180000.0|2|1|1|43|0|0|0|0|0|0|166569.0|144637.0|137261.0|135904.0|127905.0|129465.0|6000.0|6382.0|5000.0|4649.0|5084.0|4564.0|0
25593|30000.0|1|2|1|49|0|0|2|2|0|0|12855.0|16012.0|16453.0|15891.0|16224.0|16710.0|3690.0|1000.0|0.0|589.0|756.0|1500.0|0
21453|450000.0|1|1|2|31|-1|-1|-1|-1|-2|-2|5000.0|5000.0|5000.0|0.0|0.0|0.0|5000.0|5000.0|0.0|0.0|0.0|0.0|0
5404|30000.0|2|2|2|22|0|0|0|0|0|0|25490.0|26494.0|27534.0|28177.0|28399.0|28655.0|1432.0|1472.0|1447.0|1001.0|1030.0|1059.0|1
17549|280000.0|2|2|2|24|-1|-1|-1|-1|-1|-2|1481.0|11884.0|-27.0|5443.0|-13.0|-13.0|11943.0|0.0|5470.0|0.0|0.0|0.0|1
14843|400000.0|2|2|1|30|0|0|0|0|0|0|30667.0|31160.0|23054.0|8453.0|10387.0|9222.0|5034.0|2086.0|2025.0|5006.0|543.0|1711.0|0
22238|280000.0|2|1|2|35|-1|-1|-2|-2|-2|-2|3072.0|0.0|0.0|0.0|0.0|0.0|0.0|0.0|0.0|0.0|0.0|0.0|0
11958|150000.0|1|2|1|43|0|0|0|0|0|0|153249.0|154049.0|156523.0|159653.0|162866.0|157759.0|7900.0|6500.0|5700.0|5700.0|5700.0|5334.0|0
12192|150000.0|2|1|2|40|-1|-1|-1|-2|-1|-1|800.0|2400.0|0.0|0.0|1000.0|0.0|2400.0|0.0|0.0|1000.0|0.0|0.0|0
14330|20000.0|1|2|1|38|0|0|0|0|0|0|14966.0|16278.0|17012.0|17992.0|18350.0|18738.0|1565.0|1299.0|1279.0|637.0|663.0|1469.0|0
13996|200000.0|2|1|1|39|1|-2|-2|-2|-2|-2|0.0|0.0|0.0|0.0|0.0|0.0|0.0|0.0|0.0|0.0|0.0|0.0|1
22473|220000.0|2|2|1|28|5|6|5|4|3|2|216435.0|219973.0|215959.0|210438.0|207114.0|210491.0|8355.0|1000.0|0.0|0.0|6800.0|97.0|1
25440|180000.0|2|1|2|29|-1|-1|-1|-2|-1|0|11386.0|199.0|0.0|0.0|17227.0|17042.0|199.0|0.0|0.0|17227.0|341.0|5114.0|0
17904|260000.0|2|2|1|32|0|0|0|0|0|0|104717.0|102159.0|102369.0|80488.0|82150.0|84818.0|5300.0|3500.0|3000.0|3000.0|4000.0|4000.0|0
26557|140000.0|1|2|1|34|-1|-1|-1|-1|-1|-1|430.0|430.0|702.0|430.0|430.0|430.0|430.0|702.0|430.0|430.0|430.0|860.0|1
8565|220000.0|2|1|2|29|-2|-2|-2|-1|0|0|2848.0|7146.0|4690.0|16331.0|77894.0|2576.0|7181.0|4714.0|16493.0|97910.0|0.0|4862.0|0
24074|80000.0|1|1|1|46|0|0|0|0|0|0|48967.0|49850.0|50767.0|45721.0|49006.0|56275.0|2000.0|1771.0|1715.0|4000.0|8697.0|0.0|0
580|200000.0|2|3|2|33|1|2|2|2|2|2|51979.0|51016.0|54736.0|55424.0|56101.0|57137.0|0.0|5000.0|2000.0|2000.0|1900.0|2200.0|1
16803|390000.0|2|1|1|34|1|-2|-1|-1|-2|-2|0.0|0.0|1266.0|0.0|0.0|0.0|0.0|1266.0|0.0|0.0|0.0|0.0|0
24185|80000.0|2|1|2|24|-1|-1|-1|-1|-1|-1|390.0|1063.0|390.0|741.0|390.0|765.0|1063.0|390.0|741.0|390.0|765.0|390.0|0
10267|220000.0|2|2|1|43|-1|-1|-1|-1|-1|-1|316.0|316.0|316.0|956.0|1087.0|316.0|316.0|316.0|956.0|1087.0|316.0|4342.0|0
11848|210000.0|2|1|2|28|-1|-1|-1|-1|0|0|262.0|3771.0|5474.0|69536.0|76188.0|72678.0|3771.0|5474.0|69536.0|10000.0|4000.0|2100.0|0
827|110000.0|1|2|1|30|2|0|0|3|2|2|54404.0|57503.0|66128.0|64477.0|65413.0|66520.0|4000.0|9600.0|0.0|2600.0|2300.0|3000.0|1
12517|260000.0|1|1|1|38|0|0|0|0|0|0|162820.0|153457.0|143580.0|133477.0|122545.0|120772.0|6024.0|6012.0|6000.0|5000.0|5000.0|4000.0|0
9563|50000.0|1|2|2|28|2|0|0|2|0|0|14091.0|14752.0|18460.0|17749.0|18936.0|5925.0|1200.0|3972.0|0.0|1448.0|492.0|10000.0|1
26657|30000.0|2|2|2|29|-2|-2|-2|-2|-2|-2|647.0|1222.0|249.0|5051.0|1188.0|375.0|1222.0|249.0|5051.0|2202.0|375.0|264.0|0
6526|200000.0|1|3|2|42|-1|0|0|0|0|0|2753.0|4520.0|7151.0|9641.0|14927.0|17345.0|3006.0|5019.0|5013.0|10007.0|5006.0|10003.0|0
17815|80000.0|2|2|1|51|1|2|2|2|2|2|15839.0|16591.0|16027.0|17160.0|16743.0|17961.0|1300.0|0.0|1400.0|0.0|1500.0|800.0|0
8876|20000.0|2|2|1|38|0|0|0|0|0|0|19520.0|16247.0|6687.0|5165.0|5060.0|2180.0|1623.0|1262.0|1101.0|2180.0|0.0|0.0|0
21477|80000.0|2|2|2|23|2|2|2|0|0|2|20661.0|22515.0|23339.0|23654.0|25119.0|24567.0|2500.0|1500.0|1000.0|2000.0|0.0|1058.0|0
1258|50000.0|1|1|2|29|2|2|2|0|0|-2|7881.0|10415.0|3997.0|1047.0|0.0|0.0|3000.0|0.0|1000.0|0.0|0.0|0.0|1
18414|310000.0|2|3|1|39|-1|0|0|0|0|0|11819.0|14300.0|18731.0|23078.0|27354.0|31725.0|3000.0|5000.0|5000.0|5000.0|5000.0|5000.0|0
11288|20000.0|2|1|2|25|0|0|0|0|0|0|15465.0|16489.0|17509.0|17856.0|18270.0|18967.0|1280.0|1300.0|637.0|700.0|1000.0|1600.0|0
27377|160000.0|2|2|2|27|1|-1|-1|-2|-2|-2|0.0|418.0|0.0|0.0|0.0|0.0|418.0|0.0|0.0|0.0|0.0|0.0|1
21274|80000.0|2|1|1|32|-1|3|2|-1|0|0|4927.0|4693.0|3342.0|4844.0|3728.0|2612.0|0.0|0.0|4844.0|0.0|0.0|0.0|1
24454|10000.0|2|2|2|22|0|0|-1|-1|0|0|7828.0|8507.0|511.0|7696.0|8696.0|7660.0|1009.0|511.0|7696.0|1000.0|0.0|0.0|0
7884|60000.0|2|2|2|31|-1|-1|2|-1|-1|-1|326.0|1152.0|826.0|22662.0|38211.0|19671.0|1152.0|0.0|22662.0|38211.0|19671.0|12245.0|0
18623|250000.0|2|2|1|31|0|0|0|0|0|0|42441.0|43061.0|29385.0|27677.0|86250.0|65710.0|4000.0|3000.0|901.0|63000.0|2700.0|2000.0|0
41|130000.0|1|2|2|25|0|0|0|0|0|-2|119803.0|118737.0|113689.0|59473.0|-1518.0|-1518.0|5100.0|4600.0|3000.0|0.0|0.0|0.0|1
10925|110000.0|2|2|1|46|0|0|2|0|0|0|102726.0|110179.0|105137.0|105467.0|94294.0|86381.0|10700.0|0.0|5000.0|4000.0|4000.0|5000.0|0
23270|50000.0|2|3|1|52|0|0|0|0|0|0|41140.0|41599.0|32533.0|23156.0|23782.0|24386.0|1500.0|1500.0|1000.0|1000.0|1000.0|1000.0|0
904|200000.0|2|2|1|29|0|0|0|0|0|0|61518.0|66541.0|53862.0|37056.0|19790.0|20842.0|25138.0|2569.0|793.0|49.0|15085.0|44701.0|0
14207|50000.0|2|2|2|23|0|0|-2|-1|-1|-2|5961.0|0.0|0.0|700.0|0.0|0.0|0.0|0.0|700.0|0.0|0.0|0.0|0
10466|500000.0|1|2|1|45|-1|-1|-1|-1|-1|-1|102690.0|15518.0|18909.0|31449.0|8253.0|25707.0|15599.0|19001.0|31603.0|8289.0|25832.0|2357.0|0
17345|50000.0|2|1|2|26|-2|-2|-2|-2|-2|-2|3655.0|-1.0|-1.0|-1.0|-1.0|349.0|0.0|0.0|0.0|0.0|350.0|351.0|0
5752|280000.0|1|1|1|36|-2|-2|-2|-2|-2|-2|2624.0|-26.0|5214.0|17187.0|2848.0|5287.0|0.0|5240.0|17273.0|2861.0|5313.0|0.0|0
309|70000.0|2|2|2|38|1|2|2|2|2|2|21047.0|22102.0|22949.0|23275.0|23596.0|23078.0|1700.0|1500.0|1000.0|1000.0|0.0|2100.0|0
12734|240000.0|1|1|1|34|0|0|-2|-1|0|0|102650.0|0.0|0.0|4557.0|7557.0|9275.0|0.0|0.0|4557.0|3000.0|4000.0|2282.0|0
28237|110000.0|1|2|2|27|0|0|0|0|0|0|29734.0|31743.0|33202.0|34656.0|38596.0|40970.0|2500.0|2000.0|2000.0|4500.0|4000.0|1500.0|0
22930|30000.0|1|2|2|35|2|0|0|2|2|2|18915.0|20290.0|24727.0|24031.0|25579.0|25030.0|2000.0|5100.0|0.0|1949.0|0.0|912.0|1
1577|20000.0|1|2|2|36|-1|-1|-1|0|0|0|3152.0|0.0|4956.0|10148.0|6979.0|8353.0|0.0|4956.0|200.0|2000.0|1500.0|500.0|0
24794|20000.0|2|2|1|39|0|0|2|2|2|-1|20246.0|36350.0|18910.0|33500.0|-15306.0|20000.0|3000.0|3000.0|290.0|5000.0|35306.0|0.0|0
16406|80000.0|1|1|2|56|0|0|0|0|0|0|89088.0|83558.0|84848.0|63373.0|20324.0|23749.0|3400.0|2983.0|1501.0|5000.0|5000.0|5000.0|1
14530|230000.0|2|1|2|27|0|0|-1|-1|-1|-1|7701.0|7744.0|6997.0|1386.0|5578.0|1386.0|2028.0|6997.0|1386.0|5578.0|1386.0|3495.0|0
24659|50000.0|1|2|1|36|2|2|2|2|0|0|49732.0|48658.0|51802.0|50737.0|48763.0|50908.0|0.0|4000.0|7.0|1900.0|3903.0|2.0|1
17705|20000.0|1|3|2|45|1|2|2|2|2|2|15748.0|16497.0|16928.0|17354.0|16934.0|18347.0|1300.0|1000.0|1000.0|0.0|1700.0|600.0|1
6147|130000.0|2|2|1|50|-1|-1|-1|-1|-1|-1|1504.0|1027.0|2172.0|836.0|836.0|0.0|1027.0|2172.0|836.0|836.0|0.0|2508.0|0
5382|400000.0|1|2|1|45|0|0|2|0|0|2|337135.0|373869.0|366338.0|374255.0|409777.0|527566.0|44000.0|0.0|14000.0|42000.0|126000.0|18000.0|0
28232|250000.0|2|2|1|35|1|2|2|2|2|2|196192.0|191745.0|205681.0|200988.0|217830.0|223254.0|0.0|17000.0|0.0|20000.0|9078.0|8500.0|0
1062|100000.0|2|3|1|49|0|0|0|0|0|0|41088.0|41807.0|43348.0|42782.0|40779.0|40618.0|2000.0|3000.0|1900.0|1550.0|1430.0|3143.0|0
8888|20000.0|2|2|2|26|0|0|0|0|0|0|16976.0|17687.0|18894.0|19693.0|19894.0|3473.0|1300.0|1500.0|1250.0|451.0|160.0|69.0|0
125|240000.0|2|2|2|38|-2|-2|-2|-2|-2|-2|34752.0|30073.0|24315.0|3724.0|28347.0|11280.0|30073.0|24315.0|3724.0|28347.0|11280.0|31266.0|0
23012|150000.0|2|1|2|37|-1|-1|-2|-2|-2|-2|2195.0|0.0|0.0|0.0|0.0|0.0|0.0|0.0|0.0|0.0|0.0|0.0|1
23206|110000.0|1|3|1|54|0|0|0|0|0|0|105449.0|107957.0|82407.0|70562.0|70982.0|71609.0|4500.0|3786.0|2666.0|2900.0|3100.0|2856.0|0
12373|50000.0|2|1|2|23|-1|-1|-1|-1|0|-1|1050.0|1050.0|974.0|1224.0|1224.0|1025.0|1050.0|974.0|1300.0|1050.0|1025.0|1050.0|0
16552|100000.0|2|1|1|33|-1|-1|-2|-2|-2|-2|3976.0|0.0|0.0|0.0|0.0|0.0|0.0|0.0|0.0|0.0|0.0|402.0|1
3365|240000.0|2|1|1|38|-1|-1|-1|0|0|-1|8213.0|20000.0|44384.0|28734.0|13200.0|43791.0|20000.0|44384.0|750.0|2000.0|81800.0|1050.0|0
518|200000.0|1|1|2|30|-1|-1|0|0|-1|-1|1528.0|4179.0|1689.0|1851.0|34808.0|-30895.0|4191.0|1200.0|1893.0|42804.0|10.0|85820.0|0
5399|200000.0|2|1|1|35|-1|-1|2|-1|-1|-1|316.0|734.0|418.0|424.0|424.0|424.0|734.0|0.0|424.0|424.0|424.0|608.0|0
28834|200000.0|2|3|3|45|-1|-1|-1|-1|-1|-1|4430.0|7182.0|3855.0|3411.0|6788.0|9921.0|7193.0|3855.0|3411.0|6788.0|9921.0|5016.0|0
19890|150000.0|2|1|1|33|0|0|0|0|0|0|50286.0|110884.0|113152.0|116097.0|118500.0|120896.0|61101.0|3210.0|3911.0|3354.0|3400.0|3500.0|0
2016|90000.0|1|1|2|27|0|0|0|0|0|0|21506.0|18304.0|15783.0|16815.0|17236.0|17807.0|1600.0|2000.0|1600.0|1000.0|1000.0|1000.0|0
15906|50000.0|2|1|2|25|0|0|0|0|2|2|35427.0|36307.0|36989.0|38559.0|39958.0|38313.0|2000.0|2000.0|3000.0|3000.0|0.0|3090.0|0
28523|500000.0|2|1|2|29|0|0|0|0|0|0|70287.0|73487.0|77282.0|80977.0|84609.0|88073.0|5000.0|5000.0|5000.0|5000.0|5000.0|5000.0|0
9888|200000.0|2|2|2|26|0|0|0|0|0|0|26179.0|26643.0|23524.0|23788.0|26089.0|25908.0|4022.0|3000.0|3000.0|4092.0|1000.0|3000.0|0
15239|180000.0|2|1|1|39|-1|-1|-1|0|-1|0|547.0|547.0|759.0|1042.0|796.0|547.0|547.0|759.0|1000.0|796.0|0.0|249.0|0
2006|450000.0|2|2|1|46|-2|-2|-2|-2|-2|-2|30535.0|83371.0|17471.0|10342.0|51786.0|45747.0|84267.0|17566.0|10401.0|52045.0|45812.0|169.0|0
24510|10000.0|2|3|1|42|2|0|0|0|0|0|8965.0|8640.0|9412.0|9604.0|9800.0|0.0|1228.0|1000.0|192.0|196.0|0.0|8138.0|1
12989|360000.0|2|2|1|32|0|-1|-1|-1|-1|-1|101403.0|2389.0|11996.0|0.0|67372.0|66666.0|2389.0|11996.0|0.0|67372.0|66666.0|66666.0|0
12859|350000.0|2|1|2|26|-2|-2|-2|-2|-2|-2|0.0|0.0|0.0|0.0|0.0|0.0|0.0|0.0|0.0|0.0|0.0|0.0|0
1968|60000.0|2|1|2|23|2|2|2|2|2|2|26596.0|29332.0|28577.0|30805.0|31601.0|32349.0|3500.0|0.0|2709.0|1600.0|1400.0|1300.0|1
7129|560000.0|2|1|1|45|0|0|0|0|0|0|34669.0|150228.0|151425.0|143343.0|127225.0|130479.0|150000.0|60052.0|10268.0|27225.0|15000.0|20000.0|0
22283|30000.0|2|1|2|25|-2|-2|-2|-2|-2|-2|9634.0|4476.0|8830.0|8153.0|6422.0|500.0|7.0|7002.0|13.0|155.0|1.0|0.0|0
27164|230000.0|2|3|1|32|1|2|0|-1|0|-1|167419.0|16968.0|7226.0|1469.0|690.0|388.0|76.0|3742.0|1546.0|0.0|388.0|910.0|0
19698|430000.0|2|2|1|42|2|2|2|2|2|2|289358.0|296219.0|300873.0|294527.0|308523.0|318274.0|13000.0|11000.0|0.0|19000.0|15000.0|0.0|1
19879|80000.0|2|2|2|24|2|0|0|0|0|0|45647.0|45248.0|33696.0|40092.0|40946.0|41588.0|2039.0|2000.0|7000.0|1482.0|2501.0|3082.0|1
29872|100000.0|2|2|2|26|0|0|0|0|0|0|46891.0|48134.0|49331.0|50508.0|51543.0|52685.0|2000.0|2000.0|2000.0|2000.0|2000.0|2000.0|0
18438|340000.0|2|1|1|30|0|0|0|0|0|0|351828.0|280067.0|259651.0|243094.0|223907.0|216912.0|30076.0|25118.0|20085.0|10041.0|8184.0|6626.0|0
5335|400000.0|2|1|2|27|-2|-2|-2|-2|-2|-2|5457.0|4438.0|5048.0|7013.0|52189.0|16153.0|4460.0|5072.0|7048.0|52317.0|16232.0|4516.0|1
27843|50000.0|1|2|2|33|0|0|0|0|0|0|23142.0|28202.0|30610.0|30227.0|18413.0|17195.0|5494.0|3202.0|3502.0|3200.0|2500.0|3000.0|0
17472|500000.0|1|3|1|47|-1|-1|-1|-1|-1|0|1665.0|1665.0|1665.0|1665.0|8805.0|8764.0|1666.0|1666.0|1666.0|8806.0|1625.0|2808.0|0
13050|90000.0|2|2|2|26|2|2|2|0|0|0|87606.0|91430.0|88705.0|65632.0|49431.0|50864.0|7063.0|7.0|2054.0|1800.0|2864.0|3197.0|1
15547|50000.0|1|2|1|43|0|0|0|0|0|0|27681.0|28287.0|28924.0|29521.0|29876.0|30201.0|1458.0|1485.0|1472.0|1217.0|1347.0|558.0|0
16892|10000.0|2|2|2|46|0|0|2|2|3|2|2496.0|4245.0|4525.0|5450.0|5073.0|4843.0|1800.0|500.0|1000.0|0.0|0.0|800.0|1
28057|180000.0|1|3|2|52|0|0|0|0|0|0|77408.0|74156.0|75659.0|72046.0|70355.0|71208.0|3293.0|3350.0|3111.0|2615.0|2689.0|2766.0|0
28798|100000.0|1|3|1|67|2|2|2|2|2|2|16918.0|20511.0|19944.0|22915.0|23472.0|23016.0|4145.0|0.0|3260.0|1000.0|0.0|2286.0|1
7589|50000.0|2|2|2|43|0|0|0|0|0|0|24847.0|26043.0|26724.0|20903.0|19225.0|19536.0|2000.0|2000.0|2020.0|2000.0|1000.0|800.0|0
25782|100000.0|2|2|2|24|0|0|0|0|0|0|85343.0|83855.0|78703.0|76544.0|75360.0|76507.0|2916.0|3000.0|3000.0|3000.0|3000.0|2700.0|0
25389|50000.0|2|3|2|25|0|0|0|0|0|0|33831.0|34763.0|41674.0|15066.0|14066.0|17043.0|2000.0|10003.0|5001.0|10032.0|10001.0|10005.0|0
6305|30000.0|2|2|1|27|0|0|2|0|0|0|27347.0|31402.0|30047.0|30869.0|29403.0|29831.0|5500.0|0.0|3000.0|998.0|3000.0|3000.0|0
1903|20000.0|2|3|2|31|1|-1|3|2|2|-2|-363.0|204.0|204.0|204.0|-14.0|-2400.0|567.0|0.0|0.0|0.0|20.0|3800.0|0
8934|90000.0|2|1|2|24|0|0|0|0|0|0|69542.0|64610.0|62725.0|57716.0|43970.0|36415.0|2366.0|4000.0|3000.0|2000.0|3480.0|15000.0|0
13211|30000.0|1|3|1|44|0|0|0|0|0|0|10056.0|11387.0|12192.0|12986.0|13775.0|14393.0|1500.0|1300.0|1000.0|1000.0|1000.0|1000.0|0
6020|20000.0|2|3|2|36|0|0|2|2|2|2|16754.0|18873.0|19862.0|19245.0|20532.0|19953.0|2400.0|1600.0|0.0|1600.0|209.0|0.0|1
4610|80000.0|1|1|1|60|0|0|0|0|0|-2|49246.0|53315.0|47740.0|50100.0|0.0|0.0|5000.0|3300.0|6267.0|0.0|0.0|0.0|0
26629|30000.0|2|1|2|27|-2|-2|-2|-2|-2|-2|1784.0|6801.0|2118.0|4171.0|1714.0|2001.0|6855.0|2118.0|4171.0|1714.0|2001.0|0.0|0
26524|50000.0|1|1|2|29|0|0|0|0|-1|-1|46489.0|48210.0|49493.0|20650.0|1000.0|0.0|2500.0|2493.0|1650.0|1000.0|0.0|0.0|0
14093|50000.0|2|2|2|26|-1|-1|-1|-1|-1|-2|390.0|390.0|0.0|780.0|0.0|0.0|390.0|0.0|780.0|0.0|0.0|0.0|1
20829|780000.0|2|2|2|41|-2|-2|-2|-2|-2|-2|101957.0|61715.0|38686.0|21482.0|72628.0|182792.0|62819.0|39558.0|22204.0|82097.0|184322.0|25695.0|0
24539|20000.0|1|2|1|52|0|-1|-1|-1|-1|-1|1912.0|2760.0|2430.0|850.0|2430.0|2530.0|2768.0|2430.0|850.0|2430.0|2530.0|1570.0|0
28827|150000.0|2|1|1|37|0|0|0|0|0|0|61137.0|62350.0|63653.0|64955.0|66249.0|67637.0|2230.0|2306.0|2356.0|2372.0|2456.0|2631.0|0
14868|110000.0|2|1|2|28|0|0|0|0|0|0|53152.0|45002.0|42051.0|30803.0|28377.0|29053.0|1725.0|1774.0|1526.0|1100.0|1200.0|1081.0|0
27487|60000.0|2|2|2|57|0|0|0|0|0|0|53584.0|41935.0|30077.0|30246.0|30257.0|29768.0|2000.0|2000.0|2300.0|2000.0|3000.0|1500.0|0
23654|160000.0|1|1|2|35|-1|-1|-1|-1|-1|-1|396.0|396.0|396.0|0.0|792.0|1220.0|396.0|396.0|0.0|793.0|1220.0|0.0|0
8342|260000.0|1|1|2|29|2|2|2|2|2|2|2497.0|2497.0|2497.0|2497.0|2497.0|2497.0|0.0|0.0|0.0|0.0|0.0|0.0|1
20643|70000.0|1|1|2|24|0|0|0|0|0|-1|12109.0|15328.0|16854.0|16741.0|15154.0|6060.0|5328.0|4000.0|3000.0|3007.0|6060.0|5133.0|0
5980|180000.0|2|3|1|41|0|0|2|2|-2|-2|10324.0|10471.0|6566.0|2375.0|1911.0|1080.0|3744.0|0.0|2911.0|9.0|1080.0|990.0|0
5369|180000.0|2|1|1|30|-1|-1|-1|-1|-1|-1|1863.0|1863.0|2886.0|840.0|2052.0|1443.0|1863.0|2886.0|840.0|2052.0|1443.0|1443.0|1
23016|180000.0|1|2|1|37|-1|-1|-1|-1|-1|-1|5480.0|11834.0|17380.0|8329.0|20406.0|9772.0|11850.0|17552.0|8333.0|20406.0|9772.0|9315.0|0
16777|300000.0|1|1|1|44|0|0|0|0|0|0|21507.0|18505.0|17036.0|12863.0|9597.0|2304.0|1379.0|1008.0|270.0|206.0|329.0|19769.0|0
17395|20000.0|1|3|1|53|0|0|2|0|0|0|17614.0|19323.0|19694.0|20004.0|20159.0|20059.0|2000.0|1000.0|1000.0|1000.0|1000.0|800.0|1
455|110000.0|2|3|1|51|0|0|0|0|0|0|105476.0|109153.0|109501.0|105290.0|78812.0|78503.0|5436.0|5007.0|5290.0|8812.0|8503.0|8200.0|0
21688|30000.0|1|3|1|53|0|0|-2|-2|-2|-2|1596.0|0.0|0.0|0.0|0.0|0.0|0.0|0.0|0.0|0.0|0.0|0.0|0
29162|170000.0|2|1|2|31|-1|-1|-1|-1|0|-1|199.0|199.0|199.0|398.0|199.0|199.0|199.0|199.0|398.0|0.0|199.0|398.0|1
2811|50000.0|1|3|1|55|2|0|0|0|0|0|42166.0|43687.0|44121.0|43360.0|40555.0|31309.0|2200.0|1632.0|1113.0|1336.0|3142.0|2126.0|1
11543|180000.0|2|2|2|48|-1|2|-1|-1|-1|-1|3116.0|1058.0|390.0|1726.0|390.0|2240.0|0.0|390.0|1726.0|390.0|2240.0|17488.0|0
8650|200000.0|1|3|1|65|0|0|0|0|0|0|183653.0|167157.0|144218.0|137975.0|132600.0|121028.0|7130.0|6611.0|4282.0|4367.0|4079.0|3664.0|0
3806|170000.0|1|2|2|35|0|0|0|0|0|2|115634.0|118823.0|120475.0|109993.0|115151.0|112232.0|5935.0|6040.0|4000.0|8000.0|0.0|4320.0|0
28482|90000.0|1|2|2|28|2|0|0|0|2|2|18978.0|20675.0|23329.0|24940.0|24404.0|27227.0|2000.0|3000.0|2000.0|0.0|3400.0|0.0|1
25310|70000.0|1|2|2|29|0|0|0|0|-1|-1|58305.0|61710.0|64114.0|66775.0|161.0|5746.0|5000.0|4000.0|5000.0|161.0|5800.0|1500.0|0
3950|360000.0|2|1|1|26|-2|-2|-2|-2|-2|-2|1517.0|2742.0|2317.0|2482.0|1415.0|2095.0|2749.0|2322.0|2482.0|1417.0|2095.0|3228.0|0
19754|170000.0|2|1|1|44|-2|-2|-2|-2|-2|-2|754.0|0.0|0.0|0.0|1903.0|0.0|0.0|0.0|0.0|1903.0|0.0|0.0|0
25832|70000.0|2|2|1|48|-1|-1|-1|-1|0|-1|3838.0|1930.0|6384.0|4286.0|2333.0|930.0|1930.0|6384.0|4292.0|0.0|930.0|1422.0|0
14564|220000.0|2|1|1|32|1|2|2|2|2|2|202792.0|198157.0|211340.0|209612.0|219064.0|222672.0|0.0|16501.0|3200.0|13000.0|7500.0|0.0|0
7408|140000.0|1|1|2|32|0|0|0|0|0|0|101458.0|99196.0|78458.0|76387.0|76344.0|67302.0|3997.0|3520.0|2500.0|2689.0|2494.0|2498.0|0
19947|210000.0|2|1|2|31|-2|-2|-2|-2|-2|-2|0.0|0.0|0.0|0.0|0.0|0.0|0.0|0.0|0.0|0.0|0.0|0.0|0
365|330000.0|1|3|1|56|-1|-1|2|-1|-1|0|360.0|1499.0|360.0|360.0|7143.0|5725.0|1499.0|0.0|360.0|7143.0|3000.0|2383.0|0
9745|30000.0|1|2|1|32|0|0|0|0|0|2|12452.0|13439.0|14420.0|15838.0|17331.0|16973.0|1500.0|1500.0|2000.0|2000.0|0.0|3600.0|1
2381|160000.0|2|2|1|38|0|0|0|-1|-1|-1|73902.0|119408.0|134243.0|12670.0|6349.0|10775.0|50000.0|20000.0|30037.0|6349.0|11000.0|4000.0|0
14781|320000.0|1|1|1|51|0|0|0|0|0|0|483184.0|290784.0|277482.0|282869.0|253903.0|249866.0|20373.0|13000.0|11160.0|8418.0|8325.0|8602.0|0
14578|30000.0|1|2|1|59|0|0|0|0|0|0|20044.0|21246.0|22115.0|22158.0|22610.0|0.0|1531.0|1400.0|443.0|452.0|0.0|0.0|0
7784|70000.0|2|2|1|34|0|0|0|0|0|0|43662.0|44733.0|45775.0|46911.0|48128.0|51182.0|1800.0|1764.0|1900.0|2000.0|4000.0|2000.0|1
11586|500000.0|2|2|2|48|0|0|0|0|0|0|185627.0|182655.0|180782.0|194893.0|93416.0|94255.0|8000.0|9387.0|20000.0|3525.0|3338.0|3450.0|0
5389|100000.0|2|1|2|32|1|-1|-1|0|-1|-1|0.0|325.0|650.0|325.0|647.0|7706.0|650.0|650.0|0.0|647.0|7706.0|1679.0|1
7106|80000.0|2|2|2|29|-1|-1|-1|2|0|-1|1443.0|1443.0|4545.0|2886.0|1443.0|3743.0|1443.0|4545.0|0.0|0.0|3743.0|3000.0|1
16021|60000.0|2|2|1|25|0|0|0|0|0|0|20636.0|21367.0|22334.0|22426.0|22240.0|25378.0|1369.0|1336.0|927.0|801.0|4000.0|5000.0|1
26836|500000.0|1|1|1|43|1|-2|-2|-2|-2|-2|0.0|0.0|0.0|0.0|0.0|0.0|0.0|0.0|0.0|0.0|0.0|0.0|1
8971|50000.0|2|1|1|29|0|0|0|0|0|0|50737.0|50486.0|50035.0|49388.0|10275.0|9598.0|1818.0|2200.0|1192.0|1000.0|2000.0|1000.0|0
22763|140000.0|1|1|1|38|-1|-1|0|-1|-1|-1|1110.0|24629.0|22984.0|4456.0|3351.0|9038.0|24633.0|10066.0|4457.0|3353.0|9038.0|0.0|0
19505|120000.0|2|2|2|39|-1|-1|-1|2|-1|-1|2753.0|0.0|390.0|390.0|780.0|1206.0|0.0|780.0|0.0|780.0|1206.0|0.0|0
2889|80000.0|2|3|1|27|1|2|2|0|0|0|79108.0|78637.0|75688.0|46378.0|46175.0|41118.0|3200.0|0.0|1806.0|2124.0|1599.0|1500.0|0
2359|220000.0|1|1|2|29|1|2|2|2|2|2|31012.0|30215.0|33117.0|32286.0|34320.0|33634.0|0.0|3400.0|0.0|2576.0|0.0|2671.0|1
14179|30000.0|2|2|1|43|-1|-1|0|0|0|0|661.0|25166.0|26195.0|27209.0|27924.0|30204.0|25166.0|1437.0|1451.0|1166.0|2900.0|600.0|0
20337|100000.0|1|1|2|27|2|0|0|2|2|2|34694.0|36014.0|39321.0|39145.0|39494.0|39896.0|1900.0|4200.0|900.0|1400.0|900.0|6440.0|1
22675|480000.0|2|1|2|34|-1|-1|-1|0|-1|-1|19810.0|3478.0|7782.0|4720.0|4440.0|96628.0|3495.0|8037.0|4523.0|4462.0|96665.0|6865.0|0
17616|230000.0|1|2|1|36|0|0|0|0|0|0|4761.0|5786.0|7676.0|9877.0|10181.0|12472.0|1110.0|2000.0|2500.0|1000.0|2472.0|1000.0|0
24906|270000.0|1|2|1|53|2|2|2|2|2|2|211630.0|209812.0|219829.0|214795.0|228084.0|232680.0|3000.0|15000.0|0.0|17000.0|8500.0|0.0|1
23701|300000.0|1|2|2|27|-1|-1|-1|-1|0|-1|1386.0|25051.0|9505.0|91527.0|80780.0|2694.0|25125.0|9565.0|91559.0|252.0|2694.0|1000.0|0
18669|180000.0|1|1|2|37|-1|-1|-1|-1|0|0|49531.0|45612.0|0.0|245863.0|250472.0|251024.0|45612.0|0.0|245863.0|5009.0|5040.0|0.0|0
4967|110000.0|2|2|2|40|0|0|0|0|0|0|96155.0|96752.0|98884.0|98501.0|34250.0|35874.0|5000.0|5000.0|3000.0|3000.0|3000.0|3000.0|0
1192|230000.0|2|1|1|36|-1|-1|-1|-1|-1|-1|1240.0|2078.0|380.0|2100.0|530.0|2282.0|2078.0|380.0|2100.0|530.0|2282.0|1390.0|0
20228|360000.0|2|2|1|42|-2|-2|-2|-2|-2|-2|18186.0|7954.0|11609.0|10070.0|5079.0|4086.0|9548.0|11624.0|10070.0|5079.0|4086.0|1190.0|0
3393|90000.0|2|2|2|28|0|0|0|0|0|2|69186.0|72450.0|73798.0|74682.0|79586.0|78261.0|5000.0|3158.0|2600.0|6000.0|0.0|19000.0|0
24687|380000.0|1|2|1|37|0|0|0|0|0|0|288908.0|288614.0|245375.0|249931.0|209711.0|185920.0|12036.0|11483.0|9578.0|6884.0|6549.0|6520.0|0
16577|420000.0|1|3|1|45|2|0|0|0|0|0|520453.0|520643.0|517746.0|428655.0|352793.0|350036.0|18500.0|20000.0|16000.0|11717.0|12000.0|12000.0|0
26374|50000.0|2|3|1|25|2|0|0|0|0|-1|49805.0|50654.0|41776.0|17083.0|9412.0|1038.0|2025.0|2062.0|2016.0|1022.0|1388.0|19000.0|1
12844|30000.0|2|3|2|33|0|0|2|0|0|2|22463.0|25362.0|24672.0|25317.0|26516.0|26133.0|3278.0|0.0|1233.0|1432.0|0.0|566.0|1
24802|450000.0|2|1|2|32|0|-1|-1|-1|0|0|46437.0|7875.0|0.0|1000.0|17446.0|11062.0|7875.0|0.0|1000.0|16446.0|0.0|0.0|0
7497|30000.0|2|2|2|24|3|2|2|7|7|7|300.0|300.0|300.0|300.0|300.0|300.0|0.0|0.0|0.0|0.0|0.0|0.0|0
4322|130000.0|1|2|2|22|0|0|0|0|0|0|120479.0|98341.0|132260.0|127335.0|51104.0|50536.0|5601.0|103012.0|3965.0|3508.0|3011.0|3033.0|0
17806|290000.0|2|2|1|32|1|2|0|0|0|0|146853.0|139756.0|136012.0|136466.0|136929.0|132179.0|1503.0|5400.0|5200.0|5000.0|4667.0|5000.0|0
14756|70000.0|2|2|3|45|0|0|0|0|0|0|70820.0|66163.0|67605.0|68855.0|70377.0|67818.0|2500.0|2507.0|2428.0|2594.0|2602.0|2500.0|0
10768|220000.0|2|1|2|28|0|0|-1|-1|-1|0|53342.0|56022.0|5806.0|5637.0|23054.0|10730.0|5000.0|5806.0|5637.0|23054.0|0.0|2406.0|0
23721|50000.0|2|1|2|28|0|0|-2|-2|-2|-2|31392.0|-288.0|-144.0|-144.0|-144.0|6.0|0.0|0.0|0.0|144.0|150.0|0.0|0
15712|110000.0|2|2|2|36|0|0|0|0|0|0|116486.0|105604.0|96945.0|74171.0|70012.0|62256.0|4353.0|3294.0|5000.0|8300.0|5000.0|5000.0|0
3979|100000.0|1|2|2|31|1|2|2|2|3|2|24377.0|25167.0|24541.0|27304.0|26669.0|26172.0|1400.0|0.0|3100.0|0.0|0.0|2000.0|1
7512|180000.0|1|2|2|31|0|0|0|-2|-2|-2|130171.0|12666.0|0.0|0.0|0.0|0.0|1110.0|0.0|0.0|0.0|0.0|0.0|0
27223|150000.0|2|1|2|29|0|0|0|0|0|0|145138.0|140210.0|136196.0|105989.0|98836.0|94504.0|5200.0|7982.0|4500.0|4048.0|3800.0|3818.0|0
18691|260000.0|2|2|2|26|0|0|0|0|-1|-1|164351.0|164244.0|158124.0|62373.0|746.0|-45734.0|7000.0|5115.0|2000.0|746.0|5025.0|54836.0|0
1076|40000.0|2|2|2|24|-2|-2|-2|-2|-2|-2|35285.0|36714.0|37356.0|38184.0|38724.0|37255.0|2000.0|1600.0|1401.0|1607.0|1800.0|1751.0|0
1632|180000.0|1|3|2|46|0|0|0|0|0|0|109114.0|71952.0|16765.0|14611.0|16209.0|25653.0|2835.0|1500.0|1000.0|2000.0|10000.0|20000.0|0
13585|140000.0|2|2|2|50|0|0|0|0|0|2|95310.0|97902.0|100214.0|102496.0|108405.0|106649.0|4000.0|3800.0|3800.0|7600.0|0.0|4000.0|0
15168|200000.0|1|4|1|42|0|0|0|0|0|0|38564.0|38246.0|32253.0|30384.0|30900.0|0.0|5000.0|1485.0|1956.0|1500.0|0.0|2102.0|0
29073|310000.0|2|2|1|62|0|0|0|0|0|0|113529.0|116101.0|119953.0|119583.0|120837.0|99114.0|5000.0|6000.0|5005.0|5000.0|4000.0|3000.0|0
5593|290000.0|2|1|2|30|0|0|0|0|0|-1|288033.0|260683.0|190012.0|36223.0|-4724.0|225276.0|10784.0|10295.0|2082.0|4724.0|230000.0|10000.0|0
10801|50000.0|2|1|2|26|1|-2|-2|-2|-2|-2|-18.0|-18.0|-18.0|-18.0|-18.0|-18.0|0.0|0.0|0.0|0.0|0.0|0.0|0
13289|620000.0|1|2|2|31|-2|-2|-2|-2|-2|-2|5712.0|11598.0|21049.0|13846.0|3565.0|7076.0|11881.0|21171.0|13915.0|3583.0|7111.0|1971.0|0
7188|40000.0|1|1|2|24|0|0|0|2|0|0|36904.0|34372.0|38496.0|37580.0|38820.0|39693.0|1600.0|6700.0|0.0|2000.0|1700.0|1400.0|0
28864|230000.0|2|2|1|35|0|0|0|0|0|0|160560.0|158782.0|150844.0|151623.0|148261.0|153161.0|10012.0|10010.0|10000.0|7000.0|10000.0|10000.0|0
20538|50000.0|1|2|2|43|0|0|0|0|0|0|50665.0|50854.0|47862.0|20246.0|20321.0|20387.0|1940.0|1407.0|704.0|730.0|796.0|520.0|1
15909|100000.0|2|2|1|36|0|0|0|0|0|0|25945.0|21237.0|16723.0|15868.0|8275.0|5954.0|4021.0|3013.0|4031.0|3012.0|2006.0|3121.0|0
27673|30000.0|2|2|1|30|0|0|0|0|2|0|24061.0|25156.0|25949.0|28478.0|27754.0|28186.0|1800.0|1500.0|3000.0|0.0|1001.0|2500.0|1
15427|100000.0|1|2|1|34|2|2|2|0|0|2|84196.0|74621.0|64930.0|58433.0|50859.0|40005.0|2300.0|2000.0|4500.0|3300.0|0.0|3500.0|1
16518|50000.0|1|3|1|51|-1|-1|0|0|0|0|636.0|2228.0|3287.0|4843.0|6379.0|6878.0|4600.0|1500.0|2000.0|2000.0|1000.0|3000.0|0
8398|50000.0|2|1|2|25|0|0|-1|-1|-2|-2|14500.0|0.0|790.0|3696.0|6696.0|5724.0|0.0|790.0|3696.0|3000.0|5724.0|2271.0|0
24110|390000.0|1|1|1|36|-2|-2|-2|-2|-1|-1|3931.0|3625.0|1600.0|3815.0|8330.0|4765.0|3625.0|1600.0|3315.0|11645.0|4765.0|2171.0|1
10789|80000.0|2|2|1|33|0|0|0|0|0|0|75564.0|77708.0|78888.0|80466.0|28186.0|28445.0|3406.0|3518.0|3558.0|1200.0|1100.0|1500.0|0
22699|20000.0|2|2|1|23|1|2|2|2|2|3|7979.0|8700.0|9907.0|9599.0|14422.0|18885.0|1000.0|1500.0|0.0|5000.0|5000.0|900.0|0
18780|150000.0|2|1|1|45|0|0|0|0|0|0|123580.0|126136.0|128709.0|131292.0|134011.0|136711.0|3575.0|3647.0|3678.0|3793.0|3835.0|3952.0|0
5903|200000.0|1|1|2|31|0|0|0|0|0|0|151819.0|154914.0|157776.0|160520.0|163878.0|167872.0|6000.0|5769.0|5411.0|5603.0|6367.0|4500.0|0
10257|50000.0|1|2|1|37|-1|-1|-1|-1|-1|-1|4719.0|22449.0|6640.0|5410.0|9570.0|1500.0|22530.0|6640.0|5410.0|9570.0|1500.0|0.0|0
11609|20000.0|2|2|2|35|0|0|0|0|0|0|15852.0|16861.0|17884.0|18590.0|18959.0|19347.0|1579.0|1602.0|1308.0|677.0|692.0|1577.0|1
8791|200000.0|2|1|1|39|0|0|0|0|0|0|193162.0|191772.0|174199.0|173102.0|152178.0|129082.0|7294.0|5443.0|6000.0|5500.0|5000.0|5000.0|0
10697|110000.0|2|2|2|23|0|0|0|0|-1|0|1877.0|2507.0|1320.0|1270.0|63697.0|51866.0|1000.0|1000.0|100.0|63697.0|2427.0|2050.0|1
27457|70000.0|2|2|1|44|2|2|2|2|2|2|12662.0|13661.0|13145.0|14123.0|13754.0|14724.0|1500.0|0.0|1200.0|0.0|1200.0|0.0|1
7637|50000.0|1|1|2|23|1|2|0|0|0|0|47201.0|47548.0|48402.0|28331.0|29174.0|29739.0|1400.0|1800.0|1100.0|1300.0|1200.0|1100.0|0
25605|20000.0|1|3|1|46|-1|2|2|-1|-1|0|1836.0|1651.0|0.0|390.0|1170.0|780.0|0.0|0.0|390.0|1170.0|0.0|0.0|1
18373|200000.0|2|2|2|38|0|0|0|2|-1|0|18703.0|9733.0|7078.0|1195.0|43115.0|43869.0|1533.0|2395.0|0.0|45000.0|1600.0|2000.0|0
27499|60000.0|2|3|1|45|0|0|0|0|0|0|62396.0|36034.0|30534.0|28442.0|24544.0|24998.0|1500.0|1500.0|1404.0|1100.0|1000.0|1000.0|0
11885|180000.0|1|2|2|36|-1|-1|-1|-1|0|-1|100.0|100.0|109.0|1863.0|1763.0|591.0|100.0|109.0|3626.0|0.0|907.0|1208.0|1
3621|290000.0|2|1|1|39|-2|-2|-2|-2|-2|-2|79298.0|-40.0|122380.0|0.0|32720.0|-200.0|0.0|122420.0|0.0|32720.0|200.0|0.0|0
12403|280000.0|1|1|2|30|-2|-2|-2|-2|-2|-2|3310.0|-6.0|4759.0|996.0|0.0|1199.0|0.0|4765.0|996.0|0.0|1199.0|909.0|0
8845|60000.0|1|1|2|25|0|0|0|0|0|0|58839.0|53235.0|38533.0|39639.0|39619.0|39140.0|2018.0|1900.0|2000.0|1500.0|1900.0|2000.0|0
19434|150000.0|1|1|2|35|-1|-1|-1|-1|-1|-2|3425.0|9009.0|-3.0|780.0|0.0|0.0|9054.0|0.0|783.0|0.0|0.0|0.0|0
26039|50000.0|2|2|2|32|1|-1|0|0|-1|-1|30382.0|45888.0|48599.0|-250.0|12122.0|3685.0|54608.0|7060.0|112.0|32132.0|11304.0|52681.0|0
2486|490000.0|1|1|1|38|1|-2|-2|-1|0|0|380.0|380.0|380.0|15240.0|19656.0|24006.0|380.0|380.0|15240.0|5000.0|5000.0|7396.0|0
3073|270000.0|2|2|1|44|0|0|-1|0|0|0|24775.0|18018.0|15896.0|32396.0|50411.0|60957.0|10203.0|15908.0|20000.0|29000.0|22000.0|1821.0|0
20086|50000.0|1|3|1|41|4|3|2|0|0|-1|52955.0|51847.0|50307.0|27707.0|28479.0|28979.0|0.0|0.0|0.0|974.0|31100.0|1200.0|1
2712|20000.0|2|2|1|37|0|0|0|0|0|0|19326.0|20240.0|17800.0|18699.0|17770.0|48321.0|1263.0|1630.0|1529.0|1200.0|2000.0|742.0|0
7573|160000.0|2|1|1|34|-1|-1|-1|-1|-1|-1|1072.0|3297.0|5923.0|158.0|11030.0|158.0|3297.0|5939.0|158.0|11030.0|158.0|158.0|0
23456|360000.0|1|3|1|32|-2|-2|-2|-2|-2|-2|33597.0|-1.0|-1.0|-1.0|-1.0|-1.0|0.0|0.0|0.0|0.0|0.0|0.0|0
9004|20000.0|2|2|1|24|0|0|2|0|0|2|16505.0|18817.0|18227.0|19632.0|20298.0|20337.0|2905.0|0.0|1720.0|1754.0|893.0|0.0|1
29382|220000.0|2|1|1|39|-1|-1|-1|-1|-1|-1|2342.0|1120.0|5707.0|2021.0|15441.0|7661.0|1122.0|5738.0|2041.0|15516.0|7697.0|2916.0|0
13064|180000.0|2|1|2|26|-1|-1|-1|-1|-1|-1|2049.0|0.0|351.0|631.0|13359.0|384.0|0.0|351.0|631.0|13359.0|384.0|487.0|0
19705|70000.0|1|1|2|30|2|2|0|0|0|0|34985.0|34146.0|35271.0|35986.0|36905.0|37641.0|0.0|2000.0|1300.0|1500.0|1500.0|1576.0|1
28663|80000.0|2|2|1|23|-2|-2|-2|-2|-2|-2|780.0|0.0|390.0|390.0|390.0|540.0|0.0|390.0|390.0|390.0|540.0|390.0|1
11623|70000.0|1|1|2|27|0|0|2|4|3|3|51923.0|55699.0|61285.0|59727.0|60669.0|59442.0|5265.0|7064.0|0.0|2500.0|0.0|0.0|1
18799|120000.0|1|3|1|53|0|0|2|2|2|2|88702.0|101498.0|104480.0|105280.0|106149.0|108381.0|14357.0|5500.0|4000.0|4100.0|4100.0|4200.0|1
7836|20000.0|1|2|2|46|0|0|0|-2|-2|-2|19401.0|20650.0|0.0|0.0|0.0|0.0|1650.0|0.0|0.0|0.0|0.0|0.0|1
5380|50000.0|2|2|1|34|2|0|0|0|0|0|47993.0|49051.0|39945.0|40254.0|20040.0|3563.0|2010.0|1904.0|2214.0|1000.0|129.0|131.0|1
3862|70000.0|1|3|1|69|1|2|0|0|0|0|11572.0|11095.0|12109.0|12905.0|14683.0|15435.0|0.0|1204.0|1000.0|2000.0|1000.0|1500.0|1
26321|130000.0|1|1|2|30|0|0|0|0|0|0|77939.0|78524.0|63421.0|60269.0|59984.0|27126.0|3916.0|3000.0|3000.0|3000.0|1000.0|2000.0|0
25857|30000.0|1|3|1|42|1|2|0|0|0|0|14655.0|12731.0|13225.0|16952.0|11920.0|0.0|14.0|3000.0|5000.0|1000.0|0.0|0.0|0
8144|80000.0|2|2|2|22|-1|-1|-1|-1|-1|-1|1812.0|390.0|388.0|1187.0|263.0|1913.0|390.0|388.0|1191.0|263.0|2259.0|1815.0|0
15252|50000.0|1|5|2|33|0|0|0|0|0|-2|45226.0|46080.0|32218.0|20650.0|0.0|0.0|1618.0|1647.0|1050.0|0.0|0.0|0.0|0
11292|170000.0|2|1|2|34|-1|-1|-1|-1|-1|-1|326.0|326.0|326.0|326.0|476.0|476.0|326.0|326.0|326.0|476.0|476.0|326.0|1
23814|180000.0|1|1|2|37|0|0|0|0|0|0|22121.0|31681.0|32552.0|34004.0|35792.0|36645.0|10000.0|1700.0|2000.0|2500.0|1600.0|2000.0|0
3766|40000.0|1|2|1|36|0|0|2|2|2|0|34871.0|37999.0|37089.0|39464.0|38698.0|40051.0|3700.0|0.0|3000.0|0.0|2000.0|800.0|0
17693|390000.0|2|2|1|29|-2|-2|-2|-2|-2|-2|10598.0|1446.0|2041.0|4582.0|2070.0|0.0|1571.0|2041.0|4582.0|2070.0|0.0|3100.0|0
14108|130000.0|1|2|1|48|2|0|0|0|0|0|121409.0|123106.0|125614.0|125451.0|84103.0|84436.0|6000.0|6592.0|4000.0|3000.0|3062.0|4000.0|1
21256|30000.0|2|2|2|23|0|0|0|0|0|0|34084.0|33476.0|32006.0|31672.0|31247.0|30673.0|1521.0|1573.0|1500.0|1300.0|1300.0|1329.0|0
9118|180000.0|2|1|1|29|1|2|0|0|0|0|36537.0|35655.0|37767.0|39065.0|41967.0|43189.0|0.0|3000.0|2000.0|3500.0|3500.0|5900.0|0
3100|170000.0|2|2|2|38|0|0|0|0|0|0|151050.0|148362.0|142223.0|126060.0|123978.0|120689.0|6000.0|5012.0|5000.0|5000.0|5000.0|5000.0|0
12878|240000.0|2|1|1|33|0|0|0|0|0|0|95835.0|90385.0|85011.0|77329.0|50673.0|48723.0|4060.0|3181.0|3000.0|1500.0|3042.0|1377.0|0
14037|130000.0|2|2|2|31|0|0|0|0|0|0|80533.0|42126.0|44370.0|85115.0|69011.0|70460.0|1816.0|3060.0|69000.0|2578.0|2671.0|2888.0|0
10023|50000.0|2|2|1|31|2|0|0|2|0|0|43979.0|44970.0|48101.0|46993.0|47940.0|50903.0|1724.0|3855.0|0.0|1694.0|3713.0|2000.0|0
4319|210000.0|1|2|2|38|0|0|-1|-1|-1|-2|101776.0|14260.0|40236.0|19011.0|-1031.0|-4873.0|1032.0|40252.0|19011.0|0.0|0.0|0.0|0
26803|50000.0|2|2|2|29|1|2|2|2|0|0|46376.0|45354.0|49086.0|48027.0|49037.0|48032.0|0.0|4500.0|0.0|1751.0|1736.0|2971.0|1
10156|180000.0|2|2|2|25|0|0|0|2|0|0|169225.0|172888.0|182533.0|176099.0|178391.0|181986.0|7800.0|14010.0|4.0|6431.0|6600.0|6675.0|0
2849|210000.0|1|2|1|53|1|-1|2|-1|-1|-1|-197.0|3195.0|1821.0|1683.0|0.0|1986.0|3392.0|2.0|1683.0|0.0|1986.0|1188.0|0
24872|130000.0|1|3|2|38|2|2|0|0|0|0|114726.0|107602.0|106907.0|94152.0|96365.0|97413.0|20.0|4544.0|3200.0|3500.0|3585.0|2519.0|1
17186|200000.0|2|4|2|27|1|-1|-1|-1|-1|0|777.0|14893.0|5635.0|7518.0|13226.0|13845.0|15103.0|5652.0|7529.0|13226.0|4906.0|4666.0|0
3143|210000.0|1|1|2|30|-1|0|0|0|0|0|1060.0|3229.0|4107.0|5931.0|4665.0|6607.0|2200.0|1005.0|3208.0|2000.0|2000.0|49980.0|0
24914|180000.0|2|2|1|35|0|0|0|0|0|0|8694.0|7607.0|6801.0|6759.0|6918.0|9777.0|1500.0|2000.0|1000.0|3000.0|4000.0|2000.0|0
2369|20000.0|1|3|1|50|1|5|4|5|4|3|18378.0|17797.0|19225.0|18644.0|18063.0|17491.0|0.0|2000.0|0.0|0.0|0.0|0.0|0
18420|390000.0|2|1|2|28|0|0|0|0|0|0|249265.0|253883.0|250654.0|253336.0|256281.0|257151.0|8903.0|9300.0|9402.0|10343.0|7000.0|6600.0|0
28407|270000.0|2|3|1|47|-1|-1|-1|2|2|-2|123.0|123.0|123.0|123.0|0.0|0.0|123.0|123.0|0.0|0.0|0.0|0.0|1
28936|130000.0|2|2|2|25|-1|-1|-1|-1|-1|-1|1031.0|1583.0|776.0|776.0|776.0|776.0|1583.0|1000.0|776.0|776.0|776.0|12184.0|1
19802|130000.0|1|1|2|28|0|0|0|0|0|-2|91092.0|94581.0|94580.0|30000.0|0.0|0.0|5000.0|3000.0|4000.0|0.0|0.0|0.0|0
14425|20000.0|2|2|1|29|2|2|2|0|0|0|19098.0|19953.0|18756.0|19968.0|15333.0|10056.0|1474.0|0.0|2403.0|0.0|6000.0|0.0|0
6095|200000.0|1|2|1|37|0|0|0|0|0|0|149303.0|156632.0|136685.0|137432.0|138059.0|126615.0|30000.0|30000.0|4148.0|15100.0|8029.0|15004.0|0
4668|50000.0|2|2|2|24|0|0|0|0|0|0|49819.0|50135.0|32101.0|17401.0|19820.0|17399.0|1672.0|1246.0|574.0|3000.0|649.0|285.0|0
21171|200000.0|2|1|2|31|-1|-1|0|0|0|-1|1041.0|1053.0|3042.0|1381.0|1381.0|27106.0|2000.0|2011.0|0.0|0.0|27106.0|35200.0|0
25245|200000.0|2|3|1|41|2|0|0|0|0|0|199802.0|195038.0|129415.0|88682.0|74132.0|71281.0|9231.0|4872.0|2894.0|2637.0|2591.0|2410.0|0
19318|20000.0|1|2|2|39|0|0|0|0|-2|-2|8799.0|9671.0|11500.0|0.0|0.0|0.0|1171.0|2000.0|0.0|0.0|0.0|0.0|0
4165|20000.0|2|2|1|36|1|2|2|2|2|2|16161.0|17596.0|17031.0|19715.0|19806.0|18747.0|2000.0|0.0|3300.0|700.0|0.0|1200.0|0
4644|150000.0|2|2|2|26|2|0|0|0|0|0|56956.0|58756.0|59945.0|60751.0|62120.0|63315.0|2716.0|2761.0|2400.0|2500.0|2400.0|1860.0|0
13218|100000.0|2|1|2|24|0|0|0|0|0|0|84895.0|71271.0|71053.0|70405.0|71109.0|73905.0|3513.0|3169.0|3002.0|2022.0|3907.0|7145.0|0
12371|90000.0|1|2|1|39|0|0|0|0|0|0|88081.0|83960.0|84963.0|56089.0|57355.0|58394.0|3244.0|2600.0|2037.0|2200.0|2110.0|7000.0|1
4902|110000.0|1|2|1|39|0|0|0|0|0|0|54806.0|54544.0|55357.0|56281.0|56483.0|56685.0|2000.0|2200.0|2200.0|2149.0|2170.0|2000.0|0
23775|70000.0|1|2|1|39|0|0|0|0|0|0|71059.0|71998.0|71229.0|70747.0|68154.0|69815.0|5000.0|4792.0|3000.0|3019.0|8010.0|7000.0|1
28704|80000.0|2|3|2|23|0|0|0|0|0|0|66909.0|67465.0|65470.0|57187.0|29058.0|26790.0|2451.0|3017.0|1557.0|1500.0|1000.0|1239.0|0
22190|50000.0|2|1|2|35|0|0|0|0|0|0|48585.0|49134.0|50203.0|10042.0|20085.0|9578.0|2220.0|2289.0|483.0|350.0|334.0|400.0|1
23020|70000.0|2|1|2|22|0|0|0|0|0|0|71358.0|70285.0|28867.0|29766.0|26522.0|27584.0|3280.0|1480.0|1360.0|960.0|1500.0|1000.0|0
29510|360000.0|2|2|2|25|2|2|2|2|2|2|286732.0|290690.0|284059.0|294308.0|297916.0|279503.0|10792.0|0.0|15000.0|5800.0|0.0|126685.0|0
27635|160000.0|1|4|1|40|0|0|0|0|0|0|19978.0|27563.0|28350.0|25186.0|36100.0|21707.0|10000.0|5002.0|5000.0|14400.0|10000.0|4000.0|0
27866|90000.0|1|3|1|56|2|0|0|2|2|0|48900.0|37039.0|36334.0|34214.0|30789.0|28994.0|2000.0|4000.0|1100.0|0.0|1050.0|1034.0|1
16562|200000.0|2|2|2|26|0|0|0|0|0|0|116070.0|111996.0|88327.0|73717.0|56921.0|48160.0|5096.0|2700.0|4017.0|7921.0|10160.0|5594.0|0
26345|50000.0|1|1|2|23|0|0|2|2|0|0|15336.0|18681.0|19463.0|16894.0|17667.0|19211.0|3600.0|1400.0|0.0|1200.0|2000.0|1000.0|0
26256|130000.0|2|1|2|28|-2|-2|-2|-2|-1|-1|9821.0|8582.0|0.0|0.0|1170.0|0.0|8611.0|0.0|0.0|1170.0|0.0|1070.0|1
12987|90000.0|2|2|1|33|0|0|2|0|0|0|26772.0|70398.0|56266.0|47804.0|44230.0|48144.0|56388.0|112.0|1779.0|1786.0|5414.0|2418.0|0
1823|220000.0|2|5|1|32|0|0|0|0|0|0|84942.0|56366.0|4252.0|6129.0|6423.0|7208.0|2500.0|1500.0|2000.0|500.0|1000.0|1000.0|0
7125|180000.0|2|1|1|45|-1|2|-1|-1|-1|-1|1560.0|316.0|316.0|316.0|316.0|316.0|0.0|316.0|316.0|316.0|316.0|316.0|1
28177|140000.0|2|1|2|29|1|2|0|0|0|0|112592.0|108669.0|110174.0|111079.0|113439.0|114983.0|0.0|5500.0|4900.0|5000.0|4112.0|4500.0|0
5939|230000.0|1|1|1|38|-2|-2|-2|-2|-2|-2|0.0|0.0|0.0|0.0|0.0|0.0|0.0|0.0|0.0|0.0|0.0|0.0|0
2913|150000.0|2|1|2|32|2|2|2|2|0|0|118348.0|120800.0|123379.0|122881.0|123954.0|131543.0|5900.0|6000.0|3000.0|4600.0|9800.0|5100.0|1
6918|50000.0|1|2|2|26|0|0|0|0|0|0|25126.0|26697.0|28222.0|27180.0|27979.0|28926.0|2000.0|2000.0|2000.0|1500.0|1500.0|1000.0|0
11787|210000.0|2|1|1|40|1|2|2|2|0|0|66635.0|56729.0|73783.0|58144.0|27617.0|14695.0|0.0|20012.0|24.0|33.0|0.0|223.0|0
16163|260000.0|2|2|1|48|1|-2|-2|-2|-2|-2|0.0|0.0|0.0|0.0|0.0|0.0|0.0|0.0|0.0|0.0|0.0|0.0|0
12400|10000.0|2|1|2|23|1|2|2|-1|-1|-2|8356.0|7864.0|6171.0|1681.0|0.0|0.0|1200.0|0.0|1681.0|0.0|0.0|1250.0|0
15212|10000.0|2|2|1|40|1|-1|0|0|0|0|0.0|1912.0|3071.0|4012.0|9882.0|5857.0|1912.0|1200.0|1000.0|1000.0|1000.0|0.0|0
19154|240000.0|2|1|2|36|-1|-1|2|0|-1|2|5367.0|6959.0|6649.0|5149.0|13750.0|5777.0|6959.0|15.0|0.0|7013.0|0.0|726.0|1
27645|10000.0|2|3|1|58|0|0|0|0|0|0|7569.0|8598.0|9590.0|9782.0|9986.0|9173.0|1158.0|1150.0|335.0|346.0|336.0|1323.0|0
1881|160000.0|1|2|2|28|-1|2|2|-2|-1|-1|530.0|530.0|-102.0|-418.0|-418.0|1647.0|0.0|102.0|316.0|123.0|2847.0|2.0|0
7648|20000.0|1|2|2|24|2|2|2|2|4|3|15586.0|16649.0|16090.0|20648.0|19759.0|19160.0|1609.0|0.0|5148.0|0.0|0.0|0.0|1
9233|150000.0|1|3|1|49|0|-1|-1|-1|-1|-1|4029.0|4048.0|2842.0|3910.0|4697.0|1719.0|4054.0|2866.0|4082.0|4697.0|1735.0|0.0|0
10815|150000.0|2|1|1|35|-1|-1|-1|-2|-1|-1|3003.0|2688.0|3125.0|9643.0|4383.0|2225.0|2698.0|3137.0|9643.0|4395.0|2229.0|3041.0|0
25101|20000.0|2|2|1|23|2|0|0|0|2|0|16219.0|17626.0|18398.0|19052.0|15429.0|9199.0|1674.0|1446.0|1100.0|0.0|379.0|1085.0|1
21339|20000.0|1|2|2|38|0|0|0|0|0|0|19817.0|19751.0|20242.0|20098.0|20059.0|20513.0|2000.0|1700.0|1300.0|1008.0|1700.0|1000.0|0
23760|30000.0|2|2|1|27|0|0|0|0|0|0|4527.0|7427.0|11013.0|16013.0|16340.0|3396.0|3000.0|6000.0|5000.0|327.0|3396.0|1680.0|0
1877|160000.0|2|2|1|38|0|0|0|0|2|2|105313.0|109030.0|109731.0|116452.0|114481.0|121885.0|5416.0|4002.0|8565.0|0.0|9502.0|0.0|0
5048|200000.0|2|1|2|29|0|-1|0|0|0|0|1467.0|439.0|2257.0|43720.0|43968.0|45182.0|439.0|2000.0|42000.0|1700.0|2000.0|1700.0|0
23163|30000.0|2|3|1|31|3|2|2|2|2|2|23368.0|24688.0|24988.0|24288.0|26098.0|25530.0|2000.0|1000.0|0.0|2200.0|0.0|1100.0|1
14535|100000.0|2|1|2|30|0|0|0|0|0|0|77388.0|78502.0|81233.0|82990.0|84210.0|85987.0|3000.0|4000.0|4000.0|3500.0|3287.0|4000.0|0
23252|230000.0|2|1|2|33|0|-1|-1|-1|-1|-1|7990.0|13450.0|56729.0|-1310.0|6734.0|87161.0|13450.0|56729.0|0.0|8044.0|87161.0|5000.0|0
19912|200000.0|2|1|2|35|0|0|0|0|0|0|99291.0|87757.0|82417.0|83877.0|82814.0|35484.0|2742.0|3000.0|2018.0|2743.0|1578.0|9013.0|0
7692|200000.0|2|2|2|32|-1|-1|2|-1|0|-1|2261.0|298.0|298.0|13764.0|5290.0|924.0|298.0|0.0|13764.0|0.0|924.0|6635.0|0
1653|20000.0|2|1|1|38|-1|-1|-1|-2|-1|-1|1925.0|500.0|0.0|0.0|6360.0|11220.0|500.0|0.0|0.0|6360.0|11220.0|0.0|0
13463|50000.0|1|3|3|52|-2|-2|-2|-2|-2|-2|0.0|0.0|0.0|0.0|0.0|0.0|0.0|0.0|0.0|0.0|0.0|0.0|1
12885|200000.0|1|2|1|37|0|0|0|0|0|0|208835.0|202673.0|193898.0|180759.0|160482.0|132870.0|7313.0|7157.0|11609.0|5609.0|5059.0|5014.0|0
9110|50000.0|2|2|2|24|0|0|0|0|0|0|48600.0|47819.0|48527.0|39147.0|38314.0|37758.0|2200.0|1889.0|1510.0|1400.0|1700.0|2000.0|1
6880|200000.0|2|1|2|31|-2|-2|-2|-2|-2|-2|0.0|0.0|0.0|0.0|0.0|0.0|0.0|0.0|0.0|0.0|0.0|0.0|0
9713|230000.0|2|2|2|31|-2|-2|-2|-2|-2|-2|-18.0|3919.0|6164.0|3612.0|7756.0|4906.0|3937.0|6164.0|3612.0|7761.0|4906.0|3632.0|0
9468|360000.0|2|1|1|41|0|0|0|0|0|0|100608.0|95511.0|96288.0|100251.0|99983.0|122578.0|4000.0|6000.0|5000.0|4000.0|80000.0|5000.0|0
2375|180000.0|2|2|1|38|0|0|0|0|0|0|151031.0|152510.0|151651.0|159019.0|123022.0|126075.0|7011.0|5657.0|10372.0|5000.0|5000.0|5000.0|0
16613|360000.0|2|2|2|25|-1|-1|-1|-1|-1|-1|947.0|4075.0|6385.0|991.0|4632.0|2014.0|4098.0|6401.0|997.0|4641.0|2014.0|5.0|0
1439|360000.0|1|1|2|33|-1|-1|-1|-1|-1|-1|57709.0|23707.0|11850.0|12533.0|7477.0|7718.0|23718.0|11850.0|13898.0|7477.0|7718.0|168350.0|0
21889|20000.0|1|3|1|26|3|2|3|2|0|0|10135.0|11926.0|11448.0|10970.0|11636.0|12442.0|2100.0|0.0|0.0|1000.0|1000.0|0.0|1
13380|240000.0|2|2|1|40|-1|-1|-1|-1|-1|-1|390.0|390.0|390.0|390.0|232.0|540.0|390.0|390.0|390.0|232.0|698.0|390.0|0
25621|180000.0|1|3|1|37|-1|-1|-1|0|-1|-1|1170.0|420.0|2745.0|3053.0|1012.0|1312.0|420.0|2745.0|1000.0|1392.0|1312.0|1110.0|1
3824|50000.0|1|2|2|48|3|2|0|0|0|0|12961.0|12029.0|11738.0|11011.0|9888.0|10076.0|507.0|1158.0|373.0|365.0|359.0|1111.0|1
22243|160000.0|2|3|1|51|-1|2|-1|-1|-1|-1|2000.0|1000.0|2125.0|2125.0|1000.0|2125.0|0.0|2125.0|2125.0|1000.0|2125.0|23250.0|0
1079|110000.0|2|2|1|39|0|0|0|0|0|0|93111.0|91198.0|85136.0|80491.0|78967.0|80628.0|3226.0|3050.0|2765.0|2304.0|2400.0|1885.0|0
15097|170000.0|2|2|2|31|0|0|0|0|0|0|165987.0|169790.0|115786.0|72309.0|73812.0|75149.0|8400.0|4000.0|2210.0|2282.0|2159.0|1800.0|0
14347|500000.0|2|1|2|29|-1|-1|-1|-1|0|0|16090.0|36635.0|75434.0|928.0|56705.0|81334.0|37039.0|78079.0|1708.0|25000.0|106260.0|20000.0|0
1679|80000.0|2|3|1|37|0|0|-2|-2|-2|-1|47751.0|-215.0|855086.0|632.0|632.0|124542.0|215.0|1024516.0|632.0|632.0|124542.0|14770.0|0
17341|220000.0|1|1|2|31|-1|-1|-1|-1|-1|-1|7521.0|4023.0|5878.0|6452.0|5157.0|4159.0|4028.0|5892.0|6463.0|5163.0|4169.0|3733.0|0
18640|290000.0|2|3|1|49|0|0|-2|-1|0|-1|52894.0|0.0|0.0|44777.0|26201.0|2780.0|21560.0|0.0|44777.0|0.0|5560.0|6420.0|0
11718|30000.0|2|2|1|42|0|0|0|0|0|0|47912.0|25023.0|25768.0|26410.0|27960.0|46254.0|1755.0|1500.0|1000.0|1909.0|1000.0|2000.0|0
28687|20000.0|2|2|1|40|0|0|0|0|0|0|14492.0|15304.0|16035.0|16517.0|16781.0|17142.0|1349.0|1080.0|562.0|500.0|456.0|218.0|1
8378|150000.0|2|2|1|47|-1|-1|-1|-1|-1|2|316.0|316.0|316.0|0.0|782.0|316.0|316.0|316.0|0.0|1098.0|0.0|0.0|0
5679|90000.0|2|2|2|26|0|0|0|0|0|0|45069.0|43310.0|40275.0|37800.0|37323.0|34396.0|2000.0|2500.0|3000.0|3000.0|2000.0|3000.0|0
12608|320000.0|1|2|1|41|1|-2|-2|-2|-2|-2|0.0|0.0|0.0|0.0|700.0|860.0|0.0|0.0|0.0|700.0|860.0|2420.0|1
25202|130000.0|2|3|1|28|0|0|0|0|0|0|29974.0|28037.0|37414.0|42816.0|43089.0|37101.0|5026.0|15430.0|12015.0|8020.0|1060.0|5017.0|0
9269|210000.0|2|1|2|29|1|-2|-2|-2|-2|-2|0.0|0.0|0.0|0.0|0.0|0.0|0.0|0.0|0.0|0.0|0.0|0.0|1
15566|130000.0|2|1|1|33|-1|2|0|0|0|-1|10653.0|7439.0|15206.0|12446.0|7047.0|5472.0|13.0|12454.0|30.0|21.0|5488.0|1725.0|0
21654|170000.0|2|2|1|35|-1|-1|0|-1|-1|-1|10316.0|2798.0|4543.0|3229.0|2062.0|0.0|2798.0|4022.0|3229.0|2062.0|0.0|0.0|1
22954|90000.0|2|2|2|24|-1|0|0|0|0|0|17524.0|22184.0|23270.0|27372.0|31905.0|34954.0|5000.0|5000.0|5000.0|5000.0|3600.0|2000.0|0
8192|70000.0|2|1|1|29|0|0|0|0|0|0|68532.0|69475.0|69582.0|69589.0|68728.0|69304.0|3300.0|3100.0|2800.0|2600.0|2940.0|3000.0|0
13068|80000.0|1|1|2|39|0|0|0|0|-1|-1|48491.0|55637.0|60163.0|0.0|780.0|390.0|8000.0|6000.0|0.0|390.0|390.0|540.0|0
7056|300000.0|2|3|2|48|1|3|2|-1|0|-1|-2.0|779.0|390.0|769.0|772.0|1722.0|781.0|1.0|769.0|3.0|1730.0|0.0|1
13216|110000.0|2|2|1|40|0|0|0|2|0|0|84589.0|85418.0|38333.0|37419.0|38199.0|38957.0|3700.0|4890.0|0.0|1535.0|1545.0|1500.0|0
28319|30000.0|2|1|1|41|0|0|0|0|0|0|26300.0|27308.0|28425.0|29233.0|21575.0|22029.0|1450.0|1560.0|1350.0|1000.0|801.0|1000.0|0
28795|240000.0|2|1|1|30|0|0|0|0|0|0|236823.0|241067.0|240998.0|244836.0|233036.0|237938.0|10279.0|10500.0|10581.0|8000.0|8500.0|9400.0|0
21160|310000.0|2|2|2|36|0|0|0|0|0|0|298221.0|303251.0|270591.0|252989.0|225814.0|231165.0|10500.0|9672.0|8826.0|8100.0|9000.0|8619.0|1
13709|460000.0|1|1|2|39|0|0|0|0|0|0|290372.0|287696.0|197014.0|179698.0|167727.0|136894.0|15495.0|10089.0|8077.0|6184.0|8047.0|6035.0|0
18522|210000.0|1|1|1|46|-1|-1|-1|-1|-1|-1|3035.0|5764.0|46884.0|80514.0|391.0|1487.0|5790.0|46915.0|80871.0|391.0|1497.0|10194.0|0
6029|230000.0|2|5|1|29|0|0|0|0|0|0|123436.0|127873.0|129832.0|133273.0|139818.0|65649.0|7000.0|6000.0|6000.0|10000.0|30000.0|3044.0|0
3123|50000.0|1|2|1|57|0|0|2|0|0|0|25551.0|22957.0|18027.0|13836.0|14966.0|13220.0|2733.0|759.0|500.0|6326.0|3259.0|2281.0|1
16135|80000.0|1|2|2|34|0|0|0|0|0|0|73414.0|66122.0|92131.0|47655.0|43182.0|44332.0|3558.0|2600.0|4300.0|2000.0|2000.0|2000.0|0
5|30000.0|2|2|2|22|3|2|2|2|-1|-1|200.0|200.0|200.0|200.0|29847.0|30089.0|0.0|0.0|0.0|29847.0|340.0|0.0|0
16683|60000.0|1|3|2|44|0|0|0|0|0|0|57694.0|58749.0|38110.0|38525.0|38346.0|37416.0|2800.0|1900.0|1300.0|1363.0|1500.0|1466.0|0
17490|200000.0|2|1|2|28|-2|-2|-2|-2|-2|-2|0.0|0.0|0.0|0.0|0.0|0.0|0.0|0.0|0.0|0.0|0.0|510.0|0
6586|80000.0|2|2|1|30|1|2|2|2|0|0|69942.0|68219.0|75688.0|73563.0|43255.0|35852.0|0.0|8600.0|0.0|1600.0|1300.0|1300.0|1
4687|500000.0|1|1|2|38|-2|-2|-2|-2|-1|0|0.0|0.0|0.0|218.0|11959.0|13692.0|0.0|0.0|218.0|11959.0|2000.0|403.0|0
10693|200000.0|1|3|1|46|-2|-2|-2|-2|-2|-2|0.0|0.0|0.0|0.0|0.0|0.0|0.0|0.0|0.0|0.0|0.0|0.0|0
27977|190000.0|2|2|1|40|0|0|2|0|0|0|184276.0|191540.0|192422.0|150300.0|92391.0|93119.0|15000.0|6000.0|6000.0|4000.0|4000.0|3300.0|0
16907|20000.0|1|1|1|31|0|0|0|2|-1|-1|4596.0|5675.0|8231.0|2717.0|4733.0|1099.0|1161.0|2717.0|0.0|4733.0|1099.0|0.0|1
26001|110000.0|1|3|1|45|0|0|0|0|0|0|66820.0|36002.0|37484.0|38935.0|40633.0|41393.0|4400.0|3900.0|3900.0|4000.0|3100.0|1600.0|0
28180|30000.0|1|2|2|35|1|3|3|2|0|0|25601.0|26886.0|26185.0|25470.0|25751.0|27179.0|2000.0|0.0|0.0|1000.0|2000.0|1000.0|0
16382|100000.0|2|2|1|37|0|0|0|0|0|0|34572.0|35173.0|35828.0|36126.0|36587.0|36957.0|1849.0|1894.0|1582.0|1433.0|1486.0|1327.0|0
18273|500000.0|1|1|1|31|0|0|0|0|0|0|400780.0|408982.0|373137.0|316654.0|324049.0|294926.0|30000.0|25025.0|20000.0|15010.0|20000.0|0.0|0
7852|200000.0|2|2|1|28|0|0|0|-1|0|0|5733.0|4426.0|3559.0|22458.0|20888.0|17875.0|2023.0|2018.0|22491.0|7521.0|2000.0|3000.0|0
4068|360000.0|1|2|1|28|-2|-1|2|2|-2|-2|0.0|2500.0|2500.0|0.0|0.0|0.0|2500.0|0.0|0.0|0.0|0.0|0.0|0
12751|310000.0|2|1|2|28|0|0|0|-1|-1|-1|37085.0|23506.0|12191.0|13775.0|12377.0|34458.0|3817.0|1000.0|13775.0|12377.0|34458.0|1269.0|0
21668|210000.0|1|1|2|30|0|0|2|0|0|0|99342.0|99506.0|100117.0|101212.0|101197.0|103175.0|4900.0|4100.0|3600.0|4500.0|4000.0|3900.0|0
29547|160000.0|2|2|2|25|1|-1|0|0|0|-2|0.0|1000.0|2043.0|3133.0|0.0|0.0|1000.0|1043.0|1133.0|0.0|0.0|7482.0|1
9526|360000.0|2|2|1|38|-1|-1|-1|-1|-1|-1|1604.0|238.0|2402.0|3580.0|183.0|1995.0|239.0|2414.0|3597.0|183.0|2005.0|3635.0|0
3640|130000.0|2|1|2|26|-2|-2|-2|-2|-2|-2|1016.0|0.0|0.0|0.0|402.0|0.0|0.0|0.0|0.0|402.0|0.0|2054.0|0
27321|230000.0|2|2|2|23|3|2|2|-1|-1|-2|1090.0|490.0|0.0|878.0|0.0|0.0|0.0|0.0|878.0|0.0|0.0|0.0|1
3608|100000.0|2|3|2|29|-2|-2|-2|-1|-1|-1|2038.0|11383.0|1661.0|1891.0|3681.0|870.0|11386.0|1665.0|1894.0|3689.0|870.0|1755.0|0
16397|110000.0|2|2|1|38|-2|-2|-2|-2|-2|-2|4976.0|2532.0|3102.0|1979.0|690.0|1042.0|2532.0|3102.0|1979.0|690.0|1042.0|8420.0|0
17614|30000.0|2|2|2|28|3|2|2|5|5|4|1200.0|1200.0|1200.0|1200.0|1200.0|600.0|0.0|0.0|0.0|0.0|0.0|0.0|1
17713|300000.0|2|3|1|30|-1|-1|0|0|-1|-1|12090.0|15035.0|25895.0|16416.0|3972.0|2200.0|15042.0|25500.0|6000.0|3972.0|2200.0|0.0|0
12244|280000.0|1|1|2|30|-1|-1|-1|-1|-1|-1|17913.0|380.0|5118.0|380.0|380.0|380.0|380.0|5118.0|380.0|380.0|380.0|380.0|0
10209|80000.0|2|2|2|26|3|2|2|2|2|2|45088.0|46040.0|46998.0|47929.0|46860.0|51931.0|2000.0|2000.0|2000.0|0.0|6000.0|0.0|1
10228|360000.0|1|5|1|31|0|0|0|0|0|0|270955.0|275178.0|280535.0|82455.0|83359.0|85171.0|8000.0|7500.0|3500.0|2500.0|2500.0|2600.0|0
7198|60000.0|1|3|2|38|0|-1|-1|-1|-1|-1|3059.0|291.0|1131.0|441.0|443.0|732.0|291.0|1131.0|441.0|443.0|580.0|0.0|0
3800|220000.0|2|1|1|54|1|-2|-1|-1|-1|-1|0.0|0.0|788.0|0.0|349.0|600.0|0.0|788.0|0.0|349.0|600.0|0.0|0
13959|520000.0|2|1|1|46|1|2|2|0|0|2|133890.0|106928.0|37238.0|36293.0|55826.0|34989.0|5022.0|0.0|20000.0|40000.0|0.0|5000.0|0
13194|50000.0|2|3|2|54|0|0|0|0|0|0|22136.0|23165.0|24178.0|24659.0|25175.0|25832.0|1388.0|1401.0|882.0|913.0|1075.0|782.0|0
12954|100000.0|2|1|1|28|1|2|-1|-1|0|0|11059.0|10105.0|388.0|90907.0|91550.0|92907.0|0.0|388.0|90907.0|3413.0|3359.0|4824.0|0
9353|50000.0|2|2|2|25|0|0|0|0|-2|-2|18734.0|19340.0|10000.0|0.0|0.0|0.0|1340.0|1000.0|0.0|0.0|0.0|0.0|0
5563|80000.0|2|3|1|35|0|0|0|0|0|0|54986.0|55111.0|55239.0|54892.0|45862.0|45086.0|1966.0|2055.0|1720.0|1458.0|1475.0|1587.0|0
26361|150000.0|1|2|2|26|0|0|0|0|0|0|10111.0|9847.0|10870.0|12189.0|12836.0|13828.0|1158.0|1181.0|1500.0|836.0|1200.0|2000.0|0
8998|140000.0|2|2|1|45|0|0|0|2|2|2|55444.0|57549.0|60971.0|61374.0|63243.0|64554.0|3000.0|5000.0|2000.0|3000.0|2500.0|0.0|0
267|320000.0|2|1|1|42|1|2|2|0|0|0|318844.0|324589.0|320622.0|252323.0|253557.0|256525.0|10000.0|450.0|7025.0|7161.0|8000.0|6883.0|0
29519|360000.0|2|2|2|34|0|0|0|0|0|0|282674.0|277569.0|246380.0|236139.0|241056.0|246297.0|12200.0|10500.0|8500.0|8750.0|9200.0|9800.0|0
1939|120000.0|2|2|1|51|0|0|0|0|0|0|138313.0|134057.0|130935.0|124458.0|78671.0|8730.0|5000.0|6000.0|3000.0|3000.0|2000.0|73000.0|0
10138|180000.0|2|2|2|44|-1|-1|-1|-1|2|-1|3481.0|757.0|9877.0|4383.0|3482.0|4479.0|761.0|9962.0|3485.0|2.0|4479.0|5392.0|0
12535|150000.0|2|1|1|52|-1|-1|0|-1|0|0|5094.0|29137.0|25772.0|48635.0|25907.0|7513.0|29148.0|25000.0|48635.0|13907.0|1513.0|46798.0|0
3483|170000.0|1|1|1|62|0|0|0|0|-1|-1|12980.0|12724.0|11888.0|10802.0|1477.0|1302.0|1550.0|1000.0|216.0|1477.0|1302.0|1302.0|0
24635|320000.0|1|1|1|40|0|0|0|0|0|0|151222.0|135038.0|108924.0|109710.0|116813.0|118984.0|6500.0|8000.0|4000.0|9000.0|4000.0|5000.0|0
20944|200000.0|2|4|2|42|-1|0|0|-2|-1|-1|5433.0|7328.0|0.0|0.0|2621.0|-72.0|2000.0|0.0|0.0|2621.0|0.0|0.0|0
21089|50000.0|2|2|1|45|0|0|0|2|2|2|26615.0|22241.0|23406.0|15379.0|16715.0|11133.0|2000.0|2000.0|0.0|1500.0|0.0|1000.0|0
26835|50000.0|2|2|1|27|0|0|-1|-1|-1|-1|7439.0|8280.0|3403.0|1999.0|500.0|0.0|1028.0|3423.0|2005.0|501.0|0.0|0.0|1
13480|30000.0|2|5|2|22|0|0|0|0|0|0|13738.0|10455.0|19869.0|26173.0|26848.0|27266.0|4000.0|10001.0|7000.0|1107.0|1000.0|1010.0|0
4442|120000.0|2|2|2|25|0|0|0|0|0|0|54628.0|55235.0|45025.0|43834.0|43449.0|44675.0|2200.0|2000.0|1700.0|2000.0|2100.0|1500.0|0
29624|80000.0|2|2|1|53|0|0|0|0|0|0|48688.0|101878.0|20475.0|20325.0|20276.0|20662.0|2530.0|3990.0|850.0|800.0|1100.0|1100.0|0
17596|50000.0|2|3|1|37|0|0|0|0|0|0|39804.0|41106.0|41843.0|42839.0|43690.0|44232.0|1964.0|1701.0|1697.0|1548.0|1620.0|1774.0|0
11140|330000.0|2|1|2|30|-1|-1|-2|-2|-2|-2|5014.0|59970.0|18585.0|13835.0|45476.0|25125.0|60207.0|18585.0|13835.0|45476.0|25125.0|21370.0|0
2972|260000.0|1|2|1|28|0|0|0|-1|-1|-1|26303.0|9408.0|5082.0|7732.0|1379.0|-8.0|5030.0|2025.0|7770.0|1385.0|0.0|1775.0|0
10922|150000.0|2|2|2|36|-1|-1|-2|-1|-1|-1|1374.0|-4.0|-4.0|6340.0|4998.0|5710.0|0.0|0.0|6344.0|4998.0|5712.0|5000.0|0
27192|340000.0|1|2|2|29|-1|-1|0|0|-1|2|5060.0|7604.0|14900.0|0.0|2650.0|1000.0|7604.0|10000.0|0.0|2650.0|0.0|1000.0|0
5676|420000.0|1|1|2|29|0|0|-1|0|0|0|16127.0|12074.0|85269.0|86388.0|87153.0|88957.0|1322.0|90499.0|3122.0|2915.0|3000.0|3150.0|0
28776|70000.0|2|2|1|59|0|0|0|0|0|2|67088.0|64376.0|62004.0|62985.0|69380.0|70498.0|2244.0|2301.0|2254.0|7600.0|2500.0|2422.0|0
16405|20000.0|1|2|2|38|0|0|0|0|0|0|16465.0|18470.0|18877.0|19604.0|19800.0|0.0|3000.0|1473.0|1200.0|396.0|0.0|0.0|0
2009|360000.0|1|1|2|29|1|-2|-1|-1|-2|-2|0.0|0.0|77.0|0.0|0.0|0.0|0.0|77.0|0.0|0.0|0.0|0.0|0
24350|90000.0|2|2|2|24|0|0|0|0|0|0|84137.0|85684.0|87396.0|67761.0|65602.0|65902.0|3210.0|3503.0|2420.0|2400.0|2400.0|2694.0|0
122|360000.0|1|1|1|52|0|0|0|0|0|0|236171.0|228951.0|220826.0|191655.0|162435.0|132093.0|8500.0|7800.0|6665.0|5670.0|4461.0|3100.0|0
17273|360000.0|1|2|1|42|1|-2|-2|-2|-2|-2|0.0|0.0|0.0|0.0|0.0|0.0|0.0|0.0|0.0|0.0|0.0|0.0|0
352|120000.0|1|1|2|29|0|0|0|0|0|0|118303.0|98232.0|150952.0|77639.0|79966.0|61248.0|3358.0|3400.0|6000.0|3200.0|4000.0|845.0|1
22721|60000.0|2|2|2|29|2|2|2|0|0|0|41387.0|42117.0|41140.0|42110.0|42988.0|43841.0|1685.0|0.0|1655.0|1707.0|1718.0|1775.0|0
6635|180000.0|2|3|2|27|-1|-1|-1|-1|-1|-1|3578.0|3898.0|0.0|715.0|4079.0|0.0|3898.0|0.0|715.0|6942.0|0.0|213.0|0
17818|50000.0|1|2|1|56|0|0|0|0|0|0|46794.0|46836.0|48062.0|49242.0|18713.0|19456.0|1756.0|1982.0|2162.0|633.0|1007.0|627.0|0
1584|50000.0|2|2|1|37|0|0|0|0|0|0|50664.0|49163.0|49811.0|49978.0|20062.0|20259.0|3000.0|2500.0|2000.0|1102.0|2000.0|2900.0|0
17605|310000.0|2|1|2|28|0|0|0|0|-1|-1|36513.0|37628.0|39579.0|40879.0|85.0|4381.0|2500.0|3000.0|1500.0|85.0|4381.0|11100.0|0
1389|180000.0|1|1|2|35|0|0|0|0|0|0|52160.0|46545.0|43604.0|43571.0|19360.0|20650.0|3022.0|3005.0|3002.0|3004.0|3000.0|0.0|0
4149|230000.0|2|3|1|54|-1|-1|-1|-1|-1|-1|1227.0|784.0|1854.0|396.0|1950.0|1099.0|784.0|1854.0|396.0|1950.0|1099.0|2040.0|0
9502|70000.0|2|2|2|55|0|0|0|0|0|0|67572.0|58969.0|57625.0|45675.0|46236.0|46758.0|2124.0|2311.0|1622.0|1674.0|1677.0|1697.0|0
7191|370000.0|2|1|1|39|0|0|0|0|0|0|141552.0|67739.0|49097.0|48216.0|47675.0|48074.0|2157.0|2000.0|1668.0|2000.0|3000.0|1000.0|0
28046|40000.0|2|2|2|26|0|0|0|0|2|2|31475.0|32663.0|33813.0|34952.0|36447.0|35515.0|2000.0|2000.0|2000.0|2500.0|0.0|1500.0|0
26302|210000.0|1|1|2|31|2|-1|-1|0|-1|-1|1172.0|380.0|1552.0|776.0|776.0|1359.0|380.0|1552.0|0.0|776.0|1359.0|20302.0|0
8028|60000.0|2|1|2|28|0|0|0|0|0|0|37878.0|35511.0|28894.0|21556.0|21494.0|21838.0|3000.0|2000.0|1600.0|3000.0|2800.0|0.0|0
5259|160000.0|2|1|2|27|-2|-2|-2|-2|-2|-2|717.0|3265.0|5105.0|3326.0|5482.0|2698.0|3269.0|5109.0|3328.0|5494.0|2864.0|2367.0|1
22541|20000.0|2|2|1|42|1|2|2|2|0|0|8395.0|8114.0|10293.0|9979.0|10329.0|10391.0|0.0|2479.0|0.0|515.0|377.0|617.0|0
17051|300000.0|1|1|1|45|-1|-1|-1|-1|-1|-1|5045.0|688.0|6431.0|3645.0|2041.0|1800.0|688.0|6495.0|3681.0|2448.0|1910.0|360.0|0
23878|50000.0|2|1|2|24|0|0|0|-1|-1|-1|27320.0|50339.0|40791.0|13676.0|9457.0|390.0|27704.0|5000.0|13676.0|9457.0|14000.0|568.0|0
18053|150000.0|1|2|1|37|0|0|0|0|0|0|100894.0|103001.0|104416.0|86597.0|88276.0|90398.0|4700.0|4099.0|4000.0|3000.0|3000.0|5187.0|0
27159|20000.0|2|2|2|26|2|2|0|0|0|0|17368.0|16801.0|17789.0|17419.0|17628.0|18125.0|0.0|1281.0|771.0|640.0|790.0|761.0|0
2465|20000.0|2|3|2|25|-1|-1|-1|0|0|-2|12547.0|14699.0|900.0|900.0|0.0|0.0|14745.0|900.0|0.0|0.0|0.0|0.0|1
26500|50000.0|2|3|2|22|0|0|0|0|0|-1|11867.0|12588.0|13089.0|13731.0|13891.0|1769.0|1309.0|1200.0|1232.0|891.0|4435.0|1836.0|0
14088|20000.0|1|2|2|25|2|2|3|3|3|3|1050.0|1050.0|1050.0|1050.0|1050.0|1050.0|0.0|0.0|0.0|0.0|0.0|0.0|0
9997|500000.0|2|2|2|48|-1|-1|-1|-1|-1|-1|77461.0|68781.0|58436.0|9536.0|8302.0|64460.0|68781.0|58436.0|9536.0|58302.0|64460.0|14000.0|0
23585|70000.0|2|2|2|23|0|0|0|0|0|0|45743.0|38365.0|38988.0|38192.0|28775.0|16497.0|1619.0|4000.0|1200.0|592.0|330.0|177.0|0
21006|500000.0|2|1|2|44|0|0|0|0|0|0|120452.0|190135.0|212134.0|201014.0|222520.0|208271.0|100000.0|50000.0|10012.0|50000.0|10000.0|10000.0|0
26893|80000.0|2|1|2|24|0|0|0|2|0|0|4711.0|5737.0|8818.0|8471.0|8644.0|8820.0|1266.0|3347.0|0.0|173.0|176.0|180.0|1
10833|250000.0|2|1|2|35|0|0|0|0|0|0|154878.0|152677.0|134445.0|136219.0|117625.0|107642.0|5200.0|5200.0|10000.0|4014.0|4057.0|4000.0|0
7652|180000.0|2|1|1|44|-2|-2|-2|-2|-2|-2|0.0|0.0|0.0|0.0|0.0|0.0|0.0|0.0|0.0|0.0|0.0|0.0|0
14620|180000.0|1|2|1|46|0|0|0|0|0|0|60005.0|41223.0|49108.0|50016.0|45956.0|52926.0|3000.0|10000.0|3000.0|5000.0|15000.0|0.0|0
5952|140000.0|2|3|2|24|0|0|0|0|0|0|20923.0|19713.0|19385.0|19244.0|17185.0|36377.0|1633.0|1600.0|800.0|1753.0|20000.0|938.0|0
18111|260000.0|2|1|2|32|-2|-2|-2|-2|-2|-2|-34.0|6846.0|1479.0|173.0|6326.0|369.0|6880.0|1486.0|174.0|6357.0|370.0|2500.0|0
9807|200000.0|2|3|2|45|-2|-2|-2|-2|-2|-2|0.0|10221.0|1356.0|0.0|984.0|134.0|10221.0|1356.0|0.0|984.0|134.0|81.0|0
21917|10000.0|1|2|2|22|0|0|0|0|0|0|7960.0|9649.0|8518.0|8628.0|9293.0|5033.0|2000.0|1000.0|500.0|1500.0|0.0|2500.0|1
2652|180000.0|2|2|2|26|-1|-1|-1|0|-1|-1|390.0|390.0|5248.0|4167.0|780.0|467.0|390.0|5248.0|5.0|780.0|467.0|3513.0|0
3028|500000.0|1|2|2|33|0|0|0|0|0|0|134503.0|114682.0|124240.0|131006.0|137911.0|119343.0|20031.0|20029.0|20058.0|20127.0|10000.0|10027.0|0
25335|50000.0|1|1|1|37|0|0|0|0|0|0|37603.0|38672.0|39949.0|40225.0|25517.0|20655.0|2000.0|2200.0|1400.0|1000.0|1000.0|1000.0|1
9131|180000.0|1|1|1|37|1|-2|-2|-2|-1|0|0.0|0.0|0.0|0.0|2201.0|2201.0|0.0|0.0|0.0|2201.0|0.0|0.0|0
11273|30000.0|1|3|2|50|2|2|0|0|0|0|53237.0|46868.0|42397.0|38569.0|33570.0|19895.0|0.0|1800.0|2200.0|1400.0|2000.0|30000.0|1
4709|230000.0|2|2|1|33|1|-2|-2|-1|-1|-2|0.0|0.0|0.0|1990.0|0.0|0.0|0.0|0.0|1990.0|0.0|0.0|0.0|1
5888|180000.0|2|2|2|35|-2|-2|-2|-2|-2|-2|-117.0|2573.0|-77.0|-77.0|1823.0|227.0|2690.0|0.0|0.0|1900.0|230.0|0.0|0
16561|490000.0|1|1|1|45|-1|-1|-1|-1|-1|-1|9763.0|7059.0|5606.0|3136.0|3353.0|12336.0|7059.0|6000.0|3136.0|3353.0|12336.0|1493.0|1
27620|300000.0|2|3|1|29|-1|0|0|0|0|-1|24921.0|21333.0|16212.0|11304.0|11396.0|6138.0|2000.0|3000.0|0.0|5000.0|6202.0|0.0|0
3572|50000.0|1|1|1|24|0|0|0|0|0|0|47734.0|47025.0|48102.0|48612.0|49465.0|50299.0|1763.0|1840.0|1751.0|1717.0|1773.0|1845.0|0
11681|150000.0|1|3|2|31|-2|-2|-2|-1|-1|-2|31991.0|18322.0|11429.0|3714.0|0.0|0.0|18696.0|11629.0|3814.0|0.0|0.0|0.0|0
22720|30000.0|1|3|1|42|0|0|-1|-1|-1|-1|1946.0|1473.0|390.0|390.0|390.0|0.0|1000.0|390.0|390.0|390.0|0.0|780.0|0
29765|150000.0|2|1|1|52|-1|3|2|0|0|-1|3391.0|3227.0|1129.0|2034.0|2140.0|6731.0|20.0|802.0|1705.0|1806.0|6427.0|16.0|1
16799|460000.0|1|1|1|40|0|0|0|0|0|0|100026.0|89681.0|81812.0|82326.0|76055.0|74979.0|5095.0|5011.0|5047.0|4021.0|4071.0|3000.0|0
24281|100000.0|1|2|1|38|0|0|0|0|-1|0|100600.0|94367.0|96504.0|22850.0|91081.0|92986.0|4090.0|4385.0|1850.0|103300.0|3370.0|3670.0|0
16539|10000.0|2|2|2|22|1|2|2|2|0|0|8925.0|8637.0|10277.0|9736.0|9704.0|9725.0|0.0|1800.0|0.0|500.0|600.0|500.0|0
4271|360000.0|2|2|1|39|-1|2|2|-1|-1|-1|1220.0|330.0|165.0|5773.0|3598.0|3598.0|170.0|0.0|5773.0|3598.0|3598.0|6208.0|0
22641|100000.0|2|2|1|22|0|0|0|0|0|0|100192.0|93394.0|43004.0|50196.0|79217.0|78771.0|3000.0|3000.0|8000.0|30000.0|3000.0|4000.0|0
28985|30000.0|2|2|2|24|0|0|2|0|0|2|5807.0|7153.0|7877.0|8591.0|10302.0|10006.0|1600.0|1000.0|1000.0|2000.0|0.0|1500.0|0
2785|150000.0|2|1|2|29|-2|-2|-2|-2|-2|-2|0.0|0.0|0.0|0.0|0.0|0.0|0.0|0.0|0.0|0.0|0.0|0.0|0
13404|170000.0|1|2|1|42|1|-1|-1|-2|-2|-1|0.0|1690.0|0.0|0.0|0.0|4750.0|1690.0|0.0|0.0|0.0|4750.0|0.0|0
2585|200000.0|1|4|1|49|0|0|0|0|0|0|49221.0|49599.0|50942.0|50146.0|50235.0|48984.0|1689.0|2164.0|2500.0|3480.0|2500.0|3000.0|0
24380|70000.0|1|1|2|29|-1|-1|0|-1|2|-1|2343.0|14336.0|13155.0|3929.0|1953.0|967.0|15000.0|4000.0|4000.0|0.0|1000.0|1000.0|0
24089|80000.0|2|1|2|23|-1|-1|-2|-1|-1|-1|326.0|-326.0|0.0|652.0|0.0|326.0|0.0|652.0|652.0|0.0|326.0|652.0|0
29440|80000.0|1|1|2|26|0|0|0|0|0|0|74487.0|76126.0|69856.0|48816.0|48476.0|48448.0|7576.0|3000.0|1800.0|1800.0|2000.0|2000.0|0
16265|150000.0|2|2|2|29|-1|-1|-1|-2|-1|-1|1739.0|1984.0|112.0|0.0|3865.0|5562.0|1984.0|112.0|0.0|3865.0|5575.0|10963.0|0
10851|100000.0|1|2|2|27|-2|-2|-2|-2|-2|-2|33628.0|35760.0|0.0|33333.0|0.0|0.0|36066.0|156.0|33333.0|0.0|0.0|0.0|0
29004|80000.0|2|1|2|26|0|0|0|0|0|0|66982.0|66130.0|67489.0|68535.0|66835.0|64962.0|2986.0|3056.0|2787.0|2745.0|2564.0|2926.0|0
28279|390000.0|1|2|1|42|-1|-1|-1|-1|-1|-1|1565.0|1733.0|2472.0|2626.0|989.0|4647.0|1733.0|2492.0|2637.0|992.0|4667.0|277.0|0
10659|20000.0|1|2|1|38|-1|0|0|0|0|0|18669.0|19304.0|19905.0|20302.0|20133.0|20000.0|1326.0|1317.0|714.0|925.0|400.0|0.0|0
4640|400000.0|2|1|2|32|0|0|0|0|0|0|46782.0|48075.0|48815.0|49831.0|50821.0|51884.0|2036.0|1776.0|1792.0|1782.0|1844.0|1856.0|0
2833|80000.0|1|2|1|42|0|0|0|0|0|0|48237.0|48594.0|49432.0|49043.0|47805.0|45626.0|2200.0|2005.0|2000.0|2000.0|2000.0|2000.0|0
27667|340000.0|2|1|2|34|-1|-1|-1|-1|-1|-1|32488.0|42449.0|30042.0|28987.0|13104.0|59204.0|42552.0|30084.0|29033.0|13120.0|59273.0|1241.0|0
3873|460000.0|1|1|2|29|0|0|0|0|0|0|428369.0|436349.0|449078.0|457587.0|240651.0|245605.0|16833.0|21000.0|20000.0|8000.0|8000.0|8100.0|0
16491|120000.0|2|2|2|43|2|2|0|0|0|0|124613.0|121211.0|120920.0|47951.0|41563.0|36779.0|0.0|3507.0|2000.0|2500.0|2000.0|1500.0|1
5877|220000.0|2|2|1|35|0|0|0|0|0|0|223150.0|226034.0|227153.0|174717.0|171145.0|174076.0|10000.0|9200.0|6300.0|6200.0|6600.0|9000.0|0
23199|140000.0|2|2|2|27|2|2|0|0|0|2|107257.0|104122.0|104742.0|107626.0|114633.0|116904.0|0.0|3842.0|4626.0|8933.0|4300.0|0.0|0
25430|100000.0|2|2|1|35|-1|-1|-1|0|0|-1|29048.0|0.0|4069.0|37069.0|20233.0|22227.0|0.0|4069.0|33000.0|20000.0|22227.0|20000.0|0
2945|120000.0|1|1|2|33|0|0|0|0|0|0|8578.0|6492.0|8268.0|6672.0|11724.0|4642.0|5502.0|7921.0|5700.0|10834.0|4000.0|3500.0|0
15450|50000.0|1|2|2|24|-1|-1|-1|-1|-1|0|390.0|390.0|390.0|390.0|780.0|390.0|390.0|390.0|390.0|780.0|0.0|390.0|1
3397|150000.0|1|3|1|35|2|2|2|0|0|0|135215.0|137863.0|130622.0|126063.0|118836.0|116865.0|6000.0|30.0|5050.0|5025.0|5000.0|3000.0|1
4602|200000.0|1|1|2|27|1|-2|-1|0|-1|-1|0.0|0.0|6331.0|6460.0|630.0|500.0|0.0|6331.0|129.0|630.0|500.0|0.0|0
24678|430000.0|2|2|1|41|-2|-2|-2|-2|-2|-2|2830.0|21419.0|15555.0|6705.0|6705.0|5673.0|21419.0|0.0|6705.0|0.0|5673.0|7791.0|0
12290|100000.0|1|1|1|35|1|-2|-2|-2|-2|-1|0.0|0.0|0.0|0.0|0.0|970.0|0.0|0.0|0.0|0.0|970.0|830.0|1
15593|90000.0|2|2|1|24|2|2|2|2|2|2|86643.0|87249.0|86858.0|86373.0|85875.0|82150.0|3881.0|3000.0|2800.0|1500.0|2299.0|2500.0|1
14044|150000.0|2|1|1|32|0|0|0|-2|-2|-2|75918.0|77025.0|0.0|0.0|0.0|0.0|3525.0|0.0|0.0|0.0|0.0|0.0|0
8780|200000.0|2|1|1|33|2|-1|-1|-1|-1|-1|1076.0|696.0|316.0|1076.0|316.0|1226.0|696.0|316.0|1076.0|316.0|1226.0|696.0|0
24879|40000.0|2|1|2|24|0|0|0|0|0|0|28140.0|32343.0|39717.0|37263.0|35224.0|34111.0|5000.0|8017.0|7000.0|4000.0|5000.0|5000.0|1
27360|20000.0|1|2|2|24|2|2|4|4|4|4|1650.0|1650.0|1650.0|1650.0|1650.0|1650.0|0.0|0.0|0.0|0.0|0.0|0.0|0
9456|20000.0|1|2|2|23|1|3|2|2|0|0|17529.0|16967.0|17176.0|16605.0|17185.0|18340.0|0.0|780.0|0.0|1000.0|1600.0|1000.0|1
13333|230000.0|2|1|2|46|-1|-1|-1|-1|-1|-1|699.0|699.0|699.0|999.0|1149.0|849.0|699.0|699.0|999.0|1149.0|849.0|999.0|0
22711|80000.0|2|2|2|48|0|0|0|2|0|0|60261.0|60129.0|57488.0|47846.0|48464.0|48940.0|2234.0|5311.0|0.0|1787.0|1700.0|1500.0|0
24116|50000.0|2|3|1|35|-1|-1|-1|-2|-2|-2|22500.0|5000.0|0.0|0.0|0.0|0.0|5000.0|0.0|0.0|0.0|0.0|640.0|0
14863|140000.0|2|1|2|28|0|0|0|0|2|2|123662.0|124785.0|128906.0|137279.0|140419.0|142254.0|4600.0|6200.0|12000.0|5500.0|5300.0|0.0|0
11238|60000.0|1|2|1|40|0|0|0|0|0|0|18875.0|20064.0|21227.0|22564.0|24191.0|25778.0|1500.0|1500.0|2000.0|2000.0|2000.0|2000.0|1
3151|400000.0|2|2|1|44|-2|-2|-2|-2|-2|-2|0.0|804.0|11192.0|0.0|0.0|0.0|804.0|11242.0|0.0|0.0|0.0|0.0|0
14708|340000.0|2|2|2|27|-1|-1|-1|-1|-1|-1|14745.0|9318.0|4794.0|7819.0|332.0|16516.0|9318.0|5343.0|7819.0|332.0|16516.0|5000.0|0
9326|10000.0|2|3|2|43|-1|-1|-1|0|0|-2|1593.0|1928.0|5797.0|7727.0|4196.0|0.0|2006.0|5805.0|4013.0|4217.0|4.0|12700.0|0
5104|140000.0|1|1|1|39|1|-2|-2|-2|-2|-2|0.0|0.0|0.0|0.0|0.0|0.0|0.0|0.0|0.0|0.0|0.0|0.0|1
13243|210000.0|1|1|2|31|0|0|0|0|0|0|36042.0|37141.0|38179.0|39243.0|39740.0|40574.0|2000.0|1936.0|2000.0|1450.0|1472.0|3500.0|0
7029|30000.0|1|3|2|51|0|0|0|0|2|2|25358.0|26447.0|26946.0|28957.0|29408.0|29840.0|1800.0|1300.0|2400.0|1000.0|1000.0|0.0|0
9404|360000.0|2|3|1|43|-2|-2|-1|-1|-2|-2|4392.0|0.0|2050.0|754.0|0.0|0.0|0.0|2050.0|754.0|0.0|0.0|1738.0|1
1789|260000.0|1|3|2|27|0|0|0|0|0|0|132755.0|137049.0|137558.0|140455.0|144032.0|146615.0|6417.0|5000.0|5184.0|6000.0|5026.0|4005.0|0
22922|210000.0|2|2|2|27|1|-2|-2|-2|-2|-2|0.0|0.0|0.0|0.0|0.0|0.0|0.0|0.0|0.0|0.0|0.0|0.0|1
19372|50000.0|1|3|2|40|0|0|0|0|0|0|43530.0|43344.0|46616.0|48872.0|19981.0|16554.0|2000.0|4000.0|4500.0|2000.0|1000.0|3000.0|1
2374|180000.0|2|1|2|29|-1|-1|-1|-1|-1|-1|326.0|326.0|546.0|546.0|546.0|1225.0|326.0|546.0|546.0|546.0|1225.0|2225.0|1
73|200000.0|1|3|0|51|-1|-1|-1|-1|0|-1|3556.0|4993.0|9212.0|2529.0|1036.0|4430.0|5020.0|9236.0|2529.0|0.0|4430.0|6398.0|0
24223|360000.0|2|1|2|37|0|0|0|0|0|-1|16600.0|19190.0|20384.0|23255.0|22495.0|380.0|3194.0|2384.0|3271.0|2509.0|381.0|2469.0|0
10139|110000.0|1|1|2|33|0|0|0|0|0|0|9495.0|12633.0|88334.0|53978.0|23687.0|26567.0|4018.0|80004.0|1500.0|12013.0|7000.0|2000.0|0
12162|50000.0|1|1|2|30|1|2|0|0|2|0|49233.0|48146.0|50029.0|50921.0|48809.0|49639.0|0.0|3000.0|5000.0|0.0|1815.0|2000.0|1
11286|380000.0|1|2|1|39|-2|-2|-2|-1|-1|-2|0.0|4107.0|2517.0|710.0|0.0|0.0|4107.0|2517.0|716.0|0.0|0.0|1183.0|0
22633|20000.0|1|2|2|25|0|0|0|0|0|0|19791.0|19591.0|15788.0|14911.0|11699.0|12224.0|1917.0|1000.0|1000.0|1000.0|1068.0|0.0|1
18177|180000.0|2|1|2|28|0|0|0|0|0|0|6396.0|12595.0|18704.0|24410.0|29184.0|7325.0|7000.0|7000.0|7000.0|7000.0|5000.0|326.0|0
4223|360000.0|2|1|2|42|-2|-1|-1|-1|-1|-2|45603.0|29788.0|2950.0|6366.0|11480.0|222.0|29882.0|2950.0|6366.0|11480.0|222.0|4285.0|0
211|120000.0|1|3|1|40|-1|-1|0|0|0|0|32161.0|64308.0|65015.0|66571.0|67632.0|57798.0|64308.0|3000.0|4000.0|4000.0|4000.0|4000.0|0
8318|40000.0|2|2|1|24|2|0|0|2|2|2|25618.0|26701.0|30421.0|29633.0|31548.0|30889.0|1800.0|4500.0|0.0|2400.0|0.0|3000.0|1
26811|100000.0|1|1|2|36|0|0|0|-1|-1|2|15585.0|12430.0|8186.0|1127.0|10880.0|10143.0|5000.0|5000.0|1127.0|10143.0|0.0|7000.0|0
1636|30000.0|1|3|2|23|2|2|2|2|2|2|10732.0|20501.0|20831.0|21231.0|20589.0|31018.0|10000.0|1000.0|1000.0|0.0|13000.0|0.0|0
19475|180000.0|1|1|1|38|2|2|2|2|2|2|47276.0|49256.0|50186.0|51102.0|52178.0|53213.0|3000.0|2000.0|2000.0|2000.0|2000.0|2100.0|1
3303|90000.0|2|1|2|23|-1|-1|-1|0|0|0|316.0|3066.0|3832.0|6194.0|5878.0|316.0|3066.0|3832.0|5878.0|0.0|0.0|3316.0|0
25177|230000.0|2|2|1|44|-1|-1|-1|-1|0|-1|899.0|1000.0|1685.0|3207.0|1941.0|329.0|1000.0|1685.0|3207.0|0.0|329.0|2208.0|0
28013|280000.0|2|2|2|30|-1|-1|-1|-1|-1|-1|13182.0|5290.0|2711.0|4464.0|4069.0|5161.0|5290.0|2711.0|4476.0|4069.0|5161.0|8026.0|0
26180|80000.0|2|3|1|57|0|0|-2|-1|0|0|33600.0|0.0|0.0|9618.0|10455.0|11131.0|0.0|0.0|9618.0|1000.0|1000.0|1000.0|0
17666|110000.0|2|2|2|29|0|0|2|2|2|2|18817.0|21068.0|16412.0|16809.0|8682.0|8861.0|2600.0|1102.0|1000.0|0.0|602.0|0.0|1
23830|90000.0|2|2|1|27|2|2|2|0|0|0|85753.0|87510.0|85188.0|87112.0|169533.0|90316.0|4000.0|0.0|4200.0|3285.0|7787.0|4000.0|1
12761|200000.0|1|2|1|40|0|0|0|0|0|0|93700.0|95991.0|15040.0|14074.0|14758.0|15442.0|4512.0|2010.0|1000.0|1000.0|1000.0|0.0|0
25868|20000.0|1|1|2|22|1|2|0|0|0|0|10591.0|10277.0|11304.0|12311.0|12410.0|13358.0|0.0|1500.0|1500.0|600.0|1300.0|0.0|0
7375|20000.0|1|3|2|45|0|0|0|0|0|0|18011.0|18083.0|18500.0|19014.0|19019.0|17484.0|1500.0|1400.0|1243.0|638.0|2000.0|480.0|0
28565|20000.0|2|3|1|43|0|0|0|0|0|0|14959.0|32006.0|17139.0|17979.0|18518.0|15243.0|1600.0|1700.0|1500.0|1000.0|1000.0|1780.0|0
18976|210000.0|1|2|1|46|-2|-2|-2|-2|-2|-2|0.0|1828.0|765.0|0.0|0.0|0.0|1828.0|765.0|0.0|0.0|0.0|0.0|0
16252|120000.0|2|1|2|35|1|-2|-1|-1|-1|-1|0.0|0.0|234.0|4394.0|3164.0|5700.0|0.0|234.0|4394.0|3164.0|5700.0|300.0|1
9578|220000.0|2|1|2|45|-1|-1|-1|-1|-1|-1|4624.0|2874.0|1210.0|632.0|15243.0|5471.0|2888.0|1216.0|640.0|15251.0|5472.0|4045.0|0
11052|140000.0|2|2|1|28|-1|2|-1|-1|-1|-1|1953.0|1366.0|464.0|337.0|548.0|395.0|0.0|464.0|337.0|548.0|395.0|681.0|1
16874|100000.0|1|2|2|32|0|0|0|0|0|0|85366.0|87064.0|89401.0|90470.0|44610.0|45806.0|3114.0|3738.0|3059.0|1450.0|1765.0|1473.0|0
14957|50000.0|2|3|2|60|2|2|2|0|0|0|46554.0|50774.0|49551.0|22673.0|17147.0|17505.0|5000.0|0.0|2300.0|1000.0|635.0|580.0|1
28688|490000.0|1|1|1|43|2|-1|-1|-2|-1|-1|3956.0|3081.0|0.0|0.0|2236.0|3052.0|3081.0|0.0|0.0|2236.0|3052.0|3159.0|1
6797|290000.0|1|2|1|38|0|0|0|0|0|0|116625.0|118801.0|99370.0|84836.0|82168.0|80299.0|5000.0|3530.0|3019.0|2818.0|3000.0|3199.0|0
22945|300000.0|1|2|1|36|1|2|2|2|2|2|54977.0|56189.0|56663.0|57428.0|58455.0|57556.0|2500.0|1800.0|2100.0|1900.0|0.0|3500.0|1
20439|60000.0|2|2|2|46|0|0|0|0|0|0|39518.0|39558.0|41690.0|21151.0|30059.0|13046.0|1870.0|3002.0|1364.0|10000.0|474.0|490.0|0
27138|20000.0|1|3|2|31|2|2|2|2|2|2|13335.0|15617.0|15090.0|16859.0|16472.0|21819.0|2800.0|0.0|2001.0|0.0|5782.0|0.0|0
16686|220000.0|2|1|2|30|0|0|0|0|0|-1|72546.0|74618.0|62379.0|37137.0|-669.0|14069.0|5206.0|30176.0|10258.0|14000.0|15070.0|6029.0|0
6375|200000.0|2|3|2|32|0|0|0|0|0|0|148959.0|152810.0|159907.0|168200.0|148987.0|152224.0|6700.0|10000.0|10000.0|4183.0|4465.0|4352.0|0
7808|180000.0|1|1|2|38|2|2|2|0|0|0|114091.0|124233.0|125768.0|126202.0|127677.0|99764.0|12100.0|5000.0|4200.0|3000.0|5000.0|2000.0|1
3333|50000.0|2|2|2|24|0|0|0|0|0|0|48393.0|49405.0|50934.0|7728.0|8390.0|48679.0|1814.0|2343.0|1137.0|799.0|41933.0|1943.0|1
24274|360000.0|1|2|1|63|1|-2|-1|-1|-1|-1|-3.0|-3.0|590.0|-10.0|2162.0|3528.0|0.0|593.0|0.0|2172.0|3545.0|0.0|1
13259|60000.0|2|2|1|60|8|7|6|5|4|3|69183.0|68216.0|66616.0|65016.0|63449.0|62149.0|0.0|0.0|0.0|0.0|0.0|0.0|0
23868|30000.0|2|2|2|33|0|0|0|0|0|0|29965.0|28048.0|29775.0|27736.0|26956.0|28142.0|2000.0|3000.0|3000.0|2000.0|2000.0|2000.0|0
4797|80000.0|2|2|2|31|0|0|0|-1|-1|-1|28788.0|27620.0|26352.0|939.0|2202.0|1369.0|8000.0|1000.0|939.0|2202.0|1369.0|4827.0|0
23644|290000.0|1|1|2|44|-2|-2|-2|-2|-2|-2|0.0|0.0|0.0|0.0|0.0|0.0|0.0|0.0|0.0|0.0|0.0|0.0|0
2524|200000.0|2|1|1|42|-1|-1|2|-1|-1|-1|796.0|770.0|770.0|5259.0|1329.0|3609.0|770.0|0.0|5269.0|1329.0|2280.0|0.0|0
13935|140000.0|2|2|2|37|0|0|-1|-1|-1|-1|143118.0|140955.0|1876.0|1876.0|1876.0|3372.0|6400.0|1876.0|1876.0|1876.0|3372.0|104005.0|0
5417|210000.0|1|2|2|37|0|0|0|0|0|0|18896.0|19777.0|20803.0|21816.0|22250.0|22716.0|1500.0|1350.0|1363.0|797.0|825.0|829.0|0
24085|10000.0|2|2|2|32|0|0|0|0|0|0|9463.0|9338.0|10073.0|10059.0|9760.0|10048.0|1165.0|1200.0|400.0|520.0|600.0|500.0|0
164|20000.0|2|1|2|27|-1|-1|-2|-2|-2|-2|4734.0|0.0|0.0|0.0|0.0|0.0|0.0|0.0|0.0|0.0|0.0|3187.0|1
27841|20000.0|1|1|2|23|0|0|0|0|0|0|19247.0|18055.0|2059.0|2576.0|1834.0|1092.0|2500.0|1100.0|1500.0|200.0|200.0|942.0|0
8829|150000.0|1|3|1|45|-1|0|-1|-1|-1|-1|29169.0|15000.0|15000.0|0.0|15000.0|0.0|1000.0|15000.0|0.0|15000.0|0.0|0.0|0
25386|370000.0|1|1|1|68|0|0|0|0|0|0|8207.0|11054.0|15840.0|20542.0|25255.0|30034.0|3000.0|5000.0|5000.0|5000.0|5000.0|5000.0|0
22678|20000.0|2|2|2|24|0|0|0|0|0|0|21838.0|20544.0|19991.0|20305.0|19349.0|20467.0|2349.0|1296.0|1000.0|696.0|2213.0|0.0|0
16371|120000.0|2|2|1|25|0|0|0|0|0|0|30925.0|73143.0|73130.0|74898.0|76779.0|79594.0|43272.0|3120.0|2888.0|3001.0|4500.0|2500.0|0
16581|300000.0|1|1|1|40|1|-2|-2|-2|-2|-2|0.0|0.0|0.0|0.0|0.0|0.0|0.0|0.0|0.0|0.0|0.0|0.0|0
21628|360000.0|1|1|1|40|-2|-2|-2|-2|-2|-2|5772.0|11664.0|15390.0|7090.0|2115.0|20075.0|11694.0|10048.0|35.0|2126.0|21220.0|35114.0|0
22771|500000.0|1|1|1|30|0|0|0|0|0|0|74797.0|75753.0|78031.0|78946.0|76689.0|77968.0|2800.0|3500.0|2818.0|2743.0|3000.0|10000.0|0
19456|50000.0|1|2|2|43|0|0|0|-2|-2|-2|34110.0|3552.0|0.0|0.0|0.0|0.0|3505.0|0.0|0.0|0.0|0.0|0.0|0
21536|180000.0|2|2|2|29|0|0|0|2|0|0|172271.0|179760.0|180488.0|142201.0|141826.0|125974.0|11600.0|9635.0|0.0|5245.0|5172.0|3726.0|1
23459|220000.0|1|2|2|39|0|0|0|0|0|0|103159.0|91253.0|81847.0|79489.0|77040.0|78892.0|5000.0|3000.0|4000.0|3000.0|3000.0|3000.0|0
559|360000.0|2|5|2|28|0|0|0|0|-1|-1|243114.0|46734.0|12558.0|0.0|730.0|500.0|1587.0|1028.0|0.0|730.0|500.0|0.0|0
14796|150000.0|2|1|2|31|0|0|0|-1|0|0|10778.0|6798.0|6221.0|4711.0|6711.0|6711.0|6000.0|3039.0|9050.0|2000.0|0.0|4000.0|0
28728|220000.0|1|1|2|31|0|0|0|0|0|0|75538.0|78315.0|80361.0|82199.0|84782.0|87284.0|4000.0|4000.0|4000.0|4000.0|4000.0|4000.0|0
22856|120000.0|2|2|2|43|0|0|0|-1|0|0|121427.0|60163.0|61723.0|25638.0|26092.0|14586.0|77225.0|21903.0|25646.0|5080.0|0.0|5052.0|0
21247|100000.0|2|2|1|40|0|0|0|0|0|0|26702.0|26616.0|26704.0|27640.0|30035.0|33697.0|2008.0|2000.0|2000.0|3000.0|5000.0|3000.0|0
22474|60000.0|2|2|2|26|2|2|2|2|2|0|56685.0|55208.0|59175.0|60218.0|55447.0|55305.0|0.0|5000.0|2511.0|6.0|3000.0|3000.0|0
25290|30000.0|1|2|1|39|1|2|2|0|0|2|22595.0|24928.0|24230.0|26811.0|28702.0|28092.0|3000.0|0.0|3000.0|2327.0|0.0|1200.0|1
24870|270000.0|1|1|2|36|-2|-2|-2|-2|-2|-2|11464.0|1879.0|6896.0|8583.0|880.0|4861.0|1879.0|6909.0|8587.0|880.0|4861.0|3212.0|0
28804|50000.0|1|2|2|58|4|3|2|2|2|2|51996.0|51203.0|50071.0|8086.0|8263.0|9533.0|300.0|300.0|300.0|293.0|1400.0|400.0|1
8515|200000.0|2|2|1|37|0|0|0|0|0|0|184144.0|189158.0|190569.0|191730.0|171269.0|151550.0|8017.0|8000.0|8000.0|9000.0|7000.0|6000.0|0
3381|160000.0|1|1|1|37|0|0|0|0|0|0|16750.0|9715.0|5140.0|5379.0|3183.0|5120.0|1100.0|1500.0|1500.0|1000.0|2000.0|4000.0|0
27574|80000.0|2|2|2|44|0|0|0|-1|-1|-1|17047.0|11885.0|8254.0|5144.0|15365.0|2250.0|1435.0|1350.0|5144.0|15365.0|2250.0|2690.0|0
717|50000.0|1|2|1|42|-2|-2|-2|-2|-1|0|1464.0|1469.0|2185.0|0.0|19777.0|19910.0|1469.0|2185.0|0.0|19777.0|629.0|296.0|0
19660|30000.0|2|2|1|29|1|2|2|2|0|0|27371.0|26632.0|29703.0|28700.0|28300.0|25520.0|0.0|3500.0|0.0|0.0|1000.0|0.0|1
24111|50000.0|1|2|2|25|-1|3|2|0|0|0|10695.0|10386.0|9993.0|9993.0|15300.0|0.0|0.0|0.0|200.0|5307.0|0.0|0.0|1
23367|250000.0|2|1|2|35|1|2|0|0|0|0|45429.0|34800.0|31217.0|25231.0|17009.0|4553.0|0.0|1443.0|560.0|4875.0|400.0|0.0|0
21773|70000.0|2|2|1|41|0|0|0|2|0|0|68953.0|68908.0|68799.0|65250.0|53934.0|54149.0|3000.0|3810.0|2010.0|2054.0|2000.0|1872.0|0
24327|200000.0|2|2|2|34|0|0|0|-2|-2|-2|19252.0|10000.0|0.0|0.0|0.0|0.0|1000.0|0.0|0.0|0.0|0.0|0.0|0
4765|220000.0|1|1|2|25|1|2|0|0|0|0|222737.0|216397.0|207870.0|172612.0|166705.0|166192.0|0.0|7109.0|6050.0|6000.0|9111.0|6171.0|0
13680|320000.0|1|1|2|30|-2|-2|-2|-2|-2|-2|5562.0|6061.0|3829.0|933.0|5446.0|8523.0|6091.0|3848.0|937.0|5473.0|8565.0|0.0|0
28426|170000.0|1|2|2|31|0|0|0|0|0|0|8024.0|9338.0|11673.0|12770.0|12971.0|13312.0|1610.0|2500.0|1600.0|711.0|700.0|700.0|0
16133|50000.0|1|2|1|33|2|0|-1|-1|-1|0|42923.0|42803.0|1473.0|390.0|1573.0|390.0|2330.0|1473.0|390.0|1573.0|0.0|780.0|0
13286|50000.0|1|2|2|30|1|-1|2|-1|-1|-2|-264.0|264.0|264.0|7300.0|0.0|0.0|528.0|0.0|7300.0|0.0|0.0|0.0|0
18839|110000.0|2|2|1|55|0|0|0|0|0|0|15069.0|16123.0|16850.0|17568.0|18133.0|18828.0|1600.0|1300.0|1000.0|1000.0|1000.0|1000.0|0
2716|110000.0|2|2|1|33|0|0|0|0|0|0|15605.0|20649.0|22397.0|23305.0|25341.0|30584.0|5649.0|2397.0|1305.0|2341.0|5584.0|1388.0|0
20062|130000.0|1|1|2|37|0|0|0|0|0|0|22563.0|22222.0|21783.0|9421.0|8809.0|8596.0|1500.0|1505.0|1000.0|500.0|1000.0|115.0|0
23720|30000.0|1|3|3|52|1|2|2|3|2|2|23819.0|23144.0|28066.0|27321.0|27571.0|29300.0|0.0|5637.0|0.0|1000.0|2332.0|0.0|1
10462|30000.0|1|2|1|36|2|2|0|0|0|0|30573.0|28473.0|29083.0|28313.0|28932.0|29565.0|0.0|2000.0|940.0|1000.0|1106.0|0.0|0
11822|20000.0|2|3|2|30|-1|-1|-1|0|0|0|390.0|286.0|9457.0|10311.0|10374.0|10692.0|286.0|9847.0|1000.0|1000.0|500.0|442.0|0
7369|200000.0|2|1|2|37|0|0|0|0|0|0|105420.0|102870.0|89643.0|90938.0|92505.0|94031.0|4000.0|3250.0|3250.0|3500.0|3560.0|5000.0|0
19246|350000.0|2|2|1|49|-2|-2|-2|-2|-2|-2|16173.0|9122.0|12228.0|19850.0|8800.0|4260.0|9122.0|12228.0|19850.0|8800.0|4260.0|17660.0|0
12773|20000.0|1|2|1|38|0|0|0|0|0|-1|17973.0|19367.0|19559.0|18240.0|17928.0|150.0|1699.0|1460.0|626.0|1750.0|150.0|0.0|1
18432|60000.0|2|2|1|38|0|0|0|0|0|0|45972.0|49874.0|47329.0|35587.0|36193.0|29978.0|5000.0|5000.0|5000.0|5000.0|5000.0|15000.0|0
5530|90000.0|2|2|2|36|1|-2|-2|-2|-2|-2|0.0|0.0|0.0|0.0|0.0|0.0|0.0|0.0|0.0|0.0|0.0|3500.0|1
2702|50000.0|2|2|1|26|-1|-1|-1|-1|-1|-2|1902.0|782.0|0.0|4699.0|0.0|0.0|782.0|0.0|4699.0|0.0|0.0|0.0|0
25540|50000.0|2|2|1|38|-2|-2|-1|0|0|2|18750.0|0.0|31288.0|27335.0|30626.0|29921.0|0.0|95000.0|1000.0|3700.0|16.0|518.0|0
7834|70000.0|2|1|2|24|0|0|0|0|0|0|63903.0|65248.0|62958.0|64209.0|59482.0|60883.0|3000.0|2190.0|2201.0|2181.0|2413.0|1952.0|0
24408|150000.0|2|2|1|34|-2|-2|-2|-2|-2|-2|316.0|1801.0|1139.0|2246.0|5435.0|466.0|1801.0|1139.0|2246.0|5435.0|466.0|316.0|0
26218|240000.0|2|2|2|32|0|0|0|0|0|0|132252.0|135069.0|136408.0|139192.0|142111.0|145165.0|6500.0|5000.0|5057.0|5239.0|5500.0|5000.0|0
16847|380000.0|1|3|1|34|-1|-1|-1|-1|-1|-1|4539.0|4119.0|4686.0|2363.0|2416.0|4718.0|4131.0|4700.0|2382.0|2423.0|4732.0|2353.0|0
13543|20000.0|2|2|2|27|-1|2|-1|2|0|0|226.0|226.0|4294.0|2863.0|1583.0|1320.0|0.0|4294.0|0.0|0.0|150.0|0.0|0
21670|120000.0|2|1|2|28|-2|-1|-1|-1|0|0|398.0|954.0|0.0|170.0|170.0|0.0|958.0|0.0|170.0|0.0|0.0|0.0|0
1704|200000.0|1|3|1|49|0|0|0|0|0|0|51437.0|52580.0|53732.0|54837.0|56025.0|59511.0|2000.0|2000.0|2000.0|2100.0|4400.0|0.0|0
2492|130000.0|2|3|1|57|0|0|0|0|0|0|125824.0|80801.0|81929.0|41671.0|42034.0|32219.0|4000.0|4000.0|3000.0|2500.0|1500.0|2000.0|1
11444|180000.0|2|3|2|32|0|0|0|0|0|0|183512.0|172194.0|176105.0|171475.0|134590.0|133146.0|7700.0|8254.0|9600.0|4712.0|4995.0|5000.0|0
7437|50000.0|2|1|1|25|0|0|0|0|0|0|51044.0|50231.0|46677.0|44982.0|21399.0|20859.0|2500.0|3008.0|1000.0|761.0|800.0|704.0|0
24549|10000.0|2|1|2|26|0|-1|-1|0|0|0|9459.0|231.0|3364.0|6129.0|9009.0|9188.0|231.0|5000.0|3000.0|3000.0|329.0|340.0|0
8431|130000.0|2|2|1|27|2|0|0|2|0|0|54921.0|55055.0|54804.0|52439.0|52609.0|52739.0|2000.0|6844.0|0.0|2071.0|2115.0|1640.0|0
26417|180000.0|2|5|1|44|0|0|-1|-1|-1|-1|20916.0|0.0|850.0|0.0|6881.0|10340.0|0.0|850.0|0.0|6881.0|10340.0|182.0|0
10372|140000.0|2|3|1|38|2|2|0|0|2|2|122283.0|118913.0|120435.0|139795.0|142950.0|140505.0|0.0|5000.0|21500.0|5500.0|0.0|5000.0|0
17928|50000.0|1|3|2|27|0|0|-2|-2|-1|-1|32590.0|-100.0|0.0|0.0|70.0|120.0|0.0|100.0|0.0|70.0|200.0|100.0|0
24839|180000.0|1|3|1|36|-1|-1|-1|-1|-1|-1|1321.0|590.0|584.0|1196.0|3040.0|8009.0|590.0|584.0|1202.0|3049.0|8009.0|7820.0|0
27717|150000.0|2|2|2|35|0|0|0|0|0|0|97268.0|71876.0|50043.0|55182.0|48983.0|50136.0|3500.0|2000.0|20000.0|2000.0|2000.0|2000.0|0
18005|100000.0|2|1|2|24|0|-1|-1|-2|-2|-2|93411.0|4081.0|0.0|0.0|0.0|0.0|11645.0|0.0|0.0|0.0|0.0|0.0|0
26350|60000.0|2|2|2|25|0|0|0|0|0|0|36081.0|37194.0|38116.0|39902.0|58737.0|56902.0|2500.0|2000.0|3000.0|20000.0|3000.0|2000.0|0
10965|50000.0|2|1|1|25|0|0|0|0|0|0|30479.0|31200.0|31817.0|29229.0|29529.0|30053.0|1528.0|1461.0|1030.0|1070.0|1320.0|1212.0|1
22348|140000.0|2|1|2|29|0|0|2|0|0|0|135436.0|144922.0|141289.0|137377.0|93261.0|95368.0|13102.0|17.0|5547.0|3242.0|3512.0|3333.0|0
19033|190000.0|1|2|1|31|0|0|0|0|0|0|177554.0|180633.0|172914.0|130139.0|115494.0|117465.0|7600.0|6303.0|4137.0|3502.0|4027.0|3517.0|0
11050|130000.0|1|1|2|31|1|-2|-2|-2|-2|-2|0.0|0.0|0.0|0.0|0.0|0.0|0.0|0.0|0.0|0.0|0.0|0.0|0
26398|100000.0|1|3|1|40|2|0|0|2|2|0|77617.0|80324.0|86016.0|87715.0|85411.0|87870.0|4000.0|7000.0|4000.0|0.0|4000.0|4000.0|0
2915|520000.0|1|1|2|29|0|0|0|0|0|0|464541.0|388685.0|280101.0|184081.0|108330.0|89199.0|15521.0|10423.0|7215.0|4012.0|3017.0|3028.0|0
14497|100000.0|1|1|2|30|2|0|0|0|0|0|53718.0|55851.0|56424.0|57584.0|58957.0|60317.0|3000.0|2100.0|2100.0|2300.0|2500.0|2500.0|0
25607|360000.0|1|1|1|43|0|-1|-1|-1|0|0|30769.0|13532.0|840.0|68110.0|55905.0|42239.0|13952.0|864.0|124037.0|1679.0|1163.0|1126.0|0
22481|430000.0|2|1|2|31|-2|-2|-1|0|0|0|10226.0|5671.0|52983.0|70672.0|52378.0|56360.0|5873.0|52983.0|35002.0|10203.0|7500.0|10000.0|0
24137|120000.0|2|2|1|32|0|0|0|0|0|0|37981.0|36149.0|37179.0|38500.0|38955.0|39926.0|1586.0|1616.0|1937.0|1392.0|1596.0|1684.0|0
5933|450000.0|2|1|2|31|-1|-1|-1|-1|0|0|12818.0|17522.0|35727.0|82517.0|91873.0|41628.0|17577.0|35758.0|90018.0|41340.0|20000.0|15000.0|0
11795|180000.0|2|1|2|30|0|0|0|0|0|0|174869.0|173094.0|131039.0|132269.0|144990.0|152632.0|8328.0|7000.0|4900.0|15000.0|10000.0|6000.0|0
8599|360000.0|1|2|2|33|1|-2|-2|-2|-2|-2|0.0|0.0|0.0|0.0|0.0|0.0|0.0|0.0|0.0|0.0|0.0|0.0|1
656|130000.0|2|3|3|43|-1|0|-1|-1|0|-1|15923.0|82292.0|396.0|1552.0|776.0|776.0|70000.0|792.0|1552.0|0.0|776.0|3676.0|0
28365|200000.0|2|1|2|28|0|0|0|0|0|0|7484.0|8273.0|13249.0|22319.0|17279.0|9853.0|2000.0|13000.0|10000.0|5000.0|5000.0|4000.0|0
24716|120000.0|2|1|2|31|1|-1|-1|0|-1|-1|0.0|1730.0|2457.0|2192.0|2655.0|0.0|1730.0|2459.0|0.0|2655.0|0.0|0.0|1
7420|290000.0|1|1|2|32|0|0|0|0|0|2|23561.0|52005.0|49188.0|68168.0|67465.0|44593.0|30020.0|2002.0|19982.0|1799.0|7.0|8210.0|0
17671|110000.0|1|2|1|35|1|2|0|0|0|0|112829.0|108073.0|110313.0|108986.0|48641.0|46982.0|0.0|6307.0|5093.0|2008.0|2010.0|3000.0|1
29848|120000.0|2|1|2|36|0|0|0|0|2|2|84171.0|76025.0|78068.0|78589.0|77213.0|82567.0|3438.0|4000.0|12242.0|0.0|6894.0|0.0|0
20018|250000.0|2|2|1|39|-1|-1|-1|-1|-1|-1|8040.0|8099.0|45964.0|6496.0|11108.0|3321.0|8099.0|46224.0|6496.0|11108.0|3321.0|7154.0|0
3836|200000.0|2|3|1|56|0|0|0|0|0|0|193392.0|159546.0|158486.0|160375.0|163444.0|0.0|5039.0|8000.0|3500.0|3269.0|0.0|0.0|0
6923|310000.0|1|1|1|47|-2|-2|-2|-2|-2|-2|960.0|1863.0|2667.0|0.0|2654.0|0.0|1869.0|2681.0|0.0|2654.0|0.0|2397.0|0
3250|60000.0|2|2|1|23|0|0|0|2|2|0|58844.0|43427.0|30408.0|30632.0|30021.0|30445.0|2000.0|4300.0|1000.0|0.0|2000.0|1500.0|0
12879|100000.0|2|3|1|44|-2|-2|-2|-2|-2|-2|1010.0|0.0|0.0|0.0|0.0|2947.0|0.0|0.0|0.0|0.0|2947.0|4193.0|0
20694|150000.0|2|1|2|39|-1|-1|-1|-1|-1|-1|1709.0|14674.0|771.0|1365.0|10965.0|1488.0|14674.0|771.0|1375.0|10965.0|1488.0|4328.0|0
27361|230000.0|1|1|2|34|0|-1|0|0|0|0|56449.0|219192.0|226596.0|225791.0|226638.0|226265.0|231788.0|11621.0|9027.0|9015.0|9000.0|9014.0|0
2055|70000.0|1|3|1|37|0|0|0|0|0|0|71742.0|70978.0|70949.0|68782.0|68100.0|68677.0|2721.0|2714.0|2632.0|2600.0|2800.0|2573.0|0
8044|420000.0|2|2|1|30|0|0|-1|0|0|-1|83640.0|63751.0|153092.0|111922.0|88709.0|36484.0|1275.0|156564.0|0.0|0.0|36484.0|69380.0|0
9923|80000.0|2|3|2|22|0|0|-1|-1|-2|-2|37990.0|39400.0|15674.0|-1.0|-1.0|-1.0|2400.0|15674.0|0.0|0.0|0.0|0.0|0
5613|500000.0|1|1|2|38|-1|-1|-1|-1|-1|-1|3109.0|34228.0|7981.0|695.0|1130.0|41026.0|34241.0|7993.0|695.0|1130.0|41026.0|25880.0|0
28052|270000.0|2|1|1|37|-1|-1|0|0|0|0|1257.0|71665.0|69256.0|67842.0|68235.0|72706.0|73700.0|3168.0|3000.0|4000.0|8000.0|3000.0|0
20468|30000.0|1|3|1|53|1|2|2|2|2|2|18361.0|20250.0|19637.0|21705.0|21059.0|23716.0|2500.0|0.0|2403.0|0.0|3000.0|0.0|1
11010|20000.0|2|3|1|54|0|0|2|0|0|2|6268.0|8221.0|6997.0|8028.0|9510.0|8815.0|3000.0|0.0|3000.0|2000.0|0.0|5363.0|0
21884|360000.0|1|2|1|41|1|-2|-2|-2|-2|-2|0.0|0.0|0.0|0.0|0.0|0.0|0.0|0.0|0.0|0.0|0.0|0.0|1
14663|360000.0|2|1|2|31|-2|-2|-2|-2|-2|-2|19847.0|15979.0|6450.0|13166.0|23964.0|5470.0|16059.0|6482.0|13242.0|24011.0|5497.0|5415.0|0
2928|300000.0|1|1|2|29|1|-2|-2|-2|-2|-2|0.0|0.0|0.0|0.0|0.0|0.0|0.0|0.0|0.0|0.0|0.0|0.0|1
28271|50000.0|1|2|2|25|-2|-2|-2|-2|-2|-2|-1587.0|-5174.0|-2587.0|-2587.0|-2587.0|-2587.0|0.0|0.0|0.0|0.0|0.0|0.0|1
13492|80000.0|2|3|1|25|-2|-2|-1|-1|-2|-2|3377.0|3377.0|3476.0|3377.0|3377.0|5062.0|3377.0|3476.0|3377.0|3377.0|5062.0|3387.0|0
18836|30000.0|2|2|1|32|-2|-2|-2|-2|-2|-2|0.0|0.0|0.0|0.0|7463.0|6804.0|0.0|0.0|0.0|7463.0|6804.0|4985.0|0
7467|20000.0|1|2|2|43|0|0|0|0|0|0|19656.0|30177.0|16263.0|17287.0|17699.0|18413.0|1300.0|2600.0|1300.0|700.0|1000.0|700.0|0
15462|330000.0|1|2|1|45|0|0|0|0|0|0|86916.0|87548.0|89421.0|91115.0|92935.0|91584.0|3135.0|3285.0|3221.0|3247.0|3317.0|3555.0|0
26052|10000.0|1|3|1|46|0|0|0|0|0|-2|7170.0|8240.0|8050.0|10400.0|0.0|0.0|1200.0|1000.0|150.0|0.0|0.0|0.0|0
12309|260000.0|2|1|1|39|-2|-2|-2|-2|-2|-2|5912.0|3768.0|1444.0|2402.0|2040.0|3172.0|3786.0|1451.0|2424.0|2050.0|3187.0|1972.0|1
28769|10000.0|1|2|1|50|2|2|2|0|0|0|9415.0|8852.0|8297.0|8792.0|9277.0|9744.0|1000.0|1000.0|1000.0|1000.0|1000.0|1000.0|0
339|210000.0|1|1|1|40|0|0|0|0|0|0|119752.0|114952.0|108857.0|103789.0|96250.0|95788.0|10030.0|6053.0|10036.0|6027.0|10028.0|10030.0|0
16842|480000.0|1|1|1|47|-1|-1|-1|-1|0|0|10668.0|-2.0|454.0|150198.0|143388.0|157758.0|0.0|456.0|150244.0|2915.0|24550.0|100.0|0
850|210000.0|1|2|2|42|0|0|0|0|0|0|197204.0|201218.0|205477.0|209754.0|212737.0|209083.0|8800.0|9000.0|9200.0|8000.0|8000.0|9000.0|0
19546|120000.0|2|1|1|32|-1|-1|-1|-1|-1|0|497.0|0.0|1085.0|193.0|1549.0|1549.0|0.0|1085.0|193.0|1549.0|0.0|787.0|0
5177|180000.0|1|2|2|30|-1|-1|-1|-1|-1|-1|10000.0|10000.0|10970.0|12786.0|10300.0|10000.0|10000.0|10970.0|12786.0|10300.0|10000.0|11080.0|0
12219|290000.0|1|1|1|51|0|0|0|0|0|0|225478.0|225603.0|216488.0|152892.0|150051.0|146287.0|10026.0|10006.0|7000.0|5000.0|5200.0|5500.0|0
20322|110000.0|1|2|2|27|0|0|0|0|0|0|84342.0|89446.0|38580.0|39359.0|42021.0|43324.0|6657.0|2000.0|1418.0|3306.0|2000.0|2000.0|0
15279|90000.0|2|1|2|29|2|2|2|0|0|0|7052.0|9370.0|9078.0|10267.0|10350.0|10564.0|2605.0|0.0|1500.0|550.0|529.0|531.0|1
21473|80000.0|2|3|1|44|0|0|2|0|0|0|80808.0|81615.0|79075.0|79604.0|78567.0|79810.0|6926.0|0.0|3000.0|3000.0|3300.0|3200.0|0
163|150000.0|1|2|1|33|1|2|2|0|0|2|8967.0|11510.0|12022.0|12524.0|13868.0|13502.0|3001.0|1000.0|1000.0|1700.0|0.0|1000.0|0
14644|50000.0|1|2|2|28|0|0|0|0|0|0|35277.0|34627.0|35096.0|9657.0|9617.0|9404.0|1800.0|1600.0|500.0|500.0|341.0|500.0|1
12485|130000.0|2|3|1|54|0|0|0|0|0|0|77506.0|78535.0|72776.0|66053.0|52505.0|12242.0|2900.0|2564.0|2368.0|2200.0|364.0|152.0|0
20088|430000.0|2|1|1|34|-1|-1|-1|-1|-1|-1|5149.0|4588.0|11164.0|1531.0|9848.0|10178.0|4600.0|11220.0|1531.0|9902.0|10202.0|5926.0|0
22004|80000.0|1|2|2|23|2|0|0|0|0|0|8613.0|12438.0|15212.0|15657.0|17404.0|19103.0|4000.0|3000.0|1000.0|2000.0|2000.0|2836.0|0
19922|200000.0|2|2|1|40|-1|-1|-1|-1|0|-1|7261.0|32333.0|12610.0|7850.0|977.0|9205.0|32543.0|13587.0|7850.0|0.0|9205.0|0.0|0
13324|50000.0|2|3|1|46|3|2|2|0|0|0|48522.0|50955.0|29516.0|29742.0|29898.0|24883.0|3754.0|1.0|1070.0|1030.0|863.0|654.0|0
12832|180000.0|1|2|1|43|0|0|0|0|0|0|171992.0|175427.0|150965.0|71478.0|72955.0|74426.0|6099.0|4427.0|1949.0|2007.0|2030.0|2000.0|0
20412|180000.0|2|2|1|36|-1|-1|-1|-2|-2|-2|1252.0|23.0|-820.0|-1140.0|0.0|0.0|23.0|3.0|0.0|2000.0|0.0|150.0|0
12022|30000.0|1|3|2|51|0|0|0|0|0|2|24070.0|25358.0|26447.0|26946.0|28957.0|29408.0|2000.0|1800.0|1300.0|2400.0|1000.0|1000.0|0
24827|500000.0|2|1|1|38|-1|2|-1|-1|-1|0|600.0|300.0|501.0|300.0|600.0|450.0|0.0|501.0|300.0|600.0|300.0|600.0|0
29584|60000.0|2|2|1|27|0|0|0|0|0|0|54900.0|55948.0|55188.0|55960.0|56564.0|57464.0|1971.0|2000.0|2003.0|2003.0|2070.0|2140.0|1
7327|30000.0|2|2|1|38|-1|-1|-2|-1|0|-1|2805.0|0.0|0.0|48514.0|49300.0|691.0|0.0|0.0|48514.0|986.0|691.0|4645.0|0
17196|150000.0|2|1|2|28|2|0|0|0|0|0|65809.0|55997.0|46392.0|36172.0|25767.0|16791.0|1498.0|1614.0|1227.0|655.0|2000.0|5000.0|1
29959|120000.0|2|2|2|25|2|3|3|3|4|4|94635.0|97592.0|100536.0|103478.0|104886.0|107220.0|5400.0|5400.0|5500.0|4600.0|4600.0|5200.0|0
9002|150000.0|2|1|2|29|-1|2|2|-1|2|-1|766.0|515.0|-150.0|974.0|269.0|191.0|0.0|85.0|1124.0|0.0|191.0|591.0|1
17439|220000.0|1|2|1|35|0|0|0|0|0|0|210200.0|213208.0|219611.0|204740.0|97722.0|89971.0|8000.0|10098.0|5828.0|3000.0|3000.0|5000.0|1
21012|170000.0|1|3|2|44|0|0|0|0|0|0|167077.0|170965.0|172541.0|159546.0|137410.0|136680.0|12275.0|10000.0|8009.0|6000.0|30000.0|5322.0|0
6792|170000.0|1|2|1|39|-2|-2|-2|-2|-2|-2|0.0|582.0|0.0|582.0|291.0|90.0|582.0|0.0|582.0|291.0|90.0|750.0|0
24600|360000.0|2|1|2|29|-1|-1|-1|-1|-1|-1|5751.0|1501.0|624.0|0.0|1000.0|1866.0|1501.0|624.0|0.0|1000.0|1866.0|252.0|0
22813|30000.0|2|2|2|23|0|0|0|0|0|0|28347.0|28296.0|25819.0|26409.0|26401.0|26448.0|2300.0|2390.0|1718.0|1100.0|1000.0|2000.0|0
1956|80000.0|2|3|2|31|0|0|0|2|2|2|34620.0|35759.0|40020.0|40766.0|39982.0|44621.0|2000.0|5200.0|1700.0|0.0|5500.0|0.0|0
14262|100000.0|1|3|2|32|0|0|0|0|0|0|70003.0|31545.0|20974.0|19713.0|19848.0|18126.0|2035.0|2004.0|616.0|2007.0|1009.0|2015.0|0
26421|50000.0|2|3|1|44|1|2|3|2|4|3|13112.0|14679.0|15143.0|16892.0|16341.0|15798.0|2100.0|1000.0|2300.0|0.0|0.0|0.0|1
11045|200000.0|2|1|1|44|0|-1|-1|-2|-2|-1|26814.0|367.0|0.0|0.0|561.0|3854.0|368.0|0.0|0.0|561.0|3878.0|3.0|0
16668|200000.0|2|2|1|33|0|0|0|0|0|0|15126.0|14633.0|14918.0|16992.0|8967.0|8494.0|3000.0|2000.0|5000.0|2000.0|1000.0|2000.0|0
6192|50000.0|1|3|1|52|1|2|0|0|0|0|32119.0|29498.0|26196.0|23806.0|16818.0|14438.0|0.0|6900.0|0.0|0.0|0.0|0.0|1
10566|180000.0|2|1|2|28|-1|-1|-1|-1|-1|-1|47815.0|8473.0|950.0|13408.0|3819.0|1107.0|8480.0|957.0|13408.0|3819.0|1107.0|20679.0|0
12039|220000.0|1|1|2|34|-2|-2|-2|-2|-2|-2|416.0|416.0|416.0|416.0|416.0|416.0|416.0|832.0|416.0|416.0|416.0|416.0|1
14017|100000.0|2|2|2|24|1|-1|-1|-2|-2|-1|0.0|670.0|0.0|0.0|0.0|150.0|670.0|0.0|0.0|0.0|150.0|477.0|1
16912|150000.0|1|3|2|32|0|0|0|0|0|0|148352.0|151267.0|143254.0|137379.0|35290.0|1200.0|5210.0|5212.0|4610.0|706.0|1200.0|0.0|0
15014|100000.0|2|2|2|24|2|2|2|2|2|3|93330.0|95285.0|96674.0|97983.0|102803.0|100960.0|4400.0|3800.0|3800.0|7300.0|0.0|679.0|1
7895|200000.0|2|1|1|35|-1|2|-1|-1|-1|-1|1972.0|582.0|1891.0|0.0|1908.0|290.0|0.0|1891.0|0.0|1908.0|290.0|3100.0|1
7549|150000.0|2|2|2|37|0|0|0|0|0|0|86037.0|84679.0|82490.0|78890.0|75240.0|75639.0|5000.0|5000.0|4000.0|3500.0|3000.0|4000.0|0
28877|120000.0|1|3|1|24|0|0|0|-2|-2|-2|79172.0|61300.0|0.0|0.0|0.0|0.0|2500.0|0.0|0.0|0.0|0.0|0.0|0
12340|440000.0|2|1|2|36|-2|-2|-2|-2|-2|-2|0.0|0.0|0.0|0.0|0.0|0.0|0.0|0.0|0.0|0.0|162000.0|0.0|0
3637|20000.0|1|2|1|59|1|-1|0|0|-1|-1|-1213.0|30322.0|20033.0|19871.0|15410.0|18969.0|52082.0|15800.0|2000.0|20085.0|39070.0|25000.0|0
19449|60000.0|1|2|1|52|0|0|0|0|0|0|58682.0|56893.0|58170.0|56539.0|29425.0|28013.0|3762.0|3000.0|2000.0|1000.0|1000.0|1500.0|0
22764|500000.0|1|2|1|31|0|0|0|0|0|0|378886.0|382234.0|274586.0|273718.0|168418.0|167635.0|15057.0|11035.0|11035.0|7029.0|8035.0|10388.0|0
15494|360000.0|2|1|2|30|-2|-2|-2|-2|-2|-2|4765.0|3415.0|1539.0|6501.0|3458.0|2786.0|3434.0|1546.0|6541.0|3475.0|2788.0|5710.0|0
20151|150000.0|2|1|1|39|1|2|2|2|2|2|80762.0|77506.0|75239.0|71245.0|69214.0|24036.0|0.0|3700.0|0.0|2000.0|0.0|2000.0|1
25153|50000.0|1|1|2|28|1|-2|-2|-2|-2|-2|0.0|0.0|0.0|0.0|0.0|0.0|0.0|0.0|0.0|0.0|0.0|0.0|0
17778|310000.0|1|2|1|39|0|0|0|0|0|0|238973.0|237196.0|233854.0|219409.0|216540.0|210675.0|10029.0|9218.0|10029.0|8049.0|8040.0|10059.0|0
27332|200000.0|2|3|1|38|0|0|0|-1|-1|2|60473.0|151786.0|109495.0|13785.0|22173.0|10482.0|101796.0|29894.0|13943.0|21865.0|0.0|26218.0|0
18159|50000.0|2|2|1|44|0|0|0|0|0|0|45578.0|41906.0|35703.0|22360.0|23659.0|27421.0|3016.0|5003.0|3000.0|3000.0|5000.0|924.0|0
15321|130000.0|1|1|2|28|1|-1|-1|-2|-2|-2|0.0|3000.0|0.0|0.0|0.0|0.0|3000.0|0.0|0.0|0.0|0.0|1000.0|0
8358|20000.0|1|3|1|47|0|0|0|0|0|0|16013.0|14334.0|9086.0|5096.0|5096.0|5200.0|1419.0|1270.0|1200.0|0.0|104.0|0.0|0
18872|350000.0|1|1|2|31|0|-1|-1|-2|-2|-2|51900.0|1000.0|0.0|0.0|0.0|0.0|1000.0|0.0|0.0|0.0|0.0|0.0|0
9815|250000.0|1|3|1|28|0|0|0|0|0|0|149499.0|119726.0|111690.0|114776.0|110902.0|114018.0|15000.0|10000.0|10000.0|10000.0|5000.0|5000.0|0
16963|200000.0|2|1|2|26|0|0|0|0|0|0|200849.0|146340.0|146660.0|145623.0|144166.0|145141.0|80000.0|4600.0|6000.0|4700.0|4800.0|5000.0|0
10191|230000.0|2|1|2|28|-1|-1|-1|-2|-2|-2|6666.0|6666.0|0.0|0.0|0.0|0.0|6666.0|0.0|0.0|0.0|0.0|0.0|0
29673|220000.0|2|2|1|40|-1|-1|-1|-1|0|0|1129.0|227.0|0.0|13137.0|13637.0|9744.0|227.0|0.0|13137.0|1500.0|214.0|0.0|0
22732|10000.0|1|3|2|22|0|0|0|0|0|0|5757.0|6706.0|7715.0|7873.0|8742.0|9551.0|1200.0|1128.0|286.0|1000.0|955.0|0.0|0
954|30000.0|1|1|2|25|2|2|2|2|2|0|22422.0|24334.0|26087.0|26184.0|25563.0|26099.0|2600.0|2441.0|820.0|0.0|851.0|1678.0|0
2484|150000.0|2|2|1|38|0|0|0|0|0|0|140133.0|140414.0|141314.0|141000.0|142358.0|143358.0|6601.0|6501.0|5201.0|5501.0|5282.0|5200.0|0
21810|240000.0|2|2|1|42|1|2|0|0|-1|-1|15100.0|14557.0|24893.0|14782.0|2381.0|2381.0|0.0|14782.0|0.0|2381.0|2381.0|0.0|0
24672|360000.0|1|1|1|32|-1|-1|-1|-1|-1|-1|2708.0|5562.0|3906.0|8413.0|3079.0|4075.0|5588.0|3924.0|8454.0|3093.0|4095.0|3045.0|0
26260|50000.0|1|1|1|38|0|0|-2|-2|-2|-2|12650.0|0.0|0.0|0.0|0.0|0.0|0.0|0.0|0.0|0.0|0.0|0.0|0
18929|50000.0|2|3|1|52|3|2|0|0|0|0|49534.0|48061.0|48807.0|49347.0|17524.0|17497.0|0.0|2200.0|2100.0|606.0|624.0|622.0|0
253|20000.0|2|1|2|22|-1|-1|-1|-1|0|-1|7702.0|274.0|1395.0|10555.0|9500.0|9588.0|274.0|1395.0|10555.0|0.0|9588.0|491.0|1
19047|300000.0|2|2|1|33|0|0|0|0|0|0|248832.0|255686.0|262075.0|276110.0|279623.0|285719.0|11000.0|12000.0|20002.0|10002.0|11002.0|26002.0|0
28414|50000.0|1|2|2|28|0|0|0|0|0|0|48433.0|49608.0|45568.0|9742.0|8790.0|6591.0|2000.0|1500.0|442.0|300.0|238.0|500.0|1
16127|120000.0|2|1|2|40|-1|-1|-1|-1|0|0|326.0|326.0|326.0|12055.0|11968.0|12968.0|326.0|326.0|12055.0|239.0|1000.0|652.0|0
6975|50000.0|1|2|2|26|0|0|0|0|0|0|49458.0|50135.0|49889.0|20459.0|19727.0|19354.0|2200.0|1500.0|1933.0|600.0|461.0|350.0|0
22314|200000.0|2|1|2|40|-2|-2|-2|-2|-2|-2|0.0|0.0|0.0|0.0|0.0|0.0|0.0|0.0|0.0|0.0|0.0|0.0|1
26032|10000.0|1|2|2|25|0|0|0|0|0|0|3684.0|4715.0|5785.0|7134.0|3535.0|4323.0|1100.0|1155.0|1500.0|1000.0|1000.0|1000.0|1
25752|260000.0|1|1|2|35|2|2|2|0|0|2|139582.0|149124.0|145333.0|148332.0|160810.0|155683.0|13400.0|0.0|6910.0|16502.0|0.0|5847.0|1
28287|150000.0|2|3|2|28|-1|0|0|0|0|0|35199.0|36206.0|36343.0|45180.0|45694.0|45694.0|1588.0|1971.0|20000.0|914.0|0.0|1746.0|0
3894|250000.0|2|1|1|27|0|0|0|0|0|0|85238.0|87797.0|75436.0|58695.0|41211.0|34987.0|20004.0|2893.0|2201.0|1215.0|10040.0|10041.0|0
2557|260000.0|2|1|2|36|-1|-1|-1|0|0|0|5160.0|0.0|15362.0|21068.0|27669.0|32202.0|0.0|15362.0|10000.0|7000.0|5000.0|5000.0|0
25244|30000.0|1|2|1|22|1|2|5|4|3|2|25147.0|28747.0|28029.0|27120.0|26154.0|25940.0|4311.0|0.0|0.0|0.0|0.0|0.0|1
29123|140000.0|1|2|1|36|1|-1|0|0|0|0|119279.0|6771.0|13380.0|18415.0|20135.0|27390.0|10000.0|10000.0|8000.0|5000.0|22000.0|42000.0|0
1925|50000.0|2|3|1|44|0|0|2|0|0|0|13881.0|11494.0|5847.0|4871.0|3007.0|2136.0|3483.0|0.0|1000.0|0.0|993.0|0.0|0
8470|240000.0|2|1|2|30|-1|-1|-1|-1|-1|-1|1749.0|1087.0|3503.0|1003.0|1003.0|1003.0|1099.0|6430.0|1003.0|1003.0|1003.0|203.0|0
9271|50000.0|2|2|2|29|2|2|2|2|2|2|30715.0|29923.0|32700.0|28768.0|29639.0|28629.0|0.0|3304.0|4.0|2230.0|0.0|2009.0|1
20446|130000.0|2|2|2|42|0|0|0|0|0|0|42946.0|43969.0|44975.0|45723.0|46515.0|47450.0|1676.0|1682.0|1430.0|1318.0|1331.0|1525.0|0
24821|180000.0|2|1|1|28|0|0|0|0|0|0|176793.0|173034.0|171772.0|172344.0|134321.0|131191.0|8000.0|8206.0|6500.0|5000.0|5000.0|5000.0|0
2334|50000.0|1|2|2|29|0|0|0|0|0|0|44177.0|44820.0|46022.0|46903.0|47837.0|48383.0|2070.0|3000.0|2000.0|2000.0|2000.0|2000.0|0
2328|270000.0|2|2|2|25|0|0|0|0|0|0|162905.0|156151.0|127423.0|126824.0|115961.0|112929.0|5085.0|4795.0|4470.0|3847.0|3943.0|5000.0|0
15114|300000.0|2|1|2|28|-1|-1|-1|-1|0|0|788.0|736.0|736.0|1025.0|27289.0|28142.0|1000.0|736.0|1025.0|27000.0|2000.0|1100.0|0
25547|290000.0|1|1|2|28|-2|-2|-2|-2|-2|-2|346.0|0.0|2765.0|6116.0|10462.0|1052.0|0.0|2765.0|6200.0|10479.0|1052.0|1481.0|1
21863|170000.0|1|3|1|61|0|0|0|0|0|0|167535.0|166521.0|168824.0|164597.0|94094.0|92177.0|6000.0|7000.0|5000.0|4000.0|3500.0|3600.0|0
27205|50000.0|2|3|1|48|0|0|0|0|0|0|41842.0|42422.0|43050.0|43650.0|45217.0|46044.0|1984.0|2019.0|2026.0|3000.0|2000.0|1500.0|1
18145|80000.0|2|2|1|35|1|2|2|2|2|2|30997.0|32043.0|31250.0|34109.0|34802.0|34108.0|1852.0|0.0|3711.0|1550.0|0.0|1400.0|1
25603|200000.0|2|2|2|35|0|0|0|0|0|0|72450.0|52795.0|41861.0|34531.0|1794.0|-345.0|5556.0|1000.0|2000.0|1000.0|0.0|0.0|0
14573|80000.0|1|1|2|29|0|0|0|0|0|0|73722.0|75323.0|64277.0|45455.0|42231.0|42804.0|3300.0|2500.0|1556.0|1600.0|1600.0|1600.0|0
5913|80000.0|2|2|1|45|0|0|0|0|0|0|81841.0|74516.0|69485.0|30396.0|30595.0|29033.0|4100.0|2507.0|2140.0|2000.0|1500.0|1000.0|0
25550|80000.0|2|2|2|22|2|2|0|0|0|0|53023.0|76708.0|39701.0|41021.0|41525.0|42394.0|0.0|3320.0|1980.0|1484.0|1536.0|1548.0|1
5000|300000.0|2|1|2|32|0|0|0|0|0|0|169223.0|179223.0|199223.0|202486.0|200935.0|-6.0|10000.0|20000.0|11022.0|4935.0|6.0|2844.0|0
21031|150000.0|2|1|2|32|2|2|2|0|0|2|120800.0|123379.0|122881.0|123954.0|131543.0|134319.0|6000.0|3000.0|4600.0|9800.0|5100.0|5000.0|1
25855|40000.0|2|3|1|36|0|0|2|0|0|2|15861.0|18580.0|17994.0|20671.0|22328.0|21830.0|3000.0|0.0|3000.0|2000.0|0.0|2000.0|0
152|50000.0|2|2|1|39|0|0|0|0|0|0|43724.0|45017.0|46106.0|28381.0|29546.0|29573.0|2000.0|2000.0|2000.0|2000.0|1000.0|1000.0|0
11033|130000.0|1|2|1|44|0|0|0|-1|-1|-2|139892.0|131365.0|9910.0|12909.0|0.0|0.0|6179.0|1969.0|131000.0|0.0|0.0|1700.0|1
1589|150000.0|1|3|2|32|0|0|0|0|0|0|150201.0|125858.0|105266.0|51456.0|35288.0|29818.0|5039.0|4030.0|1500.0|706.0|1000.0|0.0|0
403|290000.0|1|2|2|42|0|0|0|0|0|0|76063.0|72418.0|65814.0|60861.0|60901.0|53023.0|4434.0|3814.0|2861.0|1901.0|2023.0|3719.0|0
1899|150000.0|1|3|2|44|0|0|0|0|0|0|65903.0|35916.0|34409.0|93241.0|67549.0|62479.0|5011.0|3045.0|70092.0|2521.0|3000.0|3000.0|0
19000|30000.0|2|3|2|51|-1|-1|-1|-1|-1|-2|770.0|-10.0|390.0|3797.0|0.0|0.0|0.0|400.0|3797.0|0.0|0.0|0.0|0
9630|80000.0|2|2|1|47|0|0|0|0|0|0|2795.0|3807.0|4595.0|5172.0|5278.0|3206.0|1067.0|1121.0|1000.0|106.0|64.0|1000.0|0
23992|400000.0|2|2|1|30|0|0|0|0|0|0|68835.0|60549.0|63047.0|65508.0|66954.0|68411.0|2600.0|3000.0|3000.0|2000.0|2002.0|3020.0|0
6812|330000.0|2|1|1|47|1|-2|-2|-2|-2|-1|2246.0|13990.0|20992.0|681.0|0.0|5180.0|13990.0|21060.0|681.0|0.0|5180.0|3820.0|0
7425|230000.0|2|1|1|51|-2|-2|-2|-2|-2|-1|0.0|0.0|0.0|0.0|0.0|496.0|0.0|0.0|0.0|0.0|496.0|496.0|1
6048|100000.0|2|3|1|41|1|2|2|2|0|0|102250.0|97551.0|101882.0|98311.0|97546.0|101281.0|0.0|8900.0|0.0|3500.0|7570.0|0.0|1
13377|210000.0|2|2|2|32|0|0|0|0|0|0|44304.0|46255.0|50486.0|54019.0|58091.0|61630.0|3000.0|5000.0|5000.0|5000.0|4500.0|5000.0|0
24330|320000.0|1|1|2|33|-2|-2|-2|-2|-2|-2|3903.0|3609.0|4615.0|5256.0|22760.0|700.0|3609.0|4615.0|5256.0|22760.0|700.0|1992.0|0
20620|500000.0|1|1|2|30|0|0|0|0|0|0|416171.0|437749.0|460317.0|472621.0|484993.0|496915.0|30000.0|30000.0|20000.0|20000.0|20000.0|70152.0|0
18916|60000.0|2|2|3|28|0|0|0|0|0|0|34580.0|15924.0|18124.0|28644.0|18656.0|15952.0|1300.0|2500.0|1000.0|1688.0|1000.0|1000.0|0
10289|390000.0|2|1|1|38|0|0|0|0|0|0|164418.0|167501.0|134282.0|128701.0|131529.0|135242.0|9000.0|7027.0|5000.0|5000.0|6000.0|5000.0|0
26506|50000.0|2|2|1|40|0|0|2|0|0|0|6732.0|9052.0|8763.0|9924.0|9967.0|10176.0|2441.0|0.0|1313.0|356.0|369.0|508.0|0
24701|50000.0|2|3|1|53|1|-2|-2|-2|-2|-2|0.0|0.0|0.0|0.0|0.0|0.0|0.0|0.0|0.0|0.0|0.0|0.0|1
29668|240000.0|2|1|2|33|-2|-2|-2|-2|-2|-2|5000.0|0.0|5000.0|0.0|254.0|9366.0|0.0|5000.0|0.0|254.0|9366.0|1150.0|0
4849|10000.0|1|3|1|54|4|3|2|2|2|2|7936.0|7662.0|8386.0|9069.0|9966.0|8410.0|0.0|1000.0|1000.0|1000.0|0.0|2000.0|1
2491|150000.0|1|1|2|52|0|0|0|0|0|0|227634.0|356216.0|247706.0|239805.0|242653.0|39496.0|18000.0|12370.0|6552.0|6936.0|395.0|0.0|0
7937|430000.0|2|2|1|36|1|-2|-2|-2|-2|-2|1821.0|2324.0|2250.0|3004.0|1074.0|1623.0|2324.0|2250.0|3004.0|1074.0|1623.0|2493.0|0
10288|470000.0|2|2|2|32|0|0|0|0|0|0|147113.0|133486.0|125159.0|120869.0|60507.0|53100.0|5000.0|4500.0|2505.0|50000.0|3000.0|3000.0|0
21399|380000.0|2|1|1|42|-1|-1|-1|-1|-2|-2|7079.0|10387.0|2956.0|316.0|316.0|312.0|10437.0|2982.0|316.0|316.0|312.0|1323.0|0
25639|360000.0|1|3|2|41|2|-1|0|0|0|0|218.0|7022.0|9744.0|89215.0|98256.0|99145.0|7022.0|3001.0|80000.0|10500.0|5000.0|10000.0|0
6602|500000.0|1|1|1|46|0|0|0|0|0|-1|53049.0|66623.0|70194.0|68618.0|67300.0|1825.0|16018.0|10000.0|4.0|333.0|1831.0|597.0|0
23664|120000.0|2|2|1|40|0|0|0|0|0|0|22462.0|15692.0|19312.0|13262.0|16923.0|16903.0|5000.0|10000.0|5000.0|7000.0|5000.0|10000.0|0
29067|110000.0|1|2|2|26|2|2|2|2|2|2|58112.0|56620.0|60732.0|61938.0|63097.0|64492.0|0.0|5700.0|2800.0|2300.0|2600.0|2300.0|1
770|50000.0|2|2|1|45|0|0|0|0|0|0|35116.0|26171.0|25088.0|21090.0|21749.0|22386.0|1441.0|1500.0|756.0|1000.0|1000.0|829.0|1
959|320000.0|1|2|1|46|0|0|0|0|0|0|345408.0|340055.0|332945.0|327229.0|320032.0|290003.0|15004.0|13004.0|13004.0|11120.0|11004.0|11010.0|0
15341|210000.0|1|2|2|26|0|0|0|0|0|0|206714.0|197252.0|140440.0|122678.0|120215.0|112973.0|7868.0|5000.0|5004.0|4500.0|3950.0|3800.0|0
29802|50000.0|1|1|2|30|0|0|0|0|0|2|43935.0|47744.0|40339.0|44377.0|48723.0|49841.0|5000.0|2000.0|5000.0|5000.0|2010.0|9.0|0
4983|500000.0|1|1|2|29|-1|-1|-1|-1|0|-1|20641.0|25986.0|23721.0|20799.0|34132.0|56917.0|26111.0|24112.0|20886.0|28032.0|57196.0|49720.0|0
26885|50000.0|1|2|2|33|0|0|0|0|0|0|45853.0|44206.0|34713.0|19474.0|19508.0|19837.0|5435.0|2109.0|1576.0|1000.0|2000.0|1000.0|0
23159|60000.0|2|2|1|42|0|0|0|0|0|0|58899.0|55834.0|55993.0|56675.0|57550.0|57545.0|2579.0|2047.0|2024.0|2180.0|2321.0|2500.0|0
15505|30000.0|2|2|2|22|0|-1|-1|0|0|-1|3077.0|390.0|1946.0|2503.0|0.0|780.0|390.0|1946.0|1000.0|0.0|780.0|1160.0|0
28421|500000.0|2|2|2|32|0|0|0|0|2|0|33763.0|43081.0|44277.0|46605.0|35766.0|26175.0|10000.0|2200.0|3500.0|0.0|1100.0|800.0|0
9423|130000.0|1|2|1|43|-2|-2|-2|-1|0|0|0.0|0.0|0.0|96963.0|99004.0|101833.0|0.0|0.0|96963.0|3554.0|4435.0|3304.0|0
4340|190000.0|1|2|1|49|-1|-1|-1|-1|-1|0|435.0|435.0|635.0|2084.0|161110.0|149941.0|435.0|635.0|2084.0|161110.0|5800.0|4138.0|0
22277|20000.0|1|2|2|24|0|0|2|3|2|2|14068.0|16706.0|18342.0|17755.0|17967.0|17538.0|3200.0|2200.0|0.0|800.0|0.0|1401.0|0
26471|500000.0|2|1|2|51|-1|-1|-1|-1|-1|-1|187.0|369.0|535.0|-13.0|20807.0|20897.0|370.0|537.0|0.0|20911.0|21001.0|88.0|0
27784|210000.0|2|1|1|40|0|0|0|0|0|0|206803.0|207471.0|152365.0|146625.0|146163.0|146180.0|7876.0|5400.0|6000.0|6000.0|6000.0|10000.0|0
25375|80000.0|2|1|2|25|-1|-1|2|-1|0|-1|390.0|5640.0|390.0|780.0|390.0|390.0|5250.0|0.0|780.0|0.0|390.0|390.0|0
23669|390000.0|2|1|2|41|-2|-2|-2|-2|-2|-2|-13.0|-13.0|-13.0|-13.0|-13.0|-13.0|0.0|0.0|0.0|0.0|0.0|13.0|1
17327|80000.0|2|2|1|31|0|0|-1|0|-1|-1|3601.0|-876.0|6440.0|2802.0|1290.0|4547.0|9.0|9242.0|0.0|1290.0|4547.0|1850.0|1
5031|50000.0|1|2|2|54|0|0|0|0|-2|-1|72374.0|81665.0|67450.0|0.0|0.0|16271.0|15000.0|2650.0|0.0|0.0|16271.0|2000.0|0
19851|50000.0|1|2|2|29|0|0|-2|-2|-2|-2|30900.0|0.0|0.0|0.0|0.0|0.0|0.0|0.0|0.0|1500.0|0.0|0.0|0
12134|20000.0|2|1|2|29|-1|-1|-1|-1|-1|-1|342.0|792.0|677.0|-1.0|213.0|856.0|792.0|677.0|0.0|214.0|856.0|0.0|0
19787|30000.0|2|3|1|39|0|0|0|0|-1|0|14517.0|3670.0|3280.0|2890.0|15839.0|13680.0|2500.0|2500.0|2500.0|15839.0|666.0|0.0|1
26346|120000.0|1|1|2|34|1|-1|-1|-2|-1|2|-325.0|279.0|-117.0|-513.0|1091.0|545.0|1000.0|0.0|0.0|2000.0|0.0|550.0|0
6417|70000.0|2|1|2|24|-1|0|0|0|0|0|28059.0|17712.0|18642.0|20011.0|19147.0|19056.0|2000.0|3000.0|3000.0|2000.0|2000.0|3668.0|0
5193|200000.0|2|3|1|35|0|0|0|0|0|0|188096.0|171535.0|167877.0|128550.0|131511.0|127781.0|8000.0|6700.0|5000.0|5100.0|4700.0|4800.0|1
14326|30000.0|2|2|1|25|2|2|2|2|2|2|23888.0|26966.0|27640.0|26897.0|27949.0|29645.0|3800.0|1400.0|0.0|1500.0|2300.0|1114.0|1
6844|120000.0|1|2|2|30|0|0|0|0|0|0|53456.0|53862.0|39505.0|45373.0|46641.0|47569.0|2058.0|1672.0|10000.0|2000.0|1704.0|1920.0|0
9698|200000.0|1|2|2|39|0|0|0|0|0|0|15138.0|16396.0|6989.0|6619.0|7362.0|7252.0|1513.0|1106.0|335.0|845.0|1513.0|413.0|0
27680|450000.0|1|2|1|29|0|0|0|0|0|0|179547.0|157945.0|118192.0|82644.0|17720.0|7068.0|8101.0|12029.0|35524.0|38.0|2015.0|7522.0|0
28242|60000.0|2|2|2|25|0|0|0|0|0|0|50791.0|49748.0|49735.0|36840.0|30119.0|32446.0|1832.0|2500.0|2000.0|3000.0|3000.0|1200.0|0
23093|20000.0|2|3|2|35|0|0|0|2|0|0|10704.0|11352.0|13297.0|12418.0|12581.0|12305.0|1517.0|2852.0|0.0|500.0|700.0|500.0|0
1610|110000.0|2|4|1|37|0|0|0|0|0|0|70204.0|69876.0|69584.0|59666.0|60916.0|61423.0|2745.0|2800.0|2200.0|2200.0|2207.0|3003.0|0
17604|170000.0|1|2|2|27|0|0|0|0|0|0|21958.0|22572.0|14549.0|10849.0|12509.0|64218.0|1300.0|2000.0|1000.0|2000.0|52292.0|2200.0|0
24332|130000.0|2|2|2|22|1|-2|-1|2|2|-2|0.0|0.0|1485.0|299.0|0.0|0.0|0.0|1485.0|0.0|0.0|0.0|0.0|0
12003|280000.0|2|2|2|29|-1|-1|-1|-1|0|0|7545.0|2549.0|3266.0|10501.0|10131.0|8471.0|2709.0|3284.0|11001.0|8.0|6.0|666.0|0
8328|350000.0|1|1|2|33|0|0|0|0|0|0|53562.0|49396.0|42968.0|38575.0|34226.0|31026.0|2045.0|1660.0|1338.0|1300.0|2000.0|865.0|0
26643|30000.0|2|2|1|39|-1|-1|-1|-1|-1|-1|223.0|223.0|223.0|223.0|223.0|675.0|223.0|223.0|223.0|223.0|675.0|10473.0|1
15066|30000.0|2|2|2|46|1|-1|0|0|0|0|8891.0|24501.0|24886.0|25014.0|29356.0|25515.0|28001.0|1245.0|763.0|5000.0|1164.0|9114.0|0
12707|200000.0|1|3|1|43|0|0|0|0|0|0|146206.0|150404.0|154977.0|157166.0|160870.0|164101.0|5404.0|5854.0|5000.0|5000.0|4600.0|5000.0|0
10119|80000.0|2|3|1|37|0|0|0|0|0|2|24941.0|25945.0|27297.0|27969.0|29857.0|28872.0|1423.0|1775.0|1447.0|2335.0|0.0|1050.0|0
5007|400000.0|1|2|2|29|0|0|0|0|0|0|237425.0|242225.0|246475.0|252429.0|257510.0|262931.0|8600.0|8000.0|9000.0|8200.0|8500.0|8500.0|1
2376|360000.0|1|6|1|66|-1|-1|-1|-1|-1|-1|47615.0|74976.0|4040.0|151858.0|48580.0|1451.0|75351.0|4064.0|152618.0|48822.0|1451.0|171944.0|0
18298|30000.0|2|1|2|23|-1|-1|-1|-1|-1|0|23225.0|29801.0|10008.0|9336.0|24339.0|16710.0|30043.0|10024.0|9340.0|24363.0|5714.0|4.0|0
27863|140000.0|2|2|1|31|1|-2|-1|-1|-2|-2|-53.0|-53.0|1117.0|0.0|0.0|0.0|0.0|1170.0|0.0|0.0|0.0|278.0|0
24415|240000.0|2|2|1|32|0|0|0|0|0|0|53286.0|16920.0|12869.0|14497.0|12262.0|8331.0|8000.0|1500.0|5000.0|1000.0|3000.0|2666.0|0
18225|200000.0|1|3|2|32|-1|-1|0|-1|0|-1|4881.0|6685.0|34484.0|13361.0|5540.0|12495.0|6691.0|30088.0|13378.0|127.0|12502.0|109.0|0
17122|110000.0|2|2|1|39|0|0|0|0|0|0|102801.0|104907.0|108107.0|96213.0|68003.0|52684.0|3818.0|4955.0|3446.0|3000.0|3000.0|4000.0|0
18131|290000.0|2|1|2|31|-1|-1|-1|-1|-1|0|632.0|0.0|480.0|-150.0|66675.0|68071.0|0.0|480.0|4.0|69001.0|2500.0|3000.0|0
6435|90000.0|2|2|1|49|0|0|0|0|0|0|91263.0|70251.0|45385.0|46331.0|47494.0|48433.0|3100.0|1800.0|1700.0|2000.0|1746.0|1941.0|0
6606|200000.0|2|1|2|28|0|0|0|0|0|0|105051.0|99648.0|144932.0|134530.0|129395.0|124561.0|32000.0|60000.0|6305.0|4300.0|4500.0|4500.0|0
14777|210000.0|2|2|1|40|-2|-2|-1|-1|-2|-2|2245.0|1789.0|4292.0|2388.0|4090.0|2375.0|1794.0|4326.0|2395.0|4102.0|2382.0|2614.0|0
19801|180000.0|1|2|1|44|-1|-1|-1|-1|-1|-1|1110.0|1110.0|1110.0|1110.0|1110.0|1110.0|1110.0|1110.0|1110.0|1110.0|1110.0|1110.0|0
8839|150000.0|2|1|2|31|-1|-1|-1|0|0|0|18395.0|-2390.0|10042.0|129691.0|88173.0|63034.0|312.0|20132.0|129665.0|127.0|315.0|0.0|0
5648|50000.0|2|2|2|24|2|0|0|0|0|0|23497.0|24197.0|25226.0|26238.0|26760.0|27318.0|1395.0|1424.0|1436.0|958.0|989.0|1128.0|0
28926|30000.0|2|2|1|41|3|2|2|-1|-1|-1|1660.0|856.0|428.0|428.0|13749.0|659.0|428.0|0.0|428.0|13749.0|659.0|5548.0|0
27939|350000.0|1|1|2|52|-1|-1|-1|-1|-1|-1|713.0|2272.0|722.0|867.0|1150.0|5263.0|2272.0|722.0|867.0|1150.0|5263.0|5011.0|0
9841|360000.0|2|1|1|42|0|0|0|0|0|0|179851.0|186961.0|201703.0|189455.0|194373.0|207022.0|10005.0|20117.0|15018.0|10027.0|20057.0|17000.0|0
13787|50000.0|2|2|1|37|1|2|0|0|0|0|51377.0|50253.0|50047.0|43142.0|10677.0|10105.0|0.0|2424.0|2355.0|363.0|361.0|393.0|0
11240|70000.0|1|2|1|26|1|2|0|0|0|0|8587.0|9386.0|9456.0|9528.0|7481.0|7794.0|1100.0|1178.0|1250.0|300.0|400.0|250.0|0
6815|360000.0|1|1|1|46|-1|-1|-1|-1|0|0|2171.0|1063.0|91502.0|100125.0|84773.0|76951.0|1068.0|91679.0|45086.0|2223.0|2091.0|9890.0|0
26720|100000.0|2|2|1|29|1|4|3|2|2|2|85264.0|83376.0|81445.0|82710.0|84242.0|82730.0|0.0|0.0|3200.0|3000.0|0.0|3300.0|0
15267|50000.0|1|3|1|72|2|0|0|0|2|2|35417.0|36453.0|37166.0|39710.0|40519.0|41324.0|1908.0|1621.0|3165.0|1600.0|1620.0|0.0|1
5136|220000.0|1|1|2|28|0|0|0|0|0|0|22399.0|24203.0|24081.0|25356.0|20952.0|18340.0|3000.0|2000.0|2000.0|1000.0|1200.0|900.0|0
10894|170000.0|2|2|2|26|0|0|0|0|0|0|141476.0|143850.0|134502.0|122186.0|122506.0|117121.0|5113.0|4514.0|4376.0|4432.0|4142.0|3455.0|0
14481|150000.0|2|3|2|52|0|0|0|0|0|0|139733.0|138723.0|132441.0|94493.0|84936.0|77988.0|7000.0|6000.0|5000.0|5000.0|5000.0|5000.0|0
23103|200000.0|1|1|2|27|-1|0|-1|-1|-1|-1|9747.0|17230.0|198.0|875.0|1977.0|2052.0|10051.0|198.0|877.0|1982.0|2058.0|2939.0|0
3773|170000.0|2|3|2|46|-1|-1|-1|-1|-1|-1|1986.0|1050.0|170.0|2785.0|3128.0|505.0|1050.0|170.0|2785.0|3128.0|505.0|190.0|0
5764|180000.0|2|3|2|40|-2|-2|-2|-2|-2|-2|0.0|0.0|0.0|0.0|0.0|0.0|0.0|0.0|0.0|0.0|0.0|0.0|1
11800|280000.0|2|3|1|33|0|0|2|2|2|2|75953.0|84005.0|86472.0|87457.0|88281.0|86749.0|9348.0|4700.0|3300.0|3150.0|0.0|3328.0|1
19768|30000.0|1|2|2|25|0|0|0|0|0|0|19955.0|20348.0|18339.0|18794.0|23530.0|23531.0|1338.0|1500.0|1000.0|5000.0|2000.0|24.0|0
735|300000.0|2|2|2|43|0|0|0|0|0|2|36062.0|37055.0|38354.0|39634.0|21597.0|481.0|1897.0|2196.0|2476.0|3439.0|0.0|1248.0|0
8630|200000.0|2|3|1|46|-1|-1|-1|-1|-2|-2|1207.0|5590.0|2500.0|0.0|0.0|0.0|5590.0|2500.0|0.0|0.0|0.0|0.0|1
26613|50000.0|2|2|1|31|0|0|0|0|0|0|52754.0|50393.0|25953.0|27350.0|19931.0|16845.0|3000.0|5000.0|3000.0|3002.0|3007.0|7000.0|0
3386|50000.0|2|1|2|29|1|-2|-2|-2|-2|-1|0.0|0.0|0.0|0.0|0.0|429.0|0.0|0.0|0.0|0.0|429.0|250.0|0
25869|390000.0|1|1|1|46|-1|-1|-1|-1|-1|-1|6346.0|94921.0|53796.0|6009.0|9096.0|3267.0|94921.0|53796.0|6009.0|9096.0|3267.0|2901.0|0
9155|50000.0|1|1|1|49|1|2|0|0|0|0|27231.0|26500.0|27533.0|28569.0|28901.0|31095.0|0.0|1764.0|3400.0|1100.0|2660.0|0.0|1
27504|30000.0|1|1|2|56|2|0|0|0|0|0|27033.0|27772.0|28740.0|29313.0|29019.0|28916.0|1480.0|1448.0|1021.0|1040.0|1216.0|1270.0|0
12912|60000.0|2|2|2|35|0|0|-1|-1|0|0|21770.0|11506.0|1024.0|16453.0|4131.0|4006.0|1400.0|1024.0|16469.0|131.0|322.0|40000.0|0
13358|80000.0|2|1|2|23|0|0|0|0|0|0|25084.0|20685.0|30688.0|23674.0|23636.0|22426.0|1500.0|12000.0|2000.0|1000.0|1000.0|1100.0|0
6936|70000.0|1|2|2|41|2|2|2|3|3|2|34751.0|37683.0|40265.0|42306.0|41352.0|44342.0|3500.0|3500.0|3000.0|0.0|4000.0|2000.0|1
4329|200000.0|2|1|1|37|1|-2|-2|-2|-2|-2|0.0|0.0|0.0|0.0|0.0|0.0|0.0|0.0|0.0|0.0|0.0|0.0|1
15811|50000.0|2|3|2|28|0|0|0|0|0|0|51422.0|50525.0|49691.0|49308.0|30284.0|30554.0|2100.0|2500.0|28400.0|1100.0|2000.0|1500.0|1
17409|240000.0|1|2|1|44|0|-1|-1|-2|-1|0|8421.0|14201.0|-28.0|-401.0|5109.0|7001.0|14230.0|0.0|0.0|7000.0|2000.0|3919.0|0
19542|10000.0|1|2|1|37|1|-2|-1|3|2|0|-265.0|-265.0|5235.0|5007.0|4779.0|7680.0|0.0|5500.0|0.0|0.0|3000.0|2000.0|1
9652|300000.0|1|2|1|51|1|2|0|0|0|2|198235.0|193548.0|198422.0|204116.0|214691.0|218101.0|0.0|8000.0|9000.0|15500.0|7000.0|10000.0|0
15982|160000.0|1|3|1|62|0|0|0|0|0|-2|37615.0|38707.0|40460.0|41149.0|-1.0|-1.0|1700.0|2400.0|2000.0|0.0|0.0|0.0|0
420|80000.0|2|2|2|25|0|0|0|0|0|0|81003.0|85894.0|87061.0|89008.0|93523.0|80288.0|8213.0|3491.0|3508.0|19523.0|3288.0|1570.0|1
6252|200000.0|2|1|1|42|0|0|0|0|0|0|23242.0|24575.0|25284.0|25938.0|26478.0|26889.0|1711.0|1420.0|1074.0|1107.0|1000.0|1000.0|0
18620|180000.0|2|2|1|34|0|0|0|0|0|0|143301.0|146333.0|147042.0|127814.0|130331.0|132845.0|7000.0|5000.0|5000.0|4900.0|5000.0|5100.0|0
29950|90000.0|2|2|1|36|-1|-1|-1|-1|-1|-1|685.0|0.0|490.0|850.0|1000.0|1360.0|0.0|490.0|850.0|1000.0|1360.0|0.0|1
10737|360000.0|2|1|2|30|-1|-1|0|0|-1|-1|23725.0|45913.0|80945.0|54064.0|52342.0|33074.0|61137.0|79800.0|42015.0|53710.0|33074.0|119504.0|0
26135|410000.0|1|2|1|45|0|0|0|0|0|0|278405.0|285415.0|279484.0|274639.0|281158.0|288051.0|13000.0|10515.0|9884.0|11000.0|11425.0|11700.0|0
7211|50000.0|2|2|1|42|0|0|0|0|0|0|11618.0|12641.0|13953.0|13924.0|14399.0|14610.0|1216.0|1528.0|499.0|700.0|600.0|541.0|0
25116|200000.0|2|1|1|35|-1|-1|-1|-1|-1|-1|82831.0|15081.0|32105.0|4476.0|6491.0|1262.0|15089.0|32130.0|4476.0|6619.0|1262.0|1974.0|0
26337|50000.0|1|2|2|26|0|0|0|0|0|2|40959.0|41996.0|43296.0|44187.0|49132.0|48191.0|2000.0|2000.0|1608.0|5684.0|0.0|2000.0|0
22775|200000.0|2|3|1|50|0|0|0|0|0|0|141886.0|141771.0|141129.0|134295.0|135962.0|112870.0|7000.0|8000.0|4100.0|4200.0|4300.0|4500.0|0
24290|150000.0|2|2|2|22|0|0|0|-1|0|0|7600.0|8749.0|10652.0|32330.0|15681.0|6173.0|1300.0|3652.0|33866.0|410.0|200.0|776.0|0
28763|460000.0|2|2|2|33|-1|-1|-1|-1|-2|-1|877.0|0.0|3352.0|0.0|0.0|44849.0|0.0|3352.0|0.0|0.0|44849.0|0.0|0
3612|200000.0|1|1|2|47|-1|-1|-1|-1|-1|-1|696.0|696.0|696.0|696.0|846.0|696.0|696.0|696.0|696.0|846.0|696.0|696.0|0
14869|210000.0|2|1|2|26|1|2|2|0|0|0|120098.0|121222.0|117783.0|120126.0|122643.0|125123.0|4500.0|0.0|4302.0|4455.0|4523.0|4516.0|0
12141|200000.0|2|1|2|27|0|0|0|0|0|0|8666.0|9737.0|16013.0|28720.0|23607.0|24135.0|1224.0|6500.0|15000.0|3607.0|684.0|5000.0|0
14970|180000.0|2|2|2|23|0|0|0|0|0|2|178239.0|178856.0|177754.0|178191.0|183051.0|179546.0|7969.0|6379.0|6319.0|10671.0|3000.0|5400.0|1
8812|20000.0|2|1|2|24|0|0|2|0|0|0|3634.0|6568.0|7307.0|8027.0|8892.0|9739.0|3000.0|1000.0|1000.0|1000.0|1000.0|1000.0|0
18556|20000.0|1|3|1|38|0|0|0|0|0|0|17224.0|16533.0|17557.0|18666.0|19037.0|19434.0|1267.0|1291.0|1400.0|681.0|703.0|600.0|0
1224|130000.0|1|2|2|25|0|0|0|0|0|0|39074.0|39767.0|38680.0|5654.0|1938.0|522.0|1766.0|1521.0|3100.0|0.0|10.0|0.0|0
9176|160000.0|1|3|2|28|2|2|2|2|2|0|152626.0|156752.0|152858.0|161801.0|114389.0|89684.0|8100.0|0.0|14025.0|0.0|5300.0|500.0|1
26359|230000.0|2|2|2|53|0|0|0|0|0|0|9358.0|13482.0|17874.0|26743.0|26431.0|35153.0|5000.0|5000.0|10000.0|5000.0|10018.0|6850.0|0
18481|190000.0|2|2|2|40|-1|-1|-1|-2|-2|-2|18255.0|18779.0|0.0|0.0|0.0|0.0|19241.0|0.0|0.0|0.0|0.0|0.0|0
983|430000.0|1|2|2|30|-1|-1|2|0|0|0|28966.0|29957.0|29199.0|30267.0|49268.0|48241.0|5011.0|0.0|2000.0|20000.0|15000.0|5000.0|1
23509|280000.0|2|2|2|38|0|0|0|0|0|0|94451.0|96041.0|98301.0|74624.0|75173.0|77419.0|4000.0|4033.0|3000.0|3300.0|3500.0|6259.0|0
9972|100000.0|2|2|1|41|-1|-1|-1|-1|-1|0|621.0|0.0|368.0|0.0|1900.0|1900.0|0.0|368.0|0.0|1900.0|0.0|1145.0|0
7555|100000.0|1|2|2|36|8|7|6|5|4|3|110072.0|108478.0|105931.0|104554.0|102360.0|100413.0|0.0|0.0|1170.0|0.0|0.0|0.0|0
4016|30000.0|1|2|1|34|2|0|0|0|0|2|27358.0|25652.0|26723.0|27104.0|28616.0|29102.0|1750.0|1800.0|1118.0|2100.0|1100.0|0.0|0
25965|310000.0|2|2|1|38|0|0|0|0|0|0|302623.0|310142.0|308006.0|239008.0|245493.0|250797.0|12000.0|12000.0|8500.0|10000.0|9000.0|8500.0|0
584|380000.0|1|2|2|34|-1|2|-1|-1|0|-1|4384.0|3852.0|2300.0|632.0|316.0|316.0|0.0|2300.0|632.0|0.0|316.0|316.0|0
25480|120000.0|2|2|2|26|0|0|0|0|0|0|34183.0|22431.0|12399.0|4199.0|3059.0|674.0|1700.0|1500.0|1000.0|682.0|0.0|0.0|0
361|340000.0|2|3|1|36|-1|2|2|-1|-1|2|2566.0|1689.0|-11.0|35947.0|83360.0|82516.0|8.0|0.0|35958.0|50000.0|0.0|10000.0|0
23184|110000.0|2|1|1|55|-1|2|2|-1|0|-1|632.0|316.0|0.0|632.0|316.0|632.0|0.0|0.0|948.0|0.0|632.0|0.0|0
25614|150000.0|2|1|2|37|1|-2|-1|0|0|0|0.0|0.0|584.0|596.0|596.0|0.0|0.0|584.0|12.0|0.0|0.0|0.0|0
9032|80000.0|1|4|2|30|0|0|0|-2|-2|-2|59292.0|13943.0|0.0|0.0|0.0|0.0|5009.0|0.0|0.0|0.0|0.0|0.0|0
11729|50000.0|1|2|1|43|0|0|0|0|0|0|50562.0|55032.0|50688.0|49739.0|18888.0|19290.0|6500.0|2112.0|1400.0|700.0|700.0|800.0|0
5878|200000.0|2|1|2|31|-2|-2|-2|-2|-2|-2|0.0|950.0|0.0|1782.0|669.0|0.0|950.0|0.0|2422.0|669.0|0.0|0.0|0
28290|170000.0|2|2|2|27|2|0|0|0|0|0|173577.0|171480.0|171794.0|166637.0|169021.0|164531.0|6500.0|7100.0|6100.0|6000.0|5600.0|7700.0|1
9380|70000.0|1|2|1|31|1|2|2|2|2|2|32945.0|32133.0|35089.0|34225.0|36663.0|35921.0|0.0|3500.0|0.0|3000.0|0.0|3000.0|0
9298|150000.0|2|2|2|44|0|0|0|0|0|0|37050.0|39471.0|41515.0|43879.0|44446.0|45394.0|3000.0|2636.0|3000.0|1528.0|1600.0|2000.0|0
19001|50000.0|1|2|2|25|2|2|2|3|2|0|32233.0|31440.0|33489.0|18968.0|15611.0|19304.0|0.0|3041.0|0.0|3.0|5700.0|700.0|0
11850|90000.0|2|1|2|25|0|0|0|0|0|0|14550.0|15205.0|15523.0|15850.0|15849.0|17309.0|2000.0|2000.0|5000.0|2000.0|2000.0|5000.0|0
21143|500000.0|1|1|2|38|0|-1|-1|0|0|0|130700.0|15785.0|154653.0|450497.0|425957.0|298509.0|15785.0|154653.0|338394.0|16000.0|500.0|19999.0|0
4336|360000.0|2|2|2|43|-2|-2|-2|-2|-2|-2|0.0|0.0|0.0|0.0|0.0|0.0|0.0|0.0|0.0|0.0|0.0|84216.0|0
23473|30000.0|2|2|1|45|-1|-1|2|2|-2|-2|390.0|780.0|780.0|0.0|0.0|0.0|780.0|0.0|0.0|0.0|0.0|0.0|0
2399|200000.0|2|1|2|34|0|0|0|0|0|0|129554.0|116490.0|119279.0|121782.0|125427.0|140460.0|5600.0|6000.0|4300.0|5500.0|17000.0|5300.0|0
20402|150000.0|2|3|1|53|0|0|0|0|0|0|29076.0|14131.0|15112.0|13652.0|86575.0|82377.0|1200.0|1500.0|3795.0|80000.0|1700.0|0.0|0
669|100000.0|1|2|2|38|2|0|0|0|0|-1|106989.0|98751.0|32099.0|18811.0|9960.0|10000.0|3910.0|1733.0|1000.0|1149.0|10000.0|0.0|1
10941|20000.0|2|2|1|36|1|-2|-2|-2|-2|-2|-25.0|-25.0|-25.0|-25.0|-25.0|-25.0|0.0|0.0|0.0|0.0|0.0|0.0|0
12714|310000.0|2|2|1|44|-1|0|0|0|0|0|67423.0|67729.0|113788.0|106919.0|100656.0|93846.0|10000.0|56000.0|5000.0|4000.0|3300.0|5000.0|0
26704|50000.0|2|3|2|26|0|0|0|0|0|0|9935.0|11029.0|12795.0|9983.0|10884.0|7666.0|1234.0|2000.0|297.0|1000.0|307.0|361.0|0
18103|100000.0|1|2|2|44|0|0|0|-1|-1|0|20439.0|6882.0|2456.0|1537.0|1642.0|110.0|1068.0|1007.0|1741.0|1646.0|100.0|0.0|1
22691|50000.0|1|2|3|37|0|0|0|0|-1|0|49642.0|48381.0|44113.0|8522.0|17948.0|9390.0|2060.0|1014.0|170.0|17948.0|188.0|390.0|0
28717|200000.0|2|1|2|29|-2|-2|-2|-2|-2|-2|2692.0|4399.0|5555.0|5818.0|3686.0|2014.0|4403.0|5573.0|5947.0|3686.0|2041.0|2540.0|0
22272|440000.0|2|2|2|42|1|-2|-2|-1|-1|-1|0.0|0.0|0.0|17297.0|0.0|13497.0|0.0|0.0|17297.0|0.0|13497.0|0.0|0
25943|90000.0|1|2|2|29|0|0|0|0|0|0|85769.0|87877.0|89766.0|63793.0|24265.0|25713.0|3535.0|3703.0|2085.0|1026.0|2000.0|2000.0|0
24246|30000.0|2|2|2|22|0|0|0|0|0|0|30190.0|28985.0|28724.0|29357.0|30188.0|26316.0|1532.0|2169.0|1000.0|1200.0|2000.0|1500.0|1
6505|100000.0|2|1|1|36|2|0|0|0|-2|-2|94796.0|51713.0|25272.0|0.0|0.0|0.0|2624.0|1000.0|0.0|0.0|0.0|0.0|0
312|160000.0|2|2|1|40|-2|-2|-2|-2|-2|-2|390.0|390.0|390.0|390.0|390.0|390.0|390.0|780.0|390.0|390.0|390.0|390.0|1
18134|310000.0|2|1|2|28|-1|-1|2|-1|-1|-1|18877.0|18379.0|10327.0|17252.0|9917.0|33776.0|18417.0|48.0|17337.0|9965.0|33826.0|116.0|0
15966|100000.0|2|2|1|42|2|2|0|0|0|0|101494.0|98994.0|96845.0|97037.0|93480.0|95516.0|13.0|3709.0|4000.0|3500.0|3600.0|3500.0|1
29085|240000.0|1|1|1|60|2|0|0|0|0|0|184427.0|188583.0|191992.0|185383.0|179565.0|92788.0|7001.0|6180.0|6000.0|5951.0|5285.0|192557.0|1
21371|320000.0|2|1|2|32|-2|-2|-2|-2|-2|-2|-1.0|-1.0|-1.0|-1.0|0.0|-400.0|0.0|0.0|0.0|1.0|400.0|6083.0|1
1363|20000.0|2|2|1|42|0|0|2|2|2|2|15379.0|17802.0|19212.0|18608.0|19604.0|19155.0|3000.0|2000.0|0.0|1600.0|0.0|1600.0|1
26540|50000.0|1|2|2|42|0|0|0|0|0|0|49495.0|50586.0|49200.0|49763.0|18373.0|19187.0|3000.0|3000.0|3003.0|5000.0|2000.0|1500.0|0
143|240000.0|2|1|2|45|-2|-2|-2|-2|-2|-2|103344.0|0.0|0.0|0.0|0.0|0.0|0.0|0.0|0.0|0.0|0.0|73826.0|0
539|260000.0|1|2|1|31|-1|2|-1|-1|-1|-1|7559.0|4860.0|1350.0|4645.0|4625.0|12209.0|0.0|1350.0|4645.0|4625.0|12209.0|4365.0|0
24099|60000.0|2|1|2|24|0|0|0|0|0|0|60381.0|39798.0|38344.0|37311.0|37428.0|38187.0|1639.0|1590.0|1500.0|1354.0|1377.0|1514.0|0
11265|430000.0|1|2|1|32|1|-1|-1|-2|-2|-2|0.0|2500.0|0.0|0.0|0.0|0.0|2500.0|0.0|0.0|0.0|0.0|0.0|1
6201|50000.0|1|2|1|46|0|0|0|0|0|0|47929.0|48905.0|49764.0|36535.0|32428.0|15313.0|2078.0|1800.0|1430.0|1000.0|1000.0|1000.0|1
11163|30000.0|1|2|2|38|0|0|2|2|2|2|29770.0|27400.0|28935.0|28934.0|30313.0|30330.0|6000.0|2273.0|780.0|2635.0|1033.0|611.0|0
23500|390000.0|2|2|2|35|0|0|0|0|0|0|42286.0|30038.0|27402.0|28352.0|28066.0|28215.0|2389.0|2414.0|2378.0|892.0|925.0|938.0|0
13412|150000.0|1|2|1|34|0|0|0|0|0|0|132214.0|135140.0|135263.0|137540.0|144786.0|146379.0|4414.0|4700.0|4306.0|10006.0|4822.0|4112.0|0
28120|30000.0|2|2|2|22|0|0|0|0|0|0|27358.0|28612.0|29183.0|28983.0|13100.0|0.0|2000.0|1500.0|0.0|500.0|0.0|0.0|0
3003|30000.0|2|2|1|42|2|2|0|0|0|0|30149.0|28117.0|27761.0|28053.0|28249.0|23580.0|0.0|2000.0|1507.0|3100.0|3100.0|3100.0|1
13605|360000.0|2|3|1|47|0|0|0|0|0|0|366484.0|365469.0|364081.0|365927.0|363629.0|303097.0|14463.0|15861.0|13600.0|12057.0|9340.0|9515.0|0
6532|220000.0|2|2|1|53|2|0|0|0|0|0|220389.0|223682.0|223193.0|215040.0|210884.0|210479.0|8490.0|8100.0|8000.0|7804.0|8254.0|6640.0|1
26756|210000.0|2|1|2|41|-1|0|0|0|0|0|779.0|11040.0|12471.0|13684.0|15356.0|16337.0|11000.0|2200.0|2000.0|2000.0|2000.0|2000.0|0
13271|100000.0|2|1|2|28|0|0|0|0|0|0|102697.0|100462.0|101879.0|100999.0|101188.0|99328.0|4600.0|4000.0|4000.0|4000.0|4000.0|4400.0|0
16357|50000.0|2|2|2|23|0|0|0|0|-1|2|16139.0|17261.0|14354.0|8713.0|1781.0|1615.0|1400.0|1000.0|500.0|1781.0|0.0|0.0|0
13520|320000.0|2|1|2|30|-1|-1|-1|-1|-1|-1|10283.0|2488.0|5187.0|11735.0|2280.0|9404.0|2488.0|5209.0|11735.0|2280.0|9404.0|3660.0|0
25676|30000.0|2|2|2|24|-1|-1|2|0|0|-1|1104.0|1162.0|774.0|386.0|-4.0|16305.0|1164.0|2.0|2.0|0.0|16309.0|0.0|0
28182|240000.0|1|2|1|38|2|2|-1|-1|0|0|7123.0|6848.0|836.0|2508.0|1672.0|836.0|836.0|836.0|2508.0|0.0|0.0|563.0|1
26186|290000.0|2|1|1|45|-2|-2|-2|-2|-2|-2|1092.0|1335.0|1222.0|1513.0|2661.0|2436.0|1335.0|1222.0|1513.0|2661.0|2436.0|37015.0|0
14953|50000.0|2|2|2|22|-1|0|0|0|0|0|8567.0|15273.0|11650.0|7457.0|3115.0|7725.0|15000.0|1000.0|149.0|0.0|5000.0|10000.0|0
333|140000.0|1|2|2|27|0|0|0|0|0|0|24050.0|68059.0|62503.0|61129.0|59089.0|58160.0|50000.0|3000.0|4000.0|5000.0|4000.0|2000.0|0
11134|130000.0|2|3|2|27|0|0|0|0|0|0|29645.0|28193.0|30790.0|21200.0|21810.0|13629.0|2000.0|5000.0|5000.0|1000.0|4000.0|6587.0|0
12160|50000.0|1|2|2|39|0|0|0|0|0|0|47206.0|8464.0|9799.0|10054.0|9736.0|9955.0|1500.0|1500.0|400.0|344.0|371.0|314.0|0
6179|30000.0|2|3|1|46|0|0|0|0|0|0|29003.0|28544.0|27177.0|28630.0|25087.0|25342.0|1500.0|2000.0|2390.0|1000.0|1000.0|2000.0|0
29343|220000.0|2|1|1|42|2|2|2|2|2|2|2500.0|2500.0|2500.0|2500.0|2500.0|2500.0|0.0|0.0|0.0|0.0|0.0|0.0|1
24342|180000.0|1|2|1|26|-1|-1|-1|-1|-1|-1|396.0|396.0|396.0|396.0|396.0|396.0|396.0|396.0|396.0|396.0|396.0|396.0|0
26166|80000.0|2|2|2|24|2|0|0|0|0|0|79243.0|75254.0|58683.0|58886.0|60035.0|57264.0|3249.0|3000.0|5000.0|2500.0|2300.0|2200.0|0
24329|180000.0|2|2|1|38|0|0|0|0|0|0|150345.0|145797.0|147825.0|145482.0|141846.0|132687.0|5300.0|6840.0|6700.0|5100.0|5000.0|4800.0|1
23909|100000.0|2|3|1|50|0|0|0|0|0|0|49032.0|48477.0|46605.0|48795.0|48968.0|49752.0|1736.0|1810.0|3000.0|1734.0|1944.0|2420.0|0
19805|40000.0|1|2|2|24|4|3|2|3|2|2|38344.0|37433.0|38862.0|39125.0|39408.0|40925.0|0.0|2335.0|1200.0|1225.0|2300.0|1396.0|1
1921|500000.0|2|2|1|38|-1|-1|0|0|0|0|250.0|1384.0|6324.0|7353.0|5536.0|8321.0|1384.0|5000.0|1224.0|3003.0|3506.0|3552.0|0
25235|30000.0|2|2|1|37|0|0|0|2|2|2|26168.0|27442.0|30165.0|29383.0|32739.0|33143.0|2000.0|3500.0|0.0|4000.0|1150.0|1000.0|0
13918|360000.0|1|1|2|36|-1|-1|-1|0|0|0|356913.0|208305.0|68214.0|168014.0|16209.0|18918.0|210000.0|170000.0|100000.0|3000.0|3000.0|5000.0|0
5603|30000.0|2|2|2|36|0|-1|-1|0|0|0|2114.0|490.0|30452.0|29667.0|28596.0|29180.0|490.0|33299.0|1400.0|572.0|584.0|400.0|0
2553|80000.0|2|3|1|34|0|0|2|2|2|0|43321.0|47586.0|48525.0|49423.0|46132.0|47233.0|5000.0|2000.0|2000.0|0.0|2000.0|2000.0|1
5491|130000.0|2|5|2|27|0|0|0|0|0|0|106852.0|107599.0|109902.0|112635.0|114472.0|117556.0|4000.0|4030.0|4600.0|4200.0|5000.0|5000.0|0
6012|160000.0|2|3|1|37|0|0|0|0|0|0|17500.0|15933.0|19536.0|7550.0|6977.0|7811.0|10000.0|10000.0|3006.0|3000.0|3000.0|0.0|0
18010|500000.0|1|1|2|29|-1|0|0|0|0|0|15732.0|15760.0|18426.0|19200.0|3817.0|4817.0|3000.0|3000.0|2000.0|1000.0|2000.0|1885.0|0
12248|170000.0|2|2|2|27|0|0|0|0|0|0|164646.0|162671.0|166202.0|161973.0|167201.0|161327.0|7200.0|7500.0|6000.0|10000.0|7000.0|16000.0|0
26655|50000.0|1|1|1|46|0|0|0|0|2|2|13176.0|15945.0|17180.0|18811.0|18380.0|19086.0|3000.0|1500.0|2000.0|0.0|2000.0|0.0|0
17205|110000.0|2|1|1|45|0|0|0|0|0|-1|21842.0|15843.0|10466.0|3537.0|1378.0|316.0|3000.0|2007.0|1000.0|0.0|316.0|825.0|0
28379|80000.0|2|1|2|25|-1|-1|-1|-2|-1|-1|177.0|1200.0|0.0|0.0|7240.0|0.0|1200.0|0.0|0.0|7240.0|0.0|0.0|0
8416|30000.0|2|3|1|37|0|-1|-1|0|0|0|3860.0|780.0|27557.0|28433.0|29477.0|28910.0|780.0|27557.0|2000.0|1500.0|1100.0|1500.0|0
4489|260000.0|2|1|2|31|0|0|0|0|0|0|117271.0|121442.0|121805.0|127594.0|110146.0|112364.0|7000.0|4150.0|8000.0|4000.0|4000.0|5000.0|0
28510|150000.0|2|3|1|52|-1|-1|-1|-1|-1|-1|170.0|905.0|1203.0|2064.0|2847.0|0.0|1125.0|1203.0|2064.0|2847.0|0.0|0.0|0
27355|60000.0|1|2|2|45|0|0|0|0|0|0|59475.0|60423.0|59674.0|29411.0|27730.0|26638.0|2500.0|1509.0|1000.0|1000.0|2000.0|1500.0|0
22919|240000.0|2|2|2|36|-1|-1|-1|-1|-2|-2|3922.0|2947.0|297.0|0.0|0.0|0.0|2947.0|297.0|0.0|0.0|0.0|0.0|1
12421|100000.0|2|1|2|28|0|0|0|0|0|0|29086.0|19091.0|17916.0|12233.0|6741.0|-24.0|1400.0|1506.0|1209.0|0.0|0.0|0.0|0
8214|100000.0|2|1|1|35|0|0|-1|-1|-1|-1|52708.0|15075.0|20035.0|4116.0|-110.0|3512.0|9967.0|20195.0|4228.0|0.0|3622.0|0.0|0
6597|100000.0|1|1|1|31|0|0|0|0|0|0|91176.0|95664.0|99226.0|99838.0|21435.0|0.0|6000.0|6000.0|4000.0|5000.0|0.0|0.0|0
12227|200000.0|2|2|2|33|0|0|0|0|0|0|64932.0|66223.0|68261.0|69133.0|70689.0|72201.0|2365.0|3100.0|2600.0|2700.0|2800.0|2700.0|0
18959|140000.0|2|2|2|31|3|3|2|2|2|2|124716.0|127047.0|128479.0|129869.0|132540.0|135201.0|5800.0|5000.0|5000.0|4900.0|5000.0|5000.0|1
13712|60000.0|2|2|2|24|1|-2|-2|-2|-1|-1|0.0|0.0|0.0|0.0|150.0|560.0|0.0|0.0|0.0|150.0|560.0|1170.0|0
25330|150000.0|2|3|0|55|-1|-1|-1|-1|-1|-1|1080.0|17493.0|9160.0|2939.0|3396.0|1870.0|17498.0|9160.0|2939.0|3396.0|1870.0|6800.0|0
19991|490000.0|2|2|1|31|0|0|0|0|0|0|470579.0|482733.0|492718.0|282450.0|287363.0|272578.0|19469.0|20000.0|12000.0|11000.0|10000.0|10000.0|0
16017|370000.0|2|1|2|28|-1|-1|-1|-1|-1|-1|577.0|27895.0|-4247.0|4347.0|5562.0|0.0|63895.0|0.0|8694.0|5562.0|0.0|3500.0|0
7170|470000.0|2|2|2|43|-2|-2|-2|-2|-2|-2|5631.0|404.0|-3.0|-3.0|352.0|0.0|404.0|0.0|0.0|355.0|0.0|2090.0|0
8048|180000.0|2|3|1|51|1|-1|2|2|0|-1|0.0|31.0|31.0|31.0|1931.0|878.0|31.0|0.0|0.0|1900.0|878.0|0.0|1
5744|310000.0|2|2|1|34|-1|-1|-1|-1|-1|-1|3595.0|4073.0|11263.0|2710.0|2371.0|2318.0|4073.0|11321.0|2710.0|2371.0|2318.0|4352.0|0
19988|40000.0|2|2|1|39|-1|-1|-1|0|0|0|500.0|0.0|18583.0|19353.0|19440.0|20279.0|0.0|18583.0|1460.0|547.0|1000.0|500.0|0
18637|70000.0|2|3|1|53|2|2|2|2|2|2|54251.0|55402.0|53925.0|56814.0|58053.0|59246.0|2600.0|0.0|4400.0|2300.0|2300.0|2100.0|1
14709|260000.0|2|1|2|29|0|0|-1|0|0|0|78341.0|44155.0|27779.0|27738.0|27923.0|28143.0|10000.0|30150.0|2000.0|3000.0|2000.0|2000.0|0
14976|320000.0|2|2|2|26|1|3|2|2|2|0|303926.0|305625.0|299382.0|316898.0|310361.0|312581.0|8100.0|0.0|24100.0|0.0|11700.0|12000.0|1
7043|90000.0|2|1|1|38|-1|-1|0|0|-1|-1|2346.0|15271.0|16360.0|41936.0|538.0|2716.0|15271.0|2000.0|30000.0|538.0|2716.0|652.0|0
2943|240000.0|1|1|2|41|-2|-2|-2|-2|-2|-2|-317.0|63435.0|697.0|-3.0|635.0|1269.0|63752.0|700.0|0.0|638.0|1275.0|421.0|0
5636|120000.0|1|3|0|26|0|0|-1|-1|-1|-1|45753.0|53323.0|5257.0|13781.0|8636.0|5698.0|13160.0|5272.0|13832.0|8661.0|5715.0|38852.0|0
14586|140000.0|2|1|2|30|0|0|0|0|0|0|4975.0|5445.0|6455.0|6847.0|8075.0|8592.0|1200.0|1108.0|500.0|1500.0|650.0|0.0|0
8635|10000.0|1|1|2|27|0|0|0|0|0|0|8907.0|6599.0|7736.0|8492.0|8138.0|4990.0|1500.0|1400.0|1000.0|1009.0|1000.0|1598.0|0
14808|50000.0|1|2|2|26|0|0|0|0|0|0|47974.0|48527.0|49381.0|9999.0|8793.0|9138.0|2500.0|2000.0|324.0|1000.0|1000.0|500.0|0
374|130000.0|2|2|2|23|0|0|0|0|0|0|113900.0|109062.0|105252.0|103969.0|104254.0|99525.0|5000.0|6000.0|10000.0|10000.0|5000.0|9000.0|0
3317|380000.0|1|1|1|40|0|0|2|0|0|0|95972.0|123558.0|114785.0|161444.0|163071.0|160076.0|30027.0|0.0|50005.0|20042.0|20000.0|20000.0|0
6445|480000.0|2|1|2|27|-1|0|0|0|0|0|12759.0|15410.0|20116.0|10060.0|9301.0|923.0|3001.0|5000.0|500.0|500.0|500.0|21299.0|0
6680|200000.0|2|1|1|32|0|0|-1|-1|-2|-2|12367.0|13732.0|1513.0|0.0|0.0|0.0|2000.0|1513.0|0.0|0.0|0.0|0.0|0
25391|80000.0|1|2|1|43|0|0|0|0|0|0|43749.0|46330.0|43134.0|38010.0|38510.0|38427.0|3356.0|3204.0|2017.0|3515.0|2506.0|2015.0|0
23298|70000.0|1|2|1|36|0|0|0|-2|-2|-2|27868.0|28850.0|0.0|0.0|0.0|0.0|1850.0|0.0|0.0|0.0|0.0|0.0|1
6497|150000.0|2|3|2|38|0|0|-1|2|2|2|3060.0|0.0|530.0|530.0|1696.0|1166.0|150.0|530.0|0.0|1166.0|0.0|0.0|0
1454|230000.0|2|1|2|28|2|0|0|0|0|0|101347.0|95956.0|87294.0|85336.0|81640.0|82462.0|4179.0|4231.0|4061.0|2846.0|2800.0|2909.0|1
23071|320000.0|1|2|1|42|-2|-2|-2|-2|-2|-2|730.0|1550.0|0.0|2000.0|700.0|760.0|1550.0|0.0|2000.0|700.0|760.0|810.0|0
4636|200000.0|1|1|1|41|-1|-1|-1|-1|-1|-1|1378.0|-22.0|5440.0|-2.0|796.0|1390.0|0.0|5462.0|0.0|798.0|1394.0|3600.0|0
14094|280000.0|2|2|2|46|0|0|2|2|0|0|29523.0|154398.0|151984.0|47851.0|49374.0|50198.0|126000.0|3000.0|0.0|3000.0|2000.0|2000.0|0
19847|90000.0|2|2|2|23|2|0|0|0|0|0|87669.0|86653.0|57819.0|30895.0|14543.0|9329.0|3499.0|3000.0|3000.0|10000.0|2000.0|10000.0|0
20536|420000.0|1|2|1|41|0|0|0|0|0|0|193370.0|198053.0|202618.0|197985.0|200163.0|2559.0|4988.0|4976.0|6019.0|5065.0|1035.0|182778.0|0
24305|190000.0|1|1|2|32|0|0|0|0|0|0|183594.0|191367.0|192221.0|136916.0|99307.0|98753.0|15000.0|7171.0|5427.0|4000.0|3518.0|4758.0|1
4819|70000.0|2|1|2|26|0|0|0|0|0|0|69754.0|71377.0|71225.0|64644.0|68427.0|69893.0|2791.0|2939.0|2364.0|4876.0|2557.0|3599.0|0
3707|50000.0|2|1|2|23|-2|-2|-2|-2|-2|-2|49860.0|50187.0|50022.0|20114.0|18777.0|18273.0|2500.0|1289.0|917.0|1315.0|5042.0|2512.0|0
24451|50000.0|1|2|1|47|0|0|0|0|0|0|11325.0|12335.0|13431.0|14439.0|14602.0|14918.0|1504.0|1600.0|1537.0|700.0|700.0|600.0|0
10794|190000.0|1|2|2|39|0|0|0|0|0|0|146224.0|149289.0|152886.0|156273.0|159800.0|162570.0|5500.0|6000.0|6000.0|6000.0|6000.0|6000.0|0
1806|80000.0|1|1|2|27|0|0|0|0|0|0|74640.0|72565.0|63342.0|51529.0|41484.0|34097.0|20024.0|10000.0|4000.0|2000.0|3000.0|2500.0|0
1744|50000.0|2|2|1|30|1|2|0|0|-2|-2|27369.0|6425.0|4580.0|0.0|0.0|0.0|0.0|1050.0|0.0|0.0|0.0|0.0|0
6989|200000.0|2|1|2|33|0|0|0|0|0|0|196304.0|195766.0|195191.0|182027.0|139901.0|135720.0|9000.0|8939.0|8099.0|5000.0|5000.0|5000.0|0
13186|20000.0|1|2|2|23|1|2|0|0|0|0|16830.0|14566.0|10100.0|9238.0|6902.0|5813.0|50.0|5000.0|1200.0|500.0|500.0|1000.0|0
19924|290000.0|2|5|2|35|0|0|0|0|0|0|33278.0|33694.0|32453.0|27981.0|14096.0|10240.0|1600.0|1700.0|2015.0|2000.0|1000.0|1000.0|0
26698|60000.0|1|1|1|42|2|0|0|0|0|2|39986.0|41036.0|42449.0|43243.0|48537.0|47606.0|2000.0|2100.0|1800.0|6000.0|0.0|2000.0|1
4285|50000.0|2|3|2|23|0|0|0|0|0|0|47486.0|47963.0|33499.0|19227.0|19334.0|19735.0|1703.0|1304.0|680.0|696.0|717.0|677.0|0
10863|180000.0|2|1|2|33|2|-1|-1|-1|-1|-1|416.0|416.0|416.0|416.0|150.0|982.0|416.0|416.0|416.0|150.0|982.0|416.0|1
23906|250000.0|1|1|1|34|0|0|0|0|0|0|6035.0|11782.0|7241.0|7277.0|4972.0|2609.0|1131.0|4000.0|3000.0|99.0|1000.0|6000.0|1
14321|280000.0|1|2|1|34|0|0|0|0|0|0|55237.0|55664.0|51436.0|34260.0|36564.0|33331.0|2625.0|1795.0|1372.0|3931.0|3047.0|671.0|0
10572|50000.0|2|2|2|29|0|0|0|0|0|0|50029.0|48347.0|49268.0|50437.0|37302.0|38302.0|2100.0|2000.0|2100.0|1400.0|1600.0|1600.0|0
366|50000.0|2|2|1|29|0|0|0|0|0|0|26052.0|27631.0|29128.0|29707.0|28825.0|29022.0|2000.0|2000.0|2500.0|1033.0|1053.0|1034.0|0
16088|70000.0|2|1|2|27|-1|-1|-1|-1|-1|-1|157.0|157.0|157.0|157.0|307.0|507.0|157.0|157.0|157.0|307.0|507.0|357.0|0
3821|200000.0|2|2|1|36|-1|-1|-1|-1|-1|-1|371.0|37647.0|371.0|2977.0|3784.0|10579.0|37647.0|371.0|2977.0|3784.0|10579.0|10546.0|0
24824|100000.0|1|1|2|26|0|0|0|0|0|0|18999.0|23699.0|9390.0|5781.0|8065.0|17277.0|5129.0|1227.0|1000.0|5914.0|10000.0|0.0|0
7963|220000.0|2|2|1|34|0|0|0|0|0|0|154029.0|153012.0|154508.0|152829.0|152842.0|152747.0|5700.0|6000.0|6814.0|5500.0|5800.0|5700.0|0
13453|60000.0|1|2|2|28|0|0|2|2|2|2|37788.0|39366.0|41531.0|42048.0|41241.0|44056.0|2500.0|3114.0|1496.0|0.0|3500.0|0.0|1
21468|290000.0|2|2|1|37|-1|0|0|0|0|0|1428.0|2741.0|4029.0|5451.0|6357.0|7246.0|1500.0|1500.0|1500.0|1000.0|1000.0|1000.0|1
22141|120000.0|2|3|1|43|0|0|0|0|0|0|116032.0|114987.0|117491.0|118513.0|75278.0|77070.0|4201.0|5001.0|4134.0|2700.0|3000.0|5030.0|0
13083|90000.0|2|2|2|25|0|0|2|0|0|0|86830.0|94016.0|88477.0|87820.0|88444.0|91198.0|9000.0|0.0|4100.0|3000.0|4000.0|4500.0|0
17083|80000.0|2|2|1|45|0|0|0|0|0|0|67142.0|68052.0|68690.0|70042.0|70626.0|71700.0|2420.0|2511.0|2512.0|2510.0|2590.0|2711.0|0
7698|210000.0|2|1|2|33|-2|-2|-2|-2|-2|-2|0.0|0.0|0.0|0.0|0.0|0.0|0.0|0.0|0.0|0.0|0.0|0.0|0
3400|220000.0|1|1|2|32|-1|-1|-1|0|0|-1|17715.0|316.0|632.0|632.0|316.0|316.0|316.0|632.0|316.0|0.0|316.0|632.0|0
7523|330000.0|2|1|2|34|-1|-1|-1|-1|-1|-1|1406.0|1467.0|2599.0|17064.0|70464.0|-6053.0|1488.0|2599.0|17064.0|70464.0|0.0|232972.0|0
6518|50000.0|1|3|1|34|0|0|0|0|0|0|6808.0|6198.0|22456.0|19776.0|9433.0|7487.0|1318.0|19776.0|1096.0|572.0|645.0|0.0|0
4452|210000.0|2|1|2|30|1|-1|-1|-1|-1|-1|0.0|795.0|588.0|1488.0|609.0|768.0|795.0|588.0|1488.0|609.0|768.0|588.0|0
14188|300000.0|2|1|2|30|0|0|0|0|0|0|53377.0|54984.0|56738.0|57282.0|58575.0|59653.0|2500.0|2640.0|2080.0|2246.0|2174.0|3000.0|0
27840|50000.0|2|2|1|34|0|0|0|0|0|0|26149.0|26660.0|27637.0|22521.0|20533.0|14659.0|2000.0|1718.0|1210.0|1018.0|539.0|5001.0|0
4630|220000.0|2|1|2|36|-2|-2|-2|-2|-2|-2|0.0|420.0|0.0|584.0|790.0|0.0|420.0|0.0|584.0|790.0|0.0|1309.0|0
17488|60000.0|1|2|2|24|0|0|2|0|0|0|57480.0|60491.0|57187.0|57619.0|57033.0|58493.0|4207.0|1000.0|1690.0|1473.0|2354.0|2009.0|0
18893|20000.0|2|3|3|39|0|0|0|0|0|0|18988.0|15975.0|16579.0|15102.0|16795.0|34457.0|1400.0|4500.0|2500.0|3240.0|3000.0|4000.0|0
10480|120000.0|2|3|2|32|0|0|0|0|0|0|67876.0|69903.0|71446.0|79589.0|81354.0|83044.0|3120.0|3300.0|10000.0|3200.0|3200.0|10000.0|0
10767|70000.0|1|2|2|29|0|0|3|2|0|0|61762.0|70242.0|68107.0|42630.0|12927.0|27184.0|9500.0|0.0|0.0|1570.0|15184.0|2000.0|1
3747|360000.0|2|2|1|42|-2|-2|-2|-2|-2|-2|2333.0|6295.0|0.0|0.0|1070.0|0.0|6295.0|0.0|0.0|1070.0|0.0|0.0|0
27141|240000.0|1|3|1|55|0|0|0|0|0|0|25631.0|27047.0|26654.0|28065.0|29503.0|32042.0|2500.0|2000.0|2000.0|2000.0|3000.0|2000.0|0
3939|100000.0|2|1|2|30|1|-2|-2|-2|-2|-2|0.0|0.0|0.0|0.0|0.0|0.0|0.0|0.0|0.0|0.0|0.0|0.0|0
25143|100000.0|1|2|2|32|-1|0|0|0|0|0|88550.0|91724.0|94799.0|97861.0|104634.0|92537.0|5000.0|5000.0|5000.0|9000.0|10000.0|5000.0|0
12405|130000.0|1|1|2|33|1|2|2|2|0|0|36672.0|35807.0|40851.0|39526.0|41346.0|40630.0|0.0|6000.0|0.0|3000.0|1000.0|1100.0|0
15923|90000.0|2|3|2|50|0|0|0|0|0|0|83939.0|86583.0|87014.0|46293.0|47576.0|46663.0|4000.0|2500.0|2000.0|2000.0|2000.0|2000.0|0
20398|260000.0|2|2|2|32|0|0|0|0|0|0|251330.0|256988.0|234260.0|227884.0|202178.0|198467.0|10000.0|9014.0|11002.0|7503.0|7502.0|7500.0|1
320|160000.0|1|1|2|30|-1|0|-1|-1|-1|-1|11170.0|6393.0|11845.0|5431.0|6683.0|22285.0|1007.0|11907.0|5437.0|6693.0|22296.0|23500.0|0
15996|50000.0|1|2|1|48|2|0|0|0|0|0|79262.0|40931.0|40892.0|41612.0|18825.0|18019.0|3278.0|1880.0|1650.0|10000.0|1000.0|700.0|1
27531|30000.0|1|2|2|24|0|0|0|2|0|0|14597.0|15614.0|18246.0|17660.0|17768.0|18151.0|1568.0|3200.0|0.0|700.0|670.0|1500.0|1
141|30000.0|2|2|1|49|0|0|0|0|0|0|27922.0|25214.0|26755.0|23235.0|25008.0|26761.0|2000.0|2000.0|2000.0|2000.0|2000.0|822.0|1
5742|20000.0|1|1|2|29|0|0|0|0|0|0|15934.0|15028.0|16023.0|11631.0|12377.0|4830.0|1329.0|1324.0|1000.0|2000.0|1000.0|0.0|0
28920|50000.0|2|2|2|42|5|4|3|2|0|0|20235.0|19635.0|19045.0|18300.0|17900.0|17900.0|0.0|0.0|0.0|0.0|0.0|0.0|1
26574|20000.0|1|3|2|26|-1|-1|-1|-2|-2|-2|96.0|780.0|0.0|0.0|0.0|0.0|1560.0|0.0|0.0|0.0|0.0|0.0|0
6594|60000.0|1|2|2|30|0|0|0|0|0|0|39264.0|41622.0|42627.0|43914.0|45053.0|46303.0|3000.0|2000.0|2000.0|2000.0|2000.0|2000.0|0
17646|20000.0|2|1|2|23|0|0|2|0|0|0|11672.0|8584.0|8279.0|8444.0|8621.0|8868.0|2424.0|0.0|284.0|294.0|371.0|500.0|0
866|150000.0|2|5|1|45|0|0|0|0|0|0|232587.0|259740.0|241615.0|139741.0|144692.0|124197.0|30032.0|25099.0|80000.0|120000.0|95000.0|30000.0|0
24624|240000.0|1|1|1|43|0|0|0|0|0|2|67120.0|68473.0|69899.0|71946.0|75425.0|74377.0|2200.0|2263.0|2930.0|5000.0|0.0|3000.0|0
10431|120000.0|2|2|1|38|-1|-1|-1|-1|-1|-1|4100.0|7270.0|820.0|820.0|2870.0|970.0|7270.0|820.0|820.0|2870.0|970.0|820.0|0
2031|50000.0|1|2|2|27|1|2|0|0|0|2|35905.0|35028.0|36373.0|37165.0|39539.0|40454.0|0.0|1908.0|1700.0|3000.0|1700.0|1700.0|0
9|80000.0|1|2|2|29|0|0|0|0|0|0|11894.0|12287.0|12407.0|14360.0|14657.0|4129.0|1284.0|1047.0|2000.0|359.0|175.0|1000.0|0
8512|470000.0|1|1|1|39|-1|-1|-1|-1|-1|-1|5572.0|3595.0|22816.0|2360.0|4206.0|5527.0|3595.0|22816.0|2360.0|4356.0|5527.0|6420.0|0
3515|20000.0|1|2|1|45|4|3|2|0|0|0|21605.0|20987.0|20200.0|19600.0|19600.0|20000.0|0.0|0.0|0.0|0.0|400.0|0.0|0
17640|50000.0|1|2|2|51|0|0|0|0|0|0|50383.0|49073.0|31036.0|20061.0|19710.0|19687.0|2304.0|2224.0|19691.0|1000.0|725.0|1000.0|0
8577|180000.0|2|2|2|30|0|0|0|0|0|0|23398.0|14445.0|15404.0|19885.0|22355.0|22902.0|1541.0|1500.0|4911.0|10355.0|10902.0|3500.0|0
9333|20000.0|1|1|2|31|1|-1|-1|-2|-2|-2|0.0|150.0|0.0|0.0|0.0|0.0|150.0|0.0|0.0|0.0|0.0|0.0|0
15061|30000.0|2|2|1|42|2|0|0|0|0|2|9985.0|10688.0|11710.0|13030.0|13776.0|13415.0|1176.0|1198.0|1518.0|1264.0|0.0|1308.0|1
17939|100000.0|2|2|2|37|-1|-1|-1|-1|-2|-2|390.0|0.0|780.0|0.0|0.0|0.0|0.0|780.0|0.0|0.0|0.0|0.0|0
10221|130000.0|2|2|1|43|0|0|0|0|0|0|129099.0|130522.0|106158.0|97685.0|80733.0|82883.0|5008.0|6003.0|4000.0|3000.0|4870.0|3000.0|0
9335|360000.0|1|2|1|34|-1|-1|-1|-1|-1|-1|5375.0|0.0|7799.0|8506.0|0.0|4186.0|0.0|7799.0|8528.0|0.0|4186.0|0.0|0
17892|110000.0|2|2|1|43|0|0|0|0|0|0|92244.0|93815.0|97307.0|99666.0|102082.0|105500.0|4500.0|5000.0|4000.0|4000.0|5000.0|6804.0|0
16897|50000.0|1|3|2|45|0|0|0|0|-2|-2|46842.0|48356.0|41150.0|0.0|0.0|0.0|2356.0|2150.0|0.0|0.0|0.0|0.0|0
18583|50000.0|1|2|2|27|1|-1|0|0|0|0|-697.0|48266.0|47194.0|48224.0|49416.0|50126.0|49900.0|1800.0|1700.0|1857.0|2474.0|469.0|0
6269|50000.0|2|2|2|22|0|0|0|0|2|0|11970.0|14445.0|16391.0|17804.0|10868.0|12151.0|3000.0|2500.0|2050.0|0.0|2000.0|3000.0|0
5977|20000.0|1|2|1|39|0|0|0|0|0|0|16621.0|7309.0|17120.0|18130.0|18491.0|18893.0|1200.0|10000.0|1301.0|662.0|700.0|1000.0|0
26042|50000.0|1|2|1|36|0|0|0|0|0|0|47599.0|48542.0|49691.0|49172.0|9957.0|10044.0|2000.0|2200.0|1148.0|500.0|500.0|376.0|1
6323|130000.0|2|2|2|42|1|2|2|2|2|2|117391.0|119378.0|121993.0|123503.0|124578.0|127434.0|5400.0|6000.0|5000.0|4600.0|5000.0|5100.0|0
7734|160000.0|2|2|2|27|0|0|0|0|0|0|80964.0|80337.0|82182.0|82586.0|85145.0|87049.0|4000.0|4000.0|3500.0|4000.0|4000.0|2500.0|0
25746|210000.0|2|2|2|41|0|0|0|0|0|0|227271.0|211597.0|99865.0|77754.0|49529.0|30683.0|9000.0|4000.0|3018.0|2000.0|3000.0|3000.0|0
5105|150000.0|1|1|1|42|8|7|6|5|4|3|161569.0|159190.0|155821.0|153075.0|151269.0|149723.0|0.0|0.0|0.0|0.0|0.0|15.0|1
27458|100000.0|2|2|2|25|2|0|0|0|0|0|70896.0|71678.0|70125.0|69856.0|69718.0|51365.0|3472.0|2092.0|2000.0|2127.0|1960.0|1559.0|1
12274|160000.0|2|1|2|29|0|0|0|0|0|2|157067.0|155760.0|153047.0|122831.0|124794.0|116746.0|5708.0|7424.0|4251.0|6010.0|5000.0|4000.0|1
16317|130000.0|2|2|2|39|2|2|2|0|0|2|108879.0|111115.0|107185.0|108569.0|112541.0|114885.0|5500.0|0.0|5399.0|8000.0|5000.0|0.0|0
29864|160000.0|2|2|2|44|0|0|0|0|0|0|118809.0|125323.0|170449.0|96739.0|126139.0|154884.0|10000.0|50000.0|20000.0|30000.0|30000.0|5000.0|0
16810|50000.0|1|3|2|41|0|0|0|0|0|0|15502.0|14446.0|10339.0|10766.0|10945.0|11214.0|1500.0|1500.0|600.0|500.0|600.0|500.0|0
15037|50000.0|1|3|2|34|2|2|2|2|3|2|44951.0|45906.0|46872.0|49974.0|50023.0|53367.0|2000.0|2000.0|4200.0|1170.0|4300.0|0.0|1
25622|170000.0|1|3|1|45|-1|0|0|0|0|0|34778.0|40441.0|40937.0|34090.0|34894.0|36829.0|10000.0|5000.0|2000.0|2000.0|3000.0|2000.0|0
25664|160000.0|2|2|1|31|-2|-2|-2|-2|-2|-2|239.0|0.0|0.0|0.0|1446.0|426.0|0.0|0.0|0.0|1446.0|426.0|0.0|0
11394|30000.0|2|1|2|33|3|2|2|2|0|0|21167.0|20529.0|24191.0|23510.0|24813.0|25264.0|0.0|4000.0|0.0|2000.0|1000.0|2000.0|1
6316|230000.0|1|2|1|45|2|2|2|2|0|0|221691.0|226696.0|223872.0|98219.0|100276.0|102263.0|10000.0|3600.0|0.0|3628.0|3643.0|3929.0|0
11060|200000.0|2|3|1|36|1|-2|-2|-1|-1|-1|-5.0|-5.0|-5.0|2999.0|4804.0|4402.0|0.0|0.0|3004.0|4804.0|5008.0|169.0|0
27529|110000.0|2|2|1|31|0|0|0|0|0|0|79126.0|76304.0|77783.0|79323.0|80563.0|78669.0|2782.0|2761.0|2770.0|2900.0|3000.0|2568.0|0
20196|150000.0|1|1|2|50|-1|-1|-1|-1|-1|2|829.0|18311.0|3023.0|2914.0|3529.0|2989.0|18400.0|3500.0|3025.0|3600.0|0.0|1600.0|0
10646|80000.0|1|1|2|26|1|-2|-2|-2|-2|-2|0.0|0.0|0.0|0.0|0.0|0.0|0.0|0.0|0.0|0.0|0.0|0.0|1
11132|180000.0|2|2|1|39|0|0|0|0|0|0|130374.0|129889.0|114559.0|113759.0|94665.0|97134.0|5812.0|6000.0|6100.0|4000.0|4000.0|4000.0|0
26617|190000.0|2|2|1|45|0|0|0|0|0|0|143701.0|126337.0|121378.0|75252.0|79028.0|81548.0|4664.0|4222.0|2705.0|5000.0|4000.0|5000.0|0
8428|310000.0|2|1|2|44|-1|-1|-1|0|0|-1|11983.0|7759.0|16799.0|32372.0|6680.0|4732.0|7797.0|16818.0|20313.0|1006.0|4739.0|6615.0|0
29281|150000.0|2|3|1|46|0|0|0|0|0|0|38985.0|36466.0|31907.0|33300.0|34681.0|36060.0|10107.0|20000.0|10000.0|10000.0|10000.0|10000.0|0
20743|280000.0|2|1|2|31|-2|-2|-2|-2|-2|-2|326.0|326.0|0.0|326.0|652.0|0.0|326.0|0.0|326.0|652.0|0.0|652.0|0
1674|360000.0|2|1|2|36|1|-1|-1|-1|-1|-1|-8.0|2379.0|0.0|11850.0|150.0|459.0|2387.0|0.0|11850.0|300.0|459.0|52.0|0
25157|200000.0|1|1|2|38|-2|-2|-2|-2|-2|-2|5607.0|0.0|316.0|499.0|672.0|100.0|0.0|316.0|499.0|672.0|100.0|0.0|0
4428|220000.0|2|2|1|36|-1|-1|-1|0|-1|-1|396.0|1648.0|792.0|396.0|396.0|396.0|1648.0|792.0|0.0|396.0|396.0|792.0|1
17245|170000.0|1|1|1|45|2|-1|-1|-1|-1|-1|360.0|360.0|360.0|360.0|360.0|870.0|360.0|360.0|360.0|360.0|870.0|0.0|0
20109|180000.0|1|2|2|28|-1|-1|-1|-1|-1|-1|1832.0|0.0|832.0|332.0|416.0|416.0|0.0|416.0|332.0|500.0|3500.0|832.0|0
7483|90000.0|1|2|2|28|0|0|0|0|0|0|42322.0|43314.0|44354.0|45372.0|46317.0|51292.0|1997.0|2037.0|2055.0|2000.0|5913.0|0.0|0
23967|400000.0|2|2|1|24|0|0|0|0|0|0|187790.0|176294.0|190256.0|89128.0|39276.0|23440.0|5519.0|44776.0|1502.0|2026.0|1015.0|52100.0|0
14608|260000.0|2|1|2|25|-1|2|-1|0|0|0|148.0|75.0|12117.0|9620.0|8690.0|11744.0|7.0|12117.0|2.0|0.0|3054.0|6972.0|1
24337|130000.0|2|2|1|28|0|0|0|-1|-1|-1|71983.0|71514.0|73274.0|3541.0|3333.0|3333.0|4000.0|7000.0|3600.0|3333.0|3333.0|3110.0|0
22582|300000.0|2|2|1|38|-1|-1|-1|-1|0|0|5848.0|24718.0|45114.0|16949.0|9537.0|0.0|24718.0|45533.0|17136.0|0.0|0.0|0.0|0
17995|70000.0|1|2|2|29|0|0|0|0|0|2|17103.0|18312.0|19516.0|20685.0|22142.0|23340.0|1500.0|1500.0|1500.0|1800.0|1700.0|0.0|1
23506|140000.0|1|2|1|48|1|2|2|2|2|2|86114.0|87896.0|89397.0|90514.0|91661.0|90100.0|4100.0|3800.0|3500.0|3500.0|0.0|6900.0|1
29184|10000.0|2|2|1|51|1|2|0|0|0|0|9151.0|8855.0|9828.0|8637.0|8808.0|8995.0|0.0|1133.0|1144.0|315.0|329.0|363.0|0
7238|430000.0|1|1|2|28|0|0|0|0|0|0|406995.0|438832.0|312608.0|341552.0|345532.0|339050.0|40000.0|30000.0|35000.0|30000.0|20019.0|40000.0|0
20606|230000.0|2|2|2|33|1|-1|-1|-1|-1|-1|-133.0|611.0|19640.0|13242.0|1782.0|3106.0|744.0|19640.0|13242.0|1782.0|3106.0|0.0|0
11807|110000.0|1|2|1|45|0|0|2|0|0|0|112987.0|110899.0|111642.0|109584.0|50281.0|49373.0|7000.0|4000.0|2975.0|22000.0|1726.0|6000.0|1
1206|280000.0|1|1|1|37|-1|0|0|0|0|0|33687.0|21575.0|23926.0|23102.0|22734.0|29434.0|5000.0|3000.0|10000.0|10000.0|16934.0|10234.0|0
2023|310000.0|2|1|1|37|-1|-1|-1|-1|0|-1|325.0|4373.0|26863.0|7443.0|4221.0|8172.0|4373.0|26863.0|7443.0|0.0|8172.0|31362.0|0
13516|80000.0|1|2|2|32|0|0|0|0|0|0|22753.0|25046.0|23466.0|25689.0|29820.0|22082.0|3000.0|3000.0|3000.0|4500.0|830.0|2000.0|0
6040|50000.0|1|2|2|42|0|0|0|0|0|0|49165.0|46466.0|47145.0|47658.0|48209.0|48579.0|1800.0|1814.0|1717.0|1658.0|1858.0|2000.0|0
26928|80000.0|2|2|1|27|0|-1|-1|-2|-2|-2|56720.0|5958.0|4303.0|3850.0|0.0|0.0|5958.0|4321.0|3869.0|0.0|0.0|0.0|1
9549|320000.0|1|3|2|52|0|0|0|0|0|0|31858.0|33562.0|35119.0|36886.0|38756.0|40543.0|5000.0|5000.0|5000.0|5000.0|5000.0|5000.0|0
5364|260000.0|2|1|2|30|0|0|0|0|0|0|156882.0|160246.0|159988.0|158114.0|158762.0|159108.0|10000.0|8000.0|6000.0|7000.0|7000.0|6000.0|0
14101|180000.0|2|1|2|27|0|0|2|0|0|0|99137.0|119635.0|115839.0|105643.0|119358.0|116097.0|22500.0|121.0|10000.0|20000.0|25000.0|0.0|0
12146|290000.0|1|2|1|49|0|0|0|0|0|0|193650.0|127336.0|125088.0|123694.0|123518.0|124246.0|4126.0|4304.0|4000.0|5000.0|4100.0|4500.0|0
12092|180000.0|2|2|2|28|-1|-1|-1|-1|-1|-1|300.0|340.0|-120.0|420.0|460.0|460.0|500.0|0.0|1000.0|500.0|460.0|610.0|0
29115|60000.0|1|2|1|29|0|0|0|0|0|0|58634.0|59541.0|58604.0|59427.0|38472.0|39528.0|3000.0|31404.0|3000.0|2000.0|2000.0|2000.0|0
16366|360000.0|1|1|1|41|-2|-2|-2|-2|-2|-2|2988.0|0.0|668.0|0.0|686.0|7149.0|0.0|668.0|0.0|686.0|7149.0|150.0|0
26913|50000.0|1|2|1|40|0|0|0|0|0|0|50066.0|47636.0|9762.0|8620.0|9303.0|8693.0|1450.0|1500.0|400.0|1000.0|1000.0|2000.0|0
9224|50000.0|1|2|2|24|0|0|0|0|0|0|47578.0|33666.0|16177.0|16607.0|17186.0|17749.0|2000.0|2000.0|1000.0|1000.0|1000.0|1000.0|0
20953|560000.0|1|1|1|47|-1|-1|-1|-1|-1|-1|10501.0|69458.0|23445.0|105199.0|47519.0|73537.0|69803.0|23560.0|109726.0|48237.0|74014.0|19443.0|0
2117|10000.0|1|3|2|45|1|2|2|2|0|0|9503.0|7238.0|9407.0|8126.0|8838.0|9039.0|0.0|2310.0|0.0|1000.0|500.0|335.0|0
15846|10000.0|1|2|2|27|0|0|0|0|0|0|9457.0|9554.0|7335.0|9025.0|7886.0|8382.0|1107.0|1310.0|2000.0|269.0|1000.0|1100.0|0
216|80000.0|2|3|1|26|0|0|0|2|0|0|69589.0|72802.0|77106.0|74420.0|76220.0|77877.0|5000.0|6100.0|0.0|3000.0|3000.0|3000.0|0
25628|100000.0|2|2|1|41|-2|-2|-2|-1|-1|-2|390.0|390.0|0.0|944.0|0.0|0.0|780.0|0.0|944.0|0.0|0.0|0.0|0
14751|310000.0|1|3|1|44|0|0|0|0|0|0|238739.0|244629.0|250277.0|265764.0|271231.0|277427.0|10000.0|10000.0|20000.0|10000.0|11000.0|11000.0|0
13780|100000.0|1|2|2|32|0|0|0|0|0|0|43788.0|44843.0|45814.0|46727.0|46798.0|46799.0|1759.0|1730.0|1643.0|1696.0|1685.0|1653.0|0
23934|20000.0|2|2|1|22|2|0|0|0|0|2|14414.0|15424.0|16448.0|17462.0|18305.0|17871.0|1554.0|1578.0|1592.0|1435.0|0.0|1663.0|1
1208|30000.0|2|1|2|34|1|2|2|2|2|2|24022.0|24744.0|24053.0|25624.0|25977.0|25413.0|1396.0|0.0|1967.0|903.0|0.0|1100.0|1
25241|160000.0|1|3|1|33|0|0|0|0|-2|-2|25058.0|20624.0|16280.0|0.0|0.0|0.0|1344.0|1000.0|0.0|0.0|0.0|0.0|0
19758|270000.0|2|2|1|33|-1|-1|0|0|0|0|1481.0|3952.0|25237.0|44395.0|44741.0|45209.0|3952.0|22438.0|20000.0|1587.0|2000.0|4000.0|0
11471|140000.0|2|2|1|46|-1|-1|-1|-1|-1|-1|264.0|1024.0|264.0|1024.0|264.0|264.0|1024.0|528.0|1024.0|264.0|264.0|414.0|0
18408|250000.0|2|5|1|33|0|0|0|0|0|0|211084.0|211577.0|202346.0|203132.0|201230.0|199820.0|6934.0|7000.0|8975.0|7043.0|8000.0|10000.0|0
13044|350000.0|1|3|1|31|1|2|2|0|0|0|225434.0|214620.0|170451.0|156922.0|143062.0|224387.0|11000.0|0.0|5500.0|5000.0|100000.0|0.0|0
14752|80000.0|2|2|2|24|-2|-2|-2|-2|-2|-2|0.0|0.0|0.0|0.0|0.0|0.0|0.0|0.0|0.0|0.0|0.0|400.0|0
29327|300000.0|1|1|2|43|-1|-1|-1|-1|0|0|163.0|2508.0|8534.0|14378.0|16245.0|19047.0|2508.0|8534.0|14378.0|4000.0|6550.0|0.0|0
13283|180000.0|1|3|1|58|2|2|2|2|2|2|36086.0|37196.0|36322.0|38808.0|39474.0|40297.0|2000.0|0.0|3405.0|1600.0|1600.0|1700.0|1
20460|100000.0|2|1|2|27|-1|-1|-2|-2|-1|-1|4829.0|0.0|0.0|0.0|5330.0|0.0|0.0|0.0|0.0|5330.0|1274.0|2100.0|0
22328|70000.0|2|1|2|29|0|0|0|0|0|0|66867.0|66502.0|54263.0|47562.0|43735.0|43509.0|3020.0|5040.0|2000.0|2000.0|12000.0|5000.0|0
26921|50000.0|2|1|2|33|2|2|0|0|-1|0|60679.0|54947.0|54425.0|48313.0|19399.0|19804.0|0.0|4500.0|1200.0|71941.0|619.0|563.0|1
6885|20000.0|2|2|1|49|0|0|2|2|0|0|9589.0|11627.0|12145.0|12648.0|13438.0|14222.0|2200.0|1000.0|1000.0|1000.0|1000.0|1000.0|1
15077|100000.0|2|3|1|45|-1|-1|-1|-1|-1|-1|1480.0|916.0|1238.0|916.0|1444.0|1450.0|916.0|1238.0|916.0|1444.0|1450.0|1143.0|0
2661|220000.0|2|2|2|30|0|0|0|0|0|0|32357.0|30971.0|31277.0|23258.0|4546.0|6470.0|2000.0|1377.0|8011.0|165.0|2000.0|1000.0|0
8677|200000.0|1|2|2|25|0|0|0|0|0|0|107001.0|108619.0|110149.0|110333.0|85201.0|84809.0|5000.0|5000.0|5000.0|3000.0|5000.0|10000.0|1
22091|10000.0|2|3|1|34|0|0|0|0|-1|-1|7101.0|8131.0|9024.0|6292.0|2530.0|6727.0|1307.0|1200.0|1012.0|2530.0|6727.0|56.0|1
18769|20000.0|2|2|2|26|2|2|2|0|0|0|19017.0|20018.0|19384.0|19405.0|19978.0|19791.0|1600.0|0.0|600.0|847.0|670.0|483.0|1
8385|50000.0|1|1|1|63|-1|-1|2|-1|-1|-1|264.0|528.0|264.0|264.0|264.0|264.0|528.0|0.0|264.0|264.0|264.0|264.0|0
8588|180000.0|1|1|1|38|-1|-1|-1|-1|-1|-1|326.0|326.0|326.0|326.0|326.0|326.0|326.0|326.0|326.0|326.0|326.0|326.0|0
13881|90000.0|2|1|2|25|2|0|0|0|0|-1|84710.0|87334.0|87862.0|18889.0|-783.0|73568.0|4000.0|3258.0|1000.0|0.0|77500.0|0.0|0
14208|20000.0|2|5|2|37|0|0|0|0|0|0|6725.0|7843.0|10600.0|18660.0|7060.0|0.0|2000.0|3000.0|8060.0|0.0|0.0|0.0|0
8500|490000.0|1|1|2|28|0|0|0|0|0|0|325669.0|206515.0|144853.0|132268.0|118899.0|79223.0|10041.0|7415.0|7025.0|44324.0|3119.0|2780.0|0
26659|450000.0|1|2|1|48|-2|-2|-2|-2|-2|-2|18659.0|388.0|481.0|29646.0|10163.0|10163.0|389.0|483.0|29707.0|10214.0|10214.0|10184.0|0
3024|290000.0|2|2|1|42|-2|-1|-1|-1|0|0|-132.0|18364.0|2417.0|4583.0|1402.0|3227.0|18496.0|2429.0|4598.0|7.0|3227.0|1.0|0
16704|100000.0|2|3|1|29|1|-2|-2|-1|-1|-1|0.0|0.0|0.0|338.0|9448.0|1183.0|0.0|0.0|4838.0|9448.0|4183.0|1485.0|0
20553|140000.0|2|2|2|26|0|0|0|0|0|0|54868.0|56983.0|59152.0|67288.0|71674.0|31374.0|3000.0|4000.0|9500.0|5000.0|2000.0|1400.0|0
831|130000.0|2|2|1|42|1|-2|-1|-1|-1|-2|0.0|0.0|441.0|305.0|0.0|0.0|0.0|441.0|305.0|0.0|0.0|0.0|1
7208|360000.0|2|2|1|43|-1|-1|-1|-1|-1|-1|1999.0|10145.0|4005.0|19158.0|3569.0|31171.0|10145.0|4723.0|19158.0|3569.0|31171.0|3283.0|0
14695|360000.0|2|2|2|53|-1|-1|-1|-1|-1|-1|10733.0|15206.0|15000.0|9744.0|11114.0|8123.0|15206.0|15032.0|9769.0|11114.0|8123.0|8736.0|0
12788|260000.0|2|2|2|40|-1|-1|-2|-2|-2|-2|1022.0|1085.0|0.0|0.0|0.0|0.0|1085.0|0.0|0.0|0.0|0.0|300.0|0
27362|20000.0|2|1|2|24|0|0|0|0|0|0|17147.0|18264.0|19145.0|17322.0|16989.0|12699.0|1700.0|1500.0|822.0|1000.0|1000.0|500.0|0
20391|280000.0|1|1|2|28|-2|-2|-2|-2|-2|-2|10296.0|1820.0|0.0|5970.0|8628.0|2036.0|3543.0|1195.0|5970.0|8628.0|2306.0|768.0|0
1609|50000.0|2|2|2|28|0|0|0|0|0|0|48370.0|39618.0|27417.0|25542.0|26160.0|26686.0|1468.0|1400.0|900.0|1000.0|1000.0|600.0|0
22590|120000.0|2|3|0|41|0|0|-2|-2|-1|-1|3307.0|0.0|0.0|0.0|1344.0|881.0|258.0|0.0|0.0|1344.0|929.0|599.0|0
25130|200000.0|2|2|1|46|1|-2|-2|-2|-2|-2|0.0|0.0|0.0|0.0|0.0|0.0|0.0|0.0|0.0|0.0|0.0|0.0|0
7398|200000.0|2|1|2|46|-2|-2|-2|-2|-2|-2|2263.0|3441.0|2124.0|6041.0|2975.0|3441.0|3448.0|2124.0|6063.0|2975.0|3441.0|1841.0|0
882|150000.0|2|3|2|26|0|0|0|0|0|0|21081.0|7985.0|7315.0|11295.0|10413.0|16745.0|2200.0|2500.0|6023.0|5000.0|6745.0|2155.0|0
12637|500000.0|1|1|1|37|-1|-1|-1|-1|-1|-1|14817.0|2480.0|122750.0|4599.0|10094.0|43150.0|3904.0|123000.0|10052.0|10105.0|43168.0|16915.0|0
15887|80000.0|1|2|1|51|2|-1|2|-1|0|0|1041.0|780.0|390.0|992.0|602.0|-178.0|1000.0|0.0|992.0|0.0|0.0|0.0|1
22648|90000.0|1|2|1|41|-2|-2|-2|-2|-2|-2|188.0|188.0|188.0|1708.0|1783.0|3933.0|188.0|188.0|1708.0|1783.0|3933.0|10754.0|0
20421|190000.0|1|1|2|31|0|0|0|2|2|0|104503.0|106773.0|114791.0|106414.0|96980.0|90700.0|4000.0|9844.0|3283.0|24.0|3297.0|3325.0|0
11828|290000.0|2|1|2|27|0|0|0|0|0|0|109746.0|110359.0|108371.0|102628.0|100000.0|92238.0|4000.0|5000.0|6039.0|4000.0|4000.0|4000.0|0
17813|30000.0|2|2|1|31|0|0|0|0|0|0|28405.0|29639.0|30246.0|23774.0|24384.0|15855.0|4000.0|1555.0|631.0|769.0|317.0|0.0|1
4518|360000.0|2|1|1|42|-1|-1|-1|-1|-1|-1|5658.0|4164.0|2469.0|0.0|5724.0|7334.0|4164.0|2469.0|0.0|5724.0|7334.0|5221.0|0
22404|50000.0|1|2|2|46|0|-1|0|0|0|0|53541.0|29308.0|20274.0|19945.0|20472.0|21000.0|31483.0|1408.0|3000.0|1000.0|869.0|5000.0|0
6558|50000.0|1|2|2|44|0|0|0|0|0|0|15735.0|15681.0|35492.0|7988.0|8986.0|10463.0|1500.0|3100.0|3000.0|1500.0|2000.0|1500.0|0
1739|90000.0|1|2|1|50|0|0|0|0|0|0|85241.0|86576.0|86914.0|28698.0|29722.0|29400.0|3600.0|2196.0|1027.0|1486.0|588.0|352.0|0
7571|210000.0|2|1|1|37|0|0|0|0|0|0|211749.0|205947.0|201848.0|168664.0|172013.0|175557.0|7000.0|10015.0|10000.0|5331.0|5748.0|48061.0|0
17412|140000.0|2|2|1|37|1|-1|-1|0|0|-2|0.0|177.0|1460.0|1460.0|0.0|0.0|177.0|1460.0|0.0|0.0|0.0|0.0|1
1137|160000.0|2|2|1|27|0|0|0|-2|-2|-2|75652.0|44675.0|-183.0|-218.0|-218.0|-218.0|1020.0|0.0|0.0|0.0|0.0|0.0|1
14273|250000.0|1|1|2|33|0|0|0|0|0|0|76412.0|80024.0|83952.0|87147.0|91191.0|94220.0|5000.0|5000.0|5000.0|5000.0|4000.0|5000.0|0
29718|200000.0|2|5|1|25|0|0|0|0|0|0|149886.0|140541.0|96253.0|76131.0|37282.0|24421.0|5388.0|3300.0|2124.0|912.0|1000.0|10847.0|1
29965|120000.0|2|2|1|45|-1|-1|-1|-1|-1|-1|380.0|3175.0|380.0|380.0|2402.0|696.0|3175.0|380.0|380.0|2402.0|696.0|1093.0|0
7915|30000.0|1|2|2|26|3|2|2|0|0|0|30311.0|31213.0|30425.0|30062.0|30270.0|29176.0|1700.0|0.0|1310.0|908.0|915.0|1052.0|0
25813|50000.0|2|2|1|36|0|0|0|-1|-1|-1|27433.0|12916.0|6509.0|4417.0|0.0|4331.0|1161.0|1000.0|5254.0|4166.0|8497.0|4679.0|0
24890|60000.0|2|1|2|28|0|0|2|0|0|0|6393.0|10540.0|10232.0|11237.0|11427.0|20973.0|4278.0|0.0|1483.0|673.0|10000.0|11540.0|1
27884|50000.0|2|1|2|27|1|2|0|0|2|2|21824.0|21187.0|23815.0|26418.0|25859.0|29745.0|0.0|3000.0|3000.0|0.0|4500.0|0.0|1
19187|60000.0|2|3|2|48|2|2|0|0|0|0|48094.0|43533.0|39252.0|38051.0|37988.0|38725.0|0.0|1700.0|1700.0|2000.0|1500.0|1600.0|0
3784|180000.0|2|2|2|35|-2|-2|-2|-2|-2|-2|3010.0|1679.0|2027.0|1764.0|11383.0|330.0|1679.0|2027.0|1774.0|11383.0|330.0|300.0|0
21614|230000.0|2|2|1|46|0|0|0|-1|-1|-1|8136.0|3590.0|2936.0|476.0|476.0|476.0|1500.0|1000.0|476.0|476.0|476.0|1685.0|0
17317|250000.0|1|2|2|26|0|0|0|0|0|0|123148.0|135439.0|42090.0|61558.0|80894.0|93938.0|15447.0|12004.0|21558.0|20894.0|15000.0|20000.0|0
11534|200000.0|2|1|2|28|-1|-1|-1|-1|-1|-1|6023.0|3621.0|2659.0|1708.0|1629.0|13037.0|3632.0|2659.0|1708.0|1629.0|13037.0|450.0|0
12709|300000.0|2|1|1|31|-2|-2|-1|0|0|0|0.0|1110.0|12192.0|7639.0|1722.0|4064.0|1110.0|12192.0|300.0|191.0|4064.0|390.0|0
16789|80000.0|2|2|1|24|-1|-1|-1|-1|-1|-1|15621.0|3760.0|1368.0|0.0|1421.0|0.0|3768.0|1368.0|0.0|1421.0|0.0|0.0|0
4532|300000.0|2|1|1|36|-1|-1|-1|-2|-2|-1|2072.0|2654.0|0.0|0.0|0.0|380.0|2654.0|0.0|0.0|0.0|380.0|0.0|0
963|220000.0|1|2|1|50|-2|-2|-2|2|2|-1|0.0|200.0|200.0|200.0|11326.0|43100.0|200.0|0.0|0.0|11326.0|43100.0|4257.0|0
869|80000.0|1|2|2|26|0|0|0|0|0|2|24906.0|26242.0|27360.0|27480.0|29642.0|28779.0|2000.0|1800.0|1100.0|3000.0|0.0|1000.0|0
10044|20000.0|1|3|2|29|1|2|0|0|0|0|5957.0|4909.0|5865.0|17935.0|19353.0|20094.0|0.0|2000.0|13500.0|2500.0|2000.0|1500.0|1
24577|80000.0|1|2|2|27|0|0|0|0|0|0|81752.0|80638.0|45240.0|43967.0|45302.0|49646.0|3069.0|2500.0|2000.0|2000.0|5012.0|2000.0|1
22280|170000.0|2|2|1|34|0|0|0|0|0|0|35348.0|34622.0|31450.0|28229.0|26422.0|15081.0|1402.0|1789.0|652.0|798.0|1081.0|173.0|0
599|170000.0|2|2|1|36|2|2|2|2|2|2|15570.0|15031.0|16784.0|17711.0|17131.0|18197.0|0.0|2500.0|1500.0|0.0|1500.0|1000.0|0
25250|80000.0|2|2|2|26|0|0|0|0|0|0|11284.0|10110.0|10859.0|59187.0|111059.0|56320.0|1500.0|1000.0|56500.0|2500.0|2500.0|2000.0|0
15521|300000.0|2|1|2|33|-2|-2|-2|-2|-2|-2|920.0|1592.0|0.0|0.0|0.0|0.0|1592.0|0.0|0.0|0.0|0.0|0.0|0
21725|470000.0|1|1|2|35|0|0|0|0|0|0|211775.0|218246.0|218615.0|221365.0|137387.0|201955.0|9883.0|6000.0|6194.0|30364.0|100018.0|4817.0|0
23444|90000.0|2|3|1|34|0|0|2|0|0|0|49771.0|52930.0|48683.0|44102.0|35577.0|28500.0|4000.0|0.0|1312.0|1200.0|1070.0|2882.0|0
9030|200000.0|1|3|2|30|0|0|0|0|0|0|111053.0|112269.0|76726.0|72487.0|74108.0|67036.0|5020.0|4005.0|2800.0|3300.0|3000.0|2700.0|0
29573|200000.0|2|1|2|25|0|0|0|-1|0|0|11740.0|7221.0|1341.0|25068.0|52486.0|45047.0|2012.0|1025.0|32994.0|37042.0|2004.0|2502.0|0
28307|240000.0|2|2|2|47|-2|-2|-2|-2|-2|-2|316.0|21359.0|2762.0|10264.0|316.0|9801.0|21359.0|2762.0|10318.0|316.0|17677.0|31600.0|0
1922|280000.0|1|1|2|25|0|0|0|0|0|0|9895.0|7402.0|7701.0|8951.0|6916.0|8790.0|3011.0|3007.0|3019.0|2004.0|3044.0|93462.0|0
16838|50000.0|1|3|2|52|0|0|0|0|-2|-2|50717.0|36507.0|14890.0|0.0|0.0|0.0|1357.0|1000.0|0.0|0.0|0.0|0.0|1
21156|50000.0|2|3|1|48|0|0|0|0|0|-2|73302.0|65931.0|58773.0|58918.0|0.0|0.0|2500.0|2428.0|1423.0|0.0|0.0|0.0|1
2365|90000.0|1|2|2|28|0|0|0|0|0|0|91431.0|88920.0|88344.0|50209.0|48262.0|49316.0|4672.0|4042.0|1748.0|1892.0|2000.0|1861.0|0
3995|200000.0|2|1|1|35|-1|-1|-1|-1|-1|-1|25663.0|14224.0|17560.0|3300.0|1920.0|2731.0|14224.0|17560.0|3300.0|1920.0|2731.0|0.0|0
13092|60000.0|1|1|2|25|0|0|0|0|0|0|55656.0|58740.0|59257.0|56229.0|46624.0|36594.0|4041.0|2227.0|14682.0|1634.0|2024.0|978.0|0
10602|20000.0|1|3|1|45|0|-1|2|0|0|2|8541.0|5577.0|5346.0|9984.0|19089.0|18356.0|5577.0|0.0|5000.0|10089.0|0.0|2000.0|0
5681|160000.0|1|2|1|43|-2|-2|-2|-2|-2|-2|390.0|780.0|0.0|780.0|390.0|930.0|780.0|0.0|780.0|390.0|930.0|0.0|0
19141|50000.0|2|2|1|58|1|2|2|2|2|2|32113.0|31319.0|33688.0|32849.0|34950.0|35658.0|0.0|3200.0|0.0|2795.0|1431.0|0.0|0
22049|60000.0|1|1|2|30|0|0|0|0|2|2|59959.0|49744.0|48257.0|46353.0|45481.0|48373.0|10020.0|4000.0|4000.0|0.0|3800.0|0.0|0
23004|150000.0|2|2|1|42|0|0|0|0|0|2|139172.0|141401.0|137320.0|138016.0|144084.0|136604.0|6022.0|5022.0|5100.0|10500.0|0.0|10000.0|0
5163|80000.0|1|2|1|39|0|0|0|0|0|0|37712.0|38713.0|39750.0|40771.0|42087.0|43409.0|1626.0|1663.0|1684.0|2000.0|2000.0|2000.0|0
21489|110000.0|1|1|2|25|0|0|0|0|0|0|64155.0|65743.0|66533.0|67677.0|39066.0|39884.0|2621.0|2123.0|1952.0|2000.0|1468.0|800.0|0
7228|180000.0|1|1|1|39|0|0|-1|0|0|-1|274731.0|281713.0|242063.0|122295.0|-1005.0|1005.0|11000.0|145000.0|26000.0|0.0|101005.0|1898.0|0
9011|20000.0|1|3|2|24|5|4|3|2|2|-2|21151.0|20537.0|19933.0|19167.0|18767.0|18767.0|0.0|0.0|0.0|0.0|0.0|0.0|0
7892|50000.0|1|1|2|25|0|0|0|0|0|0|18595.0|18326.0|18814.0|19189.0|19233.0|19108.0|1310.0|1297.0|672.0|837.0|836.0|836.0|0
4154|60000.0|2|3|2|52|0|0|0|0|2|0|60250.0|60585.0|61257.0|62697.0|60816.0|61685.0|2167.0|2483.0|6084.0|0.0|1936.0|1850.0|0
18581|70000.0|2|2|2|26|0|0|0|0|0|0|35867.0|28496.0|28401.0|22587.0|24361.0|25424.0|3000.0|3005.0|3000.0|3000.0|1500.0|1008.0|0
3370|50000.0|1|2|1|46|0|0|0|0|0|0|49566.0|49483.0|48495.0|28641.0|28846.0|29024.0|1968.0|1644.0|1013.0|1044.0|1045.0|1034.0|0
16641|310000.0|2|1|2|33|0|0|0|0|0|0|71855.0|72440.0|63399.0|59912.0|45740.0|44325.0|5000.0|5000.0|3000.0|25000.0|3000.0|2000.0|0
8503|250000.0|2|2|1|25|0|0|0|0|0|0|13358.0|19102.0|23681.0|20869.0|25490.0|31258.0|6000.0|5000.0|4000.0|5000.0|6000.0|5000.0|0
28576|60000.0|2|2|1|37|0|0|0|0|0|0|60655.0|60281.0|59968.0|40377.0|40679.0|40493.0|2410.0|2203.0|1500.0|1600.0|1500.0|1400.0|0
22300|230000.0|2|3|1|47|0|0|0|0|0|0|182787.0|173108.0|163937.0|90980.0|91180.0|90260.0|7000.0|5665.0|4154.0|3300.0|3418.0|3600.0|0
10691|30000.0|1|2|2|34|0|0|0|0|-2|-2|17803.0|19126.0|19500.0|0.0|0.0|0.0|1626.0|1000.0|0.0|0.0|0.0|0.0|0
22702|190000.0|1|1|2|27|1|-1|0|0|0|0|-4370.0|82387.0|83701.0|85035.0|86482.0|88164.0|87998.0|3017.0|3029.0|3127.0|3433.0|3356.0|0
12366|70000.0|2|3|1|55|0|0|0|0|0|0|68467.0|64657.0|55201.0|26213.0|26734.0|27304.0|2249.0|1519.0|1435.0|956.0|1000.0|1060.0|0
25909|310000.0|2|1|1|41|-1|0|0|0|0|0|30680.0|126866.0|129449.0|106382.0|98892.0|92599.0|100000.0|16036.0|5000.0|3000.0|3000.0|3000.0|0
19882|200000.0|1|2|2|32|-1|-1|-1|-1|-1|-1|9249.0|9362.0|11109.0|9471.0|11132.0|9633.0|9363.0|11119.0|9473.0|11140.0|9636.0|23635.0|0
20546|210000.0|2|2|1|40|-1|-1|-1|-1|-1|-1|12555.0|560.0|5287.0|2000.0|900.0|406.0|560.0|5287.0|2000.0|900.0|406.0|900.0|0
2714|450000.0|2|1|1|36|1|-1|-1|-2|-2|-2|0.0|2500.0|2500.0|0.0|0.0|0.0|2500.0|2500.0|0.0|0.0|0.0|0.0|0
19574|240000.0|2|1|1|34|-2|-1|-1|-2|-2|-2|597.0|6449.0|626.0|626.0|626.0|626.0|6507.0|626.0|626.0|626.0|626.0|626.0|0
6398|180000.0|2|3|1|39|2|0|0|-2|-2|-2|172488.0|72050.0|0.0|0.0|0.0|0.0|3450.0|0.0|0.0|0.0|0.0|0.0|1
372|300000.0|1|1|1|40|-1|2|2|-2|-2|-2|7111.0|7111.0|0.0|0.0|0.0|0.0|0.0|0.0|0.0|0.0|0.0|0.0|0
22659|50000.0|1|2|2|22|0|0|0|0|0|-1|47871.0|44546.0|28628.0|19502.0|1971.0|7538.0|1546.0|1519.0|1035.0|296.0|20300.0|1000.0|0
16156|50000.0|2|2|1|23|0|0|0|0|0|0|25526.0|26527.0|27577.0|28528.0|28689.0|29289.0|1431.0|1481.0|1432.0|992.0|1027.0|1038.0|0
7941|300000.0|2|2|2|37|0|0|0|0|0|0|67943.0|69969.0|71387.0|72340.0|73853.0|75316.0|3121.0|3175.0|2736.0|2829.0|2843.0|2941.0|0
13223|120000.0|2|1|2|28|-1|-1|2|0|0|-1|200.0|1986.0|1117.0|425.0|-267.0|1451.0|1986.0|0.0|0.0|0.0|2210.0|0.0|1
9770|120000.0|2|2|1|32|0|0|0|0|0|0|111441.0|113869.0|116110.0|111978.0|112822.0|114969.0|5596.0|5498.0|5500.0|4000.0|4300.0|5012.0|0
11145|90000.0|1|2|2|33|0|0|0|0|0|0|56291.0|58385.0|60412.0|61710.0|63020.0|64274.0|3000.0|3000.0|2300.0|2300.0|2300.0|2379.0|1
18206|50000.0|2|1|2|27|1|2|2|2|2|2|19096.0|18492.0|21186.0|22538.0|22274.0|22767.0|0.0|3000.0|2000.0|400.0|1000.0|0.0|0
23555|430000.0|2|2|1|42|-1|-1|-1|-1|0|-1|38495.0|11935.0|32878.0|115683.0|84049.0|37210.0|11935.0|32887.0|115683.0|0.0|37210.0|29559.0|0
20942|50000.0|1|2|1|46|0|0|0|0|0|0|43719.0|44290.0|41245.0|42081.0|20328.0|20391.0|1700.0|1924.0|2015.0|1000.0|663.0|10000.0|0
26073|340000.0|1|2|2|36|-2|-2|-2|-2|-2|-2|19628.0|14586.0|15018.0|12062.0|3894.0|7957.0|14594.0|15047.0|12064.0|3894.0|7957.0|18191.0|0
17760|230000.0|1|2|2|30|-1|0|-1|0|0|0|9125.0|7795.0|191795.0|192255.0|187755.0|187740.0|4000.0|191795.0|10000.0|8000.0|8000.0|8000.0|0
7956|150000.0|2|1|2|40|-1|-1|-1|-1|-2|-2|7296.0|1819.0|1012.0|0.0|0.0|0.0|1819.0|1012.0|0.0|0.0|0.0|0.0|1
25863|320000.0|2|1|2|27|1|-1|2|2|-2|-2|0.0|638.0|500.0|0.0|0.0|0.0|638.0|0.0|0.0|0.0|0.0|0.0|1
29157|150000.0|2|2|2|27|0|0|0|0|0|0|88957.0|92548.0|82169.0|67958.0|69310.0|70819.0|5500.0|2730.0|2468.0|2483.0|2628.0|10000.0|0
5173|350000.0|1|2|1|37|0|0|0|0|0|0|219376.0|221056.0|224591.0|255247.0|259512.0|283724.0|7669.0|7957.0|35300.0|9247.0|29459.0|20000.0|0
7362|50000.0|2|2|1|26|0|0|0|0|0|0|50905.0|49796.0|50783.0|49776.0|50937.0|49956.0|2200.0|2100.0|2000.0|2000.0|2000.0|2300.0|0
24400|420000.0|1|2|1|43|0|0|0|0|0|0|44670.0|60376.0|30099.0|66049.0|61043.0|62054.0|30253.0|20016.0|40015.0|30004.0|3000.0|3224.0|0
28796|170000.0|1|1|2|39|0|0|0|0|0|0|138811.0|136227.0|136893.0|122820.0|120550.0|102054.0|5505.0|4849.0|4614.0|4600.0|3704.0|4506.0|0
27728|300000.0|2|1|1|38|-2|-2|-2|-2|-2|-2|390.0|0.0|0.0|0.0|0.0|0.0|0.0|0.0|0.0|0.0|0.0|1100.0|0
15308|180000.0|2|2|1|32|1|2|2|2|0|0|15548.0|15009.0|17752.0|17172.0|18732.0|23389.0|0.0|3000.0|0.0|2000.0|5000.0|2000.0|1
21303|140000.0|2|1|1|41|0|0|0|0|0|0|80603.0|80193.0|73318.0|70523.0|55318.0|50236.0|3000.0|3336.0|2372.0|1453.0|1536.0|1300.0|0
27027|150000.0|1|1|1|54|-2|-1|-1|-2|-2|-2|4015.0|499.0|-948.0|-1580.0|316.0|316.0|501.0|632.0|0.0|1896.0|316.0|782.0|1
14312|340000.0|2|1|2|35|-1|-1|-1|-1|-1|-1|317.0|3074.0|3002.0|2613.0|1806.0|1989.0|3074.0|3002.0|2613.0|1806.0|1989.0|3370.0|0
17783|290000.0|2|2|2|24|0|0|0|0|0|0|145341.0|136849.0|122627.0|115857.0|101472.0|98069.0|7000.0|6000.0|5024.0|5000.0|5000.0|10000.0|0
3323|220000.0|1|1|2|33|1|-2|-2|-2|-2|-2|0.0|0.0|0.0|0.0|0.0|0.0|0.0|0.0|0.0|0.0|0.0|0.0|1
18789|30000.0|1|2|1|48|0|0|0|0|0|0|26846.0|27879.0|28870.0|27806.0|25142.0|25667.0|1783.0|1774.0|1710.0|1046.0|1079.0|1089.0|0
23666|10000.0|1|3|2|41|0|0|-2|-2|-1|-1|10400.0|0.0|0.0|0.0|400.0|0.0|5275.0|0.0|0.0|400.0|0.0|2400.0|0
15582|230000.0|1|1|2|28|0|0|0|0|0|0|29108.0|29240.0|30062.0|31253.0|31965.0|36782.0|1587.0|1409.0|10000.0|1193.0|6782.0|1026.0|0
25991|200000.0|1|1|1|53|2|2|2|2|2|2|138180.0|140774.0|142460.0|144098.0|147124.0|149531.0|6300.0|5500.0|5500.0|5500.0|5000.0|5000.0|1
24897|30000.0|1|1|2|36|0|0|0|0|2|2|27748.0|24640.0|51026.0|27400.0|26823.0|28621.0|1500.0|1500.0|4200.0|0.0|2252.0|0.0|0
6825|210000.0|1|1|2|36|0|0|0|0|-1|-1|97826.0|20384.0|31294.0|43790.0|510.0|20188.0|5000.0|11294.0|13790.0|1000.0|20188.0|16666.0|0
9925|50000.0|2|2|1|34|0|0|2|0|0|0|11367.0|10982.0|10243.0|10826.0|11699.0|10146.0|3000.0|1000.0|1000.0|1000.0|2000.0|2000.0|0
16010|50000.0|1|1|2|24|0|0|0|0|0|0|42058.0|35340.0|22110.0|19837.0|19855.0|20151.0|1367.0|1606.0|692.0|709.0|721.0|692.0|0
14787|200000.0|2|1|1|42|-2|-2|-2|-2|-1|-1|0.0|0.0|0.0|0.0|1830.0|0.0|0.0|0.0|0.0|1830.0|0.0|0.0|1
25339|230000.0|1|2|1|29|0|0|0|0|0|0|113736.0|99346.0|83649.0|46513.0|35306.0|36217.0|4028.0|3000.0|2000.0|2000.0|1500.0|2000.0|0
6948|50000.0|1|3|1|41|2|2|2|2|-2|-2|20186.0|15773.0|13555.0|0.0|0.0|0.0|2700.0|103.0|0.0|0.0|0.0|0.0|1
6185|90000.0|1|2|1|37|1|2|2|0|0|-2|61584.0|62983.0|61107.0|61976.0|326.0|476.0|3000.0|0.0|3000.0|326.0|476.0|476.0|1
8035|50000.0|2|2|2|43|0|0|0|0|0|0|48474.0|48388.0|38972.0|47584.0|28055.0|28571.0|2334.0|1918.0|12530.0|1001.0|1035.0|1198.0|0
28706|50000.0|2|1|2|40|0|0|0|0|0|0|52841.0|52016.0|51990.0|50570.0|21095.0|19999.0|1860.0|2619.0|2000.0|500.0|714.0|20702.0|0
26604|140000.0|2|2|1|44|0|0|0|0|0|0|127254.0|109717.0|81545.0|81454.0|60176.0|79728.0|6050.0|3700.0|2000.0|3000.0|20000.0|1500.0|1
1545|100000.0|2|1|2|30|0|0|0|0|0|0|90375.0|81572.0|71451.0|68530.0|66844.0|65820.0|3007.0|3200.0|3000.0|3500.0|2600.0|2500.0|0
20745|500000.0|2|1|1|38|-1|0|-1|0|0|0|5410.0|2760.0|36861.0|23200.0|34255.0|18554.0|2700.0|36861.0|10000.0|20055.0|1000.0|5622.0|0
29360|350000.0|1|1|2|33|-1|-1|-1|-2|-2|-1|10900.0|10478.0|-22.0|-22.0|-22.0|4532.0|10530.0|0.0|0.0|0.0|4554.0|0.0|0
7585|160000.0|2|1|2|26|-1|0|0|0|0|-2|157453.0|155081.0|137027.0|70845.0|0.0|0.0|5937.0|5000.0|1417.0|0.0|0.0|0.0|0
4434|50000.0|2|1|2|25|0|0|0|0|0|0|49604.0|29449.0|16005.0|16472.0|18072.0|18405.0|2000.0|1600.0|1000.0|2000.0|618.0|2000.0|0
22513|50000.0|1|2|2|50|0|0|0|0|0|0|16242.0|13277.0|10834.0|10531.0|10239.0|5741.0|1215.0|1087.0|297.0|309.0|220.0|100.0|0
14295|150000.0|2|2|1|25|-1|-1|-2|-1|-1|-1|6156.0|0.0|0.0|316.0|316.0|316.0|0.0|0.0|316.0|316.0|316.0|316.0|0
26230|20000.0|1|2|2|27|1|3|2|2|2|2|19443.0|18851.0|19248.0|18648.0|20040.0|19464.0|0.0|1000.0|0.0|2000.0|0.0|817.0|1
24186|150000.0|2|2|1|36|0|0|2|0|0|0|141460.0|145408.0|142139.0|137453.0|139827.0|136320.0|8021.0|5066.0|6000.0|5029.0|5016.0|5100.0|0
3045|360000.0|2|2|1|42|-1|0|0|0|0|-1|64268.0|45659.0|18875.0|7742.0|5572.0|131869.0|2339.0|4564.0|2200.0|1000.0|131869.0|3862.0|0
19750|100000.0|1|2|2|31|0|0|0|0|0|0|21345.0|26288.0|23386.0|25362.0|26318.0|42484.0|6363.0|4386.0|5362.0|4344.0|20000.0|4382.0|0
5258|50000.0|2|2|2|24|0|0|-1|-1|0|0|97043.0|39837.0|6928.0|17006.0|17363.0|17707.0|2000.0|6943.0|17006.0|630.0|633.0|657.0|0
29780|330000.0|2|2|1|30|0|0|0|0|0|-1|155285.0|156122.0|11733.0|9620.0|0.0|4520.0|10000.0|10000.0|2000.0|0.0|4520.0|2500.0|0
23982|260000.0|2|2|2|35|1|-2|-2|-1|-1|-1|0.0|0.0|0.0|8500.0|2890.0|210.0|0.0|0.0|8500.0|2890.0|210.0|48000.0|0
2186|160000.0|2|1|2|28|0|0|0|0|0|0|40854.0|41849.0|42889.0|43904.0|44777.0|45866.0|1676.0|1716.0|1731.0|1604.0|1812.0|1667.0|0
490|110000.0|2|1|2|27|0|0|0|0|0|0|101640.0|104795.0|104855.0|74737.0|76058.0|77254.0|5500.0|3900.0|3000.0|2900.0|3000.0|2800.0|0
14447|100000.0|1|1|2|27|0|0|0|0|0|0|99777.0|99479.0|94028.0|14578.0|33254.0|16723.0|4252.0|2620.0|408.0|26130.0|653.0|35012.0|0
3531|30000.0|2|2|2|49|2|2|2|2|2|2|28859.0|28116.0|30226.0|29454.0|31775.0|30743.0|0.0|2900.0|0.0|2787.0|0.0|1445.0|0
5851|20000.0|1|3|2|50|-1|-1|-1|-1|-1|0|2191.0|1140.0|12656.0|1693.0|303.0|12303.0|1140.0|12656.0|1700.0|500.0|12000.0|0.0|0
7661|40000.0|2|1|2|27|1|-1|-1|-2|-1|-1|0.0|450.0|0.0|0.0|247.0|0.0|450.0|0.0|0.0|247.0|0.0|0.0|0
2448|90000.0|2|3|2|23|0|0|-1|-1|0|-1|94806.0|119836.0|21836.0|11036.0|29836.0|986.0|30000.0|30000.0|11036.0|19836.0|986.0|21615.0|0
24492|50000.0|2|2|2|24|1|-2|-2|-2|-2|-2|0.0|0.0|0.0|0.0|0.0|0.0|0.0|0.0|0.0|0.0|0.0|0.0|0
28955|100000.0|1|1|2|33|0|0|0|0|0|0|68073.0|64109.0|65302.0|73056.0|74034.0|44825.0|5000.0|3200.0|10000.0|10000.0|10000.0|10000.0|0
18365|130000.0|2|1|2|25|0|0|0|0|-2|-2|123945.0|127883.0|133400.0|0.0|0.0|0.0|6000.0|9000.0|0.0|0.0|0.0|0.0|0
15290|30000.0|2|2|1|31|-1|2|2|3|2|2|699.0|309.0|-471.0|1479.0|1320.0|930.0|0.0|0.0|1950.0|0.0|390.0|0.0|1
29411|450000.0|2|2|2|42|-1|-1|-1|-1|0|-1|182.0|885.0|1099.0|2998.0|2757.0|623.0|889.0|1104.0|2999.0|68.0|626.0|688.0|0
12823|260000.0|1|3|1|50|2|0|-1|0|-1|-1|655.0|1182.0|1076.0|696.0|1012.0|530.0|1076.0|1076.0|0.0|1012.0|530.0|696.0|1
1453|210000.0|2|3|1|28|0|0|0|0|0|0|37608.0|39001.0|40053.0|41084.0|42416.0|43707.0|2000.0|2000.0|2000.0|2000.0|2000.0|2000.0|0
10677|340000.0|2|2|1|43|-2|-2|-2|-2|-2|-2|33245.0|249.0|27476.0|0.0|0.0|24272.0|249.0|27477.0|0.0|0.0|24272.0|11008.0|0
3727|130000.0|1|3|1|44|0|0|0|0|0|0|124716.0|128924.0|131790.0|126031.0|99489.0|94722.0|6789.0|12206.0|6259.0|5105.0|3474.0|6002.0|0
19105|480000.0|2|1|1|60|-1|-1|-1|0|0|0|13406.0|7233.0|96977.0|67030.0|24334.0|28699.0|13736.0|96989.0|4.0|241.0|15819.0|28966.0|0
8393|30000.0|1|1|2|36|2|0|0|0|0|0|24796.0|26088.0|27032.0|26723.0|23143.0|17106.0|2000.0|1804.0|2014.0|1521.0|1204.0|1500.0|1
4145|50000.0|1|2|2|35|-1|-1|-1|-1|-1|0|780.0|0.0|390.0|390.0|28094.0|28263.0|0.0|390.0|390.0|28094.0|1011.0|965.0|0
18502|80000.0|2|3|2|55|2|0|0|0|0|0|76414.0|78009.0|78616.0|49662.0|48867.0|48278.0|3100.0|2420.0|2000.0|1656.0|1693.0|1767.0|0
27830|290000.0|1|1|1|38|-2|-2|-2|-2|-2|-2|2500.0|0.0|0.0|0.0|0.0|0.0|0.0|0.0|0.0|0.0|0.0|0.0|0
9609|80000.0|2|1|2|29|0|0|0|0|2|2|61565.0|62857.0|64773.0|68073.0|69538.0|70841.0|2281.0|2961.0|5000.0|2700.0|2600.0|2700.0|0
12138|20000.0|1|2|1|43|2|2|2|2|4|3|14301.0|17069.0|17818.0|20251.0|19657.0|19072.0|3000.0|1300.0|3000.0|0.0|0.0|0.0|1
21538|50000.0|2|2|2|28|0|0|0|0|0|0|28157.0|28409.0|27589.0|27875.0|28539.0|29202.0|1430.0|1770.0|1446.0|1500.0|1500.0|1073.0|0
13280|20000.0|2|3|2|24|0|-1|0|0|0|0|1360.0|1301.0|2257.0|2641.0|5041.0|248.0|1301.0|1267.0|1648.0|4041.0|0.0|3422.0|0
8477|260000.0|1|2|1|64|2|2|2|2|2|2|2500.0|2500.0|2500.0|2500.0|2500.0|2500.0|0.0|0.0|0.0|0.0|0.0|0.0|1
9541|30000.0|2|2|1|45|2|0|0|0|0|0|31548.0|30226.0|31237.0|13511.0|13781.0|14070.0|1665.0|1676.0|1223.0|493.0|511.0|514.0|0
21035|20000.0|1|2|1|36|2|2|2|2|2|2|25238.0|25274.0|25026.0|23073.0|22857.0|21143.0|2000.0|1700.0|0.0|1653.0|0.0|1940.0|0
8309|210000.0|1|3|1|41|-1|-1|2|0|0|-1|390.0|1732.0|1170.0|780.0|390.0|69438.0|1732.0|0.0|0.0|0.0|69438.0|3750.0|1
27001|20000.0|2|2|1|51|1|2|0|0|0|0|14710.0|14166.0|14040.0|13796.0|12909.0|12015.0|0.0|1253.0|2232.0|402.0|393.0|357.0|0
16922|100000.0|2|2|1|49|0|0|0|0|0|0|55084.0|49358.0|89406.0|77924.0|78683.0|77357.0|2500.0|43075.0|2750.0|2750.0|2800.0|2853.0|0
11780|290000.0|1|1|2|28|0|0|0|2|2|2|6395.0|7330.0|8711.0|9409.0|10153.0|9846.0|1200.0|1500.0|1000.0|900.0|0.0|800.0|1
12014|300000.0|2|2|1|34|-2|-2|-2|-2|-2|-2|205064.0|-86.0|-86.0|2014.0|-185.0|1815.0|0.0|0.0|2100.0|0.0|2000.0|5000.0|0
15304|100000.0|2|1|1|40|1|-2|-2|-1|2|2|-166.0|-482.0|-1114.0|880.0|414.0|1098.0|0.0|0.0|1994.0|0.0|1000.0|0.0|0
8518|200000.0|2|1|2|26|0|-1|-1|-1|-1|-2|1290.0|599.0|0.0|253.0|0.0|0.0|599.0|0.0|253.0|0.0|0.0|0.0|0
7838|250000.0|2|1|2|44|-1|-1|-2|-2|-1|-1|891.0|-33.0|-33.0|-33.0|267.0|144.0|0.0|0.0|0.0|300.0|144.0|0.0|0
14220|290000.0|1|1|2|35|-2|-2|-2|-2|-2|-2|184910.0|118701.0|97606.0|76053.0|53994.0|31812.0|4166.0|3400.0|2588.0|1696.0|1113.0|1647.0|1
8788|70000.0|2|2|2|24|0|0|0|0|-2|-1|64927.0|58840.0|42859.0|0.0|0.0|2254.0|2177.0|5000.0|0.0|0.0|2254.0|24738.0|0
19236|360000.0|2|2|1|38|-1|-1|-1|0|-1|0|994.0|0.0|27566.0|28558.0|12495.0|18906.0|0.0|27566.0|2513.0|12495.0|8906.0|1841.0|0
10461|20000.0|1|3|2|24|0|0|0|0|0|0|16973.0|17984.0|18748.0|19627.0|19624.0|19652.0|1600.0|1357.0|1236.0|623.0|653.0|673.0|0
10912|240000.0|2|2|1|49|-2|-1|2|-1|-1|-1|0.0|2353.0|2135.0|3305.0|0.0|5370.0|2421.0|0.0|3305.0|0.0|5370.0|4605.0|0
12232|340000.0|1|1|2|36|0|0|0|0|0|0|11951.0|16332.0|20391.0|22104.0|26361.0|34333.0|5000.0|5012.0|5000.0|5006.0|10010.0|10000.0|0
19869|90000.0|1|2|1|28|0|0|-2|-2|-2|-2|5580.0|0.0|0.0|0.0|0.0|0.0|0.0|0.0|0.0|0.0|0.0|776.0|0
9026|240000.0|1|3|1|43|-1|-1|2|2|2|2|2690.0|2500.0|2500.0|2500.0|2500.0|0.0|2500.0|0.0|0.0|0.0|0.0|0.0|1
15985|240000.0|1|2|2|43|-1|-1|-1|-1|-1|-1|291.0|291.0|291.0|291.0|291.0|291.0|291.0|291.0|291.0|291.0|291.0|291.0|1
28898|80000.0|1|2|1|57|0|0|0|0|0|0|54211.0|55348.0|56477.0|57601.0|58807.0|60300.0|2007.0|2047.0|2060.0|2133.0|2469.0|2493.0|0
5003|200000.0|2|1|2|31|-2|-2|-2|-2|-2|-2|10742.0|165.0|1295.0|0.0|0.0|0.0|165.0|1295.0|0.0|0.0|0.0|0.0|0
28175|210000.0|1|2|1|39|-1|-1|-1|-1|-1|-1|1443.0|1443.0|1443.0|1443.0|1443.0|1443.0|1443.0|1443.0|1443.0|1443.0|1443.0|1443.0|0
708|120000.0|2|2|1|22|2|2|0|0|0|0|121522.0|120084.0|122250.0|70901.0|40860.0|39553.0|2000.0|5700.0|2964.0|1527.0|1407.0|1873.0|0
13662|140000.0|1|1|2|43|0|0|0|0|0|0|138859.0|141393.0|135784.0|136258.0|137747.0|138593.0|5100.0|4779.0|6000.0|6000.0|6000.0|5200.0|1
5761|50000.0|2|1|2|22|1|2|2|2|0|0|42611.0|41632.0|44069.0|37395.0|32284.0|32805.0|0.0|3509.0|0.0|1302.0|1191.0|1492.0|0
6289|80000.0|2|3|1|46|2|0|0|0|0|2|77490.0|80204.0|79650.0|81338.0|81438.0|80959.0|5000.0|4000.0|4003.0|13000.0|3515.0|0.0|1
8610|50000.0|2|3|2|23|2|2|2|2|2|2|41740.0|42755.0|43878.0|42877.0|45701.0|46720.0|2000.0|2100.0|0.0|3850.0|1900.0|1600.0|1
690|100000.0|2|1|2|32|0|-1|0|0|0|0|41531.0|6120.0|104346.0|91025.0|91120.0|1777.0|6157.0|100000.0|2017.0|1822.0|1777.0|7748.0|0
29218|500000.0|2|2|1|27|0|0|0|0|0|0|174725.0|178556.0|182274.0|185523.0|183530.0|187150.0|6630.0|6831.0|6500.0|6500.0|6500.0|5900.0|0
23916|120000.0|2|2|2|24|2|0|0|0|0|0|67714.0|51385.0|35160.0|13425.0|8517.0|6174.0|2102.0|1021.0|274.0|3001.0|1004.0|4005.0|1
21329|300000.0|2|1|2|38|1|3|2|0|0|-1|10361.0|9692.0|3772.0|1919.0|316.0|2360.0|0.0|3.0|0.0|0.0|2360.0|0.0|0
12799|80000.0|2|3|2|23|0|0|2|2|2|2|71988.0|76940.0|68255.0|55983.0|59823.0|51519.0|6200.0|2000.0|2.0|6278.0|0.0|1567.0|0
14774|80000.0|1|1|2|38|-1|-1|-1|0|-1|-1|780.0|259.0|7544.0|390.0|390.0|332.0|259.0|7544.0|0.0|390.0|332.0|780.0|1
3644|160000.0|2|2|1|38|1|-2|-2|-2|-2|-2|0.0|0.0|0.0|0.0|0.0|0.0|0.0|0.0|0.0|0.0|0.0|0.0|1
11846|310000.0|2|1|1|30|0|0|0|0|0|0|27289.0|28020.0|31140.0|27695.0|17338.0|17731.0|1489.0|4415.0|1084.0|491.0|540.0|4000.0|0
25612|300000.0|1|1|2|28|1|-2|-2|-2|-2|-2|0.0|0.0|0.0|0.0|0.0|0.0|0.0|0.0|0.0|0.0|0.0|0.0|0
8348|480000.0|2|2|1|38|-1|0|0|-1|0|0|4658.0|10545.0|13258.0|51723.0|40511.0|37226.0|6000.0|3066.0|51800.0|5030.0|3039.0|3112.0|0
29722|50000.0|1|3|1|39|0|0|0|0|0|0|26979.0|21029.0|18765.0|19145.0|19229.0|19026.0|1328.0|1298.0|678.0|687.0|691.0|700.0|0
7341|360000.0|2|1|2|26|-2|-2|-2|-2|-2|-2|2741.0|-59.0|-59.0|11868.0|-2.0|450.0|0.0|0.0|11927.0|0.0|452.0|3818.0|0
9382|180000.0|2|2|1|42|-2|-2|-2|-2|-2|-2|390.0|1260.0|598.0|2056.0|4300.0|1802.0|1260.0|598.0|2056.0|4300.0|1802.0|3691.0|0
26917|240000.0|2|1|1|29|0|0|-1|0|0|0|21409.0|17833.0|194043.0|194991.0|192800.0|178318.0|1000.0|194043.0|6530.0|7000.0|7000.0|10000.0|0
22427|240000.0|2|2|1|41|1|-1|-1|-1|-1|-1|0.0|40529.0|3211.0|9795.0|11756.0|12522.0|40529.0|3211.0|9795.0|11756.0|12522.0|6199.0|0
26112|20000.0|2|1|2|23|0|0|0|0|0|0|16841.0|17676.0|18804.0|19037.0|20137.0|20160.0|1642.0|2000.0|1000.0|1730.0|587.0|208.0|0
29165|310000.0|1|1|1|32|1|2|0|0|2|0|310392.0|301861.0|225003.0|234185.0|222139.0|224655.0|56.0|9950.0|17828.0|9.0|7951.0|8070.0|0
19098|450000.0|2|2|1|44|0|0|0|0|0|0|10716.0|12254.0|12815.0|17782.0|9074.0|8490.0|8000.0|5000.0|7000.0|3000.0|2000.0|1626.0|0
26|150000.0|1|2|2|33|0|0|2|2|2|2|53224.0|57297.0|52714.0|56329.0|57311.0|56265.0|5000.0|0.0|4500.0|2500.0|0.0|2500.0|0
6374|140000.0|1|3|1|59|-1|-1|-1|-1|-1|-1|2859.0|3447.0|0.0|2061.0|0.0|3035.0|3447.0|0.0|2061.0|0.0|3035.0|2302.0|0
2822|180000.0|2|2|2|37|-1|-1|-2|-2|-2|-2|491.0|0.0|0.0|0.0|0.0|0.0|0.0|0.0|0.0|0.0|0.0|3738.0|0
25548|310000.0|2|2|1|32|0|0|0|0|0|0|69886.0|70950.0|71403.0|69478.0|53786.0|52791.0|2177.0|2216.0|1879.0|1563.0|2000.0|1539.0|0
1435|50000.0|1|3|1|43|0|0|0|0|0|0|5653.0|16890.0|17606.0|17955.0|18418.0|18601.0|11340.0|1300.0|641.0|751.0|573.0|476.0|0
11529|20000.0|2|3|1|47|0|0|0|-1|-1|-2|8152.0|7268.0|3699.0|780.0|0.0|0.0|1125.0|1000.0|780.0|0.0|0.0|0.0|0
733|220000.0|1|1|1|45|-1|-1|-1|-1|-1|-1|3455.0|11997.0|5874.0|416.0|416.0|416.0|12001.0|5874.0|416.0|416.0|416.0|416.0|0
22830|50000.0|2|2|2|31|1|-2|-2|-2|-2|-2|0.0|0.0|0.0|0.0|0.0|0.0|0.0|0.0|0.0|0.0|0.0|0.0|0
2254|440000.0|1|1|1|54|-1|-1|-1|-1|0|0|8517.0|0.0|241.0|8544.0|1361.0|855.0|0.0|241.0|8598.0|857.0|4.0|2227.0|0
26796|210000.0|1|1|2|35|1|-2|-2|-2|-2|-2|-36.0|-18.0|-18.0|-18.0|-18.0|-18.0|0.0|0.0|0.0|0.0|0.0|0.0|0
10098|160000.0|1|1|1|36|0|0|0|0|-1|-1|67879.0|36865.0|47986.0|0.0|15655.0|0.0|2500.0|15000.0|0.0|15655.0|0.0|1674.0|0
3733|90000.0|2|2|2|24|0|0|0|0|0|0|14520.0|14747.0|4753.0|5152.0|4664.0|4833.0|1240.0|1220.0|1000.0|500.0|800.0|1680.0|0
2654|50000.0|1|3|2|58|-1|0|0|0|0|0|14628.0|15638.0|16383.0|17837.0|15791.0|15988.0|1558.0|1303.0|1757.0|711.0|600.0|1500.0|0
21362|20000.0|2|2|1|26|0|0|0|0|0|0|18141.0|17718.0|18058.0|18623.0|15692.0|15215.0|1600.0|1700.0|1509.0|1000.0|670.0|740.0|0
5080|140000.0|2|2|2|36|0|0|0|0|0|0|134183.0|136457.0|97395.0|99249.0|77188.0|71675.0|8144.0|6812.0|5036.0|3000.0|15000.0|10000.0|0
28292|100000.0|2|3|1|32|-1|-1|2|-1|0|-1|24002.0|22329.0|2781.0|32231.0|2781.0|21651.0|2781.0|0.0|32231.0|0.0|21651.0|26748.0|0
4300|250000.0|2|2|2|24|-1|-1|-1|0|0|-1|956.0|1339.0|2617.0|1817.0|975.0|1141.0|1339.0|2617.0|0.0|0.0|1141.0|1720.0|1
9947|240000.0|1|1|1|47|-2|-2|-2|-2|-2|-2|5731.0|0.0|0.0|0.0|0.0|0.0|0.0|0.0|0.0|0.0|0.0|0.0|0
3828|200000.0|2|1|2|33|0|0|0|0|0|0|150573.0|140844.0|144245.0|135946.0|135736.0|134500.0|6550.0|7200.0|5300.0|5400.0|5240.0|5260.0|0
18784|70000.0|2|1|1|35|0|0|0|0|0|0|59795.0|60684.0|69521.0|45001.0|37214.0|23807.0|2479.0|10128.0|4086.0|1348.0|13032.0|10059.0|0
4842|280000.0|1|1|1|31|0|0|0|0|0|0|235461.0|196894.0|168463.0|149816.0|128721.0|130406.0|8900.0|8100.0|7200.0|5000.0|5000.0|4700.0|0
15484|180000.0|2|2|2|31|0|0|0|0|0|0|176731.0|177490.0|178659.0|138243.0|138023.0|137923.0|6814.0|7756.0|4788.0|5100.0|5500.0|5100.0|0
18048|100000.0|2|3|1|42|-1|2|2|-2|-2|-2|7689.0|2052.0|1281.0|3770.0|2056.0|5628.0|0.0|1281.0|3786.0|2056.0|5634.0|6013.0|0
9055|170000.0|2|2|1|31|0|0|0|0|-2|-1|63948.0|62090.0|63000.0|0.0|0.0|3300.0|5000.0|4000.0|0.0|0.0|3300.0|0.0|0
14471|160000.0|1|1|2|26|0|0|0|-1|-1|-1|135233.0|130038.0|79027.0|6666.0|6666.0|6666.0|5600.0|3715.0|6666.0|6666.0|6666.0|6666.0|0
10264|230000.0|2|2|2|30|0|0|0|0|0|0|62988.0|63056.0|63741.0|64096.0|64473.0|64927.0|2847.0|2303.0|2284.0|2280.0|2345.0|2333.0|0
23834|20000.0|1|2|3|37|0|0|0|0|0|0|19701.0|20302.0|19200.0|17085.0|17953.0|19299.0|2000.0|1500.0|2000.0|2000.0|2000.0|1000.0|0
6980|80000.0|2|1|2|25|1|-2|-1|-1|-2|-2|0.0|0.0|300.0|0.0|0.0|0.0|0.0|300.0|0.0|0.0|0.0|500.0|0
21013|350000.0|1|1|1|49|-2|-2|-2|-2|-2|-2|27506.0|4213.0|1518.0|4625.0|363.0|858.0|4213.0|1529.0|4713.0|363.0|858.0|566.0|0
27416|240000.0|1|1|3|65|0|0|0|-1|-1|-1|4110.0|5000.0|0.0|1000.0|0.0|167747.0|1000.0|0.0|1000.0|0.0|167747.0|4810.0|0
17494|250000.0|2|2|1|37|1|-2|-1|-1|-1|-1|0.0|0.0|9737.0|790.0|20750.0|0.0|0.0|9737.0|790.0|20750.0|0.0|0.0|0
7091|200000.0|2|1|1|49|-1|-1|-1|-1|-2|-2|413.0|0.0|103.0|0.0|0.0|0.0|0.0|103.0|0.0|0.0|0.0|225.0|0
19530|210000.0|2|1|1|44|-1|-1|-1|-1|-1|0|360.0|360.0|1234.0|722.0|1326.0|360.0|360.0|1234.0|722.0|1326.0|0.0|2388.0|0
29317|170000.0|1|1|2|48|2|2|7|7|7|7|2400.0|2400.0|2400.0|2400.0|2400.0|2400.0|0.0|0.0|0.0|0.0|0.0|0.0|0
26998|50000.0|1|2|2|25|0|0|0|0|0|0|43785.0|38971.0|34836.0|18488.0|19716.0|17932.0|1795.0|1660.0|1272.0|1500.0|644.0|704.0|1
15365|50000.0|1|2|2|34|1|2|2|2|0|0|53916.0|55036.0|56075.0|54515.0|52250.0|52433.0|2600.0|2500.0|0.0|2000.0|4000.0|0.0|1
21665|260000.0|2|2|2|27|0|0|0|-1|-1|0|25419.0|19045.0|19270.0|11915.0|114479.0|24511.0|3000.0|3017.0|11915.0|114479.0|2000.0|2500.0|0
17308|400000.0|2|1|2|39|0|0|0|0|0|0|404924.0|359634.0|360270.0|325340.0|328627.0|329948.0|13521.0|12374.0|11643.0|11868.0|18000.0|15000.0|0
9052|10000.0|2|2|2|22|2|0|0|0|0|0|7582.0|8502.0|9479.0|9669.0|9978.0|9928.0|1200.0|1136.0|326.0|444.0|199.0|0.0|1
22956|420000.0|2|1|2|31|0|0|0|0|-1|0|127901.0|95981.0|65979.0|36614.0|208821.0|209508.0|3900.0|5000.0|5000.0|208821.0|9508.0|32258.0|0
14170|410000.0|2|1|1|34|1|-2|-2|-2|-2|-2|0.0|0.0|0.0|0.0|0.0|0.0|0.0|0.0|0.0|0.0|0.0|3996.0|0
19905|230000.0|2|1|2|31|0|0|0|0|0|0|81734.0|82238.0|80623.0|90997.0|62063.0|62003.0|3687.0|4539.0|2220.0|3214.0|2407.0|2061.0|0
20110|190000.0|1|1|1|55|-1|-1|-1|-1|-1|-1|5928.0|9770.0|8032.0|30.0|240.0|540.0|9770.0|8034.0|0.0|600.0|690.0|742.0|0
7262|170000.0|2|2|1|27|0|0|0|0|0|0|164214.0|165825.0|167008.0|131544.0|125652.0|127224.0|8001.0|7077.0|5000.0|5000.0|5000.0|5000.0|0
25596|80000.0|1|1|2|25|0|0|0|0|0|0|31443.0|26358.0|20050.0|10850.0|4204.0|0.0|1800.0|1621.0|0.0|0.0|0.0|0.0|0
2082|20000.0|2|2|1|46|3|2|2|2|3|5|11698.0|13189.0|14663.0|16109.0|19525.0|18646.0|2000.0|2000.0|2000.0|4000.0|0.0|1000.0|1
19107|340000.0|2|2|1|31|-1|0|0|0|0|0|33639.0|37373.0|40990.0|42415.0|38367.0|37940.0|5000.0|5000.0|3000.0|2000.0|2000.0|3000.0|0
3619|100000.0|2|2|1|46|0|0|0|0|0|0|98200.0|74247.0|71635.0|72809.0|74100.0|75316.0|3228.0|3000.0|2743.0|3000.0|3000.0|3000.0|0
17800|100000.0|1|3|1|41|1|-1|-1|-2|-1|0|0.0|840.0|0.0|0.0|63562.0|66520.0|840.0|0.0|0.0|63562.0|4000.0|3000.0|1
29756|150000.0|2|2|2|28|0|0|0|0|0|0|46576.0|43583.0|45569.0|46533.0|47653.0|49729.0|2500.0|3000.0|2000.0|2000.0|3000.0|2000.0|0
23546|50000.0|1|3|2|31|0|0|0|2|0|0|5458.0|7208.0|17221.0|16738.0|17106.0|15415.0|2000.0|10600.0|0.0|700.0|3000.0|4200.0|0
9788|260000.0|2|1|2|29|0|0|0|0|0|0|267336.0|264929.0|234214.0|169096.0|117873.0|79782.0|11000.0|9800.0|6000.0|4088.0|3000.0|3000.0|1
16391|300000.0|1|1|2|31|0|0|-1|0|-1|-1|16772.0|943.0|38450.0|29925.0|33769.0|21020.0|934.0|38500.0|29700.0|33769.0|21020.0|5418.0|0
28507|200000.0|2|2|1|47|-1|-1|0|0|0|0|528.0|13921.0|14943.0|14692.0|14733.0|14820.0|13921.0|1528.0|500.0|528.0|655.0|284.0|0
10212|20000.0|1|2|2|37|0|0|0|-2|-1|0|7440.0|15960.0|0.0|-1953.0|5985.0|6893.0|10050.0|0.0|18047.0|7985.0|1000.0|2000.0|0
11206|420000.0|2|3|1|39|-2|-2|-2|-2|-2|-2|2476.0|3570.0|11343.0|5216.0|23001.0|2439.0|3634.0|11353.0|5255.0|23001.0|2439.0|0.0|0
18299|110000.0|1|2|2|24|2|2|2|2|2|2|98428.0|101402.0|104878.0|105325.0|102220.0|107970.0|5500.0|6600.0|3700.0|0.0|7500.0|0.0|1
26378|170000.0|2|2|2|25|0|0|0|0|0|0|65531.0|64149.0|46188.0|42793.0|30466.0|25583.0|2019.0|2006.0|2002.0|788.0|989.0|1000.0|0
16033|460000.0|2|2|1|50|0|0|0|0|0|0|581319.0|552144.0|523423.0|493548.0|429966.0|427216.0|19141.0|19141.0|20141.0|14642.0|31549.0|15522.0|1
16949|280000.0|2|2|2|37|-1|-1|-1|-1|-1|-1|12693.0|13214.0|13466.0|12619.0|13985.0|12603.0|13214.0|13466.0|12619.0|13985.0|12603.0|16921.0|0
27767|50000.0|2|3|1|52|-2|-2|-2|-2|-2|-2|0.0|0.0|0.0|0.0|0.0|0.0|0.0|0.0|0.0|0.0|0.0|0.0|0
20862|80000.0|1|2|2|27|1|2|2|2|2|2|53576.0|52128.0|56657.0|57340.0|55823.0|58260.0|0.0|6000.0|2200.0|0.0|3500.0|3500.0|1
1448|20000.0|2|2|2|40|0|0|0|0|0|0|6689.0|7723.0|8730.0|8936.0|8994.0|9244.0|1300.0|1294.0|500.0|350.0|400.0|400.0|0
15567|100000.0|2|2|1|28|0|0|0|0|0|0|94245.0|95268.0|96620.0|97938.0|78126.0|65680.0|3500.0|3800.0|3900.0|3000.0|2300.0|2300.0|0
19587|140000.0|2|2|1|56|0|0|0|0|-1|-1|123460.0|85778.0|89255.0|82800.0|16800.0|5367.0|5000.0|5000.0|4132.0|16800.0|5367.0|2000.0|0
19837|220000.0|2|1|1|39|0|-1|-1|0|0|-1|6589.0|2901.0|10836.0|26227.0|18590.0|785.0|2901.0|10836.0|18590.0|0.0|785.0|8700.0|0
22703|160000.0|2|2|2|38|0|0|0|0|0|0|133017.0|125321.0|122044.0|111799.0|92039.0|89536.0|7008.0|6300.0|5000.0|3000.0|2606.0|4006.0|0
26700|150000.0|2|1|2|35|1|-1|-1|-2|-2|-1|0.0|1070.0|-240.0|-240.0|-240.0|390.0|1070.0|0.0|0.0|0.0|1170.0|390.0|0
10508|230000.0|1|2|2|30|0|0|0|0|0|0|171861.0|157389.0|161622.0|162501.0|163329.0|161560.0|10000.0|10000.0|8000.0|10000.0|7000.0|7000.0|0
4316|90000.0|2|2|2|27|-1|-1|0|0|0|0|18674.0|88907.0|90659.0|82827.0|79359.0|81401.0|92858.0|4100.0|3200.0|3100.0|3500.0|3500.0|0
16442|170000.0|2|1|1|52|-1|-1|2|-1|-1|-1|2939.0|5447.0|416.0|7509.0|6387.0|1516.0|3000.0|5.0|7509.0|6387.0|1666.0|3023.0|0
25533|230000.0|2|4|2|34|0|0|0|-1|-1|-1|2223.0|2233.0|159.0|1772.0|28704.0|19474.0|1000.0|159.0|1778.0|28704.0|19474.0|650.0|0
2213|220000.0|2|2|3|50|0|0|0|0|0|0|127571.0|116768.0|55863.0|57079.0|51202.0|53195.0|5200.0|2000.0|2000.0|2000.0|3200.0|2001.0|0
10198|300000.0|2|2|1|31|0|-1|-1|-1|0|0|3565.0|316.0|316.0|17597.0|15257.0|9482.0|316.0|316.0|17597.0|2000.0|2690.0|2000.0|0
16476|130000.0|2|2|1|25|0|-1|-1|-1|0|0|61223.0|4003.0|3223.0|23264.0|20582.0|18182.0|4003.0|3223.0|43264.0|2000.0|1000.0|2000.0|0
12582|100000.0|1|1|2|27|1|-1|-1|0|-1|-1|0.0|429.0|858.0|429.0|429.0|429.0|429.0|858.0|0.0|429.0|429.0|429.0|0
26838|150000.0|2|1|2|33|0|0|0|0|0|0|1911.0|3079.0|4057.0|1920.0|1920.0|0.0|1189.0|1167.0|1000.0|0.0|0.0|0.0|1
13908|120000.0|2|1|2|26|0|0|0|0|0|0|115520.0|98551.0|84797.0|66398.0|44428.0|31738.0|5001.0|5076.0|5000.0|3042.0|2110.0|600.0|0
7463|20000.0|2|1|2|22|-1|-1|-2|-2|-2|-2|18356.0|0.0|0.0|0.0|0.0|0.0|0.0|0.0|0.0|0.0|0.0|0.0|0
2701|20000.0|1|3|2|35|-2|-2|-2|-2|-1|-1|0.0|0.0|0.0|0.0|13007.0|13912.0|0.0|0.0|0.0|13007.0|1122.0|0.0|0
2544|450000.0|1|1|1|40|1|-2|-2|-2|-2|-2|0.0|0.0|0.0|0.0|0.0|0.0|0.0|0.0|0.0|0.0|0.0|0.0|1
2555|60000.0|1|2|2|25|-1|-1|0|-1|-1|0|480.0|1675.0|3630.0|578.0|4825.0|6200.0|1675.0|2500.0|578.0|4825.0|2000.0|2435.0|0
25159|180000.0|1|2|1|27|0|0|0|0|0|0|181219.0|183311.0|183936.0|181370.0|179904.0|172758.0|7000.0|8021.0|6315.0|6432.0|6409.0|6008.0|0
17484|500000.0|2|1|1|48|-1|0|0|0|0|0|273430.0|268256.0|262467.0|254307.0|249106.0|242741.0|9704.0|10851.0|9005.0|9074.0|8501.0|8985.0|0
14449|20000.0|1|3|2|25|3|2|2|4|4|4|1650.0|1650.0|1650.0|1650.0|1650.0|1650.0|0.0|0.0|0.0|0.0|0.0|0.0|1
19848|290000.0|1|2|2|29|0|0|0|0|0|0|1199.0|2528.0|3781.0|6076.0|6336.0|10570.0|2000.0|2000.0|3000.0|1000.0|5000.0|1000.0|0
29843|470000.0|2|2|1|49|0|-1|-1|-1|-1|-1|3388.0|1359.0|7650.0|6682.0|1942.0|0.0|1359.0|7650.0|6682.0|1942.0|0.0|5870.0|1
14241|360000.0|1|3|2|54|-2|-2|-2|-2|-2|-2|390.0|390.0|390.0|390.0|390.0|390.0|390.0|390.0|390.0|390.0|390.0|96702.0|0
13914|20000.0|2|2|1|39|0|0|0|0|0|0|45629.0|46661.0|47594.0|49281.0|18714.0|19162.0|2500.0|2400.0|2000.0|900.0|800.0|600.0|0
14990|320000.0|1|1|1|44|-1|-1|-1|-1|-1|-1|7500.0|8500.0|7500.0|7500.0|7500.0|7500.0|8500.0|7500.0|7500.0|7500.0|7500.0|7500.0|0
18182|130000.0|1|2|1|50|0|0|2|0|0|2|122079.0|127725.0|129558.0|126907.0|99773.0|98086.0|7700.0|6000.0|5800.0|5800.0|2895.0|400.0|0
1703|120000.0|2|2|2|33|-2|-2|-2|-2|-2|-2|0.0|0.0|0.0|0.0|0.0|0.0|0.0|0.0|0.0|0.0|0.0|0.0|0
11986|160000.0|2|1|2|27|0|0|0|0|0|0|124573.0|122730.0|125319.0|125283.0|124170.0|125140.0|5800.0|5900.0|5900.0|4300.0|4600.0|4400.0|0
13529|360000.0|1|1|1|33|-1|-1|-1|-1|-1|-1|2040.0|894.0|1228.0|746.0|2153.0|307.0|897.0|1234.0|749.0|2163.0|308.0|298.0|0
18217|110000.0|1|2|2|25|0|-1|0|0|-1|-1|54165.0|88490.0|99595.0|99055.0|30328.0|24564.0|88490.0|30000.0|40000.0|30328.0|24564.0|42000.0|0
14369|180000.0|2|2|1|37|0|0|0|0|0|0|14704.0|14417.0|13387.0|9537.0|38456.0|35947.0|1244.0|1064.0|278.0|31369.0|1268.0|1118.0|1
753|40000.0|2|1|2|27|0|0|0|0|0|0|30923.0|26175.0|27251.0|29397.0|19650.0|23202.0|5000.0|1522.0|10000.0|10000.0|15000.0|841.0|0
2192|360000.0|1|1|2|36|-1|-1|-1|-1|-1|-1|415.0|-350.0|325.0|765.0|24851.0|414.0|0.0|1000.0|765.0|24851.0|414.0|30664.0|0
8950|110000.0|2|2|1|40|0|0|0|0|0|0|5457.0|6660.0|7590.0|8657.0|9013.0|9367.0|1300.0|1200.0|1200.0|500.0|500.0|1000.0|0
10259|330000.0|2|3|1|55|0|0|0|0|0|0|21333.0|25915.0|25036.0|21804.0|19228.0|18799.0|5000.0|5200.0|6000.0|4300.0|5000.0|4000.0|0
23162|90000.0|2|1|1|29|0|0|0|0|0|0|45343.0|31228.0|29756.0|27751.0|20292.0|14937.0|2967.0|2007.0|1429.0|1092.0|412.0|263.0|0
6334|330000.0|2|1|1|34|0|0|-1|-1|0|0|21576.0|24226.0|15577.0|89851.0|86005.0|121319.0|5002.0|15579.0|89851.0|5000.0|50000.0|100000.0|0
11794|160000.0|2|1|2|33|-1|-1|-1|-1|-2|-2|6113.0|980.0|11140.0|2659.0|14336.0|16533.0|980.0|11490.0|2673.0|14558.0|16615.0|1787.0|0
6883|280000.0|1|2|1|53|0|0|0|0|0|-1|278127.0|42518.0|31900.0|21342.0|11500.0|2000.0|1700.0|1500.0|1400.0|2000.0|2000.0|2900.0|1
9562|100000.0|1|1|2|32|0|0|0|0|2|0|99573.0|159480.0|56267.0|11788.0|11400.0|11419.0|2787.0|1353.0|1739.0|0.0|1000.0|1147.0|0
5015|60000.0|2|2|1|49|0|0|0|0|0|0|58928.0|59446.0|56761.0|41130.0|27097.0|27331.0|2500.0|2300.0|1547.0|1396.0|1200.0|2000.0|0
27697|170000.0|2|2|2|35|0|0|0|-1|-1|-1|13500.0|7499.0|7301.0|10342.0|14295.0|20471.0|1315.0|1200.0|10342.0|14295.0|20471.0|6401.0|0
2473|50000.0|2|1|2|21|0|0|0|0|0|0|36809.0|33121.0|29672.0|22365.0|12702.0|4134.0|5143.0|5000.0|1021.0|0.0|3000.0|0.0|0
26307|110000.0|1|2|1|30|0|0|0|0|0|0|107372.0|109156.0|111795.0|54358.0|58499.0|61445.0|5000.0|5000.0|3000.0|5000.0|6000.0|3000.0|0
9336|150000.0|2|4|1|26|1|-2|-2|-2|-1|-1|0.0|0.0|0.0|0.0|741.0|0.0|0.0|0.0|0.0|741.0|0.0|1669.0|0
9140|300000.0|2|2|2|32|0|0|0|0|0|0|139578.0|123041.0|110751.0|99222.0|83859.0|72220.0|6000.0|4500.0|3500.0|3000.0|3000.0|7500.0|0
17056|50000.0|2|1|2|26|0|0|0|0|0|0|48338.0|48283.0|40989.0|26695.0|18884.0|20131.0|3008.0|2024.0|3000.0|1000.0|5000.0|1500.0|0
14180|130000.0|2|1|1|46|0|0|0|0|0|-1|15393.0|16624.0|18932.0|22001.0|3403.0|3859.0|1593.0|3000.0|4000.0|0.0|3860.0|249.0|0
20971|170000.0|2|2|1|31|0|0|0|0|0|0|102477.0|104499.0|106657.0|108804.0|109584.0|111881.0|5210.0|5323.0|5402.0|4071.0|4215.0|4081.0|0
2937|20000.0|1|2|2|23|-1|0|0|0|0|0|15879.0|15441.0|9124.0|12915.0|4305.0|18495.0|4000.0|2000.0|10000.0|500.0|16000.0|1000.0|0
1132|90000.0|2|3|1|54|0|0|0|0|0|0|18131.0|18219.0|36190.0|17754.0|11104.0|11234.0|2301.0|1354.0|2906.0|370.0|381.0|376.0|0
11024|130000.0|2|3|2|45|0|0|0|0|0|0|38222.0|37939.0|37705.0|37391.0|38137.0|37647.0|1612.0|1639.0|1586.0|1332.0|1352.0|1382.0|0
5970|200000.0|2|2|1|31|-1|2|-1|2|2|-1|2480.0|150.0|206.0|56.0|56.0|440.0|0.0|206.0|0.0|0.0|880.0|440.0|0
2181|250000.0|1|1|1|53|1|-1|-1|-1|-1|-1|0.0|4190.0|21500.0|0.0|10180.0|7680.0|4190.0|25690.0|0.0|10180.0|7680.0|0.0|1
29548|520000.0|2|2|2|42|0|0|0|0|0|0|437492.0|405442.0|381086.0|353074.0|330171.0|324386.0|14710.0|14200.0|12300.0|11200.0|11200.0|11200.0|0
22022|30000.0|2|2|2|23|2|0|0|2|2|2|16089.0|17127.0|19108.0|18503.0|20100.0|19629.0|1300.0|2272.0|0.0|1900.0|0.0|1000.0|1
11079|30000.0|2|2|2|22|0|0|0|0|0|0|28387.0|29612.0|30326.0|28004.0|26446.0|6411.0|1686.0|1400.0|560.0|3000.0|1765.0|0.0|1
28558|20000.0|1|2|1|31|0|0|0|0|0|0|18490.0|25404.0|19789.0|19985.0|19676.0|6971.0|1500.0|2393.0|1000.0|494.0|139.0|19710.0|0
24473|320000.0|2|1|1|36|-1|2|0|0|0|0|7868.0|6728.0|13355.0|16876.0|20443.0|24101.0|0.0|8000.0|5000.0|5000.0|5000.0|11906.0|0
2356|100000.0|2|2|1|28|0|0|0|0|0|0|36428.0|48850.0|20904.0|13955.0|14573.0|16084.0|6000.0|5000.0|1000.0|4000.0|5000.0|8000.0|0
23902|20000.0|1|2|2|27|0|0|0|0|-2|-2|2003.0|2948.0|3372.0|0.0|0.0|0.0|1086.0|1000.0|0.0|0.0|0.0|0.0|0
9492|250000.0|2|1|1|39|0|0|0|0|0|0|196409.0|182372.0|191040.0|199400.0|206988.0|167607.0|6023.0|15000.0|10011.0|11214.0|5315.0|3180.0|0
18224|200000.0|2|1|2|27|0|0|0|0|0|0|201202.0|202252.0|195276.0|167209.0|144232.0|137271.0|15200.0|9600.0|9503.0|5148.0|4968.0|4930.0|0
1219|60000.0|2|3|1|44|-1|0|0|0|0|0|63236.0|64683.0|66510.0|58622.0|47317.0|48726.0|2500.0|3000.0|2292.0|1526.0|2000.0|2000.0|1
2223|300000.0|1|2|1|40|0|0|0|0|0|0|25492.0|28048.0|30582.0|33059.0|35498.0|39902.0|3000.0|3000.0|3000.0|3000.0|5000.0|5000.0|0
5218|20000.0|2|3|1|56|0|0|0|0|0|0|12685.0|13634.0|12115.0|12356.0|12623.0|13905.0|1188.0|1201.0|442.0|466.0|1500.0|421.0|0
24941|300000.0|1|1|1|42|-1|0|0|-1|0|0|11973.0|61834.0|25145.0|37666.0|19453.0|10492.0|20979.0|5000.0|37676.0|8808.0|2000.0|2709.0|1
28952|350000.0|2|1|1|37|-2|-2|-2|-2|-2|-2|6185.0|27821.0|36140.0|34022.0|26366.0|67650.0|27821.0|36532.0|34022.0|20000.0|117650.0|74086.0|0
27092|170000.0|2|1|2|30|-1|-1|-1|0|0|0|8404.0|16835.0|2200.0|7510.0|12510.0|19720.0|16835.0|2200.0|5510.0|5000.0|8100.0|0.0|0
17628|120000.0|1|1|1|43|-1|-1|-1|-1|-1|-1|3131.0|4176.0|2541.0|5648.0|4122.0|0.0|5126.0|2557.0|5667.0|4144.0|0.0|3463.0|0
16154|30000.0|2|3|2|44|2|0|0|0|0|2|25039.0|25989.0|23078.0|23697.0|25257.0|25595.0|1700.0|1384.0|1003.0|2100.0|900.0|0.0|1
3575|70000.0|1|1|1|42|0|0|2|2|0|0|119687.0|127218.0|128391.0|125183.0|124527.0|125255.0|11100.0|4551.0|9.0|4230.0|4253.0|4545.0|0
18971|280000.0|2|1|2|28|0|0|0|0|0|-1|51439.0|44605.0|45426.0|38563.0|29669.0|24892.0|20000.0|10000.0|0.0|0.0|24892.0|106941.0|0
17793|350000.0|2|2|1|39|1|-2|-2|-2|-2|-2|0.0|0.0|0.0|0.0|590.0|0.0|0.0|0.0|0.0|590.0|0.0|0.0|0
25068|90000.0|2|1|2|29|-2|-2|-2|-2|-2|-2|-240.0|-240.0|-240.0|-240.0|-240.0|-240.0|0.0|0.0|0.0|0.0|0.0|0.0|0
1735|50000.0|2|3|1|53|1|2|0|0|0|0|51254.0|49852.0|28379.0|15988.0|16718.0|17446.0|0.0|6200.0|2000.0|1000.0|1000.0|1000.0|0
6886|100000.0|2|2|2|35|0|0|0|0|0|0|100207.0|94080.0|75428.0|76450.0|77503.0|64119.0|4026.0|3100.0|3050.0|3000.0|2300.0|2700.0|0
22849|160000.0|2|2|1|28|0|0|0|0|0|0|6031.0|7057.0|7912.0|8080.0|8250.0|8565.0|1280.0|1132.0|300.0|300.0|452.0|312.0|0
7762|500000.0|2|1|2|41|-1|-1|-1|-1|-1|-1|2345.0|3595.0|1537.0|360.0|0.0|785.0|3595.0|1537.0|363.0|0.0|785.0|0.0|1
22291|60000.0|1|2|2|24|0|0|0|0|0|2|60753.0|54892.0|59268.0|17967.0|20309.0|17867.0|2800.0|6100.0|621.0|2609.0|0.0|756.0|0
7060|280000.0|2|1|2|30|-1|-1|-1|-1|-1|-1|596.0|645.0|2550.0|349.0|1148.0|785.0|645.0|2550.0|349.0|1148.0|785.0|175.0|0
9417|370000.0|2|1|1|42|0|0|0|0|0|0|291006.0|271452.0|256269.0|200761.0|125646.0|111185.0|12100.0|11295.0|8300.0|5000.0|4600.0|10000.0|0
20462|210000.0|2|1|2|33|-1|-1|-1|-1|0|0|27042.0|0.0|188.0|16464.0|13947.0|0.0|0.0|188.0|16476.0|0.0|0.0|0.0|0
15100|350000.0|1|2|1|36|0|0|-1|0|-1|-1|32596.0|16666.0|32597.0|16666.0|16666.0|32809.0|1000.0|32597.0|1000.0|16666.0|32809.0|526.0|1
21502|30000.0|1|2|1|36|0|0|2|0|0|0|18441.0|19936.0|20803.0|21655.0|22646.0|23764.0|1800.0|1500.0|1500.0|1500.0|1500.0|1500.0|1
7929|20000.0|1|1|2|30|-1|-1|3|2|0|0|323.0|24910.0|22469.0|21780.0|20363.0|20199.0|26703.0|0.0|0.0|1000.0|800.0|1000.0|1
12316|10000.0|2|3|2|22|0|0|2|0|0|0|10012.0|9784.0|9473.0|8947.0|9135.0|8613.0|2452.0|7.0|308.0|320.0|328.0|1000.0|1
18400|20000.0|1|2|2|25|-1|-1|-1|-1|0|0|769.0|1011.0|628.0|2198.0|365.0|-34.0|1500.0|700.0|2500.0|0.0|0.0|2000.0|0
3097|130000.0|2|3|1|26|0|0|2|2|2|0|121329.0|128791.0|127881.0|133130.0|127159.0|131069.0|11000.0|2600.0|9000.0|0.0|6000.0|5000.0|0
29051|200000.0|1|1|1|59|0|0|0|2|2|2|27119.0|28081.0|30299.0|29516.0|31378.0|31914.0|1700.0|3000.0|0.0|2500.0|1200.0|0.0|0
8910|200000.0|1|1|1|41|-1|-1|-1|2|0|-1|1980.0|1802.0|5647.0|3604.0|1802.0|1802.0|1802.0|5647.0|0.0|0.0|1802.0|3829.0|0
25513|100000.0|1|1|2|27|-1|-1|-1|-1|-1|-2|2927.0|831.0|1226.0|330.0|0.0|0.0|831.0|1226.0|330.0|0.0|0.0|0.0|1
5216|70000.0|1|2|1|37|2|2|2|2|2|2|44207.0|45305.0|46067.0|45029.0|47835.0|48797.0|2100.0|1800.0|0.0|3700.0|1900.0|2000.0|1
2962|120000.0|1|1|2|32|-1|-1|-1|-1|-1|-1|890.0|390.0|390.0|1480.0|0.0|6477.0|390.0|390.0|1480.0|0.0|6477.0|0.0|1
7440|240000.0|2|2|1|47|1|2|2|2|2|2|124425.0|131943.0|133457.0|134749.0|132651.0|140600.0|10839.0|5000.0|4800.0|0.0|10000.0|5200.0|1
4113|20000.0|1|2|2|31|0|0|0|2|0|0|12214.0|13694.0|16660.0|16100.0|17521.0|19237.0|2000.0|3200.0|0.0|2000.0|2000.0|0.0|0
21617|310000.0|1|1|2|37|-2|-2|-2|-2|-2|-2|0.0|0.0|0.0|0.0|0.0|0.0|0.0|0.0|0.0|0.0|0.0|0.0|1
646|70000.0|2|3|1|49|2|2|2|2|2|2|21024.0|21790.0|21142.0|23772.0|24930.0|25709.0|1400.0|0.0|3000.0|1700.0|1340.0|1100.0|1
2102|350000.0|1|3|1|41|0|0|0|0|0|0|349125.0|338832.0|296868.0|237193.0|233591.0|237351.0|12005.0|10095.0|8389.0|8474.0|7640.0|6847.0|0
29907|140000.0|2|2|1|48|0|0|0|0|0|0|41241.0|42548.0|44552.0|46503.0|48418.0|49277.0|1996.0|3000.0|3000.0|3000.0|1790.0|1965.0|0
21849|170000.0|1|2|2|33|-1|-1|-1|-1|-1|-1|2164.0|165.0|165.0|0.0|4841.0|95.0|165.0|165.0|0.0|4841.0|95.0|531.0|0
22174|170000.0|1|1|2|32|2|2|-2|-2|-2|-1|2097.0|0.0|0.0|0.0|0.0|6271.0|0.0|0.0|0.0|0.0|6271.0|0.0|1
12895|100000.0|2|2|2|24|0|0|0|0|-1|0|7094.0|8249.0|7911.0|17716.0|1002.0|1518.0|1439.0|2000.0|10070.0|1002.0|1000.0|500.0|0
23365|100000.0|2|1|2|29|-1|-1|-1|-1|-1|-1|5466.0|5652.0|9690.0|5286.0|8191.0|11272.0|5652.0|9690.0|6916.0|8191.0|6412.0|0.0|0
22866|80000.0|2|2|2|45|1|-1|-1|-2|-2|-2|-1600.0|82150.0|0.0|0.0|0.0|0.0|83750.0|0.0|0.0|0.0|0.0|0.0|0
11989|50000.0|2|1|2|32|1|2|2|2|0|0|20091.0|20175.0|22718.0|22057.0|23044.0|24990.0|700.0|3200.0|0.0|1500.0|2340.0|924.0|1
4064|50000.0|2|1|2|29|-1|-1|-1|-1|-1|-1|2000.0|5743.0|1134.0|3067.0|5496.0|1194.0|5934.0|1134.0|3067.0|5496.0|1194.0|6499.0|0
16994|110000.0|1|2|1|39|2|3|2|2|2|2|39733.0|38862.0|40995.0|40106.0|42492.0|43197.0|0.0|3000.0|0.0|3300.0|1463.0|0.0|1
17093|200000.0|2|2|2|31|0|0|0|0|-2|-2|8350.0|4750.0|5134.0|245.0|56.0|167.0|2001.0|1001.0|501.0|201.0|501.0|501.0|0
26648|70000.0|1|2|2|30|1|2|2|0|0|2|65802.0|67369.0|65701.0|66782.0|36137.0|36894.0|3200.0|0.0|3000.0|3000.0|1500.0|0.0|1
727|330000.0|1|2|2|37|0|-1|-1|-1|-1|-1|16270.0|140.0|500.0|1226.0|-1121.0|1879.0|140.0|1500.0|1226.0|0.0|3000.0|3000.0|0
17068|100000.0|2|2|1|31|2|2|0|0|0|2|17606.0|17040.0|19139.0|19325.0|20855.0|20372.0|0.0|2700.0|800.0|2000.0|0.0|1000.0|0
5904|390000.0|1|1|1|31|0|0|-1|-1|-1|-1|54007.0|62761.0|10373.0|6803.0|2601.0|2979.0|49188.0|10411.0|6830.0|2608.0|2987.0|2236.0|0
2174|350000.0|2|2|2|40|-2|-2|-2|-2|-2|-2|26774.0|22062.0|38491.0|4683.0|3797.0|6677.0|22181.0|38683.0|4706.0|3816.0|6708.0|20105.0|0
2050|320000.0|1|1|1|44|-2|-2|-2|-2|-2|-2|14075.0|6813.0|13482.0|2975.0|2029.0|888.0|6818.0|13482.0|2975.0|2029.0|888.0|1332.0|0
23112|190000.0|1|3|1|50|0|0|0|0|2|0|102648.0|106410.0|108770.0|115325.0|112063.0|114484.0|5400.0|5491.0|9800.0|0.0|4300.0|8700.0|0
615|50000.0|1|3|2|50|0|0|0|0|0|0|50693.0|43217.0|32829.0|26811.0|24477.0|24177.0|1900.0|1677.0|900.0|1023.0|1024.0|1016.0|0
7503|40000.0|2|3|1|44|0|0|0|0|0|0|13033.0|14041.0|15065.0|16077.0|16396.0|16739.0|1232.0|1256.0|1268.0|587.0|607.0|611.0|0
26290|50000.0|1|1|2|27|1|-1|2|-1|-1|-1|-45.0|559.0|163.0|267.0|-129.0|325.0|1000.0|0.0|500.0|0.0|1000.0|500.0|1
5324|80000.0|2|2|2|31|2|0|0|0|0|0|30911.0|28190.0|27045.0|22843.0|20578.0|19049.0|2009.0|1751.0|1500.0|1000.0|779.0|545.0|1
21457|110000.0|1|1|2|28|0|0|0|0|0|0|102282.0|104196.0|105922.0|108820.0|66883.0|68083.0|5200.0|5000.0|5000.0|2100.0|2000.0|2000.0|0
12441|100000.0|2|1|2|24|2|0|0|0|0|0|76831.0|72100.0|66575.0|68499.0|69584.0|71247.0|4037.0|3000.0|3000.0|3000.0|3000.0|2600.0|0
22606|40000.0|1|1|2|26|0|0|0|0|0|0|18338.0|20033.0|21687.0|22327.0|22816.0|23436.0|2000.0|2000.0|1000.0|1000.0|1000.0|1500.0|0
3184|260000.0|1|1|2|28|-1|-1|-1|-1|-1|-1|76996.0|11515.0|13392.0|22209.0|54807.0|62534.0|11515.0|13419.0|22209.0|54807.0|62534.0|37935.0|0
17550|100000.0|2|1|2|25|-1|-1|-1|-1|0|0|12660.0|5000.0|0.0|6272.0|10135.0|11958.0|5000.0|0.0|6272.0|4000.0|2000.0|0.0|0
29710|170000.0|2|1|2|29|-1|-1|-1|0|0|0|5539.0|337.0|11277.0|11277.0|14277.0|-47.0|1147.0|11477.0|0.0|3000.0|0.0|0.0|1
20156|300000.0|1|1|2|32|1|2|2|-1|0|0|10566.0|11293.0|12000.0|3458.0|56338.0|56735.0|1200.0|1200.0|9427.0|55000.0|2000.0|2000.0|0
17455|400000.0|1|1|1|47|0|0|0|0|0|0|105610.0|107495.0|111150.0|112444.0|97523.0|84858.0|3904.0|5646.0|5000.0|3000.0|5000.0|5000.0|0
19856|20000.0|1|3|2|37|0|0|0|-1|-1|-2|19716.0|20518.0|16551.0|1700.0|0.0|0.0|1547.0|1350.0|1700.0|0.0|0.0|0.0|0
8188|230000.0|2|1|2|28|-1|0|0|0|0|0|48144.0|51966.0|44477.0|39998.0|23278.0|27775.0|12000.0|2353.0|5000.0|0.0|8000.0|643.0|0
258|240000.0|2|2|1|38|1|2|0|0|2|2|47320.0|46392.0|51652.0|54969.0|42373.0|48952.0|0.0|6000.0|4059.0|14.0|10022.0|0.0|0
20466|480000.0|1|2|1|30|-1|-1|-1|-1|-1|-1|1309.0|662.0|645.0|32636.0|27552.0|1428.0|668.0|645.0|32641.0|27552.0|1428.0|11822.0|0
4449|360000.0|1|2|1|30|-1|-1|-1|0|0|0|6323.0|6934.0|17170.0|11152.0|6000.0|0.0|7001.0|17173.0|1000.0|1000.0|0.0|200000.0|0
14893|150000.0|2|1|2|27|-1|-1|-1|0|0|-2|222.0|3.0|3359.0|2924.0|0.0|0.0|3.0|3461.0|261.0|0.0|0.0|0.0|0
8231|40000.0|1|1|2|35|-2|-2|-2|-2|-2|-2|0.0|2277.0|1521.0|0.0|2483.0|1396.0|2277.0|1521.0|0.0|2483.0|1396.0|1350.0|0
5626|240000.0|1|1|2|30|-1|-1|-1|-1|-1|0|5354.0|4790.0|900.0|6849.0|26249.0|6633.0|4790.0|900.0|6849.0|26249.0|2200.0|3000.0|1
15201|210000.0|1|2|2|37|0|0|0|0|0|0|15637.0|17560.0|16765.0|18641.0|18654.0|16229.0|3017.0|3023.0|5014.0|5012.0|2012.0|2010.0|0
16099|20000.0|1|2|1|48|-1|0|0|-2|-2|-2|10222.0|11400.0|0.0|0.0|0.0|0.0|1400.0|0.0|0.0|0.0|0.0|0.0|0
17955|20000.0|2|2|1|38|0|0|0|0|0|0|11904.0|13193.0|12236.0|13041.0|13641.0|14251.0|1500.0|1400.0|1500.0|1000.0|1000.0|0.0|0
26568|30000.0|2|1|2|24|1|2|0|0|2|2|29846.0|28941.0|18643.0|19005.0|12751.0|10891.0|0.0|4000.0|600.0|0.0|2500.0|419.0|0
9614|120000.0|2|1|2|37|2|2|2|2|2|2|744.0|744.0|744.0|744.0|1188.0|594.0|444.0|444.0|444.0|888.0|0.0|888.0|1
10230|50000.0|2|2|1|46|0|0|0|0|0|0|49859.0|49160.0|49222.0|29291.0|29391.0|29826.0|2438.0|2200.0|1187.0|1213.0|1073.0|1066.0|0
13382|110000.0|2|2|1|36|1|2|0|0|2|2|10448.0|10144.0|14516.0|19396.0|9298.0|14116.0|0.0|5000.0|5000.0|0.0|5000.0|0.0|1
14422|80000.0|1|1|2|26|0|0|0|0|0|0|18229.0|27416.0|25253.0|5549.0|4549.0|4549.0|10000.0|2000.0|2000.0|0.0|0.0|3000.0|0
12165|300000.0|1|1|1|38|-1|-1|-2|-2|-2|-2|2285.0|0.0|0.0|0.0|0.0|0.0|0.0|0.0|0.0|0.0|0.0|0.0|0
11440|190000.0|2|2|2|44|0|0|0|0|0|0|137394.0|140899.0|144636.0|148173.0|151853.0|155031.0|5774.0|5987.0|5948.0|6000.0|5481.0|5500.0|0
26817|490000.0|1|2|1|50|0|0|0|0|0|0|208353.0|205873.0|210880.0|215628.0|217883.0|223541.0|10000.0|10000.0|10000.0|10000.0|10000.0|8000.0|0
563|130000.0|1|3|1|48|0|0|0|-2|-2|-1|100522.0|102650.0|0.0|0.0|0.0|6163.0|4650.0|0.0|0.0|0.0|6163.0|66564.0|0
24225|60000.0|1|2|2|27|0|0|0|0|0|0|48307.0|48602.0|48750.0|48916.0|27743.0|28646.0|1768.0|1967.0|1424.0|972.0|2000.0|1300.0|0
11432|130000.0|2|3|1|49|0|0|-2|-2|-2|-2|132571.0|-829.0|-829.0|-829.0|-829.0|-829.0|0.0|0.0|0.0|0.0|0.0|0.0|0
1359|90000.0|1|1|2|30|0|0|0|0|0|0|40768.0|41789.0|42913.0|44388.0|45348.0|48454.0|2000.0|2100.0|2500.0|2000.0|4000.0|0.0|0
3304|240000.0|1|3|1|50|0|0|0|0|0|0|140233.0|134223.0|130372.0|128921.0|120048.0|121292.0|4754.0|4873.0|5033.0|4204.0|4509.0|5009.0|0
6287|90000.0|2|1|2|27|0|0|0|0|0|0|83840.0|81111.0|83081.0|60210.0|61221.0|62636.0|3200.0|3500.0|3000.0|2600.0|2600.0|3000.0|0
16469|540000.0|2|3|2|38|1|-2|-2|-2|-2|-2|736.0|736.0|736.0|736.0|0.0|-736.0|736.0|736.0|736.0|0.0|0.0|2965.0|0
13814|80000.0|2|2|2|36|1|2|2|2|0|0|81606.0|154026.0|82385.0|79795.0|48999.0|48161.0|0.0|7600.0|5.0|2000.0|2000.0|2000.0|1
22237|230000.0|1|3|1|39|-1|-1|0|-1|-1|-2|2606.0|2986.0|2608.0|797.0|-3.0|-3.0|2990.0|1020.0|799.0|0.0|0.0|0.0|0
26767|20000.0|2|2|2|39|1|-2|-2|-2|-2|-2|0.0|0.0|0.0|0.0|0.0|0.0|0.0|0.0|0.0|0.0|0.0|0.0|1
28357|160000.0|1|3|2|27|1|2|-1|0|0|0|80166.0|34775.0|34073.0|15676.0|99436.0|90927.0|0.0|142848.0|1800.0|90000.0|3300.0|3400.0|1
2618|200000.0|1|1|2|28|-1|-1|-1|-1|-1|-1|2393.0|1726.0|1602.0|1040.0|3564.0|2031.0|1731.0|1606.0|1051.0|3574.0|2036.0|1703.0|0
29237|30000.0|1|2|2|38|0|0|0|0|0|0|20996.0|25607.0|26813.0|25868.0|25418.0|27572.0|5000.0|2000.0|1089.0|3000.0|5000.0|0.0|1
22132|50000.0|2|2|1|36|1|3|3|2|0|0|17292.0|18705.0|18125.0|17530.0|18251.0|19965.0|2000.0|0.0|0.0|1000.0|2002.0|0.0|0
29597|80000.0|2|1|2|26|0|0|-2|-1|-1|0|4301.0|0.0|0.0|2883.0|1856.0|2856.0|0.0|0.0|2883.0|1856.0|1000.0|2000.0|0
5083|260000.0|2|1|1|60|1|-2|-1|-1|-1|-1|-1100.0|-1100.0|21400.0|0.0|969.0|869.0|0.0|22500.0|0.0|969.0|1000.0|0.0|0
14433|290000.0|1|3|1|61|0|0|0|0|0|0|281967.0|288456.0|296084.0|218399.0|200461.0|204637.0|10492.0|12447.0|8973.0|6761.0|6983.0|5980.0|0
19655|200000.0|2|1|1|27|-2|-2|-2|-2|-2|-2|-3.0|-3.0|-3.0|360.0|0.0|0.0|0.0|0.0|363.0|0.0|0.0|0.0|0
19374|180000.0|2|1|2|34|0|0|0|0|0|0|43374.0|38842.0|37895.0|36002.0|31173.0|30832.0|2100.0|2000.0|5000.0|1500.0|1500.0|1500.0|0
19403|100000.0|1|1|2|29|0|0|0|0|0|0|57757.0|60367.0|62959.0|61796.0|62602.0|64983.0|5003.0|5003.0|1723.0|3115.0|3000.0|3000.0|0
14483|120000.0|1|2|2|29|1|-1|-1|-1|0|-1|0.0|326.0|326.0|652.0|326.0|326.0|652.0|326.0|652.0|0.0|326.0|326.0|1
27514|290000.0|1|1|1|41|1|-2|-2|-2|-2|-2|0.0|0.0|0.0|0.0|0.0|0.0|0.0|0.0|0.0|0.0|0.0|0.0|0
27338|120000.0|2|1|2|28|0|0|0|0|0|0|20578.0|21742.0|23384.0|24268.0|24665.0|21833.0|2000.0|2000.0|1312.0|1009.0|1000.0|1000.0|0
25740|230000.0|2|1|2|32|0|0|0|0|0|0|195409.0|203432.0|180786.0|95445.0|63048.0|99961.0|21844.0|14105.0|21124.0|2520.0|50961.0|2670.0|0
21519|170000.0|2|1|1|30|2|2|2|2|2|2|158819.0|161487.0|157577.0|168094.0|170922.0|166972.0|6500.0|0.0|13000.0|5500.0|1000.0|7000.0|0
28768|450000.0|2|2|2|39|-1|0|0|0|0|-1|217126.0|43647.0|39827.0|43978.0|389.0|389.0|10329.0|3001.0|5217.0|1.0|390.0|390.0|0
6731|240000.0|2|3|1|37|-2|-2|-1|-1|-2|-1|-3.0|-3.0|1130.0|3525.0|0.0|2116.0|0.0|1133.0|3525.0|0.0|2116.0|7442.0|0
16380|140000.0|1|3|2|33|-2|-2|-2|-2|-2|-2|500.0|473.0|-27.0|3788.0|0.0|9386.0|473.0|0.0|3815.0|0.0|9386.0|722.0|0
4672|170000.0|2|1|2|26|0|0|0|0|2|0|99387.0|102141.0|103972.0|108405.0|102303.0|99767.0|5250.0|5100.0|7500.0|0.0|3900.0|3600.0|0
22430|70000.0|2|2|1|27|0|0|0|0|0|0|69762.0|68914.0|69252.0|70415.0|69212.0|70514.0|2450.0|2600.0|2700.0|2500.0|2800.0|2500.0|1
8399|360000.0|1|1|2|43|-1|-1|-1|-1|-1|-1|59.0|4465.0|300.0|966.0|1730.0|0.0|4465.0|300.0|966.0|1730.0|0.0|969.0|0
14399|130000.0|1|2|2|26|2|2|2|0|0|0|137204.0|139189.0|133521.0|133182.0|103161.0|103031.0|7000.0|0.0|5133.0|5000.0|5000.0|5000.0|1
4017|360000.0|1|1|1|39|-1|-1|-1|-2|-2|-2|1761.0|2560.0|0.0|0.0|0.0|0.0|2816.0|0.0|0.0|0.0|0.0|2456.0|0
9179|280000.0|2|1|1|63|-2|-2|-2|-2|-2|-2|4108.0|2219.0|4734.0|0.0|1420.0|2705.0|2219.0|4734.0|0.0|1420.0|2705.0|3275.0|0
29646|210000.0|1|2|2|37|-1|-1|-1|2|-1|0|1890.0|3037.0|2429.0|823.0|1089.0|1451.0|3037.0|1200.0|0.0|1089.0|1201.0|1031.0|0
12868|20000.0|1|2|2|35|2|2|3|2|0|0|15087.0|16133.0|17174.0|16605.0|17029.0|17305.0|1600.0|1600.0|0.0|1000.0|700.0|1000.0|0
16974|100000.0|2|1|2|31|1|-2|-1|-1|0|0|0.0|-740.0|740.0|1480.0|1480.0|740.0|0.0|2220.0|1480.0|740.0|0.0|2931.0|0
5305|430000.0|1|1|1|42|-2|-2|-2|-2|-2|-2|11362.0|11461.0|5741.0|8897.0|1350.0|10184.0|11461.0|5745.0|8935.0|1350.0|10184.0|4190.0|0
13858|40000.0|2|2|1|53|0|0|2|2|0|0|4621.0|6527.0|7776.0|7502.0|7651.0|7811.0|2150.0|1500.0|0.0|274.0|283.0|436.0|1
27727|160000.0|2|2|1|35|-1|-1|-1|-1|-1|-1|776.0|1172.0|380.0|776.0|1172.0|380.0|1172.0|380.0|776.0|1172.0|380.0|776.0|1
20072|130000.0|2|3|1|59|-1|-1|-1|-1|-1|0|390.0|2356.0|1373.0|390.0|2746.0|390.0|2356.0|1373.0|390.0|2746.0|0.0|1570.0|0
10515|100000.0|2|3|1|40|0|0|0|0|0|0|49328.0|44045.0|42373.0|37088.0|75672.0|31645.0|2038.0|1994.0|1457.0|1205.0|1162.0|1131.0|0
13512|80000.0|1|3|1|43|0|0|-1|-1|-1|-1|231550.0|223337.0|206390.0|0.0|1257.0|33592.0|5067.0|12290.0|0.0|1257.0|35238.0|1145.0|0
28278|360000.0|1|2|1|44|-1|-1|-1|-1|-1|-1|5101.0|9358.0|15452.0|9990.0|6515.0|5694.0|9419.0|15485.0|9995.0|6515.0|5694.0|12785.0|0
14861|300000.0|2|2|1|39|0|0|0|0|0|0|145138.0|148586.0|151878.0|123417.0|104922.0|107005.0|5785.0|6163.0|4728.0|3811.0|3830.0|3970.0|0
10780|150000.0|1|2|1|27|-1|0|0|0|0|-1|42055.0|36366.0|37093.0|41300.0|0.0|345.0|2000.0|1413.0|1650.0|0.0|345.0|0.0|0
13174|360000.0|1|2|2|28|-2|-2|-2|-2|-1|0|0.0|0.0|0.0|0.0|1090.0|8788.0|0.0|0.0|0.0|1090.0|7910.0|170027.0|0
22420|240000.0|2|3|2|36|1|-2|-2|-2|-1|-1|-28.0|-28.0|-28.0|-28.0|1522.0|6820.0|0.0|0.0|0.0|1550.0|6900.0|4100.0|0
28645|110000.0|2|2|1|45|0|0|0|0|0|0|108214.0|107512.0|82828.0|47978.0|47276.0|48109.0|5300.0|3300.0|1700.0|1900.0|1770.0|3000.0|0
27133|190000.0|1|1|1|54|0|0|0|0|0|0|205824.0|201269.0|197129.0|192803.0|161324.0|156576.0|7154.0|7385.0|7520.0|5593.0|6000.0|5516.0|0
22842|180000.0|2|1|1|33|-1|-1|-1|-1|-1|-1|7017.0|14824.0|19692.0|13115.0|24623.0|485.0|14824.0|19713.0|13117.0|24630.0|485.0|33283.0|0
20445|30000.0|2|2|2|23|4|3|2|2|3|2|15847.0|15308.0|15910.0|16752.0|16197.0|16583.0|0.0|1150.0|1400.0|0.0|800.0|0.0|1
19616|110000.0|2|2|2|29|0|0|0|0|0|0|56073.0|59635.0|63179.0|66637.0|68037.0|70448.0|4500.0|4500.0|4500.0|2500.0|3500.0|5800.0|0
19298|280000.0|2|2|2|25|1|2|-1|-1|-1|-1|6714.0|4526.0|3868.0|389.0|389.0|384.0|22.0|4277.0|390.0|390.0|385.0|166196.0|0
17384|50000.0|2|2|2|24|0|0|0|2|0|0|47608.0|48933.0|51415.0|48977.0|10082.0|9936.0|2118.0|3600.0|7.0|345.0|1000.0|400.0|0
22865|120000.0|1|1|2|28|-1|-1|-1|-1|-1|-1|231.0|6665.0|880.0|0.0|4440.0|4440.0|6673.0|880.0|0.0|4440.0|4440.0|4440.0|0
20495|120000.0|2|1|2|25|0|0|0|0|0|0|58106.0|53974.0|51786.0|43180.0|41469.0|42004.0|2000.0|3000.0|3000.0|4000.0|4000.0|2000.0|0
18135|130000.0|1|2|1|31|0|0|0|0|0|0|132242.0|117873.0|120889.0|118293.0|121312.0|121162.0|5000.0|5000.0|5000.0|5000.0|5000.0|5000.0|0
2774|230000.0|2|1|2|31|-1|-1|2|-1|-1|0|2155.0|2010.0|165.0|5908.0|283.0|283.0|2010.0|0.0|5908.0|283.0|133.0|0.0|0
11176|290000.0|2|1|1|37|-1|-1|-1|-1|-1|-1|3486.0|550.0|1922.0|550.0|550.0|3810.0|550.0|1922.0|550.0|550.0|3810.0|2927.0|1
12059|140000.0|1|1|2|32|0|0|0|0|2|0|90590.0|97047.0|102468.0|114718.0|111387.0|116399.0|8000.0|7000.0|15500.0|0.0|7000.0|7000.0|0
21307|360000.0|2|2|1|28|-2|2|0|-1|-1|-1|9278.0|6198.0|5154.0|2453.0|570.0|0.0|6213.0|1025.0|2465.0|572.0|0.0|0.0|1
10997|30000.0|1|2|1|38|-1|-1|-1|-1|-1|-1|184.0|1522.0|0.0|5480.0|175.0|-2000.0|1522.0|0.0|5480.0|175.0|0.0|2000.0|0
25479|200000.0|2|2|2|36|0|0|0|0|0|0|199278.0|201725.0|203794.0|189024.0|191803.0|195044.0|7279.0|8679.0|6300.0|6000.0|6000.0|22001.0|1
29757|490000.0|1|1|1|54|-2|-2|-2|-2|-2|-2|0.0|0.0|0.0|0.0|0.0|0.0|0.0|0.0|0.0|0.0|0.0|0.0|1
17446|210000.0|2|2|2|32|0|0|0|0|0|0|46255.0|50486.0|54019.0|58091.0|61630.0|65576.0|5000.0|5000.0|5000.0|4500.0|5000.0|5000.0|0
13983|200000.0|2|1|2|29|0|0|-1|-1|-1|0|11347.0|30478.0|7892.0|1961.0|1357.0|1357.0|25000.0|8082.0|2580.0|1357.0|0.0|0.0|0
20137|150000.0|2|2|1|35|0|0|0|0|0|0|216793.0|198866.0|193870.0|188045.0|178892.0|167419.0|4818.0|5024.0|4051.0|3788.0|3622.0|1215.0|0
13553|20000.0|2|3|1|26|0|0|0|2|0|0|15271.0|16707.0|20601.0|19952.0|19586.0|18528.0|2000.0|4500.0|0.0|671.0|700.0|2000.0|1
7513|80000.0|2|3|1|67|0|0|0|0|0|-1|20255.0|18885.0|21529.0|29236.0|10662.0|2408.0|6000.0|5002.0|10662.0|2.0|2408.0|11662.0|0
12626|100000.0|1|3|1|40|0|0|-1|-1|-2|-2|12878.0|7702.0|2377.0|0.0|0.0|0.0|2000.0|2377.0|40000.0|0.0|0.0|0.0|0
16526|340000.0|2|2|1|48|-1|-1|-1|0|0|-1|4052.0|0.0|4105.0|2895.0|2895.0|2360.0|0.0|4105.0|0.0|0.0|2360.0|1090.0|0
18736|30000.0|2|2|2|22|1|2|0|0|0|0|16549.0|17085.0|17003.0|7150.0|6508.0|8459.0|1500.0|1396.0|2000.0|178.0|2000.0|2000.0|0
13204|80000.0|2|1|2|26|0|-1|-1|2|2|2|1238.0|376.0|2281.0|1356.0|355.0|-520.0|376.0|2281.0|0.0|0.0|0.0|35893.0|0
22638|30000.0|2|3|1|32|0|0|0|0|0|0|30096.0|30287.0|28823.0|26799.0|25457.0|26143.0|1494.0|1445.0|1506.0|912.0|1097.0|1000.0|0
13781|240000.0|2|1|2|28|0|0|0|0|0|0|236772.0|201463.0|187916.0|149293.0|150614.0|150911.0|10000.0|7000.0|10040.0|7000.0|6000.0|5000.0|0
26517|20000.0|2|2|1|36|2|0|0|0|0|0|18720.0|18932.0|19543.0|20002.0|19314.0|19320.0|1610.0|1374.0|1215.0|596.0|609.0|717.0|1
950|20000.0|1|3|2|34|-1|-1|2|2|-2|-2|390.0|780.0|780.0|0.0|0.0|0.0|780.0|0.0|0.0|0.0|0.0|0.0|1
27004|10000.0|1|2|3|37|0|0|-1|0|0|-2|8634.0|3192.0|1352.0|13352.0|0.0|0.0|1000.0|676.0|6000.0|120.0|0.0|0.0|0
27186|220000.0|1|1|2|33|-2|-2|-2|-2|-2|-2|1172.0|2917.0|170.0|5758.0|792.0|2538.0|2917.0|170.0|5789.0|792.0|2538.0|4031.0|1
24232|200000.0|1|3|2|55|0|0|0|0|0|0|195507.0|182942.0|176158.0|159556.0|162943.0|156612.0|7048.0|6000.0|6000.0|5800.0|6000.0|6000.0|0
28149|200000.0|2|1|1|54|-2|-2|-2|-2|-2|-2|0.0|0.0|0.0|0.0|0.0|0.0|0.0|0.0|0.0|0.0|0.0|0.0|1
3139|200000.0|2|3|0|45|0|0|0|-1|-1|-1|45876.0|35732.0|18000.0|27404.0|2644.0|2262.0|1732.0|1000.0|27404.0|2644.0|2262.0|4500.0|0
4395|500000.0|1|3|1|55|-2|-2|-2|-2|-2|-2|735.0|-5.0|-5.0|1012.0|500.0|0.0|0.0|0.0|1017.0|500.0|0.0|1059.0|0
29949|230000.0|2|3|1|45|-1|-1|-2|-1|0|-1|1633.0|8410.0|5722.0|10371.0|9998.0|1328.0|8435.0|5955.0|10371.0|0.0|1332.0|0.0|0
9408|30000.0|2|3|1|51|0|0|0|0|0|0|17454.0|18964.0|20442.0|21592.0|23079.0|24529.0|1800.0|1800.0|1801.0|2001.0|2000.0|2001.0|0
27502|80000.0|2|2|1|47|-2|-2|-2|-2|-2|-1|966.0|0.0|647.0|1988.0|1049.0|1466.0|0.0|647.0|1990.0|1049.0|1466.0|6309.0|1
3804|50000.0|2|1|2|23|0|0|0|0|-1|0|48482.0|47226.0|11151.0|-2897.0|48211.0|48154.0|2500.0|3002.0|1500.0|52000.0|1900.0|1800.0|0
22825|160000.0|2|2|1|34|0|0|0|-1|-1|-1|51721.0|46381.0|25254.0|10740.0|50207.0|10298.0|2037.0|1000.0|10740.0|50207.0|10298.0|17413.0|0
27631|150000.0|2|1|1|42|0|0|0|2|2|2|107968.0|109234.0|37424.0|36446.0|39193.0|38297.0|5023.0|6086.0|0.0|5200.0|0.0|2769.0|0
26875|150000.0|2|2|2|25|0|0|0|0|0|0|151761.0|149060.0|151308.0|152576.0|152368.0|142030.0|5752.0|6308.0|16644.0|12381.0|9320.0|5977.0|0
10250|360000.0|1|2|1|58|-1|-1|-1|-1|-2|-1|30155.0|10508.0|7575.0|3026.0|1133.0|3408.0|10541.0|7600.0|3049.0|1138.0|3414.0|24952.0|1
2148|360000.0|2|1|2|28|0|0|-2|-1|0|-1|5446.0|-8.0|-8.0|4635.0|3875.0|1034.0|0.0|0.0|4643.0|1019.0|1039.0|984.0|0
29308|150000.0|2|2|2|42|0|0|0|0|0|0|255207.0|249205.0|245393.0|29526.0|6990.0|0.0|6301.0|8000.0|5000.0|6800.0|0.0|0.0|0
27885|50000.0|2|2|2|28|0|0|0|0|0|0|48072.0|49518.0|49500.0|19600.0|20000.0|0.0|2518.0|1500.0|500.0|400.0|0.0|0.0|0
24988|190000.0|2|2|2|26|0|0|2|0|0|0|115608.0|138097.0|130898.0|130950.0|115342.0|115657.0|26500.0|0.0|7000.0|4550.0|4600.0|4170.0|0
20631|50000.0|1|3|1|47|2|0|0|0|0|0|49386.0|49693.0|51136.0|20171.0|19286.0|19292.0|1818.0|2261.0|1296.0|672.0|688.0|834.0|1
14779|100000.0|2|1|2|30|2|2|2|2|2|2|29668.0|32463.0|33350.0|34003.0|34647.0|35348.0|3600.0|1700.0|1500.0|1500.0|1400.0|0.0|0
15445|80000.0|1|1|2|26|0|0|0|0|0|0|76867.0|51936.0|28221.0|28809.0|19551.0|19925.0|1600.0|1300.0|859.0|3000.0|800.0|50000.0|0
26757|150000.0|1|2|1|27|0|0|0|0|0|0|118533.0|119911.0|123914.0|126447.0|128773.0|134930.0|3375.0|5000.0|3583.0|3402.0|7226.0|5000.0|0
11823|400000.0|2|1|2|27|1|-2|-1|0|0|-1|140.0|140.0|12527.0|12640.0|14805.0|238.0|140.0|12527.0|253.0|2305.0|238.0|238.0|0
14558|330000.0|2|3|2|31|-1|-1|-1|-1|-1|-1|5480.0|30630.0|6350.0|6033.0|2205.0|0.0|30630.0|6350.0|6033.0|5649.0|0.0|173.0|0
14711|20000.0|2|2|2|25|0|0|0|0|0|0|18825.0|18545.0|18606.0|18904.0|19433.0|18902.0|1300.0|1613.0|1301.0|830.0|698.0|822.0|1
79|150000.0|1|1|1|51|0|0|0|0|0|0|92766.0|94732.0|96940.0|46349.0|47360.0|48717.0|4000.0|4000.0|1482.0|1577.0|2000.0|1500.0|0
1825|30000.0|2|3|1|37|0|0|0|0|0|0|26411.0|27578.0|29312.0|29680.0|29689.0|31050.0|1898.0|2632.0|1000.0|1176.0|830.0|0.0|0
3299|230000.0|2|3|1|38|0|0|0|0|0|0|67810.0|61602.0|48294.0|49242.0|48831.0|51125.0|1980.0|1823.0|1771.0|1896.0|3232.0|2026.0|0
11215|570000.0|2|2|1|46|0|0|0|0|0|0|563892.0|569577.0|577957.0|563543.0|451401.0|108890.0|19534.0|25100.0|15159.0|11732.0|42880.0|422000.0|0
25108|60000.0|2|1|2|31|0|0|0|0|2|0|32632.0|34099.0|35525.0|38820.0|38066.0|39681.0|2000.0|2000.0|3900.0|0.0|2400.0|1500.0|1
982|180000.0|2|2|1|58|-2|-2|-2|-2|-2|-2|0.0|0.0|750.0|1576.0|1504.0|0.0|0.0|750.0|1576.0|1504.0|0.0|1000.0|0
26382|500000.0|2|2|1|47|-1|-1|-1|-1|-1|-1|396.0|396.0|396.0|396.0|396.0|396.0|396.0|396.0|396.0|396.0|396.0|396.0|1
26892|290000.0|2|1|1|35|-1|-1|-2|-2|-1|-1|703.0|-20.0|-20.0|-20.0|2663.0|-677.0|0.0|0.0|0.0|2800.0|0.0|0.0|1
7123|20000.0|1|2|2|24|2|2|2|2|2|2|16276.0|16715.0|18327.0|17735.0|19446.0|18988.0|1000.0|2200.0|0.0|2000.0|0.0|1200.0|0
24946|290000.0|2|2|2|29|0|0|0|0|0|0|68652.0|70695.0|71523.0|73099.0|74469.0|76200.0|3149.0|2598.0|2767.0|2702.0|2968.0|2703.0|0
20681|200000.0|2|3|2|43|0|0|0|-1|-1|-1|5853.0|5512.0|492.0|2038.0|316.0|1226.0|1024.0|492.0|2038.0|0.0|1226.0|1582.0|0
23351|140000.0|2|2|1|42|0|0|0|0|0|0|156062.0|158495.0|160681.0|144194.0|144802.0|147311.0|5750.0|5530.0|6600.0|5100.0|5460.0|5460.0|0
21469|350000.0|2|1|2|46|-1|-1|-1|-2|-2|-2|5372.0|12179.0|0.0|0.0|0.0|0.0|12277.0|0.0|0.0|0.0|0.0|0.0|0
27704|50000.0|2|2|1|28|0|0|0|0|0|0|15314.0|16327.0|17366.0|18325.0|17365.0|17964.0|1269.0|1308.0|1267.0|605.0|862.0|1000.0|0
5748|50000.0|2|1|2|28|1|2|0|0|0|3|4323.0|3851.0|2808.0|3325.0|3989.0|3610.0|0.0|602.0|569.0|718.0|0.0|0.0|0
4545|110000.0|1|2|2|34|0|0|0|0|0|2|107430.0|109660.0|111387.0|111631.0|111657.0|109756.0|5500.0|5000.0|4300.0|12700.0|0.0|4500.0|1
13841|90000.0|2|1|2|26|0|0|0|0|0|0|17704.0|14478.0|17681.0|15240.0|19364.0|18828.0|5005.0|5145.0|1801.0|5024.0|8007.0|5046.0|0
17117|30000.0|2|2|2|22|-2|-1|2|-1|-1|-1|0.0|2343.0|126.0|4462.0|0.0|150.0|2343.0|0.0|4462.0|0.0|150.0|860.0|0
19119|210000.0|2|1|2|30|-1|-1|-1|-1|0|0|7056.0|2881.0|1166.0|13740.0|6813.0|2144.0|3033.0|1172.0|13940.0|0.0|0.0|0.0|0
13805|10000.0|1|3|2|34|0|0|0|0|0|0|8820.0|8813.0|8464.0|9474.0|9716.0|9960.0|1100.0|2148.0|1158.0|400.0|400.0|400.0|0
9569|60000.0|2|1|2|30|2|2|2|2|2|2|34735.0|33895.0|36530.0|37133.0|37893.0|37131.0|0.0|3200.0|1500.0|1500.0|0.0|1700.0|0
28906|200000.0|2|1|2|28|0|0|0|0|0|2|184602.0|187145.0|190983.0|188714.0|196262.0|198059.0|7000.0|7000.0|9000.0|10700.0|10600.0|0.0|0
8350|110000.0|2|3|1|39|0|0|0|0|0|0|107441.0|106808.0|75540.0|75724.0|74785.0|76079.0|4023.0|2805.0|3406.0|2670.0|2751.0|2772.0|0
4417|250000.0|2|1|2|43|0|0|0|0|0|0|93163.0|96024.0|90901.0|69927.0|71403.0|69948.0|4409.0|3023.0|2600.0|2700.0|2801.0|2500.0|0
6080|160000.0|2|2|1|25|4|3|2|0|0|0|103398.0|100925.0|97701.0|99434.0|99527.0|16331.0|0.0|0.0|2321.0|432.0|546.0|550.0|0
23714|150000.0|2|3|1|43|-1|-1|2|0|-1|-1|264.0|948.0|632.0|316.0|316.0|1414.0|1000.0|0.0|0.0|316.0|1414.0|0.0|1
20887|360000.0|2|1|2|27|-1|-1|0|0|0|2|1994.0|5305.0|4960.0|5228.0|6552.0|3827.0|5317.0|1007.0|2006.0|2562.0|13.0|2989.0|0
10189|30000.0|1|3|1|43|1|3|2|2|2|2|22494.0|21845.0|21207.0|23491.0|22818.0|24321.0|0.0|0.0|2645.0|0.0|2029.0|1027.0|1
21911|290000.0|2|2|1|47|0|0|0|0|0|0|244377.0|244394.0|244535.0|244518.0|243689.0|241125.0|10000.0|10000.0|10000.0|9009.0|9031.0|9000.0|0
5665|70000.0|2|1|2|28|0|-1|-1|-1|-1|-1|12018.0|39270.0|603.0|2288.0|1380.0|2028.0|39270.0|603.0|2288.0|1380.0|2028.0|390.0|0
22887|230000.0|2|1|1|37|-1|-1|0|0|0|0|400.0|20123.0|20590.0|20029.0|17198.0|5177.0|20123.0|1256.0|1000.0|1000.0|500.0|801.0|0
6739|360000.0|2|1|1|31|-1|-1|-1|-1|-1|-2|460.0|460.0|460.0|399.0|0.0|0.0|460.0|460.0|399.0|0.0|0.0|0.0|0
1485|300000.0|1|1|1|37|0|0|-2|-2|-2|-2|41000.0|0.0|0.0|0.0|0.0|0.0|0.0|0.0|0.0|0.0|0.0|0.0|0
5146|140000.0|2|1|2|52|-1|-1|-1|-1|-2|-2|1388.0|0.0|980.0|0.0|0.0|0.0|0.0|980.0|0.0|0.0|0.0|0.0|0
5687|20000.0|2|2|2|44|0|0|0|0|0|0|18578.0|19928.0|18677.0|18503.0|17231.0|15410.0|2000.0|2000.0|2000.0|1100.0|1586.0|506.0|0
19703|200000.0|2|1|2|29|-1|2|-1|-1|-1|2|2393.0|183.0|4847.0|20183.0|24815.0|24248.0|0.0|4872.0|20183.0|5000.0|0.0|1000.0|0
16652|660000.0|1|1|2|55|-1|0|0|0|0|-2|284334.0|288120.0|325889.0|342408.0|19903.0|20843.0|6486.0|38507.0|20000.0|2000.0|1000.0|345.0|0
13014|120000.0|2|2|2|27|0|0|0|0|0|0|15234.0|8247.0|9624.0|20129.0|10388.0|13316.0|1137.0|1514.0|1069.0|278.0|3000.0|0.0|1
16030|50000.0|2|2|1|43|0|0|0|0|0|0|46882.0|49737.0|50361.0|50152.0|28119.0|28238.0|5100.0|2600.0|2011.0|2000.0|3510.0|2000.0|0
22622|130000.0|2|2|2|24|1|-2|-1|-1|-1|-1|-10.0|-10.0|3362.0|-3.0|998.0|937.0|0.0|3372.0|0.0|1001.0|939.0|1013.0|0
8764|300000.0|1|3|1|51|-2|-2|-2|-2|-2|-2|1236.0|-13.0|-13.0|2155.0|2402.0|-10.0|0.0|0.0|2168.0|2421.0|0.0|0.0|0
24691|90000.0|2|2|1|55|0|-1|-1|-1|-1|-1|15000.0|1055.0|-180.0|2320.0|1286.0|1132.0|1055.0|0.0|2500.0|2000.0|1132.0|1110.0|1
26576|230000.0|2|1|2|27|-1|-1|-1|-1|-1|-2|17077.0|22420.0|57255.0|34289.0|0.0|0.0|22437.0|57326.0|34311.0|0.0|0.0|0.0|1
2951|50000.0|1|2|1|48|0|0|0|-1|0|-1|48187.0|48344.0|46895.0|49161.0|6690.0|5665.0|46895.0|1775.0|51209.0|428.0|5665.0|8745.0|1
1364|50000.0|1|2|1|25|0|0|0|0|0|0|47410.0|48705.0|46776.0|48218.0|41037.0|9288.0|2100.0|2000.0|2300.0|2100.0|470.0|350.0|0
7151|210000.0|2|1|1|39|-1|-1|-1|-1|-1|-1|5907.0|2615.0|1220.0|5357.0|4160.0|0.0|2637.0|1220.0|5357.0|4160.0|0.0|0.0|0
769|110000.0|1|1|1|36|0|0|0|0|0|0|104498.0|107819.0|109836.0|44356.0|45932.0|47473.0|5000.0|4823.0|2000.0|2000.0|2000.0|2000.0|0
18990|30000.0|1|3|2|29|0|0|0|0|2|2|10305.0|11327.0|12354.0|13840.0|13320.0|14501.0|1500.0|1514.0|2000.0|0.0|1400.0|0.0|0
27436|130000.0|2|3|1|43|0|0|0|0|0|0|126965.0|130067.0|129385.0|96775.0|98071.0|97743.0|6739.0|5540.0|4403.0|3814.0|3562.0|4021.0|1
27785|110000.0|2|2|2|24|-1|-1|-1|-1|-1|0|1183.0|1362.0|1352.0|1867.0|36986.0|40053.0|1362.0|1352.0|1867.0|36986.0|5000.0|3000.0|0
21038|360000.0|2|1|2|32|0|0|0|0|0|0|272112.0|272444.0|256974.0|241226.0|241673.0|233157.0|10130.0|12649.0|8916.0|7725.0|8900.0|6956.0|0
17173|20000.0|2|2|1|39|1|2|2|0|0|0|17751.0|18963.0|18378.0|20000.0|19600.0|20000.0|1800.0|0.0|2400.0|0.0|400.0|1000.0|0
24313|270000.0|2|1|2|27|-1|-1|-1|0|-1|-1|2016.0|1183.0|1307.0|800.0|4098.0|1181.0|2000.0|2500.0|0.0|4100.0|1200.0|5000.0|0
29588|230000.0|1|3|1|45|0|0|0|0|0|0|203135.0|208225.0|178559.0|172772.0|175057.0|177113.0|10000.0|6528.0|6000.0|6500.0|7000.0|10000.0|0
12199|220000.0|2|1|1|36|-1|-1|-1|-2|-1|-1|307.0|191.0|-125.0|-441.0|10243.0|9927.0|200.0|0.0|0.0|11000.0|10000.0|11000.0|0
13683|500000.0|1|1|1|46|-1|-1|-1|-1|-1|-2|991.0|4073.0|6738.0|2500.0|0.0|0.0|4082.0|6738.0|2510.0|0.0|0.0|1000.0|0
23011|170000.0|1|2|2|32|1|-2|-1|2|2|-2|-1000.0|-1000.0|1000.0|1000.0|0.0|0.0|0.0|2000.0|0.0|0.0|0.0|0.0|0
5141|290000.0|1|1|2|40|0|0|0|0|0|0|135527.0|134414.0|140607.0|131933.0|135606.0|132906.0|8000.0|10000.0|5000.0|6000.0|4700.0|5000.0|0
12926|20000.0|2|3|2|22|-1|-1|-1|-1|-1|-2|390.0|390.0|0.0|780.0|0.0|0.0|390.0|0.0|780.0|0.0|0.0|0.0|0
24768|50000.0|1|1|2|23|1|-2|-2|-2|-2|-1|0.0|0.0|0.0|0.0|0.0|19553.0|0.0|0.0|0.0|0.0|19553.0|389.0|0
1490|30000.0|2|1|1|45|2|0|0|0|0|0|26155.0|27196.0|28445.0|26766.0|27152.0|28355.0|1482.0|1731.0|1742.0|1128.0|1800.0|1200.0|1
6846|20000.0|2|2|1|26|1|2|2|2|2|4|15803.0|15252.0|18093.0|18499.0|20898.0|19999.0|0.0|3103.0|1000.0|3000.0|0.0|0.0|1
8923|130000.0|2|3|1|41|0|0|0|0|0|0|101885.0|72686.0|70672.0|64530.0|63041.0|56493.0|3500.0|2389.0|2368.0|5000.0|1964.0|1707.0|0
17007|60000.0|1|2|2|24|-1|-1|-1|0|0|-1|836.0|836.0|6842.0|4603.0|3884.0|760.0|836.0|6842.0|1000.0|117.0|760.0|10038.0|0
17086|360000.0|2|2|1|45|0|0|-2|-2|-1|-1|12040.0|0.0|0.0|0.0|150.0|1728.0|0.0|0.0|0.0|150.0|1728.0|0.0|0
14946|80000.0|2|3|2|46|0|0|0|0|0|0|76184.0|78306.0|79835.0|40499.0|41346.0|42348.0|3345.0|3344.0|1447.0|1497.0|1686.0|1509.0|0
3574|110000.0|2|2|1|27|0|0|0|0|0|0|81700.0|84584.0|60379.0|64369.0|66400.0|68294.0|5000.0|3000.0|5000.0|4000.0|3000.0|3000.0|0
13801|150000.0|1|2|2|28|0|0|0|0|0|0|129151.0|101260.0|94545.0|93810.0|82668.0|64924.0|3501.0|3516.0|3003.0|2578.0|2300.0|2300.0|0
15349|30000.0|2|1|2|40|-1|-1|2|2|2|2|142.0|215.0|139.0|19.0|19.0|79.0|355.0|120.0|0.0|0.0|60.0|60.0|0
22024|310000.0|2|3|2|38|-2|-2|-2|-1|0|0|-41.0|8198.0|342.0|41726.0|15051.0|8663.0|8239.0|344.0|41884.0|5025.0|40.0|3.0|0
16056|200000.0|1|3|1|41|0|0|0|0|0|0|84573.0|76348.0|50776.0|51018.0|25982.0|10170.0|2544.0|1433.0|3224.0|775.0|5000.0|2000.0|0
26189|60000.0|2|2|1|27|0|0|0|0|0|0|43757.0|29772.0|30710.0|28914.0|29823.0|28916.0|2000.0|2000.0|1500.0|1500.0|1500.0|1100.0|0
11005|500000.0|1|1|2|29|0|0|0|0|0|0|499452.0|455071.0|359940.0|345238.0|274743.0|250930.0|30483.0|15773.0|10393.0|10580.0|120081.0|10996.0|0
23713|140000.0|2|2|1|37|0|0|0|0|0|0|136650.0|137562.0|141347.0|134503.0|137015.0|136581.0|5420.0|6500.0|5000.0|5200.0|5100.0|5000.0|0
9435|70000.0|1|2|1|36|2|2|2|2|2|2|30809.0|30015.0|32928.0|32100.0|34557.0|35357.0|0.0|3400.0|0.0|3000.0|1500.0|1500.0|1
7048|80000.0|1|1|1|28|0|0|-2|-2|-2|-2|78429.0|0.0|0.0|0.0|0.0|0.0|0.0|0.0|0.0|0.0|0.0|0.0|0
21361|50000.0|2|3|1|50|0|0|0|0|0|0|12164.0|13475.0|14197.0|15207.0|15509.0|15834.0|1521.0|1243.0|1253.0|555.0|575.0|579.0|0
17298|320000.0|1|1|1|47|-1|-1|-1|-1|-1|-1|9192.0|13920.0|4022.0|316.0|8420.0|316.0|13942.0|4022.0|316.0|8420.0|316.0|516.0|0
10219|50000.0|2|2|2|22|0|0|2|0|0|0|30631.0|30479.0|28301.0|26829.0|27173.0|26424.0|4809.0|0.0|1200.0|1500.0|943.0|1142.0|0
8712|210000.0|2|1|1|46|-1|-1|-1|-1|-1|-1|110346.0|41986.0|21874.0|20076.0|16171.0|586.0|41986.0|21874.0|20076.0|16171.0|586.0|19777.0|0
1232|50000.0|2|3|1|56|0|0|0|0|0|0|33197.0|34961.0|28913.0|29093.0|29306.0|29506.0|2407.0|2960.0|1029.0|1059.0|1073.0|1200.0|0
23735|80000.0|2|2|1|31|-2|-2|-2|-2|-2|-2|3506.0|2372.0|2988.0|273.0|0.0|1542.0|2372.0|2988.0|273.0|0.0|1542.0|3200.0|0
1949|150000.0|2|2|1|33|1|2|2|2|2|2|5607.0|6565.0|6334.0|9058.0|8823.0|7458.0|1200.0|0.0|2823.0|0.0|3530.0|0.0|1
8302|30000.0|2|3|1|21|4|3|2|0|0|0|32179.0|31397.0|30358.0|29758.0|29758.0|23036.0|0.0|0.0|0.0|0.0|1000.0|0.0|1
10651|20000.0|2|3|2|39|0|0|0|2|2|3|8720.0|12241.0|16020.0|16457.0|20906.0|20289.0|4000.0|4000.0|1000.0|4750.0|0.0|600.0|1
23264|140000.0|2|2|2|40|-2|-2|-2|-2|-2|-2|0.0|1887.0|0.0|0.0|0.0|0.0|1887.0|0.0|0.0|0.0|0.0|0.0|0
13155|50000.0|1|2|2|25|1|2|0|0|0|0|15491.0|15934.0|17168.0|18376.0|19068.0|19760.0|1000.0|1500.0|1500.0|1000.0|1000.0|2500.0|1
27103|150000.0|1|1|2|48|0|0|0|-1|-1|-1|104320.0|82478.0|73465.0|10000.0|10000.0|10000.0|2433.0|1786.0|10000.0|10000.0|10000.0|0.0|0
6138|50000.0|1|3|1|40|0|0|0|0|0|0|34582.0|25281.0|15264.0|12465.0|13262.0|13523.0|2000.0|2000.0|1000.0|1000.0|482.0|2000.0|0
2788|300000.0|1|2|2|29|-2|-2|-2|-2|-2|-2|0.0|0.0|0.0|0.0|0.0|0.0|0.0|0.0|0.0|0.0|0.0|0.0|1
25841|260000.0|2|1|1|30|0|0|0|0|0|0|25661.0|30196.0|69429.0|167640.0|169446.0|172989.0|5000.0|40000.0|100000.0|5720.0|5922.0|5958.0|0
20155|220000.0|1|2|2|30|-2|-2|-2|-2|-2|-2|18301.0|20161.0|24621.0|17125.0|18378.0|1344.0|2026.0|10040.0|1000.0|1253.0|1350.0|4416.0|0
12152|200000.0|2|1|2|30|0|0|0|0|0|0|38540.0|38898.0|39669.0|40167.0|37162.0|36557.0|1928.0|1699.0|1557.0|1279.0|962.0|2178.0|0
14263|60000.0|2|1|2|27|0|0|2|2|0|0|4262.0|7169.0|8396.0|8113.0|8971.0|10824.0|3000.0|1500.0|0.0|1000.0|2000.0|1000.0|1
27271|150000.0|1|2|2|32|0|0|0|0|0|0|151594.0|139114.0|92720.0|86468.0|79600.0|80866.0|4523.0|3500.0|3500.0|3000.0|2776.0|4019.0|0
29672|200000.0|1|4|1|35|-2|-2|-2|-1|0|0|3000.0|5752.0|5028.0|13784.0|14482.0|11836.0|5752.0|5028.0|13800.0|2900.0|3100.0|305.0|0
24132|230000.0|2|2|2|32|1|-2|-2|-1|-1|-1|-46.0|-46.0|-46.0|4826.0|4829.0|1788.0|0.0|0.0|4872.0|4829.0|1788.0|1266.0|1
15410|80000.0|2|3|1|39|-1|-1|-1|-1|-2|-1|5280.0|5000.0|5000.0|0.0|0.0|5000.0|5000.0|5000.0|0.0|5000.0|5000.0|470.0|0
13532|230000.0|1|3|1|55|0|0|0|0|0|0|208273.0|214423.0|214585.0|170063.0|176893.0|183699.0|10012.0|10000.0|10000.0|10000.0|10000.0|10000.0|0
14667|30000.0|2|2|2|33|0|0|0|0|0|0|30336.0|29965.0|28048.0|29775.0|27736.0|26956.0|3005.0|2000.0|3000.0|3000.0|2000.0|2000.0|0
21320|80000.0|2|2|2|24|0|0|0|0|0|0|75125.0|77353.0|78321.0|73731.0|39643.0|39457.0|3503.0|5001.0|2092.0|1218.0|1445.0|878.0|0
19247|20000.0|2|2|1|21|-1|0|0|0|2|0|17617.0|17540.0|25816.0|12957.0|9602.0|9357.0|1489.0|2302.0|2400.0|0.0|2000.0|3000.0|0
24508|360000.0|1|1|1|47|0|-1|0|0|0|-1|10221.0|8337.0|9696.0|14332.0|21446.0|9476.0|8536.0|5000.0|8500.0|10000.0|9476.0|7000.0|0
13172|230000.0|2|2|1|36|-2|-2|-2|-2|-2|-1|198.0|29430.0|22925.0|6120.0|6519.0|12051.0|29439.0|22993.0|6167.0|6519.0|12086.0|5948.0|1
21326|150000.0|1|1|2|29|0|0|0|0|0|0|119613.0|115349.0|109765.0|101179.0|99940.0|96190.0|5900.0|5019.0|4588.0|4500.0|5000.0|5000.0|0
13210|20000.0|1|3|2|40|0|0|0|0|0|0|17180.0|17715.0|18841.0|18989.0|11583.0|11859.0|1500.0|1500.0|1000.0|1000.0|1000.0|1000.0|0
23108|140000.0|2|1|2|27|0|0|0|0|0|0|143536.0|141849.0|131491.0|94362.0|85863.0|83974.0|5341.0|4000.0|3500.0|3000.0|13000.0|2300.0|0
3399|50000.0|1|3|2|46|1|2|0|0|0|0|49220.0|48161.0|49310.0|49725.0|49910.0|48694.0|0.0|2000.0|1900.0|2007.0|2000.0|2012.0|1
26141|240000.0|2|2|1|38|0|0|0|-2|-2|-2|56331.0|13594.0|0.0|0.0|0.0|0.0|3004.0|0.0|0.0|0.0|0.0|0.0|0
14339|110000.0|2|2|1|26|0|0|0|0|0|0|108001.0|90128.0|92103.0|87049.0|66820.0|65823.0|3500.0|3500.0|3000.0|2342.0|2390.0|3000.0|0
5280|70000.0|2|2|1|25|0|0|0|0|0|0|67574.0|69876.0|56925.0|28421.0|8706.0|29275.0|3839.0|2000.0|3000.0|1100.0|28000.0|1180.0|0
24493|130000.0|1|3|2|33|0|0|0|0|0|0|126592.0|123377.0|59064.0|46825.0|46730.0|47775.0|5264.0|2188.0|2500.0|1122.0|1500.0|1200.0|0
23022|50000.0|1|3|2|58|2|0|0|0|0|0|7831.0|7556.0|7312.0|6959.0|5813.0|3985.0|1123.0|1140.0|1048.0|163.0|135.0|151.0|0
4460|300000.0|1|1|1|34|0|0|0|0|0|0|66176.0|68108.0|70306.0|99217.0|142188.0|145013.0|3000.0|3500.0|30049.0|50000.0|5200.0|5000.0|0
13120|500000.0|1|1|1|41|2|0|0|0|0|0|564757.0|572834.0|430774.0|437950.0|447203.0|456453.0|19850.0|17200.0|15853.0|17000.0|17000.0|15740.0|1
21140|610000.0|2|1|2|31|0|0|0|0|0|0|142764.0|126606.0|67887.0|58397.0|105301.0|105965.0|6540.0|2100.0|2150.0|50000.0|4700.0|2000.0|0
18035|30000.0|1|2|1|39|1|2|0|0|0|0|29388.0|27850.0|28525.0|29091.0|28923.0|29553.0|0.0|1452.0|1018.0|1038.0|1100.0|964.0|0
2843|430000.0|2|1|1|33|-2|-2|-2|-2|-2|-1|1837.0|373.0|1198.0|0.0|538.0|77543.0|373.0|1198.0|0.0|538.0|77543.0|584.0|0
19648|210000.0|1|2|1|42|0|0|0|0|0|0|88498.0|168938.0|79989.0|69800.0|54256.0|48256.0|3555.0|2253.0|1404.0|1085.0|1652.0|5595.0|0
13967|230000.0|2|2|2|32|-2|-2|-2|-2|-2|-2|1168.0|698.0|2371.0|4524.0|299.0|395.0|698.0|2371.0|4524.0|299.0|395.0|0.0|0
2422|20000.0|2|2|2|22|1|2|0|0|0|3|15712.0|15162.0|16188.0|17212.0|19363.0|18771.0|0.0|1276.0|1300.0|2443.0|0.0|0.0|0
11411|20000.0|1|3|2|28|-1|0|0|0|0|0|16122.0|16787.0|14459.0|14743.0|16351.0|17126.0|2000.0|2000.0|2000.0|2000.0|2000.0|2000.0|1
5394|390000.0|2|3|1|28|0|0|0|0|0|0|129002.0|130535.0|129888.0|133690.0|137720.0|140536.0|5000.0|5500.0|6000.0|10000.0|5000.0|5000.0|1
14039|130000.0|2|2|1|44|0|0|0|0|0|0|69120.0|66171.0|65225.0|65588.0|66662.0|68176.0|3000.0|3000.0|3000.0|2500.0|3000.0|3000.0|0
23302|180000.0|1|2|2|28|1|1|-2|-2|-2|-1|23638.0|-46.0|-46.0|-46.0|-46.0|1154.0|3000.0|0.0|0.0|0.0|1200.0|44338.0|0
9202|440000.0|1|1|1|64|0|0|0|0|0|0|427038.0|431540.0|413605.0|355274.0|361170.0|338732.0|20000.0|18000.0|18003.0|15000.0|13000.0|17000.0|0
22440|330000.0|1|1|2|32|0|0|-2|-2|-2|-2|16352.0|0.0|0.0|0.0|0.0|0.0|0.0|0.0|0.0|0.0|0.0|0.0|1
12753|50000.0|2|2|2|42|0|0|0|0|0|0|48080.0|48062.0|48667.0|49311.0|24663.0|24854.0|1763.0|2112.0|1756.0|324.0|336.0|351.0|0
3601|220000.0|2|1|2|26|0|0|-1|-1|-1|-1|4750.0|4909.0|3791.0|7982.0|5850.0|11304.0|2012.0|3791.0|8493.0|5850.0|11304.0|2067.0|0
14319|360000.0|2|3|2|29|-2|-2|-2|-2|-2|-2|3307.0|0.0|0.0|0.0|0.0|1131.0|0.0|0.0|0.0|0.0|1131.0|3409.0|0
22944|80000.0|1|2|1|28|-1|-1|-1|-1|-1|-1|390.0|390.0|390.0|540.0|540.0|540.0|390.0|390.0|540.0|540.0|540.0|390.0|1
20028|260000.0|1|2|2|31|0|0|0|0|0|0|62446.0|54074.0|46407.0|38874.0|31324.0|24031.0|2000.0|2000.0|2000.0|2000.0|2000.0|72000.0|0
21398|50000.0|1|2|1|33|-2|-2|-2|-2|-2|-2|390.0|390.0|0.0|780.0|0.0|0.0|390.0|0.0|780.0|0.0|0.0|0.0|0
28135|200000.0|2|2|2|32|1|-2|-2|-2|-2|-2|0.0|0.0|0.0|0.0|0.0|0.0|0.0|0.0|0.0|0.0|0.0|0.0|0
1932|230000.0|1|1|1|44|-1|-1|-1|-1|0|-1|815.0|815.0|815.0|1630.0|815.0|815.0|815.0|815.0|1630.0|0.0|815.0|629.0|0
8992|240000.0|2|2|1|53|0|0|0|0|2|0|135322.0|100522.0|84626.0|76205.0|46771.0|35207.0|4531.0|3728.0|3612.0|0.0|1100.0|2000.0|0
6475|60000.0|2|1|2|26|1|2|0|0|0|0|29649.0|21657.0|28736.0|42733.0|46404.0|37993.0|0.0|8000.0|15000.0|9000.0|10000.0|0.0|0
18127|450000.0|2|2|1|41|0|-1|0|-1|-1|-1|104624.0|28114.0|19758.0|12518.0|18328.0|14879.0|28114.0|1424.0|12518.0|18328.0|14879.0|34744.0|0
354|140000.0|2|1|2|34|-1|-1|-2|-2|-1|0|1500.0|0.0|0.0|0.0|6400.0|11400.0|0.0|0.0|0.0|6400.0|5000.0|1000.0|0
13249|120000.0|1|1|1|42|2|2|0|0|2|0|63598.0|61987.0|64373.0|69164.0|67453.0|72997.0|0.0|4000.0|6500.0|0.0|6639.0|4000.0|0
378|20000.0|1|2|2|28|0|0|0|0|0|0|8814.0|10167.0|21774.0|10707.0|10539.0|10757.0|1500.0|1200.0|378.0|389.0|400.0|600.0|0
25679|280000.0|2|1|1|41|0|0|0|0|0|0|96590.0|99755.0|81244.0|81193.0|82470.0|49630.0|5000.0|3000.0|3007.0|5000.0|2000.0|1700.0|0
20618|210000.0|2|1|2|33|1|-2|-2|-1|-1|-1|0.0|0.0|0.0|25478.0|9485.0|0.0|0.0|0.0|25478.0|9485.0|0.0|0.0|0
7052|160000.0|2|2|2|25|-1|-1|-1|-1|-1|-1|21570.0|7501.0|10703.0|12448.0|2129.0|24461.0|7545.0|10841.0|12448.0|2141.0|24603.0|16897.0|0
7786|140000.0|2|2|2|34|0|0|2|2|2|0|27098.0|29832.0|29354.0|30609.0|29981.0|30581.0|3485.0|300.0|2038.0|0.0|1100.0|2570.0|1
3864|50000.0|2|2|2|39|0|0|0|0|0|0|16729.0|17772.0|18419.0|18786.0|19187.0|17175.0|1620.0|1267.0|634.0|665.0|668.0|1000.0|0
1|150000.0|2|1|2|41|-2|-2|-2|-2|-1|-1|9682.0|-399.0|0.0|0.0|399.0|150.0|399.0|399.0|0.0|399.0|150.0|200.0|0
29692|200000.0|2|5|2|34|-1|-1|-1|-1|-1|-1|13943.0|8943.0|1662.0|2553.0|1977.0|3175.0|8964.0|1662.0|2553.0|1977.0|3175.0|1804.0|0
491|400000.0|2|1|1|55|-1|-1|-1|-1|0|0|153951.0|193159.0|72201.0|199209.0|179290.0|9780.0|193358.0|72356.0|199209.0|411.0|0.0|126743.0|0
8446|100000.0|1|1|2|28|0|0|0|0|0|0|72970.0|100360.0|91329.0|76840.0|77455.0|79472.0|30000.0|4094.0|2900.0|2850.0|3300.0|3123.0|0
23863|310000.0|2|3|2|28|0|0|-1|-1|-1|-1|19610.0|14746.0|28216.0|4245.0|3500.0|396.0|10000.0|28216.0|4245.0|3500.0|396.0|396.0|0
29429|350000.0|2|2|1|48|0|0|0|0|0|0|311013.0|305633.0|301114.0|285750.0|289399.0|284597.0|11019.0|10728.0|9812.0|10397.0|10099.0|9967.0|0
5936|130000.0|2|2|1|53|1|2|2|2|2|2|112363.0|109067.0|117301.0|113926.0|120846.0|118804.0|0.0|10000.0|0.0|8800.0|0.0|8000.0|0
15722|200000.0|2|3|1|45|-1|-1|-1|-1|-1|-1|11025.0|6959.0|887.0|1462.0|15195.0|17933.0|6959.0|887.0|1462.0|15195.0|17933.0|887.0|0
7284|160000.0|1|1|2|29|1|-1|-1|0|0|-1|-113.0|18887.0|2323.0|9032.0|5630.0|9141.0|19000.0|3000.0|9000.0|0.0|9596.0|10284.0|0
6125|140000.0|2|1|2|31|-2|-2|-2|-2|-2|-1|15953.0|24916.0|12174.0|3961.0|3070.0|2306.0|25148.0|12174.0|3961.0|3070.0|2306.0|450.0|1
21676|200000.0|2|1|1|28|-1|-1|-2|-2|-2|-2|1760.0|0.0|0.0|0.0|0.0|0.0|0.0|0.0|0.0|0.0|0.0|0.0|0
16038|200000.0|1|2|2|29|0|0|0|0|0|0|60068.0|50636.0|41265.0|49072.0|11314.0|11816.0|2500.0|2626.0|9412.0|500.0|1000.0|500.0|0
6531|80000.0|2|2|2|25|0|0|0|0|0|0|69816.0|71257.0|72812.0|74305.0|75872.0|77554.0|2600.0|2700.0|2700.0|2800.0|2900.0|4300.0|0
10495|110000.0|2|2|2|35|0|0|0|0|0|0|22514.0|23201.0|23914.0|24886.0|24903.0|25102.0|1378.0|1723.0|1695.0|1028.0|1056.0|907.0|0
13260|300000.0|1|1|0|37|-1|-1|-1|-1|0|0|298.0|750.0|179.0|1576.0|497.0|-3.0|752.0|179.0|1579.0|1.0|0.0|1246.0|0
27962|170000.0|2|1|2|27|0|0|0|-1|0|0|61785.0|17848.0|14000.0|124208.0|122955.0|116191.0|3848.0|4000.0|124208.0|5000.0|5000.0|5000.0|0
1460|280000.0|2|2|1|32|0|0|0|0|0|0|11561.0|12662.0|13752.0|14815.0|15168.0|15523.0|1300.0|1300.0|1300.0|600.0|600.0|600.0|0
4135|230000.0|2|2|2|52|2|-1|2|0|-1|-1|1292.0|3943.0|1990.0|1499.0|593.0|2553.0|3951.0|1.0|9.0|594.0|2560.0|3759.0|1
26945|20000.0|2|3|1|51|1|-1|-1|-1|-2|-2|0.0|780.0|340.0|-50.0|-830.0|-1660.0|780.0|340.0|0.0|0.0|0.0|0.0|0
9969|50000.0|1|2|2|47|0|0|0|0|0|0|37486.0|35996.0|36679.0|16707.0|17057.0|17423.0|1800.0|2021.0|650.0|619.0|650.0|1000.0|0
21916|40000.0|2|2|1|37|2|2|2|2|2|0|25561.0|26343.0|25635.0|28100.0|27352.0|27862.0|1500.0|0.0|2900.0|0.0|1100.0|2400.0|1
12690|360000.0|1|1|1|51|0|0|0|0|0|0|353200.0|337593.0|341528.0|350949.0|355869.0|210989.0|13806.0|12303.0|15005.0|13729.0|7700.0|8000.0|0
21387|340000.0|2|1|1|56|-1|-1|-1|-1|0|0|5610.0|5399.0|12347.0|8612.0|5479.0|0.0|5399.0|12353.0|8619.0|0.0|0.0|0.0|1
5444|50000.0|2|2|2|29|2|2|2|0|0|0|8281.0|8998.0|9695.0|11521.0|12331.0|13125.0|1000.0|1000.0|2000.0|1000.0|1000.0|1000.0|1
8648|430000.0|2|1|2|30|-1|-1|-1|-1|-1|-1|31423.0|3650.0|44671.0|81979.0|9120.0|85407.0|3650.0|44671.0|82555.0|9120.0|85407.0|14261.0|0
21026|230000.0|2|1|2|39|-1|-1|-1|-1|-1|0|4612.0|2906.0|23777.0|78287.0|8986.0|11666.0|2906.0|23820.0|78287.0|35890.0|11000.0|10180.0|0
19470|60000.0|2|2|1|33|2|0|0|0|0|0|60099.0|60983.0|55595.0|54940.0|47959.0|29763.0|2500.0|2006.0|5000.0|2000.0|2000.0|0.0|1
15534|150000.0|1|2|2|25|0|0|0|0|0|0|141242.0|71740.0|146608.0|148658.0|135768.0|138681.0|4000.0|77000.0|6000.0|5000.0|5100.0|5100.0|0
20624|500000.0|1|1|1|33|-1|-1|-1|0|0|-1|1901.0|3800.0|5239.0|5239.0|1559.0|2680.0|3800.0|5239.0|0.0|0.0|2680.0|299.0|0
4114|230000.0|1|2|1|28|0|0|0|-1|0|0|231357.0|233543.0|99033.0|237008.0|184695.0|185116.0|10000.0|7000.0|237008.0|6488.0|6605.0|6800.0|0
10151|50000.0|1|2|1|24|0|0|0|0|0|0|17961.0|18689.0|19284.0|19517.0|19193.0|18848.0|1700.0|1600.0|1200.0|1000.0|1000.0|1200.0|0
12744|310000.0|1|2|1|43|-1|-1|-1|-1|-1|-1|4943.0|2691.0|2060.0|2004.0|2503.0|814.0|2691.0|2060.0|2018.0|2505.0|816.0|3052.0|0
39|50000.0|1|2|2|53|0|0|0|0|0|0|50302.0|49440.0|49891.0|20503.0|20159.0|20268.0|2100.0|1793.0|700.0|731.0|735.0|616.0|0
25071|100000.0|1|2|1|49|0|0|0|0|0|0|69896.0|71360.0|72820.0|74264.0|75821.0|77410.0|2588.0|2644.0|2656.0|2752.0|2850.0|2965.0|0
11879|170000.0|2|2|2|34|-1|-1|-2|-2|-2|-2|2435.0|0.0|0.0|0.0|0.0|0.0|0.0|0.0|0.0|0.0|0.0|0.0|0
642|110000.0|1|2|2|29|0|0|-2|-2|-2|-2|41300.0|0.0|0.0|0.0|0.0|0.0|0.0|0.0|0.0|0.0|0.0|0.0|0
18622|50000.0|1|3|2|32|0|0|0|0|0|0|49760.0|51105.0|48516.0|19078.0|19220.0|19514.0|2189.0|1600.0|1600.0|700.0|700.0|857.0|1
28690|140000.0|2|1|2|28|0|0|0|0|0|0|9598.0|10631.0|11349.0|12661.0|12606.0|12869.0|1500.0|1195.0|1507.0|452.0|467.0|470.0|0
9803|20000.0|1|2|2|26|1|3|2|2|2|2|17077.0|17504.0|16940.0|19621.0|18646.0|19022.0|1000.0|0.0|3300.0|0.0|1200.0|700.0|0
1305|240000.0|2|1|2|37|-2|-2|-2|-2|-2|-2|660.0|31187.0|1280.0|7623.0|0.0|11353.0|31187.0|1280.0|7643.0|0.0|11353.0|2576.0|0
858|30000.0|2|2|1|47|0|0|0|0|0|0|29187.0|29254.0|30206.0|58287.0|29522.0|30103.0|1505.0|1457.0|1016.0|1207.0|1600.0|1000.0|0
6383|20000.0|2|2|2|34|0|0|0|0|0|0|18649.0|19727.0|20330.0|20199.0|19609.0|19957.0|1700.0|2000.0|1200.0|0.0|348.0|0.0|0
25139|180000.0|2|3|1|43|-2|-1|0|0|0|0|130500.0|47346.0|48176.0|49140.0|48129.0|45759.0|47346.0|1678.0|1642.0|2000.0|2000.0|1424.0|0
29564|340000.0|2|2|2|29|0|-1|-1|-1|0|0|43733.0|16584.0|16498.0|100928.0|26083.0|20214.0|16787.0|16514.0|100940.0|20229.0|25.0|8.0|0
25370|30000.0|2|2|1|39|-1|3|2|0|-1|3|1742.0|1560.0|780.0|780.0|2057.0|1737.0|0.0|0.0|0.0|2057.0|0.0|0.0|0
18624|50000.0|1|2|2|24|-1|-1|-1|-1|-1|-1|999.0|593.0|-7.0|2636.0|-39.0|13000.0|594.0|0.0|2643.0|0.0|13039.0|128.0|0
8222|140000.0|1|3|1|33|0|0|0|0|0|0|140795.0|93199.0|64487.0|53220.0|50051.0|45859.0|3609.0|2039.0|3014.0|2514.0|1656.0|1005.0|0
23114|430000.0|1|1|2|35|-1|-1|-1|-1|-1|0|5454.0|2316.0|12457.0|26522.0|28951.0|11057.0|2328.0|12799.0|27888.0|29023.0|12.0|2929.0|0
18256|220000.0|2|2|1|33|2|2|0|0|0|0|223904.0|211137.0|197721.0|181231.0|182649.0|182644.0|0.0|8240.0|6549.0|6605.0|6490.0|6319.0|1
24149|50000.0|1|2|2|39|0|0|0|0|0|0|26813.0|22999.0|17485.0|10588.0|8368.0|940.0|1708.0|1454.0|289.0|1508.0|1042.0|0.0|0
25854|140000.0|2|1|1|51|0|0|0|0|0|0|56764.0|57950.0|57668.0|55024.0|55883.0|55744.0|2115.0|2004.0|1941.0|2073.0|1909.0|2132.0|0
25773|50000.0|2|2|1|28|0|0|0|0|0|0|14262.0|16024.0|17744.0|19440.0|23089.0|24695.0|2000.0|2000.0|2000.0|4000.0|2000.0|2000.0|1
6626|50000.0|2|2|1|42|0|0|0|0|0|0|38516.0|28604.0|28089.0|27864.0|27173.0|27457.0|1754.0|1500.0|1500.0|1000.0|1100.0|1208.0|0
17975|70000.0|1|2|2|43|0|0|0|0|0|0|59829.0|57240.0|29079.0|28562.0|29155.0|29448.0|1586.0|1739.0|1002.0|1033.0|1142.0|1014.0|0
20484|180000.0|2|1|2|33|0|-1|-1|-2|-2|-2|3302.0|1295.0|0.0|0.0|0.0|0.0|1295.0|0.0|0.0|0.0|0.0|1640.0|0
28455|30000.0|2|3|1|45|-2|-2|-2|-2|-2|-2|0.0|1930.0|1930.0|2072.0|4072.0|0.0|1930.0|1930.0|2072.0|4072.0|0.0|0.0|0
9533|150000.0|1|1|2|23|-1|-1|-1|-1|-1|-1|1389.0|7139.0|813.0|3028.0|5264.0|208.0|7139.0|813.0|3032.0|5264.0|208.0|3538.0|0
2961|20000.0|1|2|2|23|1|2|0|0|0|0|19403.0|18541.0|19254.0|19456.0|19323.0|19265.0|0.0|1298.0|1000.0|692.0|766.0|998.0|1
23648|80000.0|2|2|2|27|0|0|0|-1|-1|-1|52934.0|54217.0|52394.0|2131.0|744.0|758.0|3000.0|1064.0|2500.0|1000.0|1000.0|1000.0|0
21060|50000.0|2|1|2|25|0|0|0|0|0|0|44984.0|47217.0|47748.0|46987.0|47462.0|48104.0|3000.0|3000.0|2000.0|2000.0|1859.0|3000.0|0
4794|50000.0|2|2|2|25|2|2|2|0|0|0|50863.0|50887.0|19345.0|19152.0|18953.0|19388.0|1600.0|0.0|1000.0|1000.0|900.0|900.0|1
18202|30000.0|2|2|2|23|0|0|0|2|0|0|24285.0|26143.0|26929.0|19610.0|20591.0|19472.0|3002.0|2130.0|2.0|3004.0|8013.0|0.0|0
25415|290000.0|2|2|2|33|0|0|0|0|0|0|14026.0|9154.0|2778.0|9981.0|23989.0|22667.0|9000.0|2000.0|9000.0|23000.0|22000.0|1797.0|0
27555|20000.0|2|1|2|37|1|-2|-2|-1|-1|-2|0.0|0.0|0.0|1004.0|0.0|0.0|0.0|0.0|1004.0|0.0|0.0|0.0|0
23282|30000.0|2|2|2|50|0|0|0|0|0|0|25416.0|26260.0|24084.0|23631.0|29863.0|29369.0|1389.0|1602.0|1563.0|8500.0|1100.0|500.0|0
19307|80000.0|2|3|0|41|0|0|0|0|0|0|69964.0|52041.0|39864.0|38934.0|38816.0|38850.0|3082.0|2500.0|2200.0|2000.0|2000.0|2000.0|0
13166|150000.0|1|1|2|31|2|2|2|2|2|3|57504.0|58590.0|64813.0|63048.0|120660.0|122762.0|2500.0|7628.0|0.0|61923.0|4500.0|3900.0|1
694|200000.0|1|2|1|39|-2|-2|-2|-2|-2|-2|15109.0|3139.0|12840.0|3950.0|7688.0|2241.0|3155.0|12848.0|3950.0|7690.0|2241.0|2795.0|0
26637|90000.0|2|2|1|31|-1|-1|-2|-2|-2|-2|350.0|0.0|0.0|0.0|0.0|0.0|0.0|0.0|0.0|0.0|0.0|0.0|0
29628|150000.0|1|2|2|31|-2|-1|-1|-1|-1|-2|0.0|648.0|0.0|1448.0|0.0|0.0|648.0|0.0|1448.0|0.0|0.0|3632.0|0
5589|260000.0|2|4|2|33|0|0|0|0|0|0|18457.0|22815.0|27086.0|27821.0|30767.0|29890.0|5000.0|5000.0|1137.0|5000.0|1085.0|5000.0|0
6057|300000.0|2|1|2|35|0|0|0|0|0|0|47295.0|87717.0|78638.0|77038.0|74345.0|49452.0|55047.0|27354.0|2124.0|5000.0|5500.0|4000.0|0
29659|50000.0|1|2|1|25|1|-1|0|0|0|0|-8.0|37230.0|10496.0|3614.0|2254.0|1494.0|18631.0|1000.0|0.0|0.0|0.0|0.0|1
13865|230000.0|2|1|2|28|0|0|0|0|0|0|51545.0|42151.0|44532.0|42517.0|44087.0|40581.0|2000.0|3000.0|2000.0|2000.0|1242.0|2759.0|1
10455|50000.0|1|2|2|22|0|0|0|0|0|2|49718.0|50362.0|49904.0|50405.0|29795.0|28383.0|1786.0|2000.0|1500.0|2200.0|0.0|1100.0|0
27254|90000.0|2|3|2|35|0|0|0|0|0|0|101106.0|96216.0|89964.0|29802.0|29174.0|26111.0|4208.0|4022.0|686.0|753.0|740.0|5034.0|0
12909|80000.0|1|1|1|46|2|2|2|2|0|0|57477.0|58539.0|59722.0|58174.0|59204.0|61092.0|2600.0|2700.0|0.0|2600.0|3000.0|2500.0|1
28351|420000.0|2|1|2|41|0|0|0|0|0|0|79899.0|82012.0|84079.0|85614.0|87053.0|88657.0|3391.0|3427.0|2909.0|2877.0|2976.0|2686.0|0
3874|70000.0|2|1|2|26|1|2|2|2|2|2|28106.0|30447.0|29659.0|31767.0|31124.0|35511.0|3100.0|0.0|2600.0|0.0|5100.0|1400.0|1
25527|110000.0|2|2|1|35|0|0|0|0|0|0|81665.0|46070.0|34419.0|36829.0|38080.0|40434.0|2460.0|2000.0|3000.0|2000.0|3000.0|5000.0|0
11868|50000.0|1|1|2|24|-1|-1|-1|-1|-1|-1|390.0|0.0|672.0|-108.0|2830.0|0.0|0.0|672.0|0.0|2938.0|0.0|0.0|1
17944|370000.0|2|2|1|35|0|0|0|0|0|0|201666.0|200757.0|192231.0|187486.0|191019.0|186529.0|7094.0|8500.0|6983.0|6500.0|7150.0|7000.0|0
19551|80000.0|2|2|2|33|0|0|0|0|0|0|69937.0|69798.0|69200.0|44651.0|45185.0|45674.0|3032.0|5000.0|2000.0|2000.0|2000.0|2000.0|0
16557|220000.0|2|1|1|48|-1|-1|-2|-2|-2|-2|3467.0|3327.0|839.0|-3.0|1856.0|1528.0|3340.0|840.0|3.0|1859.0|2134.0|1648.0|0
15719|80000.0|2|2|1|29|2|0|0|0|0|0|80100.0|79368.0|81130.0|49407.0|49067.0|50234.0|3500.0|3700.0|1800.0|1900.0|3000.0|2000.0|0
29418|50000.0|2|1|2|29|2|0|0|0|0|0|45367.0|46815.0|10099.0|8686.0|8614.0|6977.0|2335.0|1629.0|500.0|500.0|1000.0|1000.0|1
18200|190000.0|1|1|2|30|0|0|0|0|0|0|138429.0|141192.0|144484.0|148760.0|48776.0|49853.0|4555.0|5058.0|6489.0|1602.0|1716.0|2286.0|0
19539|360000.0|2|2|1|58|-2|-1|-1|-2|-2|-2|0.0|600.0|0.0|0.0|0.0|1459.0|600.0|0.0|0.0|0.0|1459.0|0.0|0
4899|50000.0|1|2|1|51|0|0|0|0|0|0|49083.0|49462.0|50004.0|17751.0|17725.0|17688.0|2238.0|2170.0|617.0|631.0|635.0|614.0|0
5027|410000.0|1|2|1|46|-1|-1|-1|-1|-1|-1|5135.0|2916.0|13379.0|5165.0|5034.0|3089.0|2916.0|13379.0|5180.0|5851.0|3089.0|6271.0|0
1816|210000.0|2|1|2|32|-2|-2|-2|-2|-2|-2|19959.0|1592.0|-2.0|560.0|6190.0|243.0|1603.0|0.0|562.0|6196.0|243.0|4061.0|0
10404|260000.0|2|1|1|31|-1|0|0|0|0|2|8078.0|27201.0|27879.0|28420.0|39206.0|37705.0|20000.0|2000.0|2000.0|12000.0|0.0|2000.0|0
5843|160000.0|1|2|2|52|1|2|-1|0|0|0|2259.0|1869.0|12671.0|8315.0|5085.0|4900.0|1310.0|12671.0|166.0|102.0|1100.0|2610.0|1
5897|50000.0|1|2|2|29|0|0|2|2|2|0|24043.0|26806.0|26077.0|27898.0|27315.0|27709.0|3165.0|0.0|2257.0|0.0|1000.0|2000.0|0
16384|90000.0|2|2|1|45|2|2|2|2|2|2|45820.0|46770.0|45741.0|48729.0|49628.0|50680.0|2000.0|0.0|3755.0|2000.0|2000.0|2100.0|1
1736|50000.0|2|2|1|31|2|0|0|0|0|0|44105.0|33089.0|22829.0|13216.0|16100.0|16696.0|2000.0|2506.0|3000.0|3000.0|1070.0|5203.0|0
20374|20000.0|2|2|2|23|0|0|0|-2|-2|-2|8936.0|9700.0|0.0|0.0|0.0|0.0|1000.0|0.0|0.0|0.0|0.0|0.0|0
23513|140000.0|2|1|2|24|0|0|0|0|0|-1|124722.0|77682.0|77870.0|19353.0|8966.0|14300.0|3645.0|2322.0|387.0|1000.0|14300.0|2900.0|0
16543|20000.0|1|2|2|40|1|2|2|2|3|2|15476.0|16533.0|15975.0|17903.0|17336.0|16910.0|1600.0|0.0|2500.0|0.0|0.0|2000.0|0
9898|170000.0|2|1|2|31|-1|-1|-1|-1|-1|-1|1561.0|1239.0|7315.0|10730.0|1686.0|9445.0|1239.0|7352.0|10730.0|1686.0|9445.0|3444.0|0
1938|120000.0|1|1|2|30|1|-2|-1|-1|-2|-2|0.0|0.0|1990.0|0.0|0.0|0.0|0.0|1990.0|0.0|0.0|0.0|0.0|0
25771|280000.0|2|1|2|29|-1|-1|-1|-1|0|-1|1939.0|333.0|779.0|8029.0|8040.0|2979.0|333.0|779.0|8029.0|11.0|3129.0|138.0|0
17262|50000.0|1|2|1|46|0|0|0|-1|0|0|3656.0|4400.0|0.0|1704.0|3715.0|-105.0|1000.0|0.0|1704.0|2011.0|0.0|1649.0|0
8523|210000.0|2|2|2|29|0|0|-1|-1|0|0|14073.0|13034.0|2569.0|36116.0|36287.0|5695.0|2059.0|2576.0|36120.0|1093.0|2968.0|1430.0|0
11364|90000.0|2|1|2|26|1|2|2|-1|-1|2|23812.0|15616.0|11988.0|32658.0|30885.0|26639.0|0.0|1525.0|35011.0|3000.0|0.0|2000.0|0
18548|500000.0|2|3|1|38|-2|-2|-2|-2|-2|-2|-40.0|-40.0|-40.0|-40.0|7980.0|20603.0|0.0|0.0|0.0|8020.0|20706.0|36759.0|0
11881|20000.0|2|2|2|22|0|0|0|0|0|0|19583.0|16810.0|17941.0|19327.0|19155.0|19422.0|1300.0|1409.0|1795.0|623.0|512.0|185.0|0
25294|200000.0|2|1|2|27|1|-2|-2|-2|-1|0|0.0|0.0|0.0|0.0|3012.0|3021.0|0.0|0.0|0.0|3012.0|9.0|363.0|0
13122|200000.0|2|2|1|34|1|-1|-1|-1|-1|-1|-2.0|758.0|998.0|668.0|9815.0|36870.0|760.0|1000.0|670.0|9852.0|40063.0|1049.0|0
18793|30000.0|1|1|1|34|-1|-1|-1|-2|-2|-2|220.0|2500.0|0.0|0.0|0.0|0.0|2500.0|0.0|0.0|0.0|0.0|0.0|0
2530|350000.0|2|1|1|33|-1|-1|-1|-1|-1|-1|1314.0|5133.0|1667.0|9737.0|363.0|1112.0|5249.0|1667.0|9839.0|363.0|1112.0|1981.0|0
17027|240000.0|1|1|1|35|-1|-1|-1|0|-1|-1|2024.0|2007.0|21790.0|17102.0|13367.0|22659.0|2017.0|21817.0|1120.0|13434.0|22772.0|22820.0|0
7321|210000.0|2|1|1|46|-2|-2|-2|-2|-2|-2|0.0|477.0|971.0|0.0|386.0|0.0|477.0|972.0|0.0|386.0|0.0|0.0|0
5756|80000.0|2|3|1|69|0|0|0|0|0|0|79862.0|80921.0|79627.0|80610.0|62447.0|60850.0|3000.0|3000.0|3000.0|2324.0|2500.0|3000.0|0
28758|240000.0|2|2|1|42|-1|-1|-1|-1|-1|-1|632.0|0.0|316.0|632.0|0.0|316.0|0.0|316.0|632.0|0.0|316.0|948.0|0
11604|240000.0|2|2|2|26|0|0|0|0|0|0|138859.0|136521.0|135459.0|117308.0|107928.0|103799.0|5308.0|4915.0|4100.0|4000.0|4002.0|4000.0|1
3714|240000.0|1|1|2|29|0|-1|-1|-1|-1|-1|13980.0|9969.0|1276.0|0.0|8621.0|0.0|9969.0|1276.0|0.0|8621.0|0.0|1300.0|0
3732|450000.0|1|2|1|66|-2|-2|-2|-2|-2|-2|-81.0|15029.0|-1318.0|-9157.0|-20753.0|-22680.0|15110.0|40.0|258.0|9.0|23.0|27.0|0
19209|110000.0|2|1|2|30|-1|-1|-1|-1|-2|-2|1064.0|2001.0|3796.0|0.0|0.0|0.0|2007.0|3796.0|0.0|0.0|0.0|0.0|0
14421|210000.0|2|2|1|28|-2|-2|-2|-2|-2|-2|1412.0|1194.0|404.0|2851.0|2959.0|693.0|1194.0|404.0|2851.0|2959.0|782.0|2657.0|1
13146|500000.0|2|1|1|34|-2|-2|-2|-2|-2|-2|13000.0|13000.0|13000.0|13000.0|13000.0|13000.0|13000.0|13000.0|13000.0|13000.0|13000.0|13000.0|0
423|180000.0|2|2|2|32|0|0|0|0|0|0|54797.0|56909.0|57466.0|58609.0|59828.0|59842.0|3000.0|2100.0|2100.0|2163.0|1000.0|2203.0|0
11302|20000.0|2|3|1|51|1|2|0|0|0|0|15399.0|14859.0|15913.0|17033.0|17466.0|19635.0|0.0|1600.0|1700.0|1000.0|2600.0|0.0|1
21065|260000.0|2|3|1|52|0|0|0|0|0|0|207627.0|212821.0|214885.0|219204.0|223899.0|228279.0|8535.0|6430.0|6495.0|6849.0|6799.0|32430.0|0
18463|150000.0|1|2|2|49|0|0|0|0|0|0|151822.0|86002.0|75782.0|76333.0|77956.0|77553.0|2985.0|2700.0|5000.0|2823.0|2865.0|2679.0|1
4744|150000.0|1|2|1|33|2|-1|-1|-2|-2|-2|1033.0|1533.0|0.0|0.0|0.0|0.0|1550.0|0.0|0.0|0.0|0.0|0.0|1
4914|130000.0|1|1|2|27|0|0|0|0|0|0|87685.0|89577.0|91199.0|89446.0|91336.0|84756.0|3300.0|3130.0|3100.0|3200.0|3100.0|3100.0|0
23971|50000.0|2|2|2|23|0|0|0|2|0|0|16370.0|15373.0|12065.0|10199.0|9261.0|6816.0|1524.0|2588.0|0.0|284.0|1000.0|1000.0|1
27575|60000.0|2|2|1|36|1|-2|-2|-2|-1|2|0.0|0.0|0.0|0.0|982.0|832.0|0.0|0.0|0.0|982.0|0.0|1500.0|0
9428|120000.0|2|1|2|33|-1|-1|-1|-1|-1|2|332.0|332.0|538.0|3160.0|2928.0|2596.0|332.0|538.0|3160.0|100.0|0.0|2959.0|1
27797|160000.0|1|2|2|24|0|0|0|0|0|0|76054.0|73992.0|73246.0|71321.0|141494.0|72913.0|3275.0|3000.0|3000.0|3000.0|3500.0|2500.0|0
18093|50000.0|1|2|2|26|1|2|0|0|2|2|16412.0|15851.0|16889.0|19909.0|19291.0|20675.0|0.0|1294.0|3314.0|0.0|1700.0|0.0|0
6037|50000.0|1|2|1|49|0|0|0|-1|-1|-1|46693.0|14453.0|6701.0|3581.0|0.0|6000.0|1158.0|1010.0|3581.0|0.0|6000.0|3261.0|0
3258|190000.0|2|3|1|43|0|0|0|0|0|0|93359.0|95376.0|98954.0|101512.0|106708.0|109639.0|3404.0|4954.0|4512.0|6708.0|4639.0|4793.0|0
16129|500000.0|2|1|2|37|-1|-1|-1|-1|-1|-1|6364.0|1625.0|517.0|0.0|1450.0|2668.0|1625.0|517.0|0.0|1450.0|2668.0|1480.0|0
6023|200000.0|2|2|1|48|-2|-1|2|2|-1|-1|-1123.0|2711.0|3030.0|1695.0|10569.0|9777.0|4165.0|1700.0|5.0|10624.0|9816.0|9208.0|1
27613|20000.0|1|1|2|35|3|2|2|2|0|0|10216.0|10653.0|11371.0|10906.0|11588.0|12416.0|900.0|1200.0|0.0|1000.0|1400.0|0.0|1
14473|410000.0|2|1|1|44|-2|-2|-2|-2|-2|-2|-1.0|1733.0|-2506.0|-2506.0|-2506.0|-2506.0|1734.0|2506.0|0.0|0.0|0.0|0.0|0
359|240000.0|2|1|2|34|1|-2|-1|-1|-1|-1|-25.0|-25.0|2062.0|-1.0|311.0|2005.0|0.0|2087.0|0.0|312.0|2015.0|224.0|0
16559|30000.0|2|2|2|23|0|0|0|0|0|0|19594.0|20619.0|21631.0|22062.0|22707.0|23312.0|1346.0|1358.0|789.0|1000.0|981.0|1010.0|0
12103|360000.0|2|1|1|32|-2|-2|-2|-2|-1|0|-16.0|3194.0|430.0|1982.0|211250.0|215670.0|3210.0|436.0|1991.0|211250.0|7762.0|7823.0|0
26255|170000.0|2|2|2|32|0|0|0|0|-1|0|10928.0|8400.0|5654.0|6285.0|4417.0|740.0|6151.0|4110.0|6920.0|6637.0|0.0|16744.0|1
27528|120000.0|1|2|1|38|0|0|0|0|0|0|50441.0|41960.0|34024.0|30564.0|22702.0|23175.0|2000.0|1361.0|1000.0|824.0|851.0|812.0|0
14291|50000.0|2|3|2|40|0|0|0|0|0|0|19824.0|29311.0|30862.0|26614.0|15571.0|14971.0|15000.0|10000.0|5000.0|1500.0|800.0|2000.0|0
25355|20000.0|2|2|2|27|0|0|0|0|0|0|15248.0|16255.0|17282.0|18293.0|18661.0|20157.0|1265.0|1292.0|1303.0|671.0|1800.0|0.0|0
19395|400000.0|2|1|2|29|-2|-2|-2|-2|-2|-2|7622.0|38849.0|13586.0|19502.0|3809.0|4512.0|39097.0|13653.0|19617.0|3930.0|7021.0|24987.0|0
12253|310000.0|2|1|2|36|-1|-1|-1|-1|-1|-1|6514.0|8619.0|6204.0|2905.0|7944.0|13125.0|8619.0|6206.0|2905.0|7944.0|13524.0|16233.0|0
26454|30000.0|1|2|1|36|0|0|0|0|0|0|6727.0|5023.0|6714.0|8714.0|9514.0|3300.0|2000.0|2000.0|2000.0|5000.0|0.0|0.0|0
22168|20000.0|2|2|1|31|0|0|0|0|0|0|13080.0|10911.0|18890.0|11026.0|5863.0|3273.0|1500.0|2000.0|2000.0|1000.0|1000.0|0.0|0
3631|290000.0|2|2|0|49|0|0|0|0|0|0|52547.0|53829.0|53841.0|54486.0|55198.0|55878.0|2542.0|1926.0|1931.0|1989.0|2002.0|2028.0|0
21615|230000.0|2|1|2|28|0|0|0|0|0|0|95956.0|87294.0|85336.0|81640.0|82462.0|80964.0|4231.0|4061.0|2846.0|2800.0|2909.0|2601.0|1
7143|430000.0|1|2|1|46|0|0|-1|0|0|0|52930.0|960.0|354716.0|361373.0|368484.0|365148.0|510.0|358689.0|15066.0|14126.0|13065.0|12908.0|1
5214|240000.0|2|2|2|44|1|-2|-2|-2|-2|-2|0.0|0.0|0.0|0.0|0.0|0.0|0.0|0.0|0.0|0.0|0.0|0.0|1
22260|70000.0|2|2|1|33|1|2|0|0|0|0|51900.0|49307.0|48214.0|27572.0|26810.0|20541.0|0.0|1500.0|1300.0|1505.0|1000.0|1000.0|0
11572|50000.0|1|3|3|45|-1|0|-1|-1|-1|-1|24077.0|22385.0|3000.0|5260.0|1025.0|5900.0|1000.0|3008.0|5260.0|1025.0|5900.0|2800.0|0
5068|270000.0|2|2|1|51|-1|-1|-1|0|-1|-1|7582.0|10392.0|11088.0|6045.0|750.0|4003.0|10392.0|11586.0|6013.0|750.0|4003.0|5000.0|0
8825|370000.0|1|2|2|28|0|0|0|0|0|0|261021.0|265512.0|269491.0|223905.0|226566.0|226817.0|10001.0|10000.0|10000.0|8207.0|7641.0|7521.0|0
14051|50000.0|2|3|1|56|0|0|0|0|0|0|63348.0|62934.0|60513.0|18712.0|17015.0|20284.0|2400.0|2500.0|1000.0|1000.0|5000.0|2000.0|0
5111|400000.0|1|1|2|31|1|-2|-1|0|0|0|-166.0|-490.0|29186.0|30789.0|7879.0|13928.0|1.0|30001.0|2128.0|3009.0|8006.0|1028.0|0
22388|30000.0|1|2|1|53|0|0|0|0|0|0|29557.0|30091.0|28247.0|28884.0|29523.0|30672.0|1427.0|2973.0|1500.0|1100.0|2000.0|1000.0|0
8867|180000.0|2|4|1|28|2|0|0|0|0|0|117328.0|115140.0|73730.0|64600.0|2500.0|0.0|4117.0|3504.0|3000.0|0.0|0.0|0.0|0
8695|50000.0|1|3|2|38|0|0|0|0|-2|-2|4269.0|5478.0|6190.0|0.0|0.0|0.0|1288.0|1000.0|0.0|0.0|0.0|0.0|0
482|150000.0|2|3|1|48|0|0|0|2|0|0|36717.0|37800.0|40874.0|39922.0|40953.0|42136.0|2000.0|4000.0|0.0|2000.0|2000.0|2000.0|0
20482|50000.0|2|1|2|23|0|0|0|0|0|0|33959.0|35409.0|36120.0|36991.0|37744.0|39115.0|2000.0|1601.0|1472.0|1500.0|2000.0|5000.0|0
27330|50000.0|1|2|1|56|0|0|0|0|0|0|48895.0|49455.0|49245.0|48657.0|20050.0|17376.0|1775.0|2070.0|1232.0|625.0|585.0|560.0|0
4579|200000.0|2|1|2|40|1|-2|-2|-2|-2|-2|0.0|0.0|0.0|0.0|0.0|0.0|0.0|0.0|0.0|0.0|0.0|0.0|1
20497|20000.0|1|3|1|34|0|0|0|0|0|0|17692.0|17293.0|16803.0|16525.0|16185.0|-2623.0|2000.0|2004.0|1500.0|1500.0|0.0|19500.0|0
20973|400000.0|2|1|2|40|-1|-1|-1|-1|-1|0|60125.0|1981.0|4521.0|20472.0|76933.0|173599.0|1981.0|4521.0|20500.0|77000.0|100000.0|7700.0|0
26323|330000.0|2|2|1|39|8|7|6|5|4|3|377779.0|372355.0|365250.0|358145.0|352121.0|346216.0|0.0|0.0|0.0|0.0|0.0|0.0|1
19392|110000.0|1|2|2|26|0|0|0|0|0|0|106417.0|103587.0|56676.0|47332.0|45171.0|47092.0|9026.0|6000.0|2000.0|2000.0|3000.0|4006.0|0
13872|10000.0|1|2|2|45|1|2|0|0|0|0|9298.0|9093.0|8528.0|9319.0|9477.0|9736.0|1000.0|1200.0|1142.0|300.0|400.0|340.0|0
18484|420000.0|2|1|2|28|0|0|-1|0|0|0|7880.0|4623.0|64513.0|65592.0|57438.0|31029.0|1010.0|64513.0|2420.0|1473.0|1062.0|1022.0|0
11308|280000.0|2|2|2|37|-1|-1|-1|-1|-1|-1|1876.0|2716.0|1876.0|1876.0|1876.0|1870.0|2716.0|1876.0|1876.0|1876.0|1870.0|10267.0|0
8453|140000.0|2|2|1|37|-1|-1|-1|-1|-1|-1|330.0|330.0|330.0|330.0|330.0|947.0|330.0|330.0|330.0|330.0|947.0|2389.0|0
759|30000.0|2|2|2|29|0|0|0|0|0|0|25167.0|25299.0|22912.0|14940.0|9365.0|1280.0|1414.0|1415.0|1002.0|200.0|104.0|0.0|0
27076|130000.0|2|3|1|44|0|0|0|0|0|2|109006.0|110256.0|113283.0|101247.0|96939.0|81977.0|4500.0|5000.0|4000.0|10600.0|0.0|2300.0|0
26062|40000.0|1|2|2|22|-1|-1|-1|0|0|0|900.0|2833.0|9495.0|6965.0|2759.0|0.0|2833.0|9495.0|0.0|0.0|0.0|0.0|0
21087|50000.0|1|2|1|47|0|0|0|0|0|0|49032.0|48764.0|49521.0|48830.0|49728.0|50146.0|2599.0|2556.0|1665.0|1600.0|1800.0|2000.0|0
19371|100000.0|2|2|2|30|0|0|0|0|0|0|96636.0|95169.0|97303.0|99339.0|77082.0|77677.0|3402.0|3663.0|3788.0|2695.0|2772.0|2903.0|0
8727|200000.0|1|1|3|43|-1|-1|-1|-1|-1|0|9873.0|-709.0|10291.0|0.0|582.0|291.0|0.0|11000.0|0.0|873.0|0.0|291.0|0
23132|90000.0|2|1|2|23|0|0|0|0|2|0|60374.0|57829.0|59492.0|68365.0|66832.0|69248.0|3000.0|2600.0|10000.0|0.0|3500.0|4000.0|0
29728|20000.0|1|3|2|23|0|0|0|0|0|0|17030.0|18064.0|19046.0|19221.0|18603.0|19075.0|1315.0|1297.0|672.0|675.0|781.0|734.0|0
22335|80000.0|1|1|2|42|5|4|3|2|0|0|74477.0|68633.0|62890.0|56788.0|52287.0|52287.0|0.0|0.0|0.0|0.0|0.0|50771.0|0
541|110000.0|2|2|1|54|2|2|2|0|0|2|95090.0|94938.0|91453.0|92097.0|96509.0|93773.0|3400.0|0.0|3290.0|7000.0|0.0|3500.0|1
23386|220000.0|1|2|1|32|0|-1|-1|-1|-1|-1|8000.0|8288.0|8000.0|0.0|8000.0|0.0|8288.0|8000.0|0.0|8000.0|0.0|0.0|0
13673|30000.0|2|1|2|25|0|0|0|0|0|0|26376.0|27483.0|28242.0|16498.0|16923.0|17649.0|1550.0|1308.0|1300.0|700.0|1000.0|2000.0|0
12950|250000.0|1|2|1|52|2|2|2|2|0|0|29860.0|29086.0|33288.0|32459.0|34600.0|36539.0|0.0|5000.0|0.0|3000.0|2500.0|2500.0|1
6789|100000.0|2|3|1|40|2|2|0|0|0|0|13278.0|12773.0|16179.0|17597.0|18499.0|20531.0|0.0|3950.0|2000.0|1500.0|2500.0|4800.0|1
18890|210000.0|2|2|1|37|0|0|0|0|0|0|162518.0|138078.0|134428.0|129871.0|131091.0|118405.0|8006.0|7009.0|5000.0|5000.0|17137.0|3863.0|0
343|40000.0|2|3|1|43|-1|-1|-1|2|0|0|780.0|177.0|1583.0|1020.0|630.0|240.0|177.0|1583.0|0.0|0.0|0.0|1080.0|0
15189|50000.0|1|2|1|38|0|0|0|0|0|0|16486.0|17800.0|18546.0|19476.0|18694.0|19427.0|1592.0|1338.0|1268.0|636.0|1000.0|722.0|0
13371|230000.0|2|1|2|31|-2|-2|-2|-1|-1|-1|0.0|0.0|196.0|533.0|1238.0|957.0|0.0|196.0|533.0|1238.0|957.0|1187.0|0
29691|30000.0|2|2|2|23|1|-1|-1|-2|-2|-1|-1.0|604.0|0.0|0.0|0.0|359.0|605.0|0.0|0.0|0.0|359.0|0.0|0
14297|50000.0|1|2|2|33|2|0|0|0|0|0|30518.0|29618.0|22102.0|22734.0|23217.0|23680.0|1718.0|1500.0|1000.0|1000.0|1000.0|716.0|1
261|80000.0|1|2|2|42|0|0|0|0|0|0|75264.0|75919.0|78078.0|28868.0|29174.0|29444.0|3200.0|4613.0|1100.0|1500.0|1500.0|966.0|0
11297|30000.0|2|2|2|25|-2|-2|-2|-2|-2|-2|26957.0|26269.0|17036.0|27497.0|16098.0|7300.0|1333.0|2256.0|27497.0|787.0|200.0|0.0|0
3547|210000.0|2|2|2|32|-1|0|0|0|-1|-1|1952.0|2787.0|6316.0|6504.0|326.0|89599.0|1526.0|4000.0|514.0|326.0|89599.0|3292.0|0
27466|80000.0|1|1|2|25|0|0|0|0|0|0|42444.0|55744.0|43476.0|41087.0|41951.0|31826.0|30000.0|3000.0|6000.0|8000.0|2000.0|14000.0|0
20591|50000.0|2|2|1|24|0|0|0|0|0|-2|44159.0|41904.0|46174.0|40675.0|0.0|0.0|5000.0|5000.0|2000.0|0.0|0.0|0.0|0
21524|20000.0|1|2|2|30|2|2|2|2|0|0|13269.0|12391.0|12326.0|10621.0|10400.0|0.0|33.0|3317.0|0.0|1000.0|0.0|0.0|0
26832|50000.0|2|1|1|38|2|3|2|0|0|0|64760.0|60747.0|54902.0|54280.0|18595.0|18838.0|2000.0|0.0|1200.0|15000.0|2000.0|1000.0|0
25412|450000.0|2|2|1|38|-2|-2|-2|-2|-2|-2|10972.0|15005.0|13887.0|17255.0|17515.0|0.0|15008.0|1200.0|5255.0|4566.0|0.0|3648.0|0
11520|20000.0|1|2|2|27|1|2|0|0|2|2|7326.0|7060.0|8240.0|9582.0|9279.0|9971.0|0.0|1296.0|1638.0|0.0|844.0|0.0|1
11827|500000.0|1|2|1|58|-1|-1|-1|-1|-1|-1|4101.0|11076.0|3834.0|-754.0|6276.0|16871.0|11155.0|4024.0|754.0|7030.0|17050.0|6063.0|0
27428|210000.0|1|1|1|30|0|0|0|0|0|2|65600.0|63396.0|64150.0|66135.0|70118.0|67254.0|2300.0|3000.0|3000.0|5000.0|0.0|3000.0|0
5348|140000.0|1|2|2|44|0|0|0|0|0|0|129301.0|129885.0|131886.0|133105.0|78607.0|78773.0|6104.0|7000.0|5518.0|2933.0|3100.0|3502.0|0
24722|260000.0|2|1|2|26|0|0|0|0|0|0|144112.0|144619.0|142380.0|141746.0|112938.0|110346.0|5033.0|5046.0|4573.0|4000.0|3800.0|4000.0|0
20145|150000.0|2|1|1|29|-1|-1|-1|-1|-1|0|598.0|3188.0|33850.0|4625.0|1035.0|520.0|3188.0|33850.0|4625.0|1035.0|0.0|0.0|1
5994|20000.0|1|2|1|47|1|2|2|0|0|0|8198.0|6465.0|5450.0|4427.0|2661.0|895.0|300.0|1000.0|1000.0|0.0|0.0|3386.0|0
9042|60000.0|1|1|1|48|-1|-1|2|0|0|-1|282.0|61573.0|32122.0|31423.0|2914.0|1470.0|62773.0|0.0|0.0|0.0|1470.0|58587.0|0
11819|270000.0|1|1|1|37|0|0|0|0|0|0|174532.0|167536.0|171865.0|176167.0|105523.0|45258.0|6900.0|7900.0|8800.0|4700.0|2100.0|60000.0|1
19305|140000.0|2|1|1|32|1|-2|-2|-2|-2|-2|0.0|0.0|0.0|0.0|0.0|0.0|0.0|0.0|0.0|0.0|0.0|0.0|0
1761|500000.0|2|1|2|32|0|0|0|0|0|0|298809.0|304686.0|307591.0|312314.0|318647.0|325369.0|12475.0|12650.0|11354.0|11545.0|12000.0|11000.0|1
23514|20000.0|1|2|2|56|1|2|2|2|0|0|17819.0|18239.0|19094.0|12393.0|13037.0|13817.0|1000.0|1500.0|0.0|1000.0|1000.0|1000.0|0
22993|50000.0|2|2|1|39|0|0|0|0|0|0|22187.0|23755.0|21772.0|22541.0|22871.0|23989.0|5000.0|2049.0|5000.0|1500.0|1500.0|3000.0|0
20765|400000.0|2|1|2|30|-2|-2|-1|-1|0|0|2912.0|2668.0|3222.0|21755.0|15258.0|16002.0|2668.0|3222.0|21755.0|500.0|1000.0|475.0|0
24200|200000.0|2|1|2|29|0|0|0|0|0|0|181821.0|185506.0|190977.0|193800.0|190936.0|186183.0|6000.0|7000.0|6000.0|6000.0|5400.0|5400.0|0
23203|50000.0|2|1|2|35|0|0|0|2|0|0|30716.0|29768.0|31155.0|30124.0|29984.0|29629.0|1600.0|4300.0|0.0|1100.0|1500.0|1500.0|0
27365|180000.0|2|2|1|41|0|0|0|0|0|0|9309.0|7596.0|9086.0|11477.0|4817.0|7121.0|1119.0|1609.0|3000.0|2500.0|5000.0|5000.0|0
26240|200000.0|1|1|2|30|0|0|2|0|0|2|91936.0|94698.0|77034.0|64886.0|71957.0|66658.0|7500.0|0.0|1500.0|10000.0|2000.0|0.0|0
26874|80000.0|2|1|2|23|0|-1|-1|-1|-1|-1|78358.0|826.0|-507.0|3129.0|1956.0|4246.0|826.0|0.0|4969.0|4990.0|2500.0|4000.0|0
18652|180000.0|2|2|1|37|0|0|0|0|0|0|107337.0|48433.0|46325.0|47354.0|48323.0|49416.0|2000.0|1771.0|1800.0|1750.0|1893.0|2000.0|0
19108|350000.0|2|1|1|41|-2|-2|-2|-2|-2|-2|5037.0|14994.0|3101.0|17321.0|-22.0|4443.0|15069.0|3116.0|17414.0|0.0|4465.0|9434.0|0
29504|230000.0|2|2|2|36|-2|-2|-2|-2|-2|-2|140.0|358.0|285.0|219.0|415.0|142.0|358.0|285.0|219.0|416.0|142.0|3000.0|0
22313|20000.0|2|3|1|46|1|2|2|0|0|2|8131.0|9042.0|8753.0|9916.0|10793.0|10400.0|1200.0|0.0|1316.0|1193.0|0.0|0.0|0
7990|50000.0|1|2|2|43|0|0|0|0|0|0|47669.0|48102.0|45718.0|44142.0|40981.0|43634.0|2000.0|1731.0|1955.0|1454.0|3300.0|0.0|0
19749|500000.0|1|2|1|41|0|0|0|0|0|0|155820.0|171565.0|184782.0|152365.0|139757.0|153348.0|20000.0|20241.0|20154.0|20019.0|20151.0|20037.0|0
25929|450000.0|2|1|1|42|-1|-1|-1|-1|-1|-1|72517.0|0.0|6281.0|3446.0|6157.0|0.0|0.0|6281.0|3446.0|6157.0|0.0|14380.0|0
19402|110000.0|2|2|1|43|1|2|2|2|2|2|100987.0|101941.0|98364.0|103189.0|99578.0|104412.0|4600.0|0.0|8500.0|0.0|7700.0|3900.0|0
22178|500000.0|2|2|1|40|0|0|0|0|0|0|215508.0|214460.0|220047.0|217920.0|159393.0|149626.0|10004.0|10025.0|10294.0|6046.0|5076.0|5000.0|0
20184|50000.0|1|3|2|30|0|0|0|0|-2|-2|49631.0|49641.0|50355.0|0.0|0.0|0.0|3000.0|2000.0|0.0|0.0|0.0|0.0|0
18405|110000.0|2|2|2|24|0|0|0|0|0|0|6217.0|7947.0|9649.0|11472.0|13267.0|15048.0|2000.0|2000.0|2000.0|2000.0|2000.0|0.0|0
27842|30000.0|1|1|2|33|2|2|2|2|2|2|27274.0|25744.0|27504.0|26987.0|26927.0|25553.0|0.0|3000.0|1000.0|1300.0|0.0|1000.0|1
9343|280000.0|2|2|2|26|0|0|0|0|0|0|70219.0|69487.0|85733.0|131138.0|131414.0|130758.0|3165.0|20014.0|50014.0|5015.0|4518.0|4609.0|0
24689|110000.0|1|1|2|39|0|0|0|0|-2|-2|18310.0|19327.0|20650.0|0.0|0.0|0.0|1327.0|1650.0|0.0|0.0|0.0|0.0|0
27306|80000.0|2|2|1|29|0|0|0|0|0|0|19578.0|18231.0|17950.0|14699.0|12466.0|11445.0|1620.0|1600.0|1419.0|1000.0|1000.0|1000.0|0
27941|470000.0|1|1|1|37|0|0|0|0|0|0|134561.0|226498.0|165474.0|120644.0|119006.0|110780.0|150055.0|7046.0|10000.0|15029.0|15017.0|10023.0|0
5722|20000.0|1|3|1|38|2|0|0|-1|-1|-1|19868.0|19805.0|19900.0|390.0|390.0|0.0|1515.0|1000.0|390.0|390.0|0.0|780.0|1
22653|200000.0|2|1|1|34|-2|-2|-2|-2|-2|-2|0.0|0.0|0.0|0.0|0.0|35979.0|0.0|0.0|0.0|0.0|35979.0|6191.0|0
10907|140000.0|1|2|1|48|0|0|0|0|0|0|80740.0|82439.0|84125.0|85968.0|88679.0|99558.0|3000.0|3060.0|3241.0|4264.0|12400.0|0.0|0
21333|400000.0|2|1|2|36|-1|-1|-1|-1|0|-1|845.0|1423.0|6649.0|3051.0|1926.0|51669.0|1428.0|6676.0|3051.0|5.0|51965.0|5038.0|0
28585|50000.0|1|3|1|54|0|0|0|-1|-1|0|50356.0|48981.0|47942.0|1261.0|17147.0|16609.0|2000.0|1120.0|1300.0|17147.0|1000.0|1000.0|0
19732|50000.0|2|3|1|57|0|0|0|0|0|0|50990.0|49123.0|50820.0|50706.0|30636.0|30501.0|2100.0|2500.0|3820.0|1636.0|1501.0|1700.0|1
26686|360000.0|1|2|1|34|1|-2|-2|-2|-2|-2|-62.0|-31.0|-31.0|-31.0|-31.0|-31.0|0.0|0.0|0.0|0.0|0.0|0.0|0
22347|120000.0|1|1|1|54|-2|-2|-2|-2|-2|-2|0.0|0.0|0.0|7000.0|0.0|0.0|0.0|0.0|7000.0|0.0|0.0|0.0|0
16785|290000.0|2|1|2|31|-1|-1|-1|0|0|0|1170.0|0.0|83289.0|82889.0|82889.0|1964.0|0.0|83289.0|0.0|0.0|0.0|7951.0|0
28874|50000.0|2|1|2|23|-1|-1|-1|-1|-1|-1|15512.0|2552.0|13890.0|2545.0|15688.0|3088.0|2552.0|13914.0|2545.0|16508.0|3088.0|0.0|0
28164|150000.0|1|3|2|41|0|0|0|0|0|0|64425.0|57073.0|32516.0|21018.0|21320.0|143489.0|1745.0|1269.0|0.0|1545.0|135000.0|5000.0|0
15687|130000.0|1|3|2|30|0|0|0|-1|-1|-1|29344.0|3268.0|6186.0|700.0|1680.0|0.0|1107.0|3025.0|707.0|1680.0|0.0|0.0|0
11635|70000.0|1|1|1|44|1|2|2|2|0|0|14960.0|11080.0|12695.0|11482.0|8896.0|10074.0|0.0|3116.0|0.0|1000.0|2000.0|0.0|1
17351|20000.0|1|3|1|50|2|2|2|0|0|0|15089.0|17037.0|17457.0|17868.0|18428.0|19120.0|2200.0|1000.0|1000.0|1000.0|1000.0|900.0|1
14060|500000.0|2|1|2|28|0|0|0|0|0|0|56437.0|58076.0|59534.0|51006.0|44360.0|34229.0|2357.0|2001.0|6620.0|6015.0|10001.0|4137.0|0
3783|150000.0|1|2|2|29|0|0|-1|-1|0|0|102802.0|112174.0|6263.0|6824.0|10824.0|14631.0|12186.0|6263.0|6824.0|10000.0|10000.0|10000.0|0
24252|280000.0|2|2|2|27|-1|0|0|0|2|0|82742.0|153791.0|85601.0|108984.0|105275.0|117635.0|10077.0|27785.0|30000.0|23.0|20000.0|3406.0|0
23422|50000.0|2|1|2|28|-1|-1|-1|-1|-1|0|1460.0|1625.0|3505.0|12931.0|2972.0|1589.0|1625.0|3556.0|14010.0|3000.0|0.0|691.0|0
17933|130000.0|2|2|1|42|0|0|0|0|0|0|24565.0|22446.0|23245.0|27410.0|12085.0|9535.0|5000.0|2000.0|5000.0|3000.0|6000.0|2280.0|0
12949|150000.0|2|2|1|28|0|0|0|0|0|0|19946.0|18646.0|13086.0|13086.0|3555.0|0.0|2000.0|1500.0|1500.0|1000.0|0.0|0.0|0
20774|130000.0|1|1|2|29|1|-2|-2|-2|-2|-2|0.0|0.0|0.0|0.0|0.0|0.0|0.0|0.0|0.0|0.0|0.0|0.0|0
9204|80000.0|2|2|2|24|0|0|0|0|0|0|68250.0|68817.0|71181.0|68997.0|70364.0|71842.0|3000.0|3500.0|3000.0|2503.0|2596.0|3000.0|0
25899|20000.0|1|2|2|27|0|0|-1|0|0|0|19331.0|18225.0|18418.0|19297.0|19000.0|19683.0|1209.0|19330.0|2303.0|1000.0|1000.0|1000.0|0
27963|50000.0|2|2|2|23|0|0|0|2|2|-2|26001.0|16982.0|19313.0|18700.0|0.0|0.0|1282.0|2613.0|0.0|0.0|0.0|0.0|0
2427|320000.0|2|2|1|40|0|0|0|0|0|0|96225.0|99606.0|100704.0|208794.0|213025.0|217400.0|5000.0|2704.0|108794.0|5123.0|5255.0|5333.0|0
28305|130000.0|1|2|1|43|0|0|0|-1|-1|-1|59762.0|61877.0|60390.0|390.0|390.0|390.0|3496.0|1208.0|390.0|390.0|390.0|390.0|0
15873|350000.0|1|3|1|37|0|0|0|0|0|0|70257.0|73151.0|47298.0|25692.0|24542.0|23697.0|20001.0|5045.0|3000.0|2005.0|3001.0|4.0|0
12140|80000.0|1|1|2|39|2|0|0|2|2|0|62281.0|63774.0|68204.0|69484.0|68247.0|71110.0|2500.0|5500.0|3000.0|0.0|4000.0|2500.0|1
27748|100000.0|2|1|2|25|-1|-1|-1|-1|-1|-1|9424.0|1259.0|586.0|3195.0|3732.0|42605.0|1259.0|586.0|3195.0|3732.0|42605.0|30583.0|0
17839|230000.0|2|3|1|43|-2|-2|-2|-2|-2|-2|1099.0|2508.0|976.0|416.0|416.0|416.0|2508.0|976.0|416.0|416.0|416.0|416.0|0
10428|160000.0|1|2|2|30|-2|-2|-2|-2|-2|-2|750.0|370.0|-20.0|780.0|0.0|1470.0|400.0|0.0|800.0|0.0|1470.0|0.0|0
14775|230000.0|2|1|2|25|-1|-1|-1|-1|-1|-1|736.0|645.0|855.0|0.0|590.0|0.0|645.0|855.0|0.0|590.0|0.0|299.0|0
18800|470000.0|1|2|2|34|0|0|0|0|0|0|247503.0|245552.0|238161.0|240607.0|230142.0|198171.0|9024.0|10400.0|10000.0|25000.0|8000.0|8000.0|0
24598|50000.0|2|1|2|27|0|0|0|0|0|2|44421.0|45897.0|46920.0|47864.0|50856.0|48390.0|2500.0|2100.0|2000.0|3900.0|0.0|2000.0|0
4022|360000.0|2|2|2|29|0|0|0|0|0|0|58653.0|56329.0|55957.0|52392.0|61700.0|42975.0|5886.0|4054.0|8412.0|15096.0|1208.0|3000.0|0
19843|340000.0|1|3|1|44|0|0|0|0|0|0|109424.0|111606.0|111704.0|110578.0|109932.0|111127.0|4032.0|4117.0|4199.0|4103.0|3900.0|3382.0|0
15814|240000.0|1|1|2|30|-2|-2|-2|-2|-2|-2|0.0|0.0|0.0|0.0|0.0|0.0|0.0|0.0|0.0|0.0|0.0|0.0|0
4427|70000.0|2|1|2|34|1|3|2|0|0|0|70971.0|71272.0|69405.0|34045.0|34995.0|36025.0|2000.0|0.0|1220.0|1500.0|1725.0|0.0|1
19545|210000.0|1|1|2|30|1|-1|2|0|0|-1|0.0|855.0|855.0|855.0|855.0|599.0|855.0|0.0|0.0|0.0|599.0|0.0|0
18252|50000.0|2|2|2|45|1|3|2|3|2|2|23751.0|23076.0|25004.0|24315.0|23626.0|25370.0|0.0|2600.0|0.0|0.0|2129.0|0.0|1
18820|260000.0|2|2|2|29|-2|-2|-2|-2|-2|-2|4400.0|942.0|1058.0|2106.0|2282.0|2531.0|942.0|1058.0|2106.0|2282.0|2531.0|0.0|0
7501|230000.0|2|1|1|44|-1|-1|-2|-1|0|0|756.0|0.0|0.0|11660.0|11898.0|14898.0|0.0|0.0|11660.0|238.0|3000.0|1252.0|1
14162|80000.0|1|2|1|49|0|0|0|0|0|0|71775.0|68083.0|50642.0|47283.0|42340.0|40223.0|2911.0|1920.0|1541.0|1502.0|1619.0|1472.0|0
10186|360000.0|1|1|2|34|-1|-1|0|0|0|0|5275.0|24267.0|33473.0|51900.0|30424.0|48646.0|24267.0|10000.0|20000.0|3003.0|20000.0|30000.0|0
27230|120000.0|2|1|2|27|0|0|0|0|0|0|79072.0|80795.0|82451.0|84177.0|85945.0|87813.0|3000.0|3000.0|3100.0|3122.0|3300.0|3060.0|0
12007|50000.0|1|1|2|36|2|2|0|0|0|0|45960.0|44883.0|40820.0|33545.0|46832.0|24101.0|0.0|1973.0|1784.0|845.0|1750.0|1010.0|1
1111|230000.0|2|2|1|44|-2|-2|-2|-2|-2|-2|5990.0|1677.0|2920.0|2683.0|1674.0|3273.0|1677.0|2920.0|2683.0|1674.0|3273.0|2749.0|0
12050|360000.0|2|1|2|30|-2|-2|-2|-2|-2|-2|2500.0|0.0|0.0|0.0|0.0|0.0|0.0|0.0|0.0|0.0|0.0|0.0|0
8223|140000.0|1|2|2|61|0|0|0|0|0|0|131978.0|135760.0|127508.0|92126.0|69050.0|73537.0|6000.0|3600.0|2500.0|5000.0|5000.0|5000.0|0
1451|160000.0|1|3|1|57|-1|-1|-2|-2|-1|-1|759.0|-660.0|-660.0|-660.0|340.0|596.0|209.0|0.0|0.0|1000.0|596.0|1436.0|1
22392|70000.0|2|2|1|53|0|0|0|0|0|0|71219.0|71110.0|69843.0|70834.0|70405.0|71004.0|2900.0|3200.0|2800.0|2458.0|2800.0|2901.0|0
28006|50000.0|2|2|1|36|0|0|0|0|0|0|49872.0|32918.0|33998.0|34852.0|14163.0|14362.0|1600.0|2500.0|2000.0|1000.0|1000.0|1000.0|0
7989|80000.0|2|3|2|54|0|0|0|-1|-1|-1|12011.0|10484.0|12190.0|4000.0|0.0|4000.0|3794.0|6000.0|6500.0|0.0|4000.0|0.0|0
15081|300000.0|2|2|2|31|-1|0|0|0|0|0|10817.0|8785.0|10282.0|11797.0|15571.0|17303.0|2000.0|2000.0|2000.0|4000.0|2000.0|3000.0|0
1072|500000.0|2|1|2|29|0|0|0|0|-1|-1|28555.0|33055.0|42392.0|36641.0|12149.0|426518.0|5000.0|10000.0|5132.0|12159.0|426529.0|20016.0|0
26481|50000.0|2|2|2|26|0|0|0|-1|0|0|48801.0|50140.0|48776.0|19251.0|19650.0|14974.0|2144.0|1000.0|19251.0|622.0|558.0|290.0|0
4258|50000.0|1|2|1|49|2|2|0|0|0|0|49943.0|47585.0|47582.0|21391.0|21867.0|19774.0|0.0|2500.0|1300.0|2000.0|700.0|1000.0|1
13961|220000.0|2|2|2|32|0|0|0|0|0|0|150393.0|48060.0|30490.0|44071.0|55405.0|63422.0|2349.0|3008.0|20000.0|20004.0|20000.0|2000.0|0
12783|50000.0|2|1|2|32|0|0|0|0|0|0|5458.0|5175.0|12950.0|11188.0|12167.0|14873.0|1500.0|7956.0|3188.0|2200.0|7000.0|2810.0|0
1259|80000.0|1|2|2|29|1|2|0|0|2|0|71795.0|62067.0|60949.0|71829.0|67567.0|62658.0|0.0|3000.0|15000.0|0.0|3000.0|3000.0|0
29511|100000.0|1|1|1|42|2|0|0|0|0|0|95926.0|98437.0|98480.0|63372.0|39138.0|39857.0|5000.0|3100.0|2000.0|1600.0|1500.0|2000.0|0
6261|50000.0|2|3|1|30|0|0|0|0|0|0|48549.0|49256.0|50338.0|48848.0|46709.0|47688.0|1813.0|1895.0|2200.0|1595.0|1653.0|1709.0|0
22503|240000.0|2|2|1|36|0|0|0|0|0|0|232031.0|226221.0|222929.0|215858.0|210887.0|205828.0|8193.0|9000.0|6600.0|6400.0|6382.0|5994.0|0
25051|260000.0|2|1|1|42|-1|-1|-1|-1|-1|-1|2788.0|4046.0|2800.0|2800.0|2979.0|8247.0|4058.0|2800.0|2800.0|2979.0|8247.0|0.0|0
2238|310000.0|2|1|1|32|0|0|0|0|0|0|141203.0|84594.0|66624.0|48213.0|144758.0|601.0|7000.0|5500.0|4000.0|100000.0|601.0|360.0|0
11008|90000.0|1|1|2|23|0|0|0|0|0|-1|90888.0|85293.0|69482.0|60244.0|22640.0|3270.0|6000.0|4008.0|30055.0|15050.0|3270.0|16488.0|0
16626|80000.0|2|1|1|37|-1|0|-1|-1|-1|-1|27695.0|15372.0|25919.0|18449.0|2655.0|20808.0|10000.0|25919.0|18449.0|2655.0|20808.0|0.0|1
26388|50000.0|2|2|2|35|0|0|0|0|0|0|48848.0|49988.0|45434.0|34688.0|24124.0|21072.0|2000.0|2000.0|1900.0|1032.0|3000.0|907.0|0
15868|140000.0|1|1|2|56|0|0|0|0|0|0|140630.0|142166.0|51334.0|51533.0|52233.0|53826.0|6100.0|2411.0|2000.0|2041.0|3000.0|1874.0|0
24341|190000.0|1|1|2|31|0|0|0|0|0|0|182396.0|187565.0|188334.0|182889.0|81409.0|85059.0|8300.0|5302.0|6037.0|3500.0|5000.0|4000.0|0
19471|50000.0|2|2|2|23|-1|-1|-1|-1|0|0|373.0|-17.0|4230.0|1243.0|1904.0|0.0|0.0|4247.0|1243.0|1094.0|0.0|0.0|0
17032|60000.0|1|1|2|28|0|0|2|2|0|0|59059.0|50579.0|24193.0|23511.0|24019.0|24481.0|3800.0|1900.0|0.0|1200.0|1000.0|3500.0|0
9218|450000.0|2|1|1|49|-2|-2|-2|-2|-2|-2|0.0|0.0|0.0|0.0|0.0|0.0|0.0|0.0|0.0|0.0|0.0|0.0|0
22117|120000.0|2|3|1|39|2|2|2|2|4|3|49437.0|51505.0|53582.0|58310.0|57150.0|55961.0|3500.0|3500.0|6200.0|358.0|0.0|2100.0|1
9944|300000.0|1|1|1|54|0|0|-2|-2|-2|-2|234589.0|0.0|0.0|0.0|0.0|0.0|0.0|0.0|0.0|0.0|0.0|0.0|0
17112|200000.0|2|2|1|27|1|3|2|2|2|2|183994.0|182427.0|182657.0|174547.0|181454.0|177141.0|5200.0|7000.0|0.0|13300.0|0.0|6200.0|1
9648|50000.0|2|3|3|43|0|0|0|0|0|0|31199.0|36067.0|24727.0|30182.0|27043.0|25995.0|12009.0|2111.0|11000.0|1000.0|6000.0|6001.0|0
9754|250000.0|1|1|1|47|-2|-2|-2|-2|-2|-2|0.0|0.0|0.0|0.0|0.0|0.0|0.0|0.0|0.0|0.0|0.0|0.0|0
20780|60000.0|2|2|2|48|2|3|2|3|2|2|60717.0|59183.0|62075.0|60501.0|61808.0|60668.0|0.0|4500.0|0.0|2400.0|0.0|2200.0|1
23046|80000.0|2|3|1|62|0|0|0|0|0|0|36088.0|37257.0|36288.0|37630.0|26424.0|27342.0|2100.0|2100.0|2400.0|1100.0|1500.0|1500.0|0
26370|50000.0|1|3|2|27|-1|-1|-1|-1|-1|-1|3150.0|9375.0|725.0|21423.0|6308.0|12651.0|9375.0|730.0|21423.0|6308.0|12651.0|6243.0|0
24224|360000.0|1|1|2|30|0|0|0|0|0|0|194001.0|197032.0|183154.0|143367.0|135751.0|138659.0|8000.0|10000.0|5500.0|5000.0|5100.0|7000.0|0
18847|50000.0|1|1|2|22|0|0|0|0|0|0|38251.0|34489.0|32252.0|6182.0|17118.0|8922.0|4000.0|1500.0|1500.0|2500.0|500.0|400.0|0
10490|80000.0|2|2|1|32|0|0|0|0|0|0|81074.0|78262.0|76163.0|76813.0|77511.0|79069.0|3700.0|3400.0|2900.0|2900.0|2841.0|3100.0|0
9965|30000.0|2|2|2|23|1|2|2|2|2|2|28850.0|28102.0|30324.0|27446.0|29329.0|29720.0|0.0|2700.0|0.0|2300.0|1000.0|0.0|1
6820|50000.0|1|2|2|25|0|0|0|-2|-2|-2|41739.0|20650.0|0.0|0.0|0.0|0.0|1650.0|0.0|0.0|0.0|0.0|0.0|0
25443|70000.0|2|1|2|23|0|0|0|0|0|0|7668.0|8878.0|10077.0|11203.0|11320.0|11487.0|1500.0|1500.0|1600.0|600.0|500.0|600.0|1
25706|170000.0|1|2|2|42|0|0|0|0|0|0|142118.0|144803.0|133868.0|119956.0|121277.0|122926.0|7040.0|6165.0|5004.0|5003.0|5001.0|5009.0|0
22989|130000.0|1|3|2|24|1|2|0|0|0|0|101767.0|41823.0|33740.0|17009.0|11580.0|0.0|12.0|1407.0|347.0|11.0|0.0|0.0|1
3209|50000.0|1|3|2|43|0|0|0|0|-1|0|50517.0|48230.0|42674.0|4593.0|18007.0|18230.0|2015.0|1882.0|2119.0|45800.0|662.0|1000.0|0
6706|50000.0|1|2|2|24|1|2|2|2|2|2|33991.0|33168.0|34805.0|34933.0|36692.0|37934.0|0.0|2500.0|1000.0|2900.0|2000.0|1500.0|1
1902|500000.0|1|1|1|30|-1|-1|-1|-2|-2|-2|6049.0|2500.0|0.0|0.0|0.0|0.0|2500.0|0.0|0.0|0.0|0.0|0.0|0
4273|10000.0|1|2|1|45|1|2|2|2|2|0|7953.0|9164.0|8876.0|10009.0|7169.0|8842.0|1500.0|0.0|1500.0|0.0|3000.0|2000.0|0
8095|230000.0|1|2|2|36|-1|-1|-1|-1|0|0|182.0|1407.0|0.0|2458.0|2458.0|2458.0|1407.0|0.0|2458.0|0.0|0.0|0.0|0
26886|250000.0|1|2|1|30|-2|-2|-2|-2|-2|-2|2419.0|28965.0|44179.0|37145.0|46733.0|46963.0|29062.0|44385.0|40682.0|46873.0|47104.0|52448.0|0
3937|10000.0|2|2|2|22|1|2|0|0|0|-2|7194.0|6934.0|8786.0|8014.0|0.0|0.0|0.0|2000.0|430.0|0.0|0.0|0.0|1
14845|90000.0|2|2|2|34|-1|2|2|-2|-2|-2|8792.0|7500.0|0.0|0.0|0.0|0.0|0.0|0.0|0.0|0.0|0.0|0.0|0
20179|30000.0|2|2|1|47|1|2|0|0|0|0|23709.0|23047.0|24056.0|24380.0|24835.0|25423.0|0.0|1698.0|1022.0|1000.0|1000.0|1000.0|0
419|250000.0|2|1|2|26|-2|-2|-2|-2|-2|-2|1245.0|712.0|0.0|0.0|0.0|0.0|712.0|0.0|0.0|0.0|0.0|0.0|0
18440|30000.0|2|3|1|47|2|0|0|0|0|0|27380.0|27384.0|28944.0|29850.0|29523.0|28925.0|1440.0|2000.0|1741.0|1164.0|1027.0|1500.0|0
14810|50000.0|1|2|2|38|0|0|0|-2|-2|-2|26533.0|16426.0|0.0|0.0|0.0|0.0|1000.0|0.0|0.0|0.0|0.0|0.0|0
9464|290000.0|2|2|2|26|0|0|0|0|-1|-1|18125.0|20807.0|99860.0|100000.0|3015.0|23473.0|3000.0|80000.0|3000.0|3015.0|23473.0|1148.0|0
8110|470000.0|2|1|1|42|0|0|0|0|0|-1|10360.0|7450.0|5719.0|1730.0|-7.0|24672.0|2474.0|1751.0|1012.0|0.0|24679.0|2600.0|0
2064|130000.0|2|3|2|39|1|2|2|2|0|-1|4867.0|3189.0|4634.0|2946.0|1473.0|780.0|0.0|2946.0|0.0|0.0|780.0|0.0|0
23434|10000.0|1|3|2|56|2|2|0|0|0|0|10156.0|8570.0|6101.0|6711.0|7258.0|7777.0|0.0|1500.0|2000.0|2000.0|2000.0|2000.0|0
15963|50000.0|1|2|2|41|0|0|0|0|0|0|40710.0|42736.0|43751.0|44619.0|45900.0|46845.0|3000.0|1729.0|1597.0|2000.0|1709.0|1665.0|0
15396|50000.0|2|2|2|23|0|0|-1|-1|-1|-1|35131.0|6559.0|836.0|836.0|836.0|3300.0|5582.0|836.0|836.0|836.0|3300.0|1476.0|0
6611|60000.0|1|2|1|56|0|0|0|0|0|0|28842.0|30371.0|31556.0|32345.0|33663.0|34945.0|2000.0|2000.0|1315.0|2000.0|2000.0|2000.0|1
2835|10000.0|1|3|2|29|2|2|6|6|6|6|142.0|142.0|142.0|142.0|142.0|142.0|0.0|0.0|0.0|0.0|0.0|0.0|1
21366|100000.0|2|3|1|50|2|2|2|2|-1|0|117517.0|110537.0|99734.0|99973.0|71008.0|66735.0|4700.0|0.0|3000.0|103000.0|2500.0|3000.0|1
24896|340000.0|2|2|2|25|-2|-2|-2|-2|-2|-2|-2.0|-2.0|466.0|-3.0|1292.0|586.0|0.0|468.0|0.0|649.0|1178.0|0.0|0
1337|100000.0|1|5|1|38|0|0|0|0|0|0|101330.0|100278.0|100733.0|96038.0|94646.0|96631.0|3824.0|4311.0|3648.0|3370.0|3492.0|3614.0|0
21817|80000.0|2|2|1|35|0|0|2|0|0|2|75530.0|79324.0|76090.0|75892.0|77310.0|80752.0|7000.0|0.0|3000.0|4000.0|5000.0|0.0|0
8426|160000.0|1|1|2|27|-1|-1|2|-1|0|0|701.0|3442.0|2551.0|4217.0|1255.0|1554.0|3442.0|18.0|4217.0|0.0|1000.0|888.0|1
23583|290000.0|1|2|1|48|0|0|0|0|0|0|224662.0|216134.0|163926.0|97524.0|35353.0|24481.0|10160.0|7147.0|5041.0|1581.0|3020.0|10000.0|0
16674|200000.0|1|1|2|36|0|0|0|0|0|0|103457.0|111541.0|113809.0|35797.0|36087.0|38505.0|10000.0|5000.0|1412.0|1300.0|3000.0|0.0|0
19844|260000.0|2|1|1|55|1|-2|-2|-2|-2|-2|0.0|0.0|0.0|0.0|0.0|0.0|0.0|0.0|0.0|0.0|0.0|0.0|0
22991|160000.0|2|1|2|31|-1|-1|-1|-1|-1|-1|4203.0|9739.0|15628.0|3666.0|4098.0|4237.0|9739.0|17751.0|3666.0|4098.0|4237.0|3007.0|0
7815|150000.0|1|2|2|28|0|0|0|0|0|0|95322.0|96903.0|94682.0|89207.0|46259.0|50504.0|3216.0|2338.0|2653.0|2001.0|5012.0|2058.0|0
25983|200000.0|2|2|1|32|0|0|0|0|0|0|47550.0|51427.0|52672.0|53682.0|51841.0|52921.0|5000.0|2672.0|2492.0|2006.0|2069.0|2258.0|0
1654|140000.0|1|1|2|27|0|0|0|2|0|0|19484.0|20114.0|16606.0|9609.0|5429.0|9763.0|2000.0|10063.0|0.0|2000.0|5000.0|5000.0|1
26942|20000.0|1|2|1|32|0|0|0|0|0|0|16849.0|17618.0|18194.0|17759.0|18759.0|5340.0|1434.0|1400.0|355.0|1000.0|126.0|450.0|0
12156|230000.0|2|1|2|25|0|0|0|0|0|0|50757.0|52906.0|54454.0|53457.0|55128.0|52788.0|3000.0|3000.0|2000.0|2500.0|2500.0|2000.0|0
1319|30000.0|2|3|1|53|0|0|0|0|0|0|8615.0|9960.0|11492.0|12391.0|12891.0|9069.0|1500.0|1700.0|1500.0|500.0|1000.0|0.0|0
23753|20000.0|1|2|1|45|-1|-1|-1|-1|-2|-2|836.0|836.0|2006.0|-2830.0|-7220.0|-11610.0|836.0|2006.0|1441.0|0.0|0.0|0.0|0
27561|80000.0|1|1|2|27|-1|-1|-1|-1|-2|-1|6544.0|4924.0|1990.0|0.0|0.0|4350.0|4924.0|1990.0|0.0|0.0|4350.0|0.0|0
18007|200000.0|2|1|2|31|-2|-2|-2|-2|-2|-2|6024.0|2180.0|2750.0|0.0|1060.0|2000.0|2180.0|2750.0|0.0|1060.0|2000.0|1060.0|0
15133|320000.0|1|1|2|35|0|0|0|0|0|0|164511.0|177809.0|155421.0|166507.0|170930.0|171359.0|15000.0|34000.0|12000.0|5000.0|81000.0|4100.0|0
10821|50000.0|2|2|1|37|0|0|0|0|0|0|48596.0|39623.0|28964.0|9522.0|2650.0|-581.0|2152.0|2091.0|1034.0|500.0|17.0|26500.0|0
3289|310000.0|2|1|1|38|1|-2|-2|-2|-2|-1|0.0|0.0|0.0|0.0|0.0|69.0|0.0|0.0|0.0|0.0|69.0|500.0|1
5405|310000.0|2|1|2|31|0|0|0|0|0|0|175357.0|168933.0|163384.0|164700.0|142767.0|125972.0|6006.0|7006.0|10000.0|9000.0|5000.0|4500.0|0
7861|180000.0|2|1|1|47|0|0|0|0|0|0|174648.0|104179.0|84940.0|65613.0|67256.0|71934.0|5000.0|13000.0|3000.0|2700.0|6000.0|5000.0|0
28520|30000.0|1|2|1|38|2|0|0|0|0|-2|28484.0|29242.0|30037.0|29682.0|0.0|0.0|1905.0|1700.0|1108.0|0.0|0.0|0.0|0
2288|60000.0|1|1|2|28|-1|-1|-2|-2|-2|-2|20000.0|0.0|0.0|0.0|0.0|0.0|0.0|0.0|0.0|0.0|0.0|0.0|0
24966|240000.0|1|2|1|37|1|2|0|0|0|0|211808.0|208892.0|213637.0|216754.0|219276.0|223920.0|2000.0|9600.0|8500.0|6500.0|6500.0|7520.0|0
11391|100000.0|1|1|2|37|1|-2|-2|-2|-2|-2|0.0|0.0|0.0|0.0|0.0|0.0|0.0|0.0|0.0|0.0|0.0|0.0|0
4738|240000.0|1|1|1|35|0|0|0|0|0|0|188964.0|183744.0|168683.0|155064.0|148969.0|148619.0|8000.0|6017.0|6900.0|5250.0|5400.0|6200.0|0
34|50000.0|2|2|1|29|1|2|0|0|0|0|26293.0|25492.0|19680.0|19271.0|19659.0|19915.0|0.0|1609.0|2000.0|1000.0|715.0|883.0|0
3857|380000.0|1|5|1|48|-1|-1|-1|-1|0|-1|17670.0|10179.0|11824.0|23991.0|13944.0|20962.0|10233.0|13826.0|24071.0|4065.0|21061.0|28484.0|0
328|300000.0|2|2|1|31|0|0|0|-1|-1|-1|5361.0|2700.0|3822.0|1103.0|1622.0|-1.0|1060.0|1182.0|1108.0|1630.0|0.0|0.0|0
29422|60000.0|2|2|2|24|0|0|0|0|0|0|53910.0|55028.0|56449.0|56273.0|28316.0|30763.0|2600.0|2900.0|2034.0|2000.0|3000.0|1000.0|0
17533|370000.0|2|3|2|31|-1|-1|-1|2|-1|-1|2804.0|1674.0|39811.0|35194.0|3728.0|2241.0|1674.0|42921.0|0.0|3728.0|2300.0|43183.0|0
25613|20000.0|1|2|1|46|0|0|0|0|0|0|5902.0|6767.0|8145.0|8153.0|8324.0|8490.0|1122.0|1500.0|291.0|302.0|304.0|319.0|0
1954|210000.0|2|3|2|36|1|-1|-1|-2|-1|-1|0.0|4866.0|0.0|0.0|5916.0|0.0|4866.0|0.0|0.0|5916.0|0.0|0.0|1
28102|120000.0|1|2|2|28|0|0|0|0|0|0|8022.0|9493.0|11612.0|12438.0|13099.0|15926.0|2000.0|3000.0|3000.0|3000.0|3000.0|3000.0|0
22057|10000.0|1|2|1|26|3|2|2|7|7|6|2400.0|2400.0|2400.0|2400.0|2400.0|1800.0|0.0|0.0|0.0|0.0|0.0|0.0|1
25824|300000.0|2|2|2|26|0|0|0|0|0|0|63425.0|50294.0|38235.0|29944.0|26259.0|26288.0|3005.0|2691.0|2400.0|1000.0|1000.0|859.0|0
26526|90000.0|2|2|3|36|0|0|0|0|0|0|91337.0|91458.0|91049.0|70101.0|28942.0|27508.0|4000.0|3137.0|5094.0|1106.0|1001.0|1201.0|0
22834|160000.0|2|1|2|32|-2|-2|-2|-2|-2|-2|162.0|-2.0|-2.0|499.0|284.0|1248.0|0.0|0.0|501.0|285.0|1254.0|99.0|0
12907|360000.0|1|1|2|30|-1|-1|-1|-1|-1|0|8195.0|99996.0|795.0|1000.0|6398.0|9418.0|100496.0|799.0|1005.0|6398.0|3020.0|3040.0|0
22715|160000.0|2|1|2|30|1|-2|-2|-2|-2|-2|0.0|0.0|0.0|0.0|0.0|0.0|0.0|0.0|0.0|0.0|0.0|0.0|0
12380|100000.0|2|2|1|35|2|0|0|2|2|0|98845.0|95265.0|98571.0|99322.0|96661.0|95951.0|4600.0|8002.0|4003.0|2.0|4005.0|4000.0|1
26315|220000.0|2|3|1|43|0|0|0|0|0|0|215050.0|211239.0|207821.0|209795.0|144729.0|148139.0|9029.0|10000.0|9084.0|10042.0|10000.0|10000.0|0
20467|360000.0|2|1|1|46|0|0|-1|0|0|0|58389.0|42094.0|10594.0|31532.0|46342.0|56571.0|20000.0|10600.0|30000.0|20000.0|15000.0|10000.0|0
29160|90000.0|2|2|1|33|0|0|0|0|0|0|77379.0|67092.0|61071.0|44821.0|24653.0|25254.0|2500.0|3908.0|2100.0|884.0|1000.0|1000.0|0
29177|90000.0|2|3|3|51|0|0|0|0|2|0|11315.0|12340.0|13349.0|14276.0|13904.0|14184.0|1212.0|1221.0|1148.0|0.0|510.0|525.0|1
21124|200000.0|2|2|1|50|-2|-2|-2|-2|-2|-2|411.0|453.0|348.0|359.0|672.0|1620.0|453.0|348.0|359.0|672.0|1620.0|384.0|0
14992|20000.0|2|1|2|22|2|0|0|0|0|2|13718.0|15033.0|15751.0|17068.0|17891.0|17463.0|1550.0|1268.0|1585.0|1408.0|0.0|1700.0|1
25932|50000.0|1|2|2|40|0|0|0|0|0|0|44310.0|45244.0|47922.0|46307.0|45983.0|50635.0|3003.0|5007.0|2008.0|3004.0|7019.0|12.0|0
13274|30000.0|1|3|1|28|2|2|2|2|2|2|23027.0|23848.0|23873.0|24182.0|26022.0|27462.0|1500.0|700.0|1000.0|2550.0|2013.0|1108.0|1
3781|100000.0|1|2|2|26|2|2|2|2|2|0|89799.0|87459.0|94009.0|95577.0|93145.0|95489.0|0.0|8000.0|4000.0|0.0|4000.0|4000.0|0
12358|210000.0|1|2|2|31|0|0|0|0|0|0|30785.0|29242.0|29883.0|30447.0|30803.0|29820.0|1472.0|1509.0|1469.0|1221.0|1100.0|1252.0|0
15247|400000.0|2|2|2|36|0|0|0|0|0|0|69376.0|61204.0|50773.0|39676.0|30680.0|27761.0|2255.0|1421.0|1381.0|770.0|731.0|600.0|0
24273|50000.0|2|3|3|46|-2|-1|0|0|0|0|-1494.0|2590.0|3506.0|19792.0|19422.0|19830.0|7084.0|1000.0|19286.0|664.0|689.0|761.0|0
5521|500000.0|2|1|1|33|-2|-2|-2|-2|-2|-2|363.0|2089.0|4822.0|48741.0|92978.0|0.0|2089.0|4822.0|48741.0|92978.0|0.0|39037.0|0
33|190000.0|1|2|1|51|0|0|0|0|0|0|86713.0|75143.0|43487.0|34904.0|108419.0|75455.0|3359.0|13487.0|1414.0|40710.0|43406.0|2773.0|1
26353|150000.0|1|1|1|41|2|2|2|0|0|2|113358.0|124745.0|121249.0|124237.0|132252.0|134925.0|14779.0|0.0|5000.0|10000.0|5000.0|0.0|1
528|160000.0|2|1|2|36|1|2|0|0|0|0|163897.0|116343.0|118552.0|119376.0|122039.0|121841.0|0.0|5677.0|4197.0|4509.0|4412.0|4228.0|0
22748|230000.0|2|1|2|31|0|0|0|-1|0|-1|33109.0|29830.0|11750.0|5194.0|15450.0|9368.0|5000.0|5000.0|15897.0|12000.0|9368.0|6000.0|0
3189|160000.0|2|1|2|31|-2|-2|-2|-1|-1|-1|0.0|0.0|0.0|150.0|150.0|150.0|0.0|0.0|150.0|150.0|150.0|178.0|0
13|80000.0|1|2|2|36|0|0|0|0|0|0|19211.0|20237.0|21268.0|23903.0|24367.0|24964.0|1337.0|1368.0|3003.0|1000.0|1000.0|2000.0|1
23399|80000.0|2|1|2|29|0|0|0|2|0|0|81337.0|80290.0|82215.0|80422.0|78284.0|77270.0|2842.0|20412.0|0.0|3000.0|3000.0|3000.0|1
10342|310000.0|2|2|1|49|0|0|0|0|0|0|52439.0|44350.0|34608.0|21262.0|11944.0|-2571.0|2042.0|1562.0|1118.0|1139.0|2195.0|61526.0|0
25743|90000.0|2|1|2|23|0|0|0|0|0|0|18418.0|23068.0|24146.0|25692.0|27364.0|24521.0|5000.0|1454.0|2000.0|2000.0|1500.0|680.0|0
29026|80000.0|2|3|1|48|-1|-1|2|-1|-1|-1|396.0|792.0|396.0|792.0|0.0|396.0|792.0|0.0|792.0|0.0|396.0|546.0|1
4866|610000.0|2|1|2|36|-2|-2|-2|-2|-2|-2|874.0|-256.0|-255.0|-538.0|107592.0|168966.0|0.0|1.0|0.0|108130.0|30695.0|179.0|0
15550|30000.0|1|2|2|44|2|0|0|0|0|0|17766.0|18771.0|19965.0|20865.0|23465.0|24465.0|1306.0|1500.0|1400.0|3000.0|1000.0|0.0|1
29791|20000.0|1|2|2|49|0|0|0|0|-1|-1|18260.0|19080.0|18871.0|17700.0|390.0|1320.0|1621.0|1292.0|1166.0|390.0|1320.0|0.0|1
23615|90000.0|2|3|2|29|-1|2|-1|-1|-1|-2|19450.0|3123.0|2121.0|3113.0|0.0|0.0|0.0|3509.0|3113.0|0.0|0.0|0.0|0
28385|20000.0|1|2|1|56|0|0|0|0|0|0|17768.0|18378.0|19077.0|19467.0|19155.0|19098.0|1600.0|1689.0|1469.0|547.0|500.0|547.0|0
29486|50000.0|2|1|2|29|-2|-2|-2|-2|-2|-2|0.0|0.0|0.0|0.0|2900.0|0.0|0.0|0.0|0.0|2900.0|0.0|0.0|0
15969|60000.0|2|2|2|24|2|2|0|0|2|2|47210.0|46155.0|46838.0|50044.0|50923.0|52158.0|0.0|1725.0|4000.0|2000.0|2200.0|2100.0|1
13337|50000.0|1|2|2|29|2|2|2|2|2|2|43205.0|46516.0|45468.0|48703.0|50774.0|49514.0|4000.0|0.0|4000.0|3000.0|0.0|3000.0|1
13405|130000.0|1|3|1|54|-1|-1|-1|-2|-1|-1|193.0|2499.0|0.0|0.0|428.0|150.0|2520.0|0.0|0.0|428.0|150.0|285.0|0
28546|280000.0|2|2|1|51|2|2|2|2|0|0|258764.0|279451.0|280882.0|218619.0|201679.0|195934.0|25000.0|7500.0|0.0|6500.0|7000.0|6000.0|0
15721|60000.0|2|1|2|33|0|0|2|0|-1|-1|11237.0|20978.0|12861.0|7888.0|7463.0|3192.0|10000.0|0.0|0.0|7463.0|6384.0|18704.0|1
26766|360000.0|2|1|1|42|0|0|0|0|0|0|174857.0|179851.0|186961.0|201703.0|189455.0|194373.0|10000.0|10005.0|20117.0|15018.0|10027.0|20057.0|0
17386|230000.0|2|2|1|32|0|0|0|0|0|0|57259.0|46226.0|36089.0|34158.0|22872.0|22592.0|2500.0|3000.0|3000.0|1500.0|1500.0|2000.0|1
8796|20000.0|2|1|2|46|1|2|2|2|0|0|14231.0|14893.0|16160.0|15603.0|15943.0|16286.0|1200.0|1800.0|0.0|600.0|600.0|751.0|1
9590|100000.0|1|2|1|46|2|2|2|0|0|0|17497.0|18219.0|17629.0|18036.0|18446.0|18840.0|1300.0|0.0|700.0|700.0|700.0|800.0|1
6750|20000.0|2|2|1|25|2|2|2|2|0|0|11202.0|12228.0|12738.0|11207.0|6720.0|5071.0|1500.0|1005.0|0.0|511.0|1283.0|0.0|1
12428|240000.0|2|5|1|34|-1|-1|-1|-1|-1|-1|1731.0|6763.0|0.0|5717.0|10134.0|1045.0|6763.0|5717.0|0.0|10134.0|1045.0|6585.0|0
5828|50000.0|2|1|2|25|-1|0|0|0|0|0|8540.0|9875.0|11396.0|13190.0|14967.0|16551.0|1479.0|2000.0|2000.0|2000.0|2000.0|4060.0|0
4643|140000.0|2|3|1|46|0|0|0|0|0|0|68075.0|69972.0|71805.0|73613.0|75426.0|77169.0|3000.0|3000.0|3000.0|3000.0|3000.0|5000.0|0
16006|20000.0|1|1|2|26|0|-1|-1|-1|-1|-1|1490.0|3150.0|10464.0|0.0|1690.0|18156.0|3150.0|10464.0|0.0|1690.0|18156.0|19800.0|0
17045|90000.0|2|3|1|40|-1|-1|-1|-1|-1|-1|3569.0|7319.0|7608.0|1720.0|45000.0|0.0|7385.0|7608.0|1720.0|45000.0|15000.0|1543.0|0
28571|30000.0|2|3|1|22|2|2|0|0|0|0|30678.0|29893.0|29086.0|25352.0|25096.0|24920.0|1.0|1957.0|678.0|684.0|776.0|235.0|0
9246|10000.0|1|2|2|37|0|0|0|0|0|0|17018.0|13789.0|8236.0|9130.0|7302.0|7981.0|1117.0|2800.0|1200.0|265.0|800.0|500.0|0
13626|70000.0|2|2|1|41|2|3|3|3|3|2|50460.0|52331.0|53896.0|54426.0|52956.0|54459.0|3000.0|3000.0|2000.0|0.0|2500.0|2200.0|1
8756|30000.0|2|2|2|24|0|0|0|0|2|2|20367.0|21882.0|22929.0|25433.0|26228.0|25679.0|2000.0|1696.0|3200.0|1500.0|0.0|4306.0|0
24061|470000.0|2|2|2|33|0|0|0|0|0|0|43353.0|47682.0|46429.0|43405.0|42796.0|44171.0|5000.0|2600.0|1500.0|1500.0|2000.0|1500.0|0
22782|320000.0|2|1|2|29|0|0|-2|-1|-1|0|12130.0|0.0|0.0|364.0|16177.0|16706.0|0.0|0.0|364.0|16177.0|800.0|650.0|1
6735|50000.0|2|3|1|50|0|0|2|0|0|0|35415.0|38940.0|36319.0|22538.0|23013.0|23465.0|6960.0|0.0|1000.0|1000.0|1000.0|1000.0|0
22456|310000.0|2|2|1|25|0|0|0|0|0|0|191767.0|185445.0|188255.0|187384.0|184222.0|183544.0|6612.0|8321.0|7022.0|6021.0|6005.0|6042.0|0
10527|400000.0|1|1|1|42|0|0|0|0|0|0|34084.0|36916.0|21089.0|22943.0|22994.0|25172.0|4085.0|1539.0|3013.0|3003.0|3003.0|5979.0|0
27979|240000.0|1|2|2|29|0|0|0|0|0|0|243774.0|242529.0|242079.0|243114.0|213930.0|219009.0|8891.0|12350.0|15969.0|7968.0|8700.0|17500.0|0
4814|100000.0|2|2|2|34|0|0|0|0|0|0|22173.0|22776.0|23837.0|24166.0|24216.0|24901.0|1372.0|1829.0|1554.0|1000.0|1000.0|586.0|0
10033|170000.0|2|1|2|29|0|0|0|2|0|0|106146.0|115333.0|128440.0|124909.0|127393.0|130243.0|11021.0|15000.0|0.0|6059.0|5068.0|5123.0|0
20652|130000.0|2|2|1|37|0|0|0|0|0|0|3811.0|8692.0|10467.0|10067.0|12567.0|12567.0|5000.0|2000.0|0.0|2500.0|0.0|0.0|1
29018|60000.0|2|2|1|27|0|0|0|0|0|-1|40831.0|34613.0|28178.0|23199.0|572.0|27425.0|1617.0|1616.0|1008.0|1036.0|28848.0|1100.0|0
25171|20000.0|2|3|1|52|0|0|0|2|0|0|10248.0|11271.0|13513.0|12999.0|14456.0|16313.0|1501.0|2743.0|0.0|1686.0|2089.0|0.0|1
5227|50000.0|1|3|1|50|2|0|0|0|0|0|8917.0|10080.0|11106.0|12109.0|12206.0|13915.0|1468.0|1494.0|1497.0|594.0|2066.0|0.0|1
27604|50000.0|2|2|1|32|-1|-1|-1|-1|-1|2|390.0|390.0|390.0|390.0|930.0|390.0|390.0|390.0|390.0|930.0|0.0|780.0|1
15015|130000.0|2|2|1|39|0|0|0|0|0|0|131657.0|129859.0|128714.0|128962.0|131873.0|131482.0|5000.0|6208.0|4700.0|5000.0|5000.0|4800.0|0
18981|50000.0|2|2|1|49|-1|-1|-1|-1|-1|-1|12515.0|9115.0|1198.0|198.0|1198.0|11198.0|9115.0|1198.0|198.0|1198.0|11198.0|29358.0|1
9170|130000.0|2|2|2|26|1|2|0|0|0|0|99290.0|96811.0|99330.0|94501.0|91503.0|91064.0|0.0|5000.0|3358.0|3500.0|6000.0|3500.0|1
25453|70000.0|1|2|2|26|0|0|0|0|0|0|69900.0|67591.0|68338.0|26916.0|27480.0|28043.0|2506.0|1925.0|1000.0|997.0|1020.0|1100.0|0
28020|150000.0|1|2|1|41|0|0|0|0|0|0|19350.0|20703.0|10403.0|10927.0|11598.0|13235.0|2000.0|3000.0|1000.0|1000.0|2000.0|2000.0|0
8281|20000.0|2|2|2|24|0|0|0|0|0|0|19096.0|20087.0|16752.0|15017.0|13754.0|4699.0|1335.0|5000.0|370.0|350.0|176.0|94.0|0
13368|50000.0|2|2|2|30|1|3|2|2|2|2|47629.0|46592.0|47517.0|48439.0|49418.0|50326.0|0.0|2000.0|2000.0|1900.0|1900.0|1900.0|1
15172|750000.0|2|1|1|41|0|0|0|0|-1|-1|184022.0|163441.0|92767.0|75696.0|35485.0|4889.0|6817.0|2330.0|2705.0|50854.0|4913.0|550.0|0
1980|200000.0|1|1|2|28|-2|-1|2|0|0|2|95065.0|112893.0|110059.0|34125.0|36031.0|31885.0|20000.0|0.0|34000.0|2500.0|0.0|50000.0|0
21646|100000.0|2|2|1|36|0|0|0|0|0|0|97026.0|96109.0|97647.0|91998.0|69915.0|72044.0|5000.0|5000.0|3500.0|3000.0|3000.0|5049.0|0
19484|70000.0|2|2|2|23|0|0|0|0|0|0|4753.0|5843.0|6720.0|8171.0|7127.0|9044.0|1172.0|1049.0|1500.0|500.0|2000.0|3000.0|0
20902|60000.0|2|2|2|23|0|0|0|0|0|0|45995.0|44955.0|20264.0|20614.0|20877.0|21535.0|2400.0|1700.0|1403.0|1000.0|1000.0|1000.0|0
2766|200000.0|1|3|1|42|0|0|0|2|0|0|151392.0|148467.0|153409.0|145476.0|119025.0|115255.0|7000.0|14834.0|0.0|4575.0|4180.0|4634.0|0
5721|50000.0|2|2|2|22|2|0|0|0|0|0|47076.0|48628.0|48524.0|8411.0|8587.0|8758.0|2617.0|2463.0|350.0|311.0|313.0|324.0|1
6089|360000.0|2|3|1|45|0|0|0|0|0|-1|167370.0|183070.0|190369.0|185069.0|195069.0|27004.0|20000.0|16000.0|5000.0|20000.0|30000.0|10000.0|0
3119|230000.0|1|3|1|48|0|0|2|0|0|0|20271.0|21979.0|20924.0|20881.0|21262.0|21469.0|5034.0|0.0|2000.0|2000.0|2000.0|2000.0|0
2990|50000.0|2|2|2|25|0|0|0|0|0|0|37034.0|37698.0|37252.0|38254.0|38445.0|39273.0|1586.0|1624.0|1626.0|1377.0|1448.0|1399.0|0
742|20000.0|1|2|1|27|-1|-1|-1|-1|-1|-1|690.0|665.0|1164.0|1523.0|1228.0|500.0|665.0|1164.0|1523.0|1228.0|500.0|0.0|0
18610|60000.0|2|3|1|51|0|0|0|0|0|0|60350.0|61112.0|60557.0|35555.0|30214.0|30170.0|2435.0|2575.0|1404.0|990.0|1347.0|1316.0|0
6322|80000.0|2|2|1|46|0|0|-1|0|0|0|4742.0|3913.0|6383.0|5016.0|1760.0|2783.0|1277.0|6387.0|102.0|35.0|1850.0|6099.0|0
19131|50000.0|2|2|2|40|-1|-1|-1|-2|-2|-2|15584.0|4377.0|0.0|0.0|0.0|0.0|4377.0|0.0|0.0|0.0|0.0|0.0|0
24015|160000.0|2|2|2|36|-2|-2|-1|-1|-1|-1|2992.0|1300.0|8899.0|6257.0|-1197.0|12151.0|1300.0|12038.0|10696.0|613.0|14262.0|0.0|0
10903|20000.0|2|2|1|34|2|2|2|0|0|0|17151.0|16887.0|17302.0|18029.0|18362.0|18669.0|300.0|1000.0|1000.0|1000.0|1000.0|1000.0|0
10390|230000.0|2|3|2|54|0|0|0|0|0|0|66108.0|45000.0|33477.0|34914.0|36352.0|37745.0|6840.0|3000.0|2000.0|2000.0|2000.0|2000.0|0
10540|430000.0|1|1|1|39|0|0|0|-1|-1|0|41428.0|32303.0|20739.0|12925.0|17566.0|14067.0|17800.0|15023.0|12925.0|17566.0|11000.0|10349.0|0
29125|190000.0|2|1|2|40|0|0|0|0|0|0|122308.0|124332.0|126944.0|130606.0|131120.0|133774.0|4445.0|5000.0|6171.0|4536.0|5150.0|5000.0|0
28096|240000.0|1|2|1|34|0|0|0|0|0|0|133272.0|133373.0|138006.0|136195.0|140860.0|138787.0|6000.0|9583.0|6000.0|10000.0|4974.0|4820.0|0
29438|180000.0|2|2|2|36|-2|-1|-1|-1|-2|-2|0.0|1290.0|2985.0|0.0|0.0|0.0|1290.0|2985.0|0.0|0.0|0.0|0.0|0
23299|110000.0|2|1|2|37|2|2|2|2|2|2|600.0|600.0|600.0|600.0|600.0|600.0|0.0|0.0|0.0|0.0|0.0|0.0|1
294|70000.0|1|2|2|42|0|0|0|0|0|0|66681.0|68768.0|69699.0|69484.0|71067.0|67568.0|3768.0|2699.0|2660.0|2879.0|2568.0|2570.0|0
5864|180000.0|2|2|1|40|-1|-1|-1|-1|-1|-2|899.0|2879.0|8750.0|9931.0|0.0|7760.0|2879.0|8750.0|9931.0|0.0|7760.0|3450.0|0
11044|220000.0|2|1|2|29|1|-1|-1|-1|-1|-1|0.0|3003.0|2646.0|1125.0|0.0|3455.0|3003.0|2646.0|1125.0|0.0|3455.0|1000.0|0
21479|120000.0|1|3|1|59|0|0|0|0|0|-2|68646.0|68784.0|49933.0|51400.0|0.0|0.0|2144.0|1933.0|2400.0|0.0|0.0|0.0|0
16117|180000.0|1|2|1|34|0|0|0|0|0|0|37671.0|39009.0|40213.0|41702.0|43687.0|44982.0|1800.0|2000.0|2000.0|2500.0|2000.0|2000.0|0
17767|160000.0|1|1|2|31|-2|-2|-1|0|0|0|2930.0|459.0|2613.0|22315.0|26911.0|35239.0|466.0|4171.0|22137.0|20000.0|12198.0|0.0|0
1540|20000.0|1|2|2|24|0|0|0|0|-2|-2|15940.0|19222.0|20650.0|0.0|0.0|0.0|3572.0|2000.0|0.0|0.0|0.0|0.0|0
22982|180000.0|1|2|2|27|0|0|0|0|0|0|147310.0|152047.0|143809.0|112323.0|112208.0|113887.0|7503.0|30018.0|4011.0|3802.0|4106.0|4006.0|0
29720|360000.0|1|1|2|36|1|-2|-2|-2|-2|-2|0.0|0.0|0.0|0.0|0.0|0.0|0.0|0.0|0.0|0.0|0.0|0.0|1
29602|90000.0|1|2|2|29|1|-2|-2|-2|-2|-2|0.0|0.0|0.0|0.0|0.0|0.0|0.0|0.0|0.0|0.0|0.0|0.0|1
22351|30000.0|2|2|2|35|2|2|0|0|0|0|25368.0|24662.0|26001.0|27012.0|27241.0|27812.0|0.0|1739.0|1750.0|975.0|1010.0|3226.0|1
145|230000.0|1|2|1|42|0|0|0|0|0|0|26644.0|27352.0|28121.0|33331.0|38459.0|42525.0|1440.0|1500.0|6000.0|6000.0|5000.0|1556.0|0
16717|240000.0|1|2|2|57|-1|-1|-1|-1|0|0|1115.0|1211.0|2206.0|62507.0|63226.0|63517.0|1211.0|2455.0|64395.0|1917.0|4160.0|1710.0|0
17747|180000.0|2|1|2|27|0|0|0|0|0|0|174546.0|175121.0|150710.0|135981.0|136064.0|137343.0|8269.0|6606.0|5000.0|4900.0|4900.0|4900.0|0
9748|240000.0|2|1|1|32|2|2|2|2|2|2|209368.0|204501.0|223137.0|226470.0|229706.0|234889.0|0.0|22000.0|8500.0|8500.0|9000.0|0.0|1
10847|260000.0|2|2|1|41|-2|-2|-2|-2|-2|-2|8154.0|1365.0|717.0|717.0|2325.0|1117.0|1365.0|717.0|717.0|2325.0|1117.0|891.0|0
28854|190000.0|2|3|1|56|0|0|0|0|0|0|67211.0|63278.0|57104.0|57380.0|58225.0|58847.0|2818.0|2700.0|2191.0|2300.0|2130.0|2280.0|0
22464|180000.0|2|3|1|40|0|0|0|-2|-2|-2|20909.0|24262.0|2079.0|792.0|1645.0|1645.0|4262.0|2083.0|792.0|1645.0|0.0|811.0|0
27683|230000.0|1|1|2|29|-2|-2|-2|-2|-2|-2|4649.0|3985.0|2234.0|-1.0|-1.0|-1.0|4004.0|2245.0|0.0|0.0|0.0|279.0|0
29615|130000.0|2|2|1|26|0|0|0|0|0|0|24579.0|23741.0|11666.0|11806.0|11081.0|11396.0|1187.0|1500.0|616.0|500.0|500.0|485.0|0
14669|190000.0|1|1|2|36|2|2|2|2|2|2|107689.0|109678.0|110887.0|111871.0|114223.0|116577.0|5200.0|4500.0|4300.0|4300.0|4400.0|4500.0|1
19185|30000.0|2|3|1|52|1|-2|-2|-2|-1|0|-190.0|-760.0|-760.0|-760.0|760.0|760.0|0.0|0.0|0.0|1520.0|0.0|0.0|0
766|360000.0|2|3|1|40|1|-2|-2|-2|-2|-2|0.0|0.0|0.0|0.0|0.0|0.0|0.0|0.0|0.0|0.0|0.0|0.0|0
9210|320000.0|2|2|2|27|0|0|0|0|0|0|228129.0|324028.0|295760.0|151783.0|125860.0|137856.0|100741.0|15993.0|57149.0|5136.0|40275.0|10013.0|0
24479|200000.0|2|2|2|30|-2|-2|-2|-2|-2|-2|4690.0|2026.0|4900.0|1508.0|2451.0|2966.0|2028.0|4942.0|1508.0|2467.0|2972.0|6317.0|0
13826|30000.0|1|3|1|55|2|2|7|7|7|7|2395.0|2395.0|2395.0|2395.0|2395.0|2395.0|0.0|0.0|0.0|0.0|0.0|0.0|1
2870|20000.0|2|3|1|61|1|-2|-2|-2|-2|-2|0.0|0.0|0.0|0.0|0.0|0.0|0.0|0.0|0.0|0.0|0.0|0.0|1
13849|80000.0|1|2|2|36|-2|-2|-2|-2|-2|-2|59223.0|26241.0|10387.0|74864.0|74305.0|0.0|1141.0|10725.0|74864.0|1486.0|0.0|0.0|0
10637|230000.0|2|1|2|34|-1|2|-1|-1|2|-1|907.0|591.0|119.0|699.0|383.0|32774.0|0.0|1000.0|1000.0|0.0|33500.0|3000.0|1
168|20000.0|2|1|2|28|0|0|0|-2|-2|-2|12031.0|13446.0|0.0|0.0|0.0|0.0|5000.0|0.0|0.0|0.0|0.0|612.0|0
5255|200000.0|2|2|1|29|0|0|0|0|0|-1|46139.0|59923.0|44974.0|30844.0|15833.0|15833.0|30000.0|1300.0|2000.0|1000.0|16332.0|15833.0|0
7781|80000.0|1|2|1|40|0|0|0|0|0|0|45747.0|40851.0|35933.0|30605.0|25189.0|19766.0|1618.0|1533.0|1038.0|852.0|765.0|627.0|0
1018|70000.0|2|3|1|57|0|0|0|0|0|0|10042.0|10577.0|11129.0|11650.0|12997.0|14322.0|1176.0|1196.0|1185.0|2000.0|2000.0|2000.0|0
8074|200000.0|2|2|1|46|1|2|2|0|0|2|30783.0|33017.0|30413.0|32582.0|34727.0|36036.0|3058.0|0.0|3000.0|3000.0|2002.0|0.0|0
15291|120000.0|2|2|3|37|2|2|2|2|2|2|26446.0|27719.0|27570.0|28318.0|29217.0|28598.0|2000.0|600.0|1500.0|1500.0|0.0|1056.0|1
12399|170000.0|2|2|1|39|0|0|-1|0|0|0|100849.0|100000.0|10274.0|16446.0|16578.0|20487.0|2000.0|10274.0|6446.0|332.0|10487.0|5000.0|0
21940|180000.0|2|2|1|34|2|2|2|2|2|2|93155.0|95008.0|97088.0|98093.0|99578.0|101828.0|4300.0|4500.0|3500.0|4000.0|4000.0|4000.0|1
19142|100000.0|1|2|2|30|0|0|0|0|0|0|27869.0|29329.0|30294.0|31734.0|32323.0|33648.0|3500.0|3000.0|3500.0|1500.0|2000.0|2300.0|0
7616|190000.0|2|2|1|28|0|0|0|0|0|0|4639.0|4718.0|5610.0|7300.0|4694.0|2250.0|1100.0|1610.0|2310.0|2000.0|1000.0|300.0|0
12741|300000.0|2|2|2|34|0|0|0|0|0|0|297890.0|216495.0|221737.0|224774.0|182544.0|92014.0|7800.0|8705.0|8500.0|6820.0|2700.0|3200.0|0
7011|50000.0|1|2|2|32|0|0|0|0|0|0|46281.0|27311.0|41032.0|29626.0|26328.0|28475.0|1658.0|29000.0|1027.0|1300.0|2600.0|1280.0|0
25573|140000.0|1|2|2|30|0|0|0|0|0|0|70568.0|58294.0|59571.0|60793.0|62797.0|64298.0|2100.0|2200.0|2200.0|3000.0|2500.0|2800.0|1
26086|140000.0|1|2|1|45|-1|3|2|2|2|2|104144.0|106179.0|106947.0|107690.0|109821.0|107893.0|5200.0|4000.0|4000.0|4000.0|0.0|4100.0|1
19525|80000.0|2|3|1|41|0|0|0|0|0|-1|52456.0|20925.0|15115.0|12465.0|6925.0|6049.0|11500.0|3000.0|4000.0|1260.0|6100.0|0.0|0
13911|240000.0|2|2|1|35|2|2|2|2|2|2|32463.0|33444.0|33996.0|34539.0|35238.0|35910.0|1800.0|1400.0|1400.0|1400.0|1400.0|0.0|1
1999|500000.0|2|2|1|64|1|-1|-1|-1|-1|-1|493.0|1086.0|731.0|561.0|618.0|991.0|1086.0|731.0|561.0|618.0|991.0|933.0|1
11809|120000.0|1|2|1|44|0|0|0|0|0|0|92007.0|87939.0|82094.0|59105.0|53442.0|46775.0|5417.0|2847.0|2066.0|1919.0|2200.0|0.0|0
4326|50000.0|1|3|2|46|0|0|0|0|0|0|50131.0|28152.0|20746.0|27624.0|16015.0|16746.0|1388.0|2011.0|1006.0|1000.0|1000.0|1000.0|0
3203|240000.0|2|1|1|55|-1|0|0|-2|-2|-1|80199.0|82300.0|0.0|0.0|0.0|21585.0|3900.0|0.0|0.0|0.0|21585.0|0.0|0
3867|180000.0|2|1|2|30|0|0|0|0|0|-2|7808.0|4511.0|3435.0|5345.0|2018.0|164.0|1198.0|1099.0|2009.0|2024.0|164.0|2159.0|0
2646|500000.0|2|1|1|38|-2|-2|-2|-2|-2|-2|913.0|9724.0|9350.0|6972.0|11879.0|15574.0|9782.0|9350.0|6972.0|11879.0|15574.0|12921.0|0
27358|360000.0|1|1|1|36|-2|-2|-2|-2|-2|-2|8162.0|3141.0|587.0|1647.0|1745.0|597.0|3144.0|590.0|1670.0|1748.0|600.0|11883.0|0
16844|260000.0|1|1|1|51|-1|-1|2|-1|-1|-1|229.0|674.0|476.0|2856.0|814.0|605.0|674.0|0.0|2880.0|814.0|605.0|1776.0|0
10362|50000.0|2|2|2|32|0|0|0|0|0|0|49138.0|49718.0|49437.0|40186.0|19179.0|16043.0|2250.0|1900.0|1800.0|700.0|1000.0|1000.0|1
18765|140000.0|1|1|2|28|-1|-1|-1|-1|-1|-1|639.0|8358.0|2620.0|2073.0|4732.0|1131.0|8358.0|2620.0|2077.0|4732.0|1131.0|2114.0|0
24774|120000.0|1|2|2|41|1|2|0|0|-1|-1|121988.0|90063.0|27941.0|11990.0|390.0|390.0|0.0|1600.0|1000.0|390.0|390.0|0.0|1
21836|30000.0|2|2|2|29|1|2|0|0|0|2|16493.0|15545.0|16557.0|16857.0|18121.0|18375.0|0.0|1275.0|575.0|1539.0|700.0|0.0|1
5673|170000.0|1|2|1|37|-2|-2|-2|-2|-2|-2|326.0|326.0|326.0|326.0|326.0|324.0|326.0|326.0|326.0|326.0|324.0|2.0|0
14033|30000.0|1|3|2|27|0|0|0|0|0|0|29584.0|25645.0|24564.0|25823.0|26269.0|26335.0|3000.0|2000.0|2000.0|2500.0|3000.0|2500.0|0
8178|500000.0|2|2|2|31|0|0|0|0|0|0|43818.0|45021.0|49283.0|66144.0|75191.0|80619.0|5000.0|5040.0|17604.0|10000.0|10000.0|10200.0|0
266|80000.0|1|2|2|25|-2|-2|-2|-2|-2|-2|302.0|-62.0|1958.0|-101.0|15932.0|950.0|0.0|2020.0|0.0|16033.0|11220.0|0.0|0
27024|360000.0|1|1|2|39|-1|-1|-1|-1|-2|-2|2758.0|1448.0|3740.0|0.0|0.0|0.0|1448.0|3740.0|0.0|0.0|0.0|3942.0|0
3283|420000.0|2|2|2|32|0|0|0|0|0|0|211688.0|205003.0|203118.0|198925.0|175684.0|164037.0|7300.0|8839.0|8000.0|5900.0|6000.0|6000.0|0
23672|460000.0|2|1|1|45|-1|-1|-1|-1|-1|-1|184.0|1899.0|1819.0|1572.0|237.0|1572.0|1904.0|1819.0|1572.0|237.0|1572.0|230.0|0
7598|20000.0|2|3|1|43|4|3|2|2|0|0|20461.0|19833.0|20502.0|19461.0|19244.0|20130.0|0.0|1700.0|0.0|800.0|1600.0|1000.0|0
15685|360000.0|2|1|2|29|-2|-2|-2|-2|-2|-2|5041.0|7485.0|4480.0|3260.0|3884.0|4352.0|2500.0|7740.0|3260.0|3884.0|4352.0|4509.0|0
19981|20000.0|2|3|2|39|0|0|2|2|3|2|12241.0|16020.0|16457.0|20906.0|20289.0|20407.0|4000.0|1000.0|4750.0|0.0|600.0|0.0|0
6609|200000.0|2|1|2|41|-1|-1|-1|-1|-1|-1|2615.0|9855.0|11162.0|45607.0|23359.0|25713.0|9855.0|21162.0|45614.0|23359.0|25713.0|9884.0|0
11967|280000.0|2|2|1|50|-1|-1|-1|-1|-1|-1|25040.0|41270.0|570.0|1068.0|48313.0|10252.0|41275.0|570.0|1074.0|48313.0|10252.0|19226.0|0
3967|180000.0|2|1|2|27|-1|2|-1|-1|-1|2|980.0|980.0|376.0|0.0|2202.0|150.0|0.0|376.0|0.0|2202.0|0.0|819.0|0
13011|200000.0|2|2|1|32|0|0|0|0|0|0|166428.0|157908.0|150977.0|140358.0|130373.0|131885.0|6026.0|6007.0|5000.0|5000.0|5000.0|6000.0|0
6651|50000.0|2|3|1|47|0|0|0|0|0|0|34740.0|9769.0|9899.0|11017.0|13460.0|15529.0|4000.0|2000.0|2000.0|3000.0|4000.0|846.0|0
21597|320000.0|2|2|2|26|0|0|0|0|0|0|320983.0|319377.0|319368.0|305308.0|188120.0|192087.0|14000.0|14033.0|14008.0|7000.0|7000.0|7600.0|0
21130|500000.0|1|1|2|54|-2|-2|-2|-2|-2|-2|2634.0|1108.0|1318.0|36032.0|0.0|11270.0|1119.0|1318.0|36032.0|0.0|11270.0|28051.0|0
13531|360000.0|2|2|1|33|0|0|0|0|0|0|325839.0|300726.0|252603.0|253759.0|255424.0|253826.0|11083.0|8948.0|8727.0|9118.0|9026.0|8997.0|0
10333|50000.0|2|1|2|29|0|0|2|0|0|0|6161.0|8998.0|8319.0|8672.0|9390.0|9861.0|3500.0|0.0|1282.0|1000.0|1000.0|3000.0|0
11063|70000.0|2|2|2|38|0|0|0|0|0|0|22578.0|23606.0|24619.0|25107.0|25634.0|26143.0|1397.0|1410.0|898.0|931.0|936.0|970.0|0
1193|230000.0|1|1|2|32|-2|-2|-2|-2|-2|-2|1470.0|0.0|1470.0|735.0|419.0|316.0|0.0|1470.0|735.0|419.0|316.0|735.0|0
4703|50000.0|1|2|1|25|0|0|0|0|0|0|43259.0|35307.0|23096.0|18970.0|19514.0|20038.0|1405.0|1366.0|1000.0|1000.0|1000.0|600.0|0
27003|160000.0|1|1|2|40|-1|-1|-1|-1|-1|-1|1430.0|0.0|715.0|715.0|715.0|865.0|0.0|715.0|715.0|715.0|865.0|715.0|0
24522|80000.0|2|2|2|29|0|0|0|2|2|0|59520.0|60492.0|62160.0|64714.0|62420.0|62990.0|2753.0|3438.0|4400.0|0.0|2400.0|9974.0|1
24686|190000.0|2|1|2|41|-1|-1|-1|-1|-1|-1|28204.0|0.0|16500.0|0.0|26854.0|554.0|0.0|16500.0|0.0|26854.0|500.0|0.0|1
16246|80000.0|1|2|1|44|0|-1|0|0|0|0|1245.0|26343.0|22120.0|21365.0|20967.0|48250.0|27279.0|3200.0|1200.0|1000.0|29000.0|1500.0|0
28987|60000.0|2|3|1|28|1|2|2|0|0|0|32578.0|34742.0|33907.0|36032.0|38114.0|40332.0|3000.0|0.0|3000.0|3000.0|3000.0|5000.0|0
2665|80000.0|1|2|2|26|-1|0|0|0|0|0|2159.0|4132.0|5949.0|7144.0|5309.0|500.0|2000.0|2002.0|2005.0|15.0|523.0|0.0|0
25406|130000.0|2|2|1|28|2|2|0|0|0|0|135805.0|125973.0|95602.0|91328.0|93099.0|95825.0|75.0|3369.0|3423.0|3400.0|4275.0|2307.0|0
14941|50000.0|1|2|2|36|0|0|2|0|0|0|17003.0|18157.0|17301.0|16486.0|17681.0|17825.0|3000.0|1000.0|1000.0|2000.0|1000.0|2000.0|0
4755|130000.0|2|1|1|41|-1|-1|2|2|2|0|767.0|9637.0|8256.0|14890.0|13742.0|7630.0|9804.0|0.0|7600.0|0.0|5000.0|10000.0|1
27140|10000.0|1|2|1|36|2|0|0|0|0|0|9075.0|8593.0|9582.0|8986.0|9691.0|9889.0|2000.0|1300.0|1200.0|1000.0|1000.0|569.0|0
16325|30000.0|1|3|1|42|1|2|2|2|2|2|24335.0|23651.0|26346.0|26920.0|26194.0|27854.0|0.0|3401.0|1300.0|0.0|2400.0|2000.0|1
2782|320000.0|2|1|2|28|-2|-2|-2|-2|-2|-2|4392.0|11684.0|1127.0|1943.0|13312.0|-5.0|11700.0|1135.0|1952.0|13375.0|5.0|0.0|0
20320|50000.0|1|1|2|42|-1|-1|0|0|0|0|12751.0|19660.0|14659.0|14951.0|14195.0|14471.0|22660.0|1300.0|519.0|518.0|515.0|528.0|0
9097|320000.0|2|2|2|35|0|0|0|0|0|0|98697.0|100572.0|103621.0|103720.0|100136.0|102167.0|3891.0|5240.0|3616.0|3770.0|4264.0|3345.0|0
11322|170000.0|1|3|1|51|0|0|0|0|0|0|55396.0|56493.0|55594.0|50417.0|45347.0|46247.0|8000.0|6000.0|1709.0|1645.0|1653.0|1725.0|0
4555|110000.0|1|2|2|26|1|2|2|3|2|2|83796.0|86713.0|93436.0|91075.0|88714.0|94316.0|5200.0|9000.0|0.0|0.0|7062.0|3424.0|0
26955|70000.0|2|2|2|28|0|0|0|0|0|0|68462.0|69205.0|70644.0|70759.0|70352.0|70659.0|3100.0|3160.0|3100.0|2500.0|2600.0|2800.0|0
23025|150000.0|2|1|1|44|-1|-1|-1|-2|-2|-2|1843.0|1367.0|0.0|0.0|0.0|0.0|1367.0|0.0|0.0|0.0|0.0|0.0|1
25691|230000.0|2|1|2|32|1|2|2|2|0|0|205498.0|210424.0|212979.0|207759.0|212014.0|225246.0|10000.0|7598.0|0.0|8000.0|17000.0|0.0|1
14228|20000.0|1|2|2|25|0|0|0|0|0|2|17927.0|17384.0|13648.0|13924.0|15685.0|15292.0|1500.0|1500.0|1400.0|2000.0|0.0|2500.0|0
28802|100000.0|2|1|1|40|2|2|2|2|2|2|63422.0|64785.0|63179.0|67467.0|65784.0|69309.0|3000.0|0.0|5346.0|0.0|4600.0|3000.0|1
20209|60000.0|1|3|1|54|0|0|0|0|0|-1|58432.0|58312.0|59388.0|29941.0|1341.0|1876.0|20000.0|3000.0|3000.0|1000.0|2000.0|25000.0|0
9600|200000.0|2|3|1|36|0|0|0|0|0|0|167385.0|171476.0|175956.0|171340.0|177236.0|181978.0|8000.0|8045.0|8000.0|8000.0|7000.0|18000.0|0
11433|50000.0|1|2|1|50|1|1|-2|-2|-2|-2|36750.0|0.0|0.0|0.0|0.0|0.0|5000.0|0.0|0.0|0.0|0.0|0.0|0
3901|30000.0|2|2|2|44|-2|-2|-2|-2|-2|-2|0.0|1330.0|2988.0|0.0|30000.0|0.0|1330.0|2988.0|0.0|30000.0|0.0|1219.0|0
9767|50000.0|2|3|1|25|2|2|0|0|0|0|51243.0|49805.0|50654.0|41776.0|17083.0|9412.0|0.0|2025.0|2062.0|2016.0|1022.0|1388.0|1
2579|60000.0|1|1|2|29|-1|-1|2|0|-1|-1|816.0|2440.0|1444.0|1634.0|1335.0|1825.0|2440.0|0.0|1000.0|1335.0|888.0|150.0|0
23051|10000.0|2|3|1|51|0|0|2|0|0|2|4416.0|6733.0|6480.0|7495.0|8735.0|8453.0|2400.0|0.0|1131.0|1371.0|0.0|1794.0|0
28657|300000.0|2|1|2|27|-1|-1|-1|-1|0|0|2566.0|4658.0|197.0|10767.0|26117.0|15800.0|4725.0|197.0|10770.0|15350.0|5000.0|424.0|0
11287|80000.0|2|1|2|26|0|0|0|0|0|0|76157.0|79874.0|80171.0|80136.0|79151.0|78465.0|5000.0|3500.0|3000.0|2800.0|3000.0|3000.0|0
29475|500000.0|1|1|1|51|1|2|2|0|0|0|231300.0|235865.0|230713.0|235401.0|238828.0|243477.0|9838.0|0.0|10018.0|8845.0|8800.0|9000.0|0
26283|80000.0|2|3|1|32|0|0|0|0|0|0|58091.0|58247.0|59495.0|58832.0|57677.0|58066.0|2700.0|2800.0|2100.0|2181.0|2500.0|2300.0|0
11232|90000.0|1|1|2|31|0|0|0|0|0|0|79397.0|77962.0|73870.0|58792.0|58402.0|59633.0|2950.0|3000.0|2205.0|2300.0|2300.0|3000.0|1
1527|350000.0|1|1|1|38|-1|-1|-1|-1|-1|-1|17999.0|38899.0|24620.0|22381.0|13115.0|5167.0|38933.0|24692.0|22388.0|13115.0|5167.0|11325.0|0
10242|50000.0|2|2|1|29|0|0|0|0|0|0|82843.0|85305.0|86152.0|56250.0|57603.0|19336.0|4000.0|4000.0|2257.0|2000.0|2000.0|700.0|0
25069|200000.0|2|1|2|28|-1|-1|-1|-1|-1|-1|1860.0|4464.0|29705.0|25854.0|510.0|1470.0|4464.0|29705.0|25854.0|510.0|1470.0|5822.0|0
11654|360000.0|1|1|1|45|1|-1|-1|-2|-2|-2|0.0|709.0|0.0|0.0|0.0|0.0|709.0|0.0|0.0|0.0|0.0|0.0|0
20845|160000.0|2|1|2|29|1|-2|-2|-2|-2|-2|0.0|0.0|0.0|0.0|0.0|0.0|0.0|0.0|0.0|0.0|0.0|0.0|0
26133|150000.0|2|1|2|35|2|2|0|0|0|0|55337.0|53851.0|53710.0|48797.0|49928.0|51106.0|0.0|2503.0|2000.0|1804.0|2000.0|2000.0|1
12961|180000.0|2|1|1|30|0|0|0|0|0|0|116218.0|124296.0|128002.0|127286.0|119733.0|116705.0|10000.0|6007.0|4304.0|4241.0|4200.0|4250.0|0
26443|50000.0|2|2|2|31|0|0|0|0|0|0|51036.0|50718.0|48853.0|48739.0|9372.0|9736.0|1762.0|2314.0|1200.0|1000.0|1000.0|500.0|0
25912|30000.0|2|2|1|45|1|2|2|2|2|2|23155.0|22490.0|26789.0|26065.0|27408.0|26831.0|0.0|5000.0|0.0|2084.0|0.0|2305.0|1
11955|170000.0|1|1|2|24|0|0|0|0|0|2|169883.0|171851.0|158426.0|96704.0|101555.0|97884.0|6808.0|4625.0|3510.0|9100.0|0.0|3500.0|0
24617|50000.0|1|3|1|44|0|0|0|0|0|0|15931.0|17363.0|18735.0|19188.0|17578.0|16855.0|2000.0|2000.0|1006.0|1003.0|1000.0|1000.0|0
29809|500000.0|1|1|2|30|-1|0|-1|-1|0|0|33269.0|19084.0|2601.0|112075.0|163165.0|214575.0|1248.0|2601.0|112212.0|100000.0|64575.0|67810.0|0
8672|130000.0|2|3|2|53|-1|-1|-1|-1|-1|-1|11085.0|45677.0|27951.0|17255.0|10400.0|18776.0|45697.0|27951.0|17307.0|10400.0|18776.0|2944.0|0
21686|180000.0|1|2|1|26|-1|-1|-1|-1|-1|-1|396.0|396.0|396.0|396.0|396.0|396.0|396.0|396.0|396.0|396.0|396.0|396.0|0
26333|670000.0|1|1|2|28|0|0|0|0|0|0|88612.0|91137.0|99314.0|95292.0|63782.0|41114.0|5000.0|10000.0|4500.0|6000.0|1300.0|3000.0|0
496|240000.0|1|1|2|33|0|0|0|0|0|0|239009.0|243242.0|242128.0|216017.0|199069.0|202358.0|15018.0|35521.0|20003.0|7009.0|15018.0|20100.0|0
10238|90000.0|1|1|1|41|0|0|0|0|0|0|88805.0|86939.0|86360.0|67145.0|30834.0|50585.0|3500.0|4000.0|3000.0|2500.0|42200.0|1900.0|0
20500|200000.0|1|1|1|37|0|0|0|0|0|0|123337.0|11148.0|19165.0|21171.0|17762.0|23670.0|11202.0|19275.0|22304.0|23850.0|23784.0|84430.0|0
13414|240000.0|2|2|1|31|-1|-1|-1|-1|-1|-1|184.0|0.0|2500.0|12500.0|749.0|2829.0|0.0|2500.0|12500.0|749.0|2829.0|2900.0|0
24777|80000.0|2|3|0|34|0|0|0|0|0|0|59451.0|29668.0|22740.0|13099.0|6551.0|0.0|1834.0|2124.0|0.0|0.0|0.0|0.0|0
1842|220000.0|2|2|2|31|0|0|0|0|0|0|75451.0|78094.0|80680.0|81944.0|83963.0|85930.0|4000.0|4000.0|3000.0|3000.0|3000.0|3000.0|0
6317|30000.0|2|1|2|26|0|0|0|0|0|-1|9417.0|4638.0|3617.0|3787.0|4820.0|914.0|3150.0|1000.0|1200.0|2000.0|914.0|7311.0|0
20795|60000.0|1|2|2|26|0|0|0|0|0|0|58072.0|59040.0|57416.0|55736.0|26958.0|28847.0|2282.0|2324.0|2049.0|2000.0|3000.0|1120.0|1
24201|60000.0|2|3|1|66|0|0|2|2|4|4|47350.0|51230.0|54784.0|58232.0|61670.0|65120.0|5000.0|5000.0|5000.0|5000.0|5000.0|1000.0|0
9741|30000.0|2|2|1|56|2|2|2|2|3|2|26008.0|27091.0|27648.0|29297.0|28544.0|29125.0|1800.0|1300.0|2400.0|0.0|1200.0|2500.0|1
26393|50000.0|1|3|2|26|2|0|0|0|0|0|49644.0|94883.0|42097.0|32394.0|16658.0|17006.0|2047.0|5728.0|1300.0|1194.0|617.0|650.0|1
18096|200000.0|2|1|2|23|0|0|0|0|0|0|72853.0|73688.0|56073.0|57790.0|58356.0|60135.0|2933.0|2100.0|2659.0|2100.0|2700.0|2599.0|0
24450|280000.0|2|3|2|47|-1|-1|-1|-1|-1|-1|27572.0|38918.0|27000.0|27000.0|0.0|30460.0|39787.0|29000.0|27000.0|0.0|30460.0|5983.0|0
3796|90000.0|1|2|1|31|0|0|0|0|0|0|70329.0|69073.0|70561.0|72021.0|73912.0|58301.0|2471.0|2600.0|2633.0|3108.0|2052.0|1858.0|0
26538|180000.0|1|1|2|31|-1|-1|-1|-2|-2|-2|300.0|253.0|0.0|0.0|0.0|0.0|253.0|0.0|0.0|0.0|0.0|3642.0|0
28512|80000.0|2|1|2|23|0|0|0|0|0|0|69584.0|66342.0|60514.0|48965.0|29648.0|28737.0|2519.0|1838.0|1434.0|1015.0|1505.0|663.0|0
5248|160000.0|1|3|1|36|-1|-1|-1|-1|-1|-1|4030.0|6720.0|0.0|8484.0|2060.0|0.0|6720.0|0.0|8484.0|2064.0|0.0|798.0|0
12767|80000.0|2|2|1|45|-1|-1|-1|-1|-1|-1|390.0|390.0|390.0|390.0|390.0|390.0|390.0|390.0|390.0|390.0|390.0|390.0|0
1030|90000.0|2|2|2|26|0|0|0|0|0|0|70457.0|64479.0|31470.0|28996.0|26067.0|23292.0|2850.0|1900.0|1700.0|1000.0|1000.0|1200.0|0
18972|150000.0|1|1|2|26|2|2|2|2|2|0|164576.0|160500.0|170405.0|176048.0|161874.0|144124.0|0.0|14000.0|10048.0|0.0|5118.0|4517.0|1
24702|140000.0|1|3|1|45|2|2|2|2|2|2|78663.0|76839.0|80561.0|83643.0|82183.0|90823.0|0.0|5000.0|5000.0|0.0|10000.0|0.0|1
19874|70000.0|1|1|2|51|0|0|0|2|0|0|43048.0|43257.0|44115.0|41112.0|39922.0|40150.0|3000.0|4000.0|0.0|1500.0|3000.0|5000.0|0
28630|180000.0|1|1|2|28|2|2|2|2|2|2|175154.0|175790.0|153515.0|130864.0|131569.0|128983.0|5100.0|50.0|14500.0|4500.0|296.0|4500.0|0
7169|140000.0|2|1|2|25|0|0|0|0|0|0|23409.0|24725.0|26006.0|26771.0|28179.0|29746.0|2000.0|2000.0|1500.0|2000.0|2200.0|2000.0|0
2483|180000.0|1|2|1|43|0|0|0|0|0|0|158843.0|152507.0|143489.0|146139.0|73718.0|137304.0|6029.0|7035.0|10007.0|20000.0|4000.0|10000.0|0
26919|210000.0|2|2|1|25|0|0|0|0|0|0|7788.0|8801.0|9825.0|10838.0|12652.0|13060.0|1149.0|1173.0|1186.0|2000.0|1000.0|1000.0|0
27938|100000.0|2|2|2|42|0|0|0|0|0|0|117464.0|81625.0|81815.0|78927.0|77418.0|74657.0|2962.0|2986.0|2807.0|2686.0|2767.0|2909.0|1
17688|70000.0|2|2|2|26|0|0|0|0|0|-1|50680.0|51256.0|47394.0|7879.0|-1940.0|27545.0|2000.0|1500.0|0.0|0.0|30000.0|656.0|0
23733|80000.0|1|2|1|35|0|0|0|0|0|0|79875.0|77201.0|78535.0|79296.0|75274.0|78051.0|4000.0|3500.0|3322.0|3000.0|5007.0|3000.0|0
14071|250000.0|1|2|1|34|-1|-1|-1|-1|-1|0|6461.0|8117.0|2200.0|3772.0|8650.0|17650.0|8117.0|2200.0|3772.0|8650.0|10000.0|4646.0|0
19055|60000.0|2|2|2|24|1|-1|3|2|0|-1|0.0|948.0|948.0|632.0|316.0|316.0|948.0|0.0|0.0|0.0|316.0|782.0|1
4512|210000.0|1|2|2|27|0|0|0|0|0|0|90675.0|19357.0|18885.0|20258.0|21610.0|23025.0|1607.0|1700.0|2000.0|2000.0|2000.0|1000.0|0
29238|420000.0|1|3|2|32|-1|-1|0|-1|-1|-2|41104.0|6784.0|6346.0|1409.0|14107.0|8379.0|6887.0|2028.0|1413.0|14109.0|8452.0|1928.0|0
3576|50000.0|2|3|1|40|0|0|0|0|0|2|20831.0|21592.0|22571.0|23024.0|25567.0|24463.0|1400.0|1360.0|810.0|2900.0|0.0|1100.0|1
7096|50000.0|1|2|2|29|0|0|0|0|0|0|47373.0|48076.0|23459.0|16175.0|17753.0|18302.0|2000.0|2083.0|2000.0|2000.0|1000.0|1000.0|0
28651|100000.0|2|1|2|27|1|-1|-1|-1|-1|-1|-6.0|995.0|896.0|697.0|-302.0|999.0|2000.0|900.0|800.0|0.0|2300.0|1838.0|0
14186|500000.0|1|1|2|39|-1|-1|-1|-1|0|-1|2450.0|11833.0|22963.0|7086.0|5453.0|1486.0|11833.0|22963.0|7086.0|0.0|1486.0|7570.0|0
9244|30000.0|2|2|2|29|2|2|0|0|0|0|36328.0|35291.0|36775.0|36914.0|33305.0|33688.0|0.0|2206.0|1500.0|2000.0|6000.0|6000.0|0
29212|50000.0|1|3|1|43|0|0|2|0|0|0|7978.0|11396.0|8900.0|8565.0|8590.0|19894.0|3887.0|0.0|453.0|312.0|1500.0|500.0|0
20055|70000.0|2|2|2|26|2|2|0|0|2|2|42053.0|41087.0|42445.0|45020.0|44006.0|46905.0|0.0|2007.0|3582.0|0.0|3601.0|0.0|1
17886|220000.0|2|1|1|41|7|6|5|4|3|2|243234.0|238172.0|232446.0|227800.0|225044.0|222356.0|0.0|0.0|0.0|0.0|0.0|6000.0|1
29061|390000.0|1|1|2|41|-1|-1|-1|-1|-1|-1|6782.0|1466.0|3273.0|6965.0|4893.0|7777.0|1466.0|3273.0|6965.0|4893.0|7777.0|7271.0|0
10306|90000.0|2|2|1|34|1|2|2|-1|-1|-1|8021.0|7780.0|0.0|9281.0|0.0|340.0|77.0|0.0|9281.0|0.0|340.0|0.0|0
9105|100000.0|2|3|1|58|0|0|0|0|0|0|96821.0|98389.0|97831.0|93937.0|78063.0|79707.0|3589.0|3656.0|3677.0|2763.0|2787.0|2881.0|0
4426|20000.0|1|3|2|33|1|2|2|2|2|2|16247.0|15689.0|18417.0|17802.0|19543.0|18442.0|0.0|3000.0|0.0|2000.0|0.0|1000.0|0
7976|300000.0|1|3|1|31|1|-2|-2|-2|-2|-2|0.0|0.0|0.0|0.0|0.0|0.0|0.0|0.0|0.0|0.0|0.0|0.0|1
11|20000.0|1|3|2|32|0|0|0|0|0|2|3448.0|4460.0|5326.0|6574.0|7417.0|2246.0|1230.0|1096.0|1344.0|1187.0|285.0|66.0|0
23144|120000.0|2|1|1|41|0|0|0|0|0|0|118847.0|113190.0|114113.0|111593.0|112533.0|111672.0|5000.0|6000.0|5000.0|5000.0|5000.0|5000.0|0
2286|30000.0|2|2|2|25|1|2|2|2|2|2|26568.0|27456.0|27915.0|27185.0|28806.0|28208.0|1600.0|1200.0|0.0|2200.0|0.0|2500.0|0
10169|380000.0|2|1|1|33|0|0|0|0|0|0|372926.0|354068.0|327342.0|247528.0|128386.0|128820.0|13248.0|9543.0|6106.0|3013.0|3398.0|6067.0|0
14699|20000.0|2|2|2|48|0|0|0|2|0|0|14218.0|15247.0|16986.0|16418.0|16615.0|16944.0|1562.0|2301.0|0.0|610.0|604.0|779.0|1
16226|130000.0|2|1|1|55|0|0|0|0|0|0|126205.0|128064.0|131524.0|46445.0|44973.0|45578.0|4998.0|5946.0|1620.0|1623.0|1659.0|1749.0|0
27879|170000.0|1|1|2|51|0|0|0|0|0|0|201851.0|195038.0|189067.0|180389.0|137030.0|129222.0|6873.0|7509.0|5573.0|4309.0|4239.0|5142.0|1
27468|80000.0|2|2|3|52|0|0|0|0|0|0|63134.0|57072.0|55618.0|50345.0|52031.0|53141.0|2087.0|2019.0|2000.0|2500.0|2095.0|2002.0|0
7814|500000.0|2|2|1|36|-1|-1|-1|-1|-1|-1|10483.0|23956.0|0.0|8500.0|4590.0|0.0|23962.0|0.0|8500.0|4590.0|0.0|0.0|0
3469|50000.0|2|1|2|27|-1|0|0|0|-1|-1|17626.0|16789.0|12946.0|20650.0|20650.0|2529.0|1547.0|8000.0|8000.0|20650.0|2529.0|0.0|0
27578|50000.0|1|1|2|26|0|0|0|0|0|2|46415.0|38226.0|31924.0|19682.0|19989.0|20452.0|1672.0|1699.0|1600.0|901.0|1500.0|7.0|0
8881|80000.0|2|5|2|34|1|2|-1|-1|-1|0|2898.0|1457.0|1261.0|1261.0|2522.0|1261.0|0.0|1261.0|1261.0|2522.0|0.0|780.0|0
24485|80000.0|2|2|2|26|0|0|0|0|0|0|67798.0|69206.0|70057.0|71886.0|73724.0|75498.0|3100.0|2600.0|3000.0|3000.0|3000.0|6500.0|0
22615|100000.0|2|2|2|23|0|0|0|0|0|0|13530.0|14564.0|15561.0|18306.0|20594.0|26368.0|1258.0|1255.0|3000.0|3000.0|7000.0|1225.0|0
1868|80000.0|1|1|2|28|-2|-2|-2|-2|-2|-2|8598.0|9467.0|-270.0|3697.0|9455.0|4144.0|9467.0|0.0|3967.0|9455.0|5000.0|2900.0|1
17454|160000.0|1|3|1|30|1|2|0|0|0|0|102867.0|82729.0|72583.0|60565.0|54651.0|48468.0|31.0|2609.0|2037.0|2010.0|2017.0|3012.0|0
7146|160000.0|2|1|2|30|0|0|0|0|0|0|78623.0|65315.0|52890.0|50275.0|51337.0|53349.0|3000.0|4000.0|2500.0|2500.0|3000.0|2800.0|0
2041|50000.0|2|2|2|22|0|0|0|0|0|0|51417.0|48260.0|43889.0|35324.0|24146.0|22914.0|2054.0|1981.0|1344.0|810.0|828.0|824.0|0
23843|240000.0|2|3|1|30|-1|-1|-1|-1|-1|-1|7075.0|15732.0|9285.0|1617.0|188.0|98.0|17003.0|9343.0|1617.0|188.0|98.0|0.0|0
5308|100000.0|2|1|2|38|2|2|2|2|2|2|37160.0|39750.0|40298.0|40835.0|41529.0|42697.0|3500.0|1500.0|1500.0|1500.0|2000.0|1500.0|1
6345|500000.0|1|2|1|31|0|0|0|0|0|0|39291.0|29122.0|26639.0|22828.0|21293.0|17544.0|1700.0|1174.0|1007.0|1013.0|1018.0|264.0|0
16050|220000.0|1|1|2|34|0|0|-1|-1|-1|0|14588.0|6689.0|4664.0|9530.0|118206.0|112206.0|5021.0|4674.0|9530.0|120000.0|0.0|0.0|0
19838|360000.0|2|2|2|30|0|0|0|0|0|0|132250.0|132655.0|135959.0|139796.0|143642.0|147418.0|5000.0|5000.0|5000.0|5000.0|5000.0|5000.0|0
27895|240000.0|2|1|2|36|1|-1|0|0|0|0|0.0|18000.0|18485.0|17406.0|19345.0|21134.0|18000.0|2000.0|2000.0|2000.0|3000.0|2000.0|0
26241|50000.0|1|3|2|26|2|0|0|0|0|0|31708.0|32439.0|28302.0|13881.0|14376.0|15261.0|1700.0|2000.0|1500.0|1100.0|1500.0|2000.0|0
11940|100000.0|1|1|1|49|0|0|0|2|2|2|63977.0|64854.0|69258.0|67546.0|71938.0|73605.0|2500.0|6100.0|0.0|5500.0|3000.0|0.0|1
7377|210000.0|2|1|1|38|1|-2|-1|0|-1|-1|0.0|0.0|250.0|123.0|789.0|1222.0|0.0|250.0|0.0|789.0|1222.0|9616.0|1
13040|50000.0|1|2|1|26|1|-2|-2|-1|-1|-1|0.0|0.0|0.0|2056.0|973.0|973.0|0.0|0.0|2056.0|973.0|973.0|27154.0|0
19029|180000.0|1|2|2|38|2|2|0|0|0|-2|21564.0|20939.0|22182.0|12382.0|-18.0|-18.0|0.0|2100.0|200.0|0.0|0.0|0.0|1
2276|360000.0|1|3|1|41|-2|-2|-2|-2|-2|-2|0.0|0.0|0.0|0.0|0.0|0.0|0.0|0.0|0.0|0.0|0.0|0.0|1
11942|100000.0|2|3|1|42|-1|-1|-1|-1|-1|-1|1651.0|631.0|3611.0|631.0|631.0|0.0|631.0|3611.0|631.0|631.0|0.0|2113.0|0
1982|420000.0|2|2|2|29|0|0|-1|0|-1|0|326239.0|318143.0|15926.0|4169.0|158062.0|156341.0|7108.0|17570.0|1000.0|158556.0|5000.0|5080.0|0
27102|270000.0|2|3|1|37|-1|-1|-1|-1|-1|-1|384.0|2197.0|186.0|0.0|173.0|0.0|2197.0|186.0|0.0|173.0|0.0|433.0|1
25826|210000.0|2|2|2|30|0|0|0|2|2|2|45998.0|47107.0|50999.0|51884.0|50926.0|54404.0|2150.0|5000.0|2020.0|0.0|4500.0|2000.0|0
23176|80000.0|2|2|2|34|0|0|0|0|0|0|64553.0|52484.0|41048.0|31786.0|29105.0|28294.0|1784.0|1874.0|2000.0|1011.0|1100.0|1154.0|0
14723|480000.0|1|2|1|39|0|0|0|0|0|0|398380.0|394515.0|393648.0|330221.0|296004.0|279768.0|20091.0|25370.0|15203.0|12013.0|12013.0|10135.0|0
14705|210000.0|2|3|1|33|0|0|0|0|0|2|31570.0|32756.0|33905.0|35035.0|37465.0|36713.0|2000.0|2000.0|2000.0|3000.0|0.0|734.0|0
10557|250000.0|1|1|1|44|-1|-1|-1|-1|-1|0|3704.0|5303.0|25959.0|6354.0|2994.0|5360.0|5319.0|26036.0|6373.0|3000.0|4376.0|3609.0|0
8593|100000.0|1|3|2|32|2|2|0|0|0|0|103540.0|98205.0|12605.0|10437.0|7920.0|7350.0|254.0|1418.0|250.0|306.0|524.0|23910.0|0
29664|50000.0|2|2|1|24|0|0|2|0|0|0|23996.0|27087.0|26372.0|26992.0|27693.0|29237.0|3500.0|0.0|1400.0|1100.0|2100.0|0.0|0
25027|190000.0|2|2|2|31|0|0|0|0|0|0|147586.0|155228.0|160588.0|162241.0|165794.0|168951.0|10000.0|7891.0|5743.0|6102.0|6000.0|6307.0|0
12696|10000.0|1|3|2|35|0|0|0|0|0|0|7877.0|8918.0|9864.0|9673.0|9414.0|9156.0|1174.0|1120.0|310.0|316.0|1000.0|2000.0|0
13820|50000.0|1|1|2|27|0|0|0|2|2|2|17468.0|48675.0|36287.0|30691.0|29901.0|49293.0|32400.0|4000.0|1200.0|0.0|20000.0|2000.0|0
28914|30000.0|1|1|2|24|0|0|0|0|0|0|28749.0|29457.0|29530.0|28433.0|21365.0|0.0|2004.0|2169.0|1260.0|819.0|0.0|0.0|0
8765|30000.0|2|2|1|29|-1|-1|-1|-1|0|0|419.0|1173.0|1370.0|880.0|780.0|0.0|1173.0|1370.0|880.0|500.0|0.0|1500.0|1
332|140000.0|1|1|2|44|-1|-1|-1|-1|-1|-1|5287.0|5717.0|7146.0|5930.0|5280.0|5930.0|5717.0|7146.0|5930.0|5280.0|5930.0|0.0|0
15684|30000.0|2|2|2|22|0|0|0|0|0|0|30719.0|30123.0|30112.0|26763.0|22303.0|24397.0|1900.0|1626.0|1267.0|766.0|10000.0|919.0|0
10795|60000.0|2|2|1|23|0|0|0|-1|-1|-1|43714.0|47653.0|51400.0|399.0|500.0|10400.0|5000.0|5000.0|399.0|500.0|10400.0|0.0|0
1645|60000.0|2|2|2|36|0|0|0|0|0|0|57724.0|56597.0|50766.0|47022.0|31606.0|30820.0|2000.0|5015.0|2000.0|3000.0|1300.0|1500.0|0
24924|20000.0|1|2|2|24|1|2|2|2|2|2|11893.0|12906.0|12902.0|12398.0|13297.0|12934.0|1500.0|500.0|0.0|1100.0|0.0|1500.0|0
4162|110000.0|1|3|1|52|0|0|0|0|0|0|13962.0|15219.0|15424.0|15479.0|15989.0|16276.0|1500.0|1545.0|600.0|750.0|700.0|2000.0|0
15826|210000.0|2|1|2|35|-2|-2|-2|-1|-1|-1|6518.0|14265.0|9718.0|11285.0|8115.0|27977.0|14272.0|9890.0|11297.0|8115.0|27977.0|8013.0|0
8926|300000.0|1|1|1|45|1|-2|-2|-2|-2|-2|0.0|0.0|0.0|0.0|0.0|0.0|0.0|0.0|0.0|0.0|0.0|0.0|0
3665|140000.0|1|3|1|35|0|0|0|-2|-2|-2|136324.0|138438.0|0.0|0.0|0.0|0.0|5407.0|0.0|0.0|0.0|0.0|0.0|0
16429|130000.0|1|2|2|28|0|0|0|0|0|0|101546.0|88549.0|74624.0|76133.0|77648.0|79370.0|3000.0|2709.0|2750.0|2767.0|2961.0|2913.0|0
13938|120000.0|2|1|3|44|0|0|2|0|0|0|70096.0|76446.0|73732.0|12329.0|12329.0|0.0|8100.0|0.0|247.0|0.0|0.0|0.0|0
1143|50000.0|2|3|2|22|0|0|0|0|0|0|50089.0|41382.0|36995.0|17726.0|13623.0|13781.0|1798.0|1117.0|4749.0|500.0|508.0|250.0|0
18018|30000.0|1|2|1|39|0|0|0|0|0|0|29493.0|30346.0|28777.0|27962.0|26306.0|28994.0|2006.0|1500.0|3000.0|3000.0|9000.0|2000.0|1
12833|240000.0|2|1|1|36|-1|-1|-1|0|-1|-1|7058.0|4786.0|6853.0|5673.0|7588.0|2737.0|4789.0|6853.0|113.0|7588.0|2737.0|0.0|1
12661|50000.0|1|2|2|25|0|0|0|0|0|0|46980.0|47809.0|49040.0|29662.0|28360.0|28831.0|1910.0|2141.0|1763.0|1161.0|1077.0|1167.0|1
12658|50000.0|2|3|2|23|0|0|0|0|0|0|35158.0|34364.0|34212.0|33886.0|32929.0|34549.0|1544.0|1861.0|2004.0|1324.0|3768.0|1.0|1
29173|70000.0|2|2|1|38|0|0|0|0|0|0|59195.0|37953.0|34689.0|35700.0|36252.0|37008.0|2195.0|1881.0|1892.0|1444.0|1490.0|1344.0|0
9809|220000.0|2|2|1|37|0|0|0|0|0|0|81191.0|78538.0|76747.0|67266.0|60896.0|160731.0|3000.0|3000.0|3520.0|3000.0|106200.0|5000.0|0
20771|10000.0|2|1|2|22|0|0|0|2|2|2|6579.0|7611.0|8926.0|8634.0|9442.0|9144.0|1300.0|1602.0|0.0|948.0|0.0|484.0|1
12811|100000.0|1|3|2|45|-1|-1|0|0|0|0|10380.0|71944.0|72486.0|73717.0|74402.0|73187.0|72024.0|4028.0|6006.0|3018.0|3000.0|3008.0|0
25211|90000.0|1|2|2|33|-1|0|0|0|0|0|35785.0|29155.0|27485.0|29266.0|35598.0|38449.0|15155.0|5485.0|5263.0|8598.0|5449.0|6537.0|0
17835|100000.0|2|1|2|32|1|2|0|0|-1|0|7130.0|6873.0|8101.0|8235.0|34087.0|34749.0|0.0|1500.0|565.0|36252.0|1500.0|2500.0|0
15980|100000.0|2|2|1|38|2|2|0|0|0|0|50721.0|49635.0|50509.0|51666.0|52834.0|54955.0|0.0|2000.0|2000.0|2000.0|3000.0|3000.0|1
280|20000.0|1|2|2|23|0|0|0|0|0|0|13422.0|14886.0|15927.0|11939.0|10782.0|12599.0|2000.0|1667.0|2309.0|2000.0|2000.0|2000.0|0
11150|200000.0|2|5|1|33|0|0|0|0|0|0|92707.0|73970.0|122304.0|116674.0|89694.0|68256.0|3112.0|50000.0|6760.0|3486.0|2476.0|2500.0|0
23829|60000.0|1|2|2|43|1|-2|-1|-1|-2|-2|0.0|0.0|780.0|0.0|0.0|0.0|0.0|780.0|0.0|0.0|0.0|0.0|0
9309|210000.0|1|1|1|40|-1|-1|-1|-1|-1|-1|6223.0|8143.0|3712.0|3091.0|90817.0|308.0|8146.0|3719.0|3091.0|90817.0|308.0|3369.0|0
16086|200000.0|1|2|2|39|0|0|-1|0|0|2|13124.0|11774.0|6328.0|4714.0|42184.0|39576.0|1058.0|6336.0|10.0|39585.0|39.0|1087.0|0
3940|30000.0|1|3|2|33|0|0|0|0|0|0|30384.0|30134.0|30646.0|29657.0|30232.0|28415.0|3010.0|3000.0|3000.0|3000.0|1083.0|0.0|1
14882|150000.0|2|2|2|33|-1|0|0|0|0|0|46006.0|45425.0|32139.0|53639.0|51873.0|64675.0|2000.0|3000.0|40009.0|5000.0|20000.0|62339.0|0
10960|50000.0|1|1|2|27|2|2|-2|-1|2|2|1893.0|0.0|0.0|71.0|71.0|3871.0|0.0|0.0|71.0|0.0|3800.0|0.0|1
26501|50000.0|1|2|2|40|0|0|0|0|0|0|42807.0|32187.0|48600.0|7514.0|9336.0|-177.0|10000.0|21019.0|1500.0|3000.0|1210.0|7900.0|0
19824|150000.0|2|2|1|36|0|0|0|0|0|-1|113368.0|70001.0|45813.0|44309.0|27428.0|2013.0|2354.0|2500.0|1200.0|2618.0|2013.0|4724.0|0
4244|140000.0|2|2|2|30|-2|-2|-2|-2|-2|-2|107.0|232.0|107.0|107.0|107.0|107.0|232.0|107.0|107.0|107.0|107.0|107.0|0
29378|80000.0|2|2|1|34|0|0|0|0|0|0|71435.0|72886.0|74678.0|74080.0|75251.0|77040.0|2642.0|3000.0|3274.0|3000.0|3000.0|3100.0|0
12567|130000.0|1|2|2|38|0|-1|0|0|0|0|9439.0|62132.0|48108.0|40918.0|35111.0|24846.0|63053.0|1478.0|1119.0|1016.0|1026.0|1049.0|0
57|140000.0|2|1|2|32|-2|-1|0|0|0|0|0.0|10626.0|11579.0|10165.0|13067.0|92743.0|10626.0|1154.0|1000.0|3067.0|80000.0|3015.0|0
2955|450000.0|2|1|1|38|0|0|0|0|0|0|108390.0|96704.0|84033.0|72279.0|55757.0|37161.0|4300.0|3073.0|3000.0|2000.0|1500.0|2000.0|0
281|50000.0|1|1|2|23|0|0|0|0|0|0|29772.0|17515.0|10483.0|4697.0|4793.0|4891.0|1229.0|1000.0|94.0|96.0|98.0|2330.0|0
136|240000.0|2|1|2|29|0|0|0|0|0|0|191059.0|197548.0|203823.0|216971.0|223048.0|228755.0|10000.0|10000.0|17000.0|10000.0|10000.0|8000.0|0
20345|150000.0|1|2|1|50|-1|0|0|2|0|0|55336.0|58255.0|36260.0|35037.0|34631.0|63156.0|5085.0|4000.0|0.0|2000.0|30000.0|5000.0|0
18411|20000.0|1|2|2|30|1|2|2|2|2|2|16906.0|17328.0|19145.0|18397.0|20697.0|20547.0|1000.0|2400.0|0.0|2700.0|0.0|283.0|0
24256|20000.0|1|2|2|24|0|0|0|0|0|0|19102.0|18054.0|19026.0|19406.0|18258.0|18694.0|1318.0|1290.0|670.0|663.0|740.0|536.0|0
19461|90000.0|2|2|1|38|0|0|0|0|0|0|92481.0|90698.0|80720.0|69788.0|63868.0|40136.0|3507.0|3328.0|2100.0|2542.0|3000.0|93245.0|1
2770|210000.0|2|2|2|29|-1|-1|-1|-1|-1|-1|1778.0|224.0|2018.0|0.0|1118.0|1858.0|226.0|2031.0|0.0|1118.0|1858.0|620.0|0
22909|70000.0|1|2|2|28|1|2|0|0|0|0|35155.0|26598.0|22793.0|23156.0|24810.0|27433.0|23.0|1637.0|1000.0|2000.0|3007.0|3014.0|0
6801|30000.0|2|3|2|48|-1|-1|-1|-1|-1|-1|2946.0|0.0|390.0|390.0|390.0|0.0|0.0|390.0|390.0|390.0|0.0|780.0|1
20658|20000.0|2|2|2|27|0|0|0|0|2|0|8879.0|10222.0|10940.0|12825.0|12331.0|12984.0|1500.0|1188.0|2073.0|0.0|1000.0|3390.0|0
14901|90000.0|1|2|1|55|0|0|0|0|0|0|15019.0|19740.0|25382.0|27132.0|31675.0|37900.0|5000.0|6000.0|5000.0|5000.0|8000.0|2000.0|0
5030|20000.0|1|3|1|45|1|3|2|2|0|0|18838.0|18243.0|18849.0|17724.0|17524.0|0.0|0.0|1200.0|0.0|0.0|0.0|0.0|1
7339|140000.0|2|1|2|27|0|0|0|0|0|0|126785.0|129752.0|132554.0|268084.0|137061.0|129250.0|6500.0|6500.0|5000.0|5000.0|5568.0|3600.0|0
2103|230000.0|2|2|2|38|-2|-1|0|0|0|0|845.0|53006.0|50879.0|50660.0|51282.0|53162.0|53021.0|2280.0|2133.0|1138.0|3186.0|1179.0|0
15157|240000.0|2|3|1|50|0|0|0|0|0|0|242152.0|237635.0|242191.0|212879.0|185490.0|188850.0|8000.0|8000.0|7000.0|6000.0|6000.0|7000.0|0
3421|230000.0|1|2|2|28|0|0|2|2|0|0|11343.0|17143.0|17150.0|15298.0|18378.0|18281.0|7000.0|1249.0|0.0|4000.0|1000.0|3000.0|0
29702|200000.0|2|2|2|31|-1|2|2|-1|-1|-1|3707.0|3347.0|0.0|665.0|2846.0|6586.0|0.0|16550.0|665.0|2846.0|6586.0|3807.0|1
17870|140000.0|2|1|2|29|0|0|0|0|0|0|58971.0|18772.0|20354.0|23409.0|26440.0|28507.0|7062.0|2354.0|3409.0|3440.0|2507.0|4572.0|0
26477|50000.0|1|1|2|25|0|0|0|0|0|0|18164.0|19456.0|20486.0|21241.0|21788.0|23281.0|1900.0|1645.0|1400.0|900.0|2000.0|0.0|0
5871|130000.0|2|3|2|25|-1|-1|-1|-1|-1|-1|250.0|174.0|1214.0|1125.0|139.0|0.0|174.0|1214.0|1125.0|139.0|0.0|391.0|0
26494|100000.0|1|3|2|30|0|0|0|0|0|0|46675.0|46567.0|46638.0|46454.0|46262.0|47823.0|1800.0|2000.0|1700.0|1683.0|3500.0|1500.0|1
1836|30000.0|2|2|2|26|0|0|2|2|-1|2|8009.0|10181.0|10064.0|150.0|1150.0|1000.0|2316.0|199.0|0.0|1150.0|0.0|0.0|0
26723|230000.0|2|2|1|43|2|2|2|0|0|0|222819.0|232264.0|227054.0|196356.0|199525.0|201836.0|14300.0|158.0|7100.0|7400.0|7500.0|7820.0|1
29187|260000.0|2|2|2|30|-1|-1|-1|-1|-1|-1|165.0|165.0|274.0|165.0|333.0|165.0|165.0|274.0|165.0|333.0|165.0|293.0|0
17085|200000.0|2|1|1|39|-1|0|-1|0|0|0|8432.0|6977.0|6727.0|6864.0|5253.0|3388.0|3746.0|6737.0|2013.0|10.0|20.0|10901.0|0
23801|280000.0|2|1|2|32|-1|0|0|0|0|0|215052.0|191094.0|195204.0|199091.0|201581.0|206054.0|7000.0|7200.0|8800.0|7300.0|7700.0|16000.0|0
279|500000.0|1|1|2|41|-1|-1|-1|0|0|-1|326.0|628.0|6290.0|11604.0|24679.0|8642.0|628.0|6290.0|6000.0|14000.0|8642.0|326.0|1
5542|470000.0|2|2|2|32|0|0|0|0|0|0|491428.0|488642.0|485382.0|360959.0|338592.0|123737.0|300000.0|15937.0|11891.0|120000.0|6380.0|250000.0|1
16819|50000.0|1|2|2|27|-2|-2|-2|-2|-2|-2|3043.0|2432.0|3754.0|11985.0|19332.0|0.0|2446.0|3754.0|12053.0|19332.0|0.0|0.0|0
3647|280000.0|1|1|2|27|-1|-1|-1|-1|-1|-1|5521.0|-7.0|1485.0|5727.0|1247.0|2037.0|7.0|1492.0|5727.0|1247.0|2037.0|26920.0|0
22329|250000.0|1|2|1|44|-1|0|-1|0|0|-2|4602.0|18382.0|15450.0|1867.0|-1.0|-1.0|5000.0|16000.0|0.0|1.0|0.0|0.0|0
8705|330000.0|2|2|1|28|0|0|0|0|0|2|221793.0|225079.0|229947.0|233122.0|246414.0|253338.0|10000.0|10000.0|8507.0|17215.0|11000.0|0.0|0
20957|50000.0|2|2|1|49|0|0|0|0|0|0|34962.0|32275.0|31253.0|32014.0|33573.0|29645.0|1613.0|2000.0|1500.0|2000.0|1645.0|1064.0|0
26418|290000.0|2|3|2|37|-1|-1|-1|-1|-1|-1|396.0|396.0|396.0|396.0|396.0|396.0|396.0|396.0|396.0|396.0|396.0|396.0|0
29464|50000.0|2|2|2|23|0|0|0|0|0|0|50614.0|48702.0|47770.0|37239.0|20526.0|19771.0|2500.0|1700.0|2151.0|687.0|2000.0|669.0|0
11824|70000.0|1|2|2|27|0|0|0|0|0|0|17058.0|59481.0|50890.0|50981.0|54122.0|58227.0|52896.0|2047.0|1861.0|4000.0|5000.0|3044.0|0
1150|150000.0|1|1|2|38|0|0|-2|-2|-2|-2|421504.0|299860.0|300000.0|0.0|0.0|0.0|17000.0|17000.0|0.0|0.0|0.0|0.0|0
26380|20000.0|1|2|1|34|2|-1|0|0|0|0|390.0|18864.0|19499.0|19780.0|780.0|0.0|18864.0|1329.0|1000.0|0.0|0.0|0.0|1
6768|10000.0|2|1|2|31|1|-2|-2|-2|-2|-2|0.0|0.0|0.0|0.0|0.0|0.0|0.0|0.0|0.0|0.0|0.0|0.0|0
24796|210000.0|1|2|2|30|-1|-1|-1|-1|0|-1|4206.0|3980.0|7509.0|1252.0|626.0|626.0|3980.0|7509.0|1252.0|0.0|626.0|626.0|0
25634|360000.0|1|1|2|32|0|0|0|0|0|0|26833.0|23626.0|20571.0|15423.0|15001.0|14917.0|1722.0|2636.0|1006.0|1003.0|1011.0|2003.0|0
23960|290000.0|2|2|1|28|0|0|0|-1|-1|-2|24257.0|8723.0|6282.0|2440.0|0.0|0.0|2026.0|3814.0|2452.0|0.0|0.0|0.0|0
23305|200000.0|2|2|2|27|0|0|0|0|0|0|65489.0|41413.0|40400.0|25570.0|10060.0|8619.0|4013.0|2684.0|5625.0|1020.0|3044.0|39777.0|0
23961|20000.0|1|2|2|25|0|0|0|0|0|0|13610.0|14160.0|15200.0|14800.0|17800.0|10000.0|1360.0|1400.0|0.0|3000.0|200.0|0.0|0
13893|170000.0|2|2|1|48|-2|-2|-1|-1|-1|-1|18727.0|64028.0|107946.0|13608.0|110667.0|6878.0|66513.0|108323.0|13608.0|112876.0|3998.0|1118.0|0
12752|200000.0|1|1|1|37|1|-2|-1|-1|0|0|0.0|0.0|250.0|4188.0|1399.0|1196.0|0.0|250.0|4188.0|0.0|0.0|0.0|0
6237|190000.0|1|2|1|44|0|0|0|0|0|0|197494.0|194913.0|192896.0|116537.0|112086.0|108660.0|7200.0|8000.0|4100.0|4000.0|5000.0|7000.0|0
9381|10000.0|1|1|2|22|2|2|2|0|0|2|6883.0|9108.0|8813.0|10066.0|10017.0|9705.0|2500.0|0.0|1400.0|1100.0|0.0|500.0|1
10181|50000.0|2|2|2|24|-1|-1|-1|-1|0|0|390.0|390.0|390.0|780.0|780.0|0.0|390.0|390.0|780.0|0.0|0.0|0.0|0
20897|10000.0|2|2|1|43|0|0|0|0|0|0|4834.0|1803.0|2819.0|3828.0|3905.0|4023.0|1038.0|1054.0|1063.0|140.0|181.0|80.0|1
2572|160000.0|2|1|2|40|-1|0|0|-2|-2|-2|67925.0|69771.0|73233.0|72328.0|74234.0|75500.0|3509.0|5824.0|0.0|2204.0|2000.0|0.0|0
19886|260000.0|2|3|2|40|0|-1|-1|-2|-2|-2|260.0|3000.0|0.0|0.0|0.0|0.0|3000.0|0.0|0.0|0.0|0.0|0.0|0
22738|500000.0|2|1|2|28|0|0|2|0|0|0|390393.0|374105.0|467911.0|355531.0|587067.0|323821.0|26085.0|13566.0|18975.0|11096.0|35204.0|10121.0|0
4146|20000.0|1|2|1|36|3|2|2|2|2|2|17500.0|16926.0|19260.0|18653.0|20041.0|19582.0|0.0|2921.0|0.0|1702.0|0.0|1594.0|1
10979|80000.0|2|2|2|24|2|2|2|2|2|2|23787.0|23124.0|26700.0|27064.0|27685.0|27091.0|0.0|4300.0|1100.0|1200.0|0.0|2500.0|1
4619|80000.0|1|2|1|31|0|0|0|0|0|0|70664.0|62223.0|26400.0|27201.0|27363.0|-4000.0|2036.0|1500.0|1201.0|1500.0|2000.0|2000.0|0
18259|140000.0|1|1|1|43|-1|-1|-1|-1|-1|-1|1872.0|1249.0|1872.0|1453.0|1453.0|1034.0|1249.0|1872.0|1453.0|1453.0|1034.0|1872.0|0
6695|250000.0|1|1|1|40|0|-1|-1|-1|-1|2|307321.0|4696.0|5579.0|8537.0|2500.0|2500.0|4730.0|5607.0|8634.0|2500.0|0.0|0.0|0
25890|80000.0|2|3|3|60|0|0|0|0|0|2|30959.0|15774.0|9365.0|6515.0|6845.0|5789.0|1458.0|1230.0|250.0|800.0|0.0|300.0|0
807|360000.0|2|1|3|35|-2|-2|-2|-2|-2|-2|3555.0|2570.0|0.0|0.0|0.0|6920.0|2570.0|0.0|0.0|0.0|6920.0|0.0|0
6256|20000.0|1|1|2|22|0|0|0|0|0|0|3281.0|4325.0|5341.0|5751.0|6500.0|7386.0|1100.0|1100.0|500.0|1000.0|1000.0|1000.0|0
23762|100000.0|2|2|1|33|0|0|0|0|0|0|82308.0|83994.0|85688.0|86643.0|88280.0|90054.0|3261.0|3307.0|2581.0|2502.0|2525.0|2600.0|0
24103|20000.0|2|1|2|26|1|2|2|2|2|2|18194.0|19043.0|18451.0|19961.0|19229.0|19694.0|1446.0|0.0|1956.0|0.0|651.0|0.0|1
4577|60000.0|2|1|2|26|1|-2|-1|-1|0|0|0.0|0.0|539.0|37970.0|39354.0|40048.0|0.0|539.0|37970.0|2000.0|1500.0|1481.0|0
9419|50000.0|1|2|2|33|0|0|0|0|0|0|18844.0|20039.0|21076.0|20578.0|19046.0|18998.0|1500.0|1371.0|2000.0|2000.0|1000.0|1000.0|1
29078|420000.0|2|2|1|32|0|0|0|0|0|0|89863.0|16500.0|17493.0|17215.0|17248.0|17763.0|1782.0|1275.0|1281.0|617.0|793.0|1000.0|0
10999|300000.0|2|1|1|36|0|0|0|0|-2|-1|25239.0|25001.0|20800.0|0.0|0.0|65755.0|1713.0|1000.0|0.0|0.0|65755.0|3000.0|0
15028|280000.0|2|2|1|39|0|0|0|0|0|0|269472.0|253792.0|276979.0|238527.0|239280.0|238926.0|8229.0|150062.0|50000.0|4786.0|4779.0|4876.0|0
18499|100000.0|2|2|1|27|-1|2|-1|2|0|0|667.0|667.0|6637.0|6300.0|12300.0|0.0|0.0|6637.0|0.0|6000.0|0.0|3022.0|1
6093|120000.0|1|2|2|30|-1|-1|-1|-1|-1|-1|2494.0|1991.0|1497.0|998.0|697.0|-103.0|1997.0|1506.0|1001.0|699.0|0.0|897.0|0
2123|110000.0|2|3|2|29|1|2|2|2|2|-1|6467.0|6920.0|6242.0|6712.0|871.0|16391.0|1114.0|0.0|1000.0|0.0|16391.0|832.0|0
15090|240000.0|2|1|2|29|0|-1|0|0|0|0|10747.0|30380.0|15579.0|20496.0|15296.0|24332.0|30439.0|10023.0|10000.0|5000.0|15000.0|15000.0|0
8589|470000.0|2|3|3|33|0|0|0|0|0|0|165254.0|157784.0|162702.0|69923.0|29271.0|29889.0|6400.0|7566.0|3000.0|960.0|1000.0|3000.0|0
13418|50000.0|1|3|2|54|-2|-2|-2|-2|-2|-2|0.0|0.0|0.0|0.0|0.0|0.0|0.0|0.0|0.0|0.0|0.0|0.0|0
8129|320000.0|2|1|2|27|2|0|0|0|0|2|253197.0|258621.0|262825.0|268326.0|284625.0|290787.0|11000.0|10000.0|9876.0|20900.0|11000.0|0.0|1
22019|130000.0|1|2|2|57|-1|2|2|2|0|-1|4820.0|3186.0|7924.0|6210.0|2560.0|7380.0|0.0|6210.0|0.0|0.0|7380.0|11720.0|0
3957|50000.0|1|3|1|43|0|0|0|0|0|0|27620.0|28923.0|29955.0|30666.0|31275.0|31940.0|1767.0|1799.0|1510.0|1119.0|1169.0|2000.0|1
9369|220000.0|2|1|1|47|0|0|0|0|0|0|210753.0|188270.0|177515.0|166282.0|100244.0|-607.0|6426.0|7160.0|6495.0|3993.0|0.0|176566.0|0
12573|50000.0|2|2|1|33|0|0|0|0|-1|0|39554.0|38600.0|23711.0|8663.0|19596.0|20082.0|5000.0|5038.0|3000.0|20130.0|1000.0|1000.0|0
3725|170000.0|2|1|2|36|-1|-1|2|-1|-1|-1|248.0|832.0|416.0|2304.0|323.0|-1092.0|1416.0|0.0|2304.0|0.0|0.0|0.0|0
24593|70000.0|2|3|2|30|-1|2|0|0|0|0|71521.0|68041.0|68607.0|27870.0|28219.0|28810.0|0.0|2332.0|1751.0|1100.0|1034.0|1272.0|0
362|100000.0|1|3|1|36|2|0|0|2|0|0|8674.0|10520.0|13337.0|12829.0|15446.0|17178.0|2000.0|3000.0|0.0|3000.0|2000.0|2000.0|1
28910|500000.0|2|2|2|26|0|0|0|0|0|0|59039.0|58262.0|54586.0|29280.0|31284.0|29371.0|4028.0|2077.0|1001.0|3008.0|1305.0|1007.0|0
8586|160000.0|1|2|2|28|1|2|2|2|2|2|162761.0|164692.0|159948.0|161469.0|162129.0|154704.0|6000.0|14.0|12000.0|6000.0|0.0|11318.0|0
18676|50000.0|1|1|2|24|0|0|0|0|0|0|50801.0|50143.0|49586.0|19430.0|19375.0|18995.0|2360.0|1700.0|1000.0|900.0|870.0|2130.0|0
8631|180000.0|1|1|2|28|-1|-1|-1|-1|-1|-1|2619.0|1839.0|2544.0|1134.0|1313.0|1332.0|1839.0|2544.0|1134.0|1313.0|1332.0|2444.0|1
13177|30000.0|2|3|2|23|4|4|3|2|0|0|15947.0|15410.0|14881.0|14124.0|14172.0|1270.0|0.0|0.0|0.0|48.0|0.0|0.0|0
1114|180000.0|1|2|1|30|0|0|0|0|0|0|135001.0|135199.0|134817.0|52629.0|51543.0|52781.0|6100.0|6000.0|1900.0|1680.0|1900.0|3888.0|0
10116|20000.0|1|2|2|22|2|3|2|2|3|2|18292.0|17710.0|17137.0|19830.0|19240.0|18419.0|0.0|0.0|3000.0|0.0|0.0|2000.0|1
26565|610000.0|1|3|2|29|0|0|-1|-1|-1|0|8965.0|7988.0|3428.0|6384.0|65809.0|62950.0|7062.0|4017.0|6434.0|68290.0|2045.0|8007.0|0
1405|70000.0|2|3|1|33|0|0|0|0|0|0|71230.0|65305.0|50178.0|29969.0|30081.0|29380.0|2500.0|3108.0|2000.0|1048.0|1095.0|940.0|1
24029|220000.0|2|2|2|32|-1|-1|-1|-1|-1|-1|18477.0|16341.0|11125.0|10000.0|10000.0|10000.0|16370.0|11125.0|10000.0|10000.0|10000.0|301.0|0
24322|160000.0|2|3|1|46|-1|-1|-1|-2|-2|-2|960.0|485.0|0.0|0.0|0.0|0.0|485.0|0.0|0.0|0.0|0.0|0.0|0
26889|50000.0|2|2|1|33|0|0|0|0|0|0|44052.0|32030.0|31041.0|26197.0|25739.0|27659.0|2000.0|1451.0|3000.0|862.0|5000.0|10000.0|0
4984|30000.0|2|2|2|31|1|2|0|0|2|3|27254.0|26531.0|27857.0|29685.0|31260.0|30468.0|0.0|1772.0|2600.0|2200.0|0.0|0.0|1
3015|240000.0|2|2|2|29|0|0|0|0|0|0|66473.0|46296.0|36751.0|35625.0|33114.0|35473.0|8000.0|2002.0|1600.0|2000.0|3000.0|10000.0|0
25535|180000.0|2|2|2|25|0|0|0|0|0|0|175063.0|126801.0|96043.0|85554.0|77007.0|72461.0|5000.0|5015.0|4000.0|3000.0|3000.0|3000.0|0
27256|80000.0|2|2|2|22|1|-1|-1|-1|-1|-1|0.0|2388.0|164.0|1369.0|830.0|132.0|2388.0|164.0|1369.0|830.0|132.0|428.0|0
4281|20000.0|2|2|2|30|0|0|0|0|0|0|21302.0|18842.0|19370.0|19355.0|17155.0|18660.0|1300.0|1800.0|1106.0|435.0|1599.0|1000.0|0
27060|230000.0|1|1|1|27|-1|-1|-1|0|0|0|1727.0|0.0|8879.0|8034.0|8585.0|7708.0|0.0|8879.0|1100.0|1000.0|1000.0|1000.0|0
22383|110000.0|1|2|1|49|0|0|0|0|0|0|75565.0|64833.0|48586.0|48430.0|48150.0|48271.0|4009.0|5000.0|2000.0|2000.0|2000.0|1800.0|0
28610|50000.0|2|3|1|24|-1|-1|2|0|-1|-1|18965.0|21647.0|20731.0|13555.0|2338.0|41191.0|3000.0|15.0|587.0|2338.0|41191.0|18957.0|0
25090|20000.0|1|2|2|24|-1|0|0|0|0|-1|610.0|13222.0|13488.0|11818.0|12428.0|5965.0|13002.0|3000.0|0.0|1000.0|5965.0|0.0|0
6434|300000.0|2|2|1|36|-1|0|0|0|0|0|6447.0|14383.0|15576.0|16524.0|17096.0|12144.0|10000.0|2000.0|1500.0|1000.0|1000.0|1000.0|0
15646|50000.0|1|2|2|41|0|0|0|0|0|0|41993.0|43163.0|36546.0|6421.0|5263.0|-12.0|1942.0|1725.0|1000.0|400.0|0.0|0.0|0
10947|450000.0|2|1|2|34|-2|-2|-2|-2|-2|-2|1494.0|538.0|3218.0|0.0|429.0|168.0|538.0|3218.0|0.0|429.0|168.0|168.0|0
15560|320000.0|1|1|2|41|0|0|0|0|0|0|309805.0|237915.0|235917.0|227714.0|154939.0|102338.0|15818.0|10049.0|10015.0|14939.0|4338.0|5267.0|0
23164|80000.0|2|3|2|54|0|-1|-1|0|0|0|60980.0|1541.0|4822.0|4918.0|5188.0|5797.0|1541.0|4822.0|324.0|500.0|700.0|500.0|0
9589|380000.0|1|1|2|36|0|0|0|0|0|0|68943.0|75024.0|61114.0|60586.0|55489.0|55702.0|8000.0|5000.0|2500.0|5000.0|4000.0|4000.0|0
6998|100000.0|1|1|1|44|0|0|0|0|0|0|37222.0|38628.0|39982.0|40914.0|42053.0|43151.0|2000.0|2000.0|1600.0|1800.0|1800.0|1700.0|0
3992|150000.0|2|2|2|26|0|0|0|0|0|0|11474.0|15023.0|17467.0|19789.0|20173.0|21696.0|5001.0|3000.0|2616.0|1000.0|2000.0|1000.0|0
6510|200000.0|1|2|2|26|-1|-1|0|0|0|0|1747.0|11817.0|14225.0|16017.0|12613.0|6600.0|12957.0|3884.0|5010.0|700.0|360.0|1713.0|0
23148|210000.0|1|3|2|25|-1|-1|2|-1|-1|-1|8817.0|23634.0|21776.0|9631.0|1561.0|1990.0|23776.0|0.0|9631.0|1561.0|1990.0|7967.0|1
13027|240000.0|1|2|2|35|0|0|0|0|0|0|179662.0|180787.0|181379.0|170318.0|128076.0|64634.0|7003.0|8000.0|8000.0|2500.0|2400.0|2600.0|0
28927|200000.0|1|2|3|41|0|0|0|2|2|2|106576.0|107178.0|119691.0|116278.0|128087.0|125931.0|3864.0|14269.0|0.0|13808.0|0.0|4600.0|0
3430|150000.0|2|1|2|26|0|0|0|0|0|0|24848.0|22726.0|11145.0|15690.0|17875.0|24590.0|14000.0|5000.0|5000.0|7875.0|13000.0|2000.0|0
5653|100000.0|2|3|1|59|1|-1|0|-1|-1|-1|0.0|7240.0|7702.0|1550.0|12079.0|35920.0|7240.0|1000.0|1558.0|12079.0|35920.0|0.0|0
10606|780000.0|1|1|1|48|0|0|0|0|0|0|171459.0|178587.0|190663.0|195124.0|184872.0|191090.0|10000.0|15004.0|10000.0|8000.0|10028.0|7003.0|0
9129|50000.0|1|1|2|31|0|0|0|0|0|0|49139.0|49281.0|42472.0|44810.0|45699.0|46675.0|1707.0|1948.0|11746.0|1635.0|1712.0|4000.0|1
12975|50000.0|1|1|2|34|1|-2|-2|-2|-2|-2|0.0|0.0|0.0|0.0|0.0|0.0|0.0|0.0|0.0|0.0|0.0|0.0|0
23308|180000.0|1|2|2|38|-1|-1|2|0|0|0|54198.0|54173.0|52687.0|52096.0|51508.0|50867.0|4400.0|0.0|2000.0|2000.0|2000.0|3000.0|1
8128|50000.0|2|2|1|27|-1|-1|-1|-1|-1|-1|492.0|492.0|492.0|492.0|492.0|470.0|493.0|493.0|493.0|493.0|471.0|7739.0|0
18208|40000.0|2|1|2|26|0|0|0|0|0|0|12308.0|13604.0|14873.0|15624.0|15972.0|16308.0|1500.0|1500.0|1000.0|600.0|600.0|1700.0|0
5517|20000.0|2|3|1|54|2|0|0|2|2|2|14381.0|16174.0|18210.0|19335.0|19715.0|20249.0|2350.0|2300.0|1721.0|1000.0|1000.0|1000.0|0
8704|250000.0|2|1|1|31|-1|-1|-1|-1|-1|-2|315.0|-72.0|7304.0|95.0|0.0|0.0|0.0|7376.0|0.0|0.0|0.0|0.0|0
4128|150000.0|1|1|2|32|2|2|2|2|2|2|126115.0|128860.0|131426.0|132703.0|129080.0|136996.0|6300.0|6100.0|4900.0|0.0|10200.0|5100.0|0
14960|150000.0|1|1|2|31|0|-1|-1|0|0|0|64378.0|14054.0|140230.0|98674.0|107664.0|111561.0|14127.0|140951.0|10000.0|10000.0|5219.0|50005.0|0
18898|90000.0|1|1|2|29|-1|-1|-1|0|-1|-1|140.0|0.0|280.0|140.0|133.0|2506.0|0.0|420.0|0.0|133.0|2513.0|910.0|0
53|80000.0|2|2|3|30|0|0|0|0|0|0|11976.0|10010.0|10982.0|11325.0|11569.0|10303.0|1185.0|1157.0|500.0|400.0|500.0|5000.0|0
13464|80000.0|1|3|1|29|0|0|0|0|0|0|52175.0|45429.0|46595.0|47224.0|46903.0|46973.0|2034.0|2200.0|1738.0|1796.0|1832.0|1842.0|0
11599|150000.0|2|2|1|38|-2|-2|-2|-2|-2|-1|0.0|0.0|0.0|0.0|0.0|150.0|0.0|0.0|0.0|0.0|150.0|810.0|1
46|70000.0|1|1|2|24|0|0|0|0|0|0|16861.0|7553.0|8670.0|9764.0|9954.0|10144.0|1300.0|1400.0|1400.0|500.0|500.0|1000.0|0
20344|230000.0|1|2|2|39|0|0|0|0|0|0|35289.0|27678.0|13800.0|10238.0|6968.0|4704.0|1646.0|1017.0|214.0|406.0|412.0|1420.0|0
4669|50000.0|1|2|2|25|2|2|2|0|0|0|19775.0|21679.0|18566.0|19918.0|19584.0|18508.0|3800.0|0.0|2000.0|1500.0|1000.0|2000.0|1
19520|200000.0|2|1|2|29|1|-2|-2|-2|-2|-2|0.0|0.0|0.0|0.0|0.0|0.0|0.0|0.0|0.0|0.0|0.0|0.0|1
7742|50000.0|2|2|1|44|2|2|2|0|0|0|26587.0|29730.0|28565.0|26601.0|26391.0|27165.0|3600.0|0.0|1500.0|1000.0|1200.0|1200.0|1
10567|20000.0|1|2|2|24|0|0|0|0|0|-1|3843.0|4110.0|4560.0|4567.0|4060.0|1035.0|1073.0|1258.0|1000.0|228.0|1035.0|0.0|0
3888|100000.0|2|3|1|36|2|2|2|2|2|2|92675.0|92857.0|80748.0|80708.0|75366.0|76590.0|3445.0|709.0|6077.0|2805.0|2906.0|0.0|0
19559|400000.0|2|1|2|29|-1|-1|0|0|0|0|5567.0|13011.0|22396.0|26359.0|41627.0|16709.0|13011.0|10001.0|5023.0|20150.0|5082.0|4134.0|0
2269|140000.0|1|2|1|48|-1|-1|2|0|0|-2|1600.0|5012.0|4739.0|4739.0|0.0|0.0|5012.0|0.0|0.0|0.0|0.0|2770.0|1
8238|130000.0|2|3|1|38|0|0|0|0|0|0|100443.0|95794.0|92765.0|48481.0|47779.0|42362.0|3516.0|4112.0|2007.0|2516.0|1119.0|1016.0|1
2624|170000.0|2|2|2|24|-1|-1|2|0|0|-1|1166.0|4144.0|3889.0|4889.0|4139.0|430.0|3000.0|0.0|1000.0|0.0|1000.0|17342.0|1
6834|80000.0|2|1|2|28|0|0|0|0|0|2|57776.0|7561.0|7793.0|7433.0|5962.0|4960.0|1200.0|1306.0|512.0|1000.0|0.0|110.0|0
15117|200000.0|1|1|2|42|-2|-2|-2|-2|-2|-2|470.0|740.0|3774.0|836.0|1325.0|1440.0|740.0|3782.0|836.0|1325.0|1440.0|506.0|0
